entity,web_hits
(entre paréntesis),5620000
+57 (canción),14400000
+pretty +dirty world tour,13900
1 de Mayo (Barranca),2910000
101 (barco),49200000
11:11 (álbum de maluma),69600
11:11 maluma world tour,35000
13 Tuyutí,125000
15 de Enero (Cañete),2100000
15.º Ejército Japonés de Área,309000
166 (álbum),117000000
18 de Julio (Rocha),33000000
18 de Julio-Pueblo Nuevo,64800000
18 de Mayo (ciudad),89
19 de Abril (Rocha),44200000
20 años (álbum de Soledad Pastorutti),177000
20 lucas,513000000
23 (canción de shakira),75400000
24 de Junio (Cañete),1510000
25 de Mayo (Uruguay),124
28 de Mayo (ciudad),375000000
509th Composite Group,106
6 Underground,382000000
6 de Julio de Cuellaje (Cotacachi),30600
60 Granaderos,883000
9 de Abril (ciudad),511000000
9 de Octubre (Cañete),668000
A mi gente,1010000000
AC-1,228
AC-2,4790000000
ACE (cable submarino),39500
AHS Centaur,38800
ANBV Naiguatá (GC-23),683
ARA General Belgrano (C-4),148000
ARA Guaraní (R-7),205000
ARA San Juan (S-42),19300000
ARA Ushuaia (Q-10),272000
ARCOS-1,142
ARIMAO,176000
ATLANTIS-2,95600000
Abaangüí,73
Aban Pearl,346000
Abanico submarino del Amazonas,9350
Abarema aspleniifolia,1330
Abarema cochliacarpos,125
Abarema filamentosa,98
Abarema longipedunculata,1370
Abarema obovalis,1350
Abarema obovata,2620
Abarema turbinata,1470
Abaris aenea,4070
Abaris erwini,12800
Abaris napoensis,240
Abaí,68
Abchanchu,4330
Abeillia abeillei,133
Abel Soria,2710000
Abel Tasman,3170000
Abelardo Vásquez,721000
Aberdeen (Maryland),70700000
Abismo Challenger,252000
Abramites eques,2980
Abramites hypselonotus,6830
Abras de Mantequilla,573000
Abrazando al caudillo,117000
Abreu (República Dominicana),3630000
Abreus,551000
Abrocoma budini,791
Abrocoma famatina,1170
Abrocoma schistacea,769
Abrocoma uspallata,61
Abrocoma vaccarum,1130
Abronia anzuetoi,2300
Abronia aurita,6300
Abronia campbelli,3280
Abronia fimbriata,4000
Abronia frosti,79
Abronia gaiophantasma,1580
Abronia meledona,107
Abronia montecristoi,1750
Abronia moreletii,3420
Abronia salvadorensis,71
Abronia vasconcelosii,2970
Abrothrix andinus,3260
Abrothrix hirta,2130
Abrothrix illuteus,756
Abrothrix jelskii,2080
Abrothrix lanosus,1130
Abrothrix longipilis,5920
Abrothrix olivacea,111
Abrothrix sanborni,1580
Abrothrix xanthorhina,653
Abuga,508000
Aca Seca,23800000
Acacia daemon,17200
Acacia loretensis,2310
Acacia zapatensis,487
Academia Militar de Medicina,137
Academia Militar de la Guardia Nacional Bolivariana,417000
Academia Militar del Ejército Bolivariano,275000
Academia Paraguaya de la Historia,903000
Academia Paraguaya de la Lengua Española,6500000
Academia Profesional de Artes Plásticas “El Alba”,15800
Academia de Geografía e Historia de Guatemala,2470000
Academia de tango,15200000
Acahay,338000
Acajutla,1660000
Acalolepta amamiana,431
Acalolepta boninensis,358
Acalolepta dentifera,598
Acalolepta fuscopunctata,521
Acalolepta fuscosericea,882
Acalolepta ginkgovora,492
Acalolepta holonigra,317
Acalolepta iwahashii,10
Acalolepta kusamai,320
Acalolepta luzonica,604
Acalolepta masatakai,520
Acalolepta nishimurai,228
Acalolepta oshimana,653
Acalolepta romblonica,233
Acalolepta samarensis,793
Acandí,143
Acanthaster planci,190000
Acanthemblemaria stephensi,1600
Acanthicus hystrix,4980
Acanthinus selvaensis,348
Acanthocalycium klinglerianum,401
Acanthocalycium leucanthum,1170
Acanthocalycium rhodotrichum,55
Acanthocalycium spiniflorum,7140
Acanthocalycium thionanthum,8310
Acanthocalycium thionanthum subsp. glaucum,1150
Acanthocereus baxaniensis,1210
Acanthocereus canoensis,572
Acanthocereus chiapensis,2440
Acanthocereus hirschtianus,63
Acanthocereus lempirensis,471
Acanthocereus tetragonus,114
Acanthocinus andresi,588
Acanthoderes albifrons,444
Acanthoderes aliciae,702
Acanthoderes alpina,1600
Acanthoderes amplitoris,371
Acanthoderes bicolor,3140
Acanthoderes cavei,874
Acanthoderes latevittata,501
Acanthoderes latiforma,378
Acanthoderes noguerai,546
Acanthoderes parva,1030
Acanthoderes parvimacula,461
Acanthoderes satanas,605
Acanthoderes solisi,601
Acanthoderes subtessellata,477
Acanthodoras cataphractus,3180
Acanthodoras depressus,876
Acanthodoras spinosissimus,3030
Acanthogonatus messii,344
Acanthonus armatus,4810
Acanthopachylus aculeatus,53
Acanthopoma annectens,760
Acanthops parva,2260
Acanthosepion aculeatum,7020
Acanthurus,516000
Acanthurus achilles,41400
Acanthurus albipectoralis,2020
Acanthurus blochii,17500
Acanthurus chirurgus,202
Acanthurus dussumieri,25600
Acanthurus grammoptilus,5390
Acanthurus guttatus,200
Acanthurus japonicus,44500
Acanthurus leucocheilus,4510
Acanthurus leucopareius,125
Acanthurus leucosternon,72000
Acanthurus lineatus,119000
Acanthurus maculiceps,7920
Acanthurus mata,205
Acanthurus nigricans,36300
Acanthurus nigricauda,15600
Acanthurus nigrofuscus,21000
Acanthurus nigroris,113
Acanthurus olivaceus,113
Acanthurus pyroferus,121
Acanthurus tennentii,8140
Acanthurus thompsoni,16600
Acanthurus triostegus,188
Acanthurus xanthopterus,194
Acantilado rojo,14000000
Acantilados de Dover,140000
Acarhuain,1720
Acarhuay,1820
Acarichthys heckelii,33200
Acarigua,138
Acarí,115000
Acasio,2590000
Acca sellowiana,405000
Accidente aéreo de Punta del Este,166
Accidente de tránsito en Paraguay del 2000,798000
Accidente del Cessna 206 en Colombia en 2023,7000
Accidente del Cessna 551 en el Mar Báltico,546
Accidente del Piper PA-46 en 2019,114
Accidente del sumergible Titan,196
Accidente migrante de Gualaca,1380
Accipiter bicolor,355000
Accipiter chilensis,45400
Accipiter gundlachi,3860
Acción del 10 de noviembre de 1808,96
Acción del 2 de mayo de 1707,530000
Acción del 7 de diciembre de 1804,1060000
Acción militar del 17 de noviembre de 1865,1060000
Aceguá (Uruguay),139000
Acentronura,22700
Acentronura gracilissima,4640
Acentroscelus albipes,583
Acentroscelus granulosus,388
Acentroscelus peruvianus,359
Acestrocephalus acutus,496
Acestrocephalus anomalus,895
Acestrocephalus boehlkei,1110
Acestrocephalus nigrifasciatus,355
Acestrocephalus pallidus,863
Acestrocephalus sardina,1140
Acestrorhynchus falcirostris,4220
Acestrorhynchus maculipinna,766
Achacachi,361000
Achachila,99
Achagua (insecto),1810
Achar (Uruguay),12500000
Achikay,1990
Achille (1803),611000
Achiramayo,5220
Achiwib,11300
Achlyphila,952
Achnopogon,8440
Achocalla,466000
Achojcha rellena,8810
Achoma,126000
Achryson chacoense,287
Achryson jolyi,696
Achuapa,153
Achupata,930
Achón (cerro),61500
Acidificación oceánica en la Gran Barrera de Coral,11600
Acineta chrysantha,2890
Acla,1630000
Acnodon senai,391
Acobamba (Tarma),117000
Acochaca,74
Acochan,10800
Acolla,75
Acomachay (Canta),1450
Acomayo (Lima),167000
Aconaemys fuscus,11300
Aconaemys porteri,111
Aconaemys sagei,1570
Acopán,169000
Acoyapa,131
Acre (Brasil),123000000
Acrobrycon starnesi,477
Acrocephalus familiaris,74300
Acrocinus longimanus,38600
Acrorbis petricola,524
Acrotomodes bola,448
Acrotomodes borumata,384
Acrotomodes casta,446
Acrotomodes cretinotata,420
Acrotomodes croceata,8
Acrotomodes hemixantha,345
Acrotomodes nigripuncta,392
Acrotomodes polla,465
Acshurragra,1750
Acta de Brasilia,1210000
Actinopus argenteus,255
Actinopus caraiba,338
Actinote pellenea,5100
Actividad naval del Eje en aguas australianas,121000
Acuario del Río Paraná,238000
Acuario nacional de Cuba,3950000
Acueducto Xayá-Pixcayá,2250
Acueducto de Fernando VII,115000
Acueducto de Matanzas,151000
Acuerdo de Chin-Doihara,744
Acuerdo de Mocoretá,44000
Acuerdo sobre límites marítimos entre Cuba y Haití,121
Acuífero Guaraní,142
Acuífero de Cascajal,4610
Acuífero de Huarmey,7510
Acústico en Suiza,2980000
Adamussium colbecki,10300
Addison (Maine),109000000
Adelanto de Navidad,15300000
Adelastes hylonomos,533
Adelia ricinella,3380
Adelio Suárez,52
Adelphicos daryi,879
Adelphicos ibarrorum,805
Adelphicos veraepacis,1180
Adelphobates,85
Adenanthera pavonina,180000
Adenoa cubensis,1460
Adenomera hylaedactyla,5670
Adenomera lutzi,8610
Aderezo peruano,197
Aderus externenotatus,385
Adesmia aconcaguensis,2700
Adesmia acuta,1870
Adesmia aphanantha,688
Adesmia arenicola,1680
Adesmia aueri,918
Adesmia augusti,902
Adesmia coluteoides,1130
Adesmia cordobensis,1280
Adesmia digitata,2040
Adesmia filipes,1200
Adesmia glandulifolia,354
Adesmia grandiflora,3830
Adesmia hunzikeri,513
Adesmia leptobotrys,367
Adesmia lihuelensis,565
Adesmia neuquenensis,564
Adesmia pseudogrisea,289
Adesmia ruiz-lealii,671
Adesmia salamancensis,288
Adesmia sandwithii,659
Adesmia serrana,3640
Adesmia smithiae,632
Adesmia suffocata,441
Adesmus acangauna,533
Adesmus alboniger,169
Adesmus alboverticis,381
Adesmus calca,240
Adesmus delahayei,121
Adesmus fortunei,242
Adesmus guttatus,312
Adesmus hipposiderus,43
Adesmus icambi,105
Adesmus juninensis,261
Adesmus meinerti,221
Adesmus mosapyra,254
Adesmus nigrolineatus,461
Adesmus niveiceps,167
Adesmus phoebinus,460
Adesmus pysasu,2
Adesmus simile,221
Adesmus swifti,417
Adesmus temporalis,413
Adesmus unicolor,370
Adesmus windsori,322
Adetus albosignatus,8880
Adetus albovittatus,293
Adetus catemaco,466
Adetus copei,562
Adetus fuscopunctatus,266
Adetus herrerae,318
Adetus linsleyi,628
Adetus longicauda,548
Adetus longipennis,628
Adetus monteverdensis,1
Adetus nesiotes,419
Adetus obliquus,431
Adetus pacaruaia,428
Adetus pictoides,337
Adetus pinima,317
Adetus pseudobacillarius,0
Adetus punctiger,5
Adetus spinipennis,385
Adetus stellatus,432
Adetus striatopunctatus,309
Adetus vanduzeei,523
Adiantum trapeziforme,12300
Adilia Castillo,129
Adiós pueblo de Ayacucho,590000
Admirabile signum,198
Adobo,51500000
Adobo mexicano,26900000
Adolfo Alejandro Nouel,25200
Adolfo Rafael Avilés,1770000
Adolfo Riestra,94
Adolfo Vienrich,63
Adolfo Ábalos,152000
Adonde vayas,44600000
Adoxophyes aurata,15100
Adoxophyes dubia,5980
Adoxophyes fasciata,6250
Adoxophyes honmai,11800
Adoxophyes vitilevu,314
Adriana Montiel,3050000
Adrián Barrenechea,484000
Adrián Maggi,3840000
Adventure (Guyana),112000000
Aechmea dichlamydea,130
Aegiale hesperiaris,135
Aegialomys galapagoensis,2330
Aegla humahuaca,374
Aegla intercalata,460
Aegla jujuyana,416
Aegla neuquensis,1280
Aegla ringueleti,380
Aegla sanlorenzo,898
Aegla scamosa,1100
Aegla singularis,528
Aegognathus aguirei,404
Aegognathus confusus,405
Aegognathus leuthneri,767
Aegolius ridgwayi,21000
Aegomorphus albosignus,386
Aegomorphus antonkozlovi,626
Aegomorphus arietis,2860
Aegomorphus arizonicus,341
Aegomorphus atrosignatus,179
Aegomorphus borrei,412
Aegomorphus brevicornis,1300
Aegomorphus chamelae,618
Aegomorphus clericus,232
Aegomorphus comptus,437
Aegomorphus consentaneus,282
Aegomorphus cunninghami,353
Aegomorphus doctus,238
Aegomorphus geminus,1470
Aegomorphus gigas,3450
Aegomorphus hebes,903
Aegomorphus homonymus,713
Aegomorphus leucodryas,160
Aegomorphus lotor,280
Aegomorphus maccartyi,364
Aegomorphus mexicanus,917
Aegomorphus nigromaculatus,2020
Aegomorphus nogueirai,380
Aegomorphus peritapnioides,339
Aegomorphus piperatus,561
Aegomorphus ramirezi,184
Aegomorphus rufitarsis,371
Aegomorphus signatus,1160
Aegomorphus socorroensis,222
Aegomorphus wappesi,505
Aegorhinus vitulus,1030
Aenigmarachne,5000
Aeoliscus strigatus,23500
Aeorestes cinereus,74
Aeropuerto (comida),122
Aeropuerto 77,61700000
Aeropuerto Alcides Fernández,46100
Aeropuerto Augusto Vergara,107
Aeropuerto Capitán Alonso Valderrama,39900
Aeropuerto Capitán Justiniano Montenegro,5600
Aeropuerto Carlos Miguel Jiménez,111
Aeropuerto Ciudad de Catamayo,162000
Aeropuerto Dos Lagunas,1070000
Aeropuerto Dr. Luis María Argaña,24900
Aeropuerto General Ulpiano Páez,127
Aeropuerto Internacional Capitán Aníbal Arab,14100
Aeropuerto Internacional Frank País,2130000
Aeropuerto Internacional Gregorio Luperón,167000
Aeropuerto Internacional Josefa Camejo,31700
Aeropuerto Internacional José Ezequiel Hall,87
Aeropuerto Internacional Panamá Pacífico,1530000
Aeropuerto Internacional Vilo Acuña,103
Aeropuerto Internacional de Fort Lauderdale-Hollywood,122
Aeropuerto Internacional de Jardines del Rey,2080000
Aeropuerto Internacional de Kaieteur,4090
Aeropuerto Internacional de Santa Rosa,26000000
Aeropuerto Juan de Ayolas,28400
Aeropuerto La Florida (Colombia),124
Aeropuerto Los Roques,463000
Aeropuerto Orestes Acosta,22600
Aeropuerto Rubén Cantú,126000
Aeropuerto San Luis,163
Aeropuerto Seymour,297000
Aeropuerto Teniente Coronel Carmelo Peralta,14200
Aeropuerto Teniente Coronel Luis A. Mantilla,35400
Aeropuerto Teniente Primero Inocencio Herebia,175
Aeropuerto de Aguadulce,1080000
Aeropuerto de Carmelita,554000
Aeropuerto de Cauquira,2860
Aeropuerto de Chiquimula,416000
Aeropuerto de Contadora,7030000
Aeropuerto de Esquipulas,408000
Aeropuerto de Isla San José,24400000
Aeropuerto de La Libertad,17200000
Aeropuerto de Malacatán,124
Aeropuerto de Nueva Loja,13000000
Aeropuerto de Pinar del Río,105
Aeropuerto de Poptún,129
Aeropuerto de Puerto San José,147
Aeropuerto de Rubelsanto,3480
Aeropuerto de Río Dulce,17100000
Aeropuerto de Sambú,95
Aeropuerto de San Cristóbal,14300000
Aeropuerto de San Marcos,53400000
Aeropuerto de Uaxactun,75
Aeropuerto de la bahía de Jacquinot,1200
Aeropuerto internacional de Santa Rosa de Copán (Honduras),88
Aeródromo Infante Rivarola,7220
Aeródromo Krish Persaud,771
Aeródromo Luis Estrada Ycaza,533
Aeródromo de Cabo Velas,132000
Aeródromo de Caravelí,7590
Aeródromo de Chacarita,83
Aeródromo de Dieciocho,92200
Aeródromo de El Carmen de Siquirres,1850
Aeródromo de El Naranjo,82800
Aeródromo de Gracias,108
Aeródromo de La Chepona,2320
Aeródromo de La Cumplida,225000
Aeródromo de La Flor,365000
Aeródromo de Las Lajas,347000
Aeródromo de Las Piedras,6240000
Aeródromo de Los Chiles,1440000
Aeródromo de Palo Arco,19700
Aeródromo de Pandora,24500
Aeródromo de Punta San Juan,324000
Aeródromo de San Alberto,725000
Aeródromo de San Vito,162000
Aeródromo de Santa Clara de Guápiles,1250
Aeródromo de Santa María de Guácimo,2420
Aeródromo de Upala,11000
Aethes affinis,37400
Aethes albogrisea,64
Aethes annosa,230
Aethes chilesi,145
Aethes dentifera,9770
Aethes ignobilis,4680
Aethes labonita,199
Aethes macasiana,191
Aethes monera,6900
Aethes pinara,366
Aethes sonorae,3780
Aethes turialba,307
Aethes tuxtlana,149
Aethia psittacula,24200
Aethia pygmaea,6780
Aetobatus ocellatus,117
Afsluitdijk,406000
Agalychnis annae,12700
Agalychnis buckleyi,157
Agalychnis callidryas,226
Agalychnis dacnicolor,7980
Agalychnis hulli,3700
Agalychnis lemur,49400
Agalychnis medinae,22400
Agalychnis moreletii,35300
Agalychnis psilopygion,1170
Agalychnis saltator,10500
Agalychnis spurrelli,17000
Agalychnis taylori,196
Agathemera crassa,1850
Agathemera luteola,113
Agave anomala,27600
Agave brittoniana,10600
Agave kerchovei,210000
Agave tubulata,4240
Agelaius assimilis,16000
Agelaius humeralis,85
Agelasta albostictica,382
Agelasta basimaculata,158
Agelasta basimaculatoides,465
Agelasta basispreta,236
Agelasta estrellae,128
Agelasta humerata,185
Agelasta isthmicola,163
Agelasta konoi amamiana,190
Agelasta konoi kamezawai,5
Agelasta konoi kumejimana,8
Agelasta konoi okinawana,86
Agelasta konoi okinoerabuensis,0
Agelasta lacteostictica,410
Agelasta luzonica,337
Agelasta marionae,237
Agelasta mediofasciata,52
Agelasta milagrosae,230
Agelasta pardalina,488
Agelasta pardalina subana,311
Agelasta pardalis,238
Agelasta rufa,457
Agelasta transversa,289
Agelasta transversefasciata,341
Agelasta transversesignata,224
Agelasta undulata,311
Agelasta unicolor,429
Agelasta yonaguni,280
Agelasta yonaguni hiroyukii,49
Agelasta yonaguni kashiwaii,86
Agelasta yonaguni praelongipes,120
Agelasta yonaguni subkonoi,381
Agene,527000
Ageneiosus inermis,143
Ageneiosus uranophthalmus,699
Ageneiosus valenciennesi,109
Ageratum conyzoides,135
Aglaeactis aliciae,131
Aglaeactis castelnaudii,6320
Aglaiocercus berlepschi,6200
Ago (Lima),279000000
Agra katewinsletae,1160
Agraciada,103
Agraulis vanillae,133000
Agreste,7530000
Agrias claudina,25300
Agropensa,63500
Agropil,7110
Agrupación Euphoria,539000
Agua Bendita (Perú),191
Agua Blanca (El Salvador),124000000
Agua Blanca (Jutiapa),1090000
Agua Blanca (Olopa),47500
Agua Blanca (Portuguesa),15000000
Agua Caliente (El Salvador),65700000
Agua Dulce (Lima),75800000
Agua Dulce de Santa María,209000000
Agua Rica,505000000
Agua de Dionisio,11000000
Agua de Vaca,94300000
Aguacata,32300
Aguacuna,10300
Aguada de Pasajeros,465000
Aguapanela,1610000
Aguardiente,4710000
Aguarunichthys torosus,1870
Aguas Blancas (Lavalleja),135
Aguas Buenas (Uruguay),56400000
Aguas Calientes (Perú),12400000
Aguas Corrientes,28700000
Aguas Frías de Medellín (Ecuador),498000
Aguas Termales de los Ilinizas,10600
Aguas Verdes (Perú),20000000
Aguas frescas,120
Aguilares (El Salvador),915000
Aguinaldo,23100000
Aguinaldo (Venezuela),14300000
Aguinaldo Boyacense,38400
Aguirre (Carabobo),117
Agujero azul de Dean,199
Agujero azul de Taam Ja',8000
Agupampa (Lima),912000
Agustín Codazzi,1660000
Agustín Cruz Tinoco,291000
Ah tabai,69900
Ahalcaná,551
Ahuac,200000
Ahuachapán,149
Ahuachapán Norte,505000
Ahuas (Perú),111
Ahuízotl (criatura),16900
Ahyre,161000
Aigle (1800),1290000
Aikoku Maru,7200
Aileen Celeste Gómez,56800
Aimé Painé,33100
Aiouea obscura,1760
AirSols,26900
Aishalton,98900
Ají (guiso),4470000
Ají (salsa),10900000
Ají de gallina,121
Ají de papalisa,18900
Ají limo,2450000
Akagi (1927),45900
Akatsuki (1932),97300
Akikaze,139000
Akletos goeldii,6750
Akletos melanoceps,4720
Akodon albiventer,2650
Akodon aliquantulus,789
Akodon bogotensis,1890
Akodon budini,1430
Akodon caenosus,1210
Akodon dolores,4290
Akodon fumeus,1750
Akodon glaucinus,5560
Akodon iniscatus,2210
Akodon juninensis,1090
Akodon kofordi,1620
Akodon latebricola,1280
Akodon lorenzinii,522
Akodon mimus,13200
Akodon molinae,169
Akodon mollis,5770
Akodon neocenus,134
Akodon oenos,3330
Akodon orophilus,1970
Akodon pervalens,641
Akodon philipmyersi,994
Akodon polopi,731
Akodon simulator,1690
Akodon spegazzinii,1970
Akodon subfuscus,1290
Akodon surdus,1040
Akodon sylvanus,2840
Akodon tartareus,259
Akodon toba,2000
Akodon torques,771
Aktzin,9240
Al Jardín de la República,59700000
Alacran (género),101000
Alacran chamuco,2320
Alacran tartarus,858
Alamar (Cuba),200
Alameda El Recreo,417000
Alameda El Tunal,88100
Alameda de Fátima,4050000
Alameda de Paula,100
Alameda de Quebrada Vieja,60200
Alamor,18600000
Alanje,483000
Alanys Lagos,122
Alausí,141
Alberdi (Paraguay),2200000
Alberto Dogliotti,57700
Alberto Hassán,11200
Alberto Lagos,24900000
Alberto Villalpando,762000
Alberto Zamarbide,25100
Alberto Zapicán,23500
Albisu,557000
Albizia buntingii,778
Alborada (Perú),4580000
Albufera de Medio Mundo,634000
Albur (México),122
Albóndigas,125
Alca torda,360000
Alcalde de Belén,10300000
Alcaldía de Santa Elena,116
Alcaldía del Municipio Baruta (Venezuela),274000
Alcaldía mayor de Nicoya,90600
Alcatraz (danza),121
Alcidion inornatum,213
Alcitrón,2080
Alcyonium coralloides,4900
Aldea Quisaché,4260
Aldo Bonzi,201
Aldo Monges,258000
Aldo Saravia,287000
Aldrichetta forsteri,135
Alebrije,3230000
Alegría (El Salvador),62600000
Alejandra Panozo,39000
Alejandra Ávalos,835000
Alejandro Delius,127000
Alejandro Fernández,85200000
Alejandro Gallinal (localidad),65
Alejandro Jáuregui,63
Alejandro Nones,122
Alejo Calatayud,344000
Alepidomus evermanni,679
Alexander L. Kielland (plataforma),103
Alexandra Meza,3390000
Alexia Viruez,15600
Alexis Ramírez,122
Alexis Rossell,112000
Alfajor (Latinoamérica),481000
Alfarería de Chililico,195
Alfarería lenca de La Campa,120
Alfaro cultratus,64
Alfaro huberi,56
Alfeñique,443000
Alfonso Bravo de Laguna,2520000
Alfonso Castillo Orta,801000
Alfonso XIII (1915),2090000
Alfonso Zabala Pinedo,71500
Alfredo Coca,31300000
Alfredo Genovese,9350000
Alfredo Gutiérrez,26000000
Alfredo Martín Ábalos,663000
Alfredo Olivas,12900000
Alfredo Sadi,233000
Alfredo Sáenz (cantante),65
Alfredo Zitarrosa,463000
Alfín (artista),10300000
Algorta (Cuba),50300
Algorta (Uruguay),574000
Alguapata,1660
Alhajuela,103000
Alhua,213
Alianza Demócrata Cristiana,615000
Alibertia edulis,26500
Alicia Juárez,10100000
Alicia Martínez (folclorista),15100
Alicia Villarreal,139
Alipiopsitta xanthops,160
Allahuay Asadunar,1640
Alle alle,3330000000
Allobates algorei,791
Allobates bromelicola,717
Allobates caribe,2180
Allobates femoralis,23100
Allobates flaviventris,4340
Allobates fratisenescus,1170
Allobates insperatus,2500
Allobates mcdiarmidi,910
Allobates zaparo,5760
Allocosa brasiliensis,2400
Allocosa paraguayensis,605
Allodia ornaticollis,761
Allonautilus scrobiculatus,4320
Allophylus edulis,61700
Alma llanera,124
Almenares,675000
Almirante Lazarev (1872),2370
Almirante Oquendo,125000
Almita Visitación Sibila,733
Almojábana,130
Almolonga (Guatemala),345000
Aloja (bebida),717000
Alonso (Paysandú),438000
Alonso (Treinta y Tres),5630000
Alonso de Illescas,1150000
Alonso de Ojeda,135
Alopias vulpinus,142000
Alosterna chalybeella,2470
Alosterna tabacicolor hirayamai,215
Alotenango,139
Alouatta arctoidea,94
Alouatta caraya,173000
Alouatta coibensis trabeata,2220
Alouatta guariba,86000
Alouatta guariba clamitans,17500
Alouatta juara,98
Alouatta macconnelli,15000
Alouatta palliata,262000
Alouatta palliata aequatorialis,11500
Alouatta palliata palliata,149
Alouatta pigra,54700
Alouatta puruensis,76
Alouatta seniculus,92300
Aloysia gratissima,42000
Alpacoto,2920
Alpaida tuonabo,617
Alpayacu,24800
Alquízar,400000
Alsodes neuquensis,94
Alstroemeria apertiflora,608
Alstroemeria aurea,190
Alstroemeria foliosa,3760
Altagracia (Nicaragua),118
Altagracia (Nueva Esparta),85
Altagracia de Orituco,295000
Altamira (República Dominicana),121
Altar de muertos,24700000
Altellopsis,22900
Alternanthera brasiliana,174000
Altillo (Canta),332000
Altiplano (Andes centrales),159
Altiplano de Túquerres e Ipiales,75
Alto Azpitia,49500
Alto Beni (municipio),2640000
Alto Boquete,40900000
Alto Chicamocha,137
Alto El Paramito,52500
Alto El Pozón,7800000
Alto El Trueno,9490000
Alto Guayaba,4550000
Alto Nangaritza,69700
Alto Nunca Jamás,29700000
Alto de Letras,326000000
Alto de Minas,159000000
Alto de Mondoñedo,497000
Alto de Mucumamó,374
Alto de Nique,2030000
Alto de Timotes,120000
Alto de la Bandera,100
Alto de Ño León,354000000
Alto del Arenal,12800000
Alto del Buey,12000000
Alto del Sifón,2350000
Alto del Totumo,91
Altos Mirandinos,1010000
Altos de Pipe (Miranda),1080000
Altos de la Vanega,18600
Altos del Rosario,36700000
Alumbrado navideño de Medellín,249000
Aluvión de Quito de 2022,152000
Alux,2000000
Alvinella pompejana,14900
Alvise Cadamosto,43600
Alzamiento de Jagüey Grande,3340
Alán Gómez,99700000
Ama (Perú),84
Amador (Panamá Oeste),103
Amador Ballumbrosio,22400
Amagiri (1930),4030
Amalia Macías,639000
Amalia Mendoza,120
Amalia de la Vega,7660000
Amancio (Cuba),649000
Amancio González y Escobar,124000
Amanda del Llano,2000000
Amaneciendo (álbum de Luciano Pereyra),160
Amapala,132
Amaralia hypsiura,1470
Amaralia oviraptor,542
Amaranthus albus,138000
Amaranthus viridis,495000
Amaretti,207
Amarilladesma mactroides,3740
Amarillo (Uruguay),101000000
Amaru (mitología),182000
Amaru Aranway,67
Amatitlán (Guatemala),2540000
Amaurospiza carrizalensis,1700
Amaurospiza concolor,15800
Amauta (Barranca),28900
Amazilia distans,2010
Amazilia luciae,24800
Amazilia rutila,50200
Amazilia tzacatl,117000
Amazon Watch,198
Amazona albifrons,235000
Amazona amazonica,211
Amazona auropalliata,51000
Amazona barbadensis,95
Amazona dufresniana,6980
Amazona farinosa,121000
Amazona leucocephala,134
Amazona lilacina,14400
Amazona oratrix,64200
Amazona tucumana,14900
Amazona xantholora,24500
Amazonas (Brasil),68700000
Amazonia,24500000
Amazonia Legal,23500000
Amazonía de Bolivia,10400000
Amazonía del Perú,10900000
Amazophrynella amazonicola,679
Amazophrynella javierbustamantei,926
Amazophrynella matses,483
Ambarroco,1020
Amblyrhynchus cristatus,147
Amboé,26400
Ambrosiella kuscheli,236
Ambulante gira de documentales,601000
Ambuquí,87800
Ambystoma andersoni,23500
Ambystoma granulosum,3060
Ambystoma leorae,2630
Ambystoma lermaense,3250
Ambystoma mexicanum,693000
Ambystoma rivulare,147
Ambystoma rosaceum,7540
Ambystoma silvensis,162
Ambystoma velasci,11400
Ameerega boehmei,976
Ameerega macero,2050
Ameerega petersi,3230
Ameerega shihuemoy,1050
Amegilla aspergina,8130
Ameivula abalosi,724
Amelia Abascal,117000
Amerhippus,17600
Americas Rugby Challenge M20 2019,4070
Ametralladora Ho-103,26700
Ametralladora Lewis,299000
Ametralladora Tipo 1,5200000
Ametralladora Tipo 100,170
Ametralladora Tipo 2,5130000
Ametralladora Tipo 3,5170000
Ametralladora Tipo 89,290000
Ametralladora Tipo 92,173
Ametralladora Tipo 97,177
Ametralladora Vickers,59100
Ametralladora ligera Tipo 11,737000
Ametralladora ligera Tipo 96,169
Ametralladora ligera Tipo 97,46800
Ametralladora ligera Tipo 99,111000
Ametralladora pesada Tipo 1,180
Ametralladora pesada Tipo 3,768000
Ametralladora pesada Tipo 92,158
Ametralladora pesada Tipo 93,74000
Ametrida centurio,12500
Amigo invisible,58200000
Ammocryptocharax elegans,3150
Ammocryptocharax minutus,967
Ammodytes tobianus,18600
Ammotrecha chiapasi,343
Amorbia cacao,642
Amorbia chiapas,551
Amorbia cocori,219
Amorbia concavana,728
Amorbia cordobana,399
Amorbia decerptana,425
Amorbia depicta,395
Amorbia eccopta,215
Amorbia erinae,100
Amorbia jaczewskii,286
Amorbia laterculana,374
Amorbia maracayana,133
Amorbia monteverde,209
Amorbia nuptana,197
Amorbia osmotris,47
Amorbia potosiana,137
Amorbia productana,381
Amorbia rectilineana,426
Amorbia rhombobasis,148
Amorbia santamaria,581
Amorbia stenovalvae,367
Amorbia trisecta,588
Amorphochilus schnablii,129
Ampay,1230000
Ampayre,2060
Ampelion rubrocristatus,13900
Amphichaetodon,17900
Amphichaetodon howensis,994
Amphilophus zaliosus,7930
Amphiprion barberi,152
Amphiprion clarkii,185000
Amphiprion perideraion,54900
Amphiprion polymnus,27100
Amphiprioninae,475000
Amphisbaena alba,25100
Amphisbaena angustifrons,127
Amphisbaena fuliginosa,198
Amphisbaena gracilis,6840
Amyris balsamifera,257000
Amyris cubensis,1890
Amyris elemifera,63
Amyrmex golbachi,399
América (1736),8820000
Amílcar Scalisi,9210
Ana Bárbara,56000000
Ana Cristina Céspedes,119
Ana Gabriel,254000000
Ana Karen Allende,667000
Ana Karina Manco,453000
"Ana María ""Cachito""",277000
Ana María González (cantante mexicana),16600000
Ana de Azcuénaga de Olaguer Feliú,10
Anablepsoides atratus,6420
Anablepsoides christinae,8140
Anablepsoides derhami,695
Anablepsoides elongatus,9350
Anablepsoides intermittens,1530
Anablepsoides iridescens,1180
Anablepsoides monticola,10600
Anablepsoides ophiomimus,1680
Anablepsoides ornatus,50
Anablepsoides peruanus,2480
Anablepsoides rubrolineatus,6400
Anablepsoides taeniatus,6550
Anablepsoides tessellatus,597
Anacaona,871000
Anacardium occidentale,140
Anaconda (película),17000000
Anacrusa (banda),12200
Anadoras regani,2460
Anahí,119
Anahí Mariluán,12400
Anales de los cakchiqueles,13000
Anamorós,329000
Anampses chrysocephalus,6120
Anampses cuvier,65
Anampses elegans,8040
Anampses femininus,155
Anampses geographicus,145
Anampses lineatus,93
Anampses melanurus,176
Anampses meleagrides,9290
Anampses twistii,141
Anaora tentaculata,15600
Anarchias galapagensis,3580
Anare,832000
Anarhichas minor,33800
Anarquía del Año XX,98
Anas andium,12000
Anas fulvigula,90
Anas georgica georgica,288000
Anas georgica spinicauda,6400
Anastasia Mazzone,500000
Anaxyrus californicus,102
Anaxyrus cognatus,84
Anaxyrus mexicanus,19300
Anaxyrus retiformis,1550
Anaxyrus woodhousii,14200
Anay (Cajatambo),10600
Anayca,4580
Ancas de rana,630000
Ancco-Ango,6720
Anchi,2470000
Ancistranthus harpochiloides,511
Ancistrops strigilatus,10500
Ancistrus bodenhameri,1020
Ancistrus brevifilis,86
Ancistrus bufonius,1420
Ancistrus caucanus,1520
Ancistrus centrolepis,1070
Ancistrus cirrhosus,217
Ancistrus dolichopterus,143
Ancistrus eustictus,822
Ancistrus galani,757
Ancistrus gymnorhynchus,1440
Ancistrus heterorhynchus,1280
Ancistrus jelskii,1640
Ancistrus latifrons,4690
Ancistrus lineolatus,1420
Ancistrus macrophthalmus,7730
Ancistrus maculatus,27500
Ancistrus martini,2250
Ancistrus megalostomus,890
Ancistrus montanus,4820
Ancistrus tamboensis,2010
Ancistrus variolus,934
Ancomarca (Tacna),13900
Anconcito,226000
Ancoraimes,91
Ancylomenes pedersoni,7100
Ancón (parroquia de Santa Elena),62600
Ancón de Sardinas,42500
Andagua (Castilla),49600
Andahuaylillas,263000
Andalgalomys olrogi,111
Andalgalomys pearsoni,6730
Andalgalomys roigi,1390
Andersonoplatus andersoni,456
Andersonoplatus baru,301
Andersonoplatus bechyneorum,227
Andersonoplatus castaneus,351
Andersonoplatus flavus,280
Andersonoplatus jolyi,375
Andersonoplatus laculata,6
Andersonoplatus lagunanegra,438
Andersonoplatus macubaji,3
Andersonoplatus merga,440
Andersonoplatus merida,419
Andersonoplatus microoculus,0
Andersonoplatus peck,210
Andersonoplatus rosalesi,396
Andersonoplatus sanare,221
Andersonoplatus saviniae,295
Andigena hypoglauca,20500
Andigena laminirostris,35900
Andinobates abditus,118
Andinobates geminisae,1210
Andinobates minutus,78
Andinocervus rufinus,197
Andinomys edax,7510
Andiperla willinki,2440
Andomas,286000
Andrea Barrientos,18100000
Andrea Doria (1953),939000
Andrea Forfori,333000
Andrea Gail,122
Andresito (Uruguay),126
Andrés Uc Dzul,24700
Anechites nerium,2010
Anelaphus albopilus,99
Anelaphus badius,406
Anelaphus bupalpus,345
Anelaphus cerussatus,315
Anelaphus cinnabarinus,442
Anelaphus cordiforme,551
Anelaphus erakyra,179
Anelaphus guttiventre,245
Anelaphus hirtus,525
Anelaphus maculatus,3660
Anelaphus michelbacheri,363
Anelaphus panamensis,390
Anelaphus punctatus,3670
Anelaphus rotundus,358
Anelaphus sparsus,700
Anelaphus steveni,1240
Anelaphus vernus,616
Anelaphus yucatecus,171
Anevrina thoracica,680
Anexión del Partido de Nicoya,190000
Anexodus aquilus,4440
Anfibios de Costa Rica,2350000
Angas (Lima),241000
Angasimá,311
Angatupyry,81
Angelita Pardo,68
Angelito negro (culto),123
Anglesey,145
Anglet,5310000
Angola (Lima),52000000
Angosto del Bala,56500
Angostura (Rocha),258000
Anguía,78300
Angélica Delfina Vásquez Cruz,171000
Anhinga anhinga,147
Aniliidae,85
Anilocra abudefdufi,5500
Anilocra caudata,3770
Anilocra cavicauda,305
Anilocra clupei,575
Anilocra elviae,446
Anilocra huacho,233
Anilocra laevis,5950
Anilocra plebeia,693
Anilocra prionuri,525
Animal de Ciudad,90
Animita,132000
Animita de Fortuoso,640
Animita de Romualdito,205
Animita de carretera,16500
Animita de cementerio,14200
Animita del paquito,293
Anisacanthus nicaraguensis,1210
Anisaedus rufus,190
Anisodactylus darlingtoni,1090
Anisodactylus rotundangulus,491
Anisodactylus sadoensis,700
Anisolepis undulatus,1760
Anisopodus andicola,541
Anisopodus brevis,607
Anisopodus consimilis,618
Anisopodus degener,439
Anisopodus longipes,681
Anisopodus nigripes,721
Anisotremus scapularis,11000
Anna Regina,87
Annai (Guyana),210000
Annandale (Pomeroon-Supenaam),11000
Annapolis,30000000
Annaé Torrealba,15600
Anneissia bennetti,2400
Anneissia japonica,7070
Annona ekmanii,2820
Annona macroprophyllata,15900
Annona muricata,140
Annona nutans,26000
Annona purpurea,366000
Annona reticulata,888000
Annona squamosa,1060000
Anochetus turneri,1030
Anodontites,10100
Anodorhynchus hyacinthinus,118000
Anolis altae,90
Anolis apletophallus,5550
Anolis bicaorum,904
Anolis campbelli,5450
Anolis casildae,513
Anolis cobanensis,1050
Anolis cristifer,27700
Anolis cusuco,896
Anolis dollfusianus,479
Anolis eulaemus,73
Anolis extremus,8070
Anolis fortunensis,657
Anolis ginaelisae,673
Anolis gruuo,334000
Anolis haguei,6890
Anolis johnmeyeri,252
Anolis kreutzi,263
Anolis kunayalae,801
Anolis lionotus,2620
Anolis loveridgei,1560
Anolis macrophallus,451
Anolis magnaphallus,330
Anolis matudai,1370
Anolis medemi,1150
Anolis monteverde,9280
Anolis morazani,491
Anolis muralla,1330
Anolis ocelloscapularis,411
Anolis ortonii,7550
Anolis osa,10900
Anolis pijolense,205
Anolis proboscis,18800
Anolis pseudokemptoni,543
Anolis pseudopachypus,574
Anolis purpurgularis,273
Anolis roatanensis,187
Anolis rubribarbaris,388
Anolis tenorioensis,281
Anolis townsendi,8430
Anolis tropidolepis,969
Anolis utilensis,559
Anolis villai,63
Anolis wampuensis,655
Anolis wermuthi,591
Anolis yoroensis,613
Anolis zeus,8140
Anomaloglossus beebei,9360
Anomaloglossus kaiei,6370
Anomaloglossus roraima,2430
Anomaloglossus tamacuarensis,1050
Anomalía del Mar Báltico,17900
Anoploderomorpha monticola,354
Anoplophora asuanga,617
Anoplophora lucipor,745
Anoplophora mamaua,690
Anostomus longus,640
Anotomys leander,9500
Anoura caudifer,18300
Anoura cultrata,8840
Anoura fistulata,4950
Anoura latidens,10500
Anoura luismanueli,62
Anous albivitta,6250
Anous ceruleus,3260
Anqasha picta,1100
Anra (Huari),22400
Ansa (Perú),1290000
Anta (Cajatambo),45900
Anta (Paramonga),17700
Anta (Supe),11500000
Anta Piruro,2400
Anta-Izcuchaca,69100
Antabamba,267000
Antacancha,29500
Antacocha (Cajatambo),990
Antahualla,70
Antahualla (Calango),1530
Antahualla (Pacarán),1340
Antahuancan (Cajatambo),713
Antahuinco,1940
Antamarca (Canta),96
Antamasa,3690
Antara,392000000
Antaycocha,1960
Antecedentes de la guerra del Chaco,124
Antedon mediterranea,95
Antelope (1781),98900
Antennarius commerson,132
Antequera (Paraguay),122
Anthonomus flavirostris,1810
Anthracothorax prevostii,32200
Anthrenus japonicus,8300
Anthrenus tanakai,273
Anthurium andraeanum,143
Anthus antarcticus,26000
Anti runa,52200000
Anticiclón de las Azores,66900
Anticiclón del Atlántico Sur,148000
Anticiclón del Pacífico Sur,167000
Anticlea badiiplaga,121
Anticucho,892000
Antigua Guatemala,143
Antigua provincia de La Habana,85
Antiguo Cuscatlán,2130000
Antiguo Palacio Arzobispal (Antigua Guatemala),29800
Antilla (Cuba),427000
Antillia brachychaeta,22800
Antipasto,12900000
Antología (grupo musical),5810000
Anton Ždanovič,56
Antonio Aguilar,80600000
Antonio Aguilar hijo,27700000
Antonio Bugallo,161000
Antonio De Lisio,116000
Antonio López Hernández (artesano),196000
Antonio Olave Palomino,64
Antonio Pigafetta,661000
Antonio Sotomayor (parroquia),364000
Antonio Tormo,1020000
Antonio de Noli,72
Antrostomus cubanensis,8920
Antrostomus saturatus,7170
Antrozous pallidus,108
Antu (pillán),34800
António de Abreu,35500000
Anádyr,17300
Aníbal Bresco,4080
Aníbal Darío López,4130000
Aníbal López Monteiro,174000
Aníbal Sampayo,95300
Ao Ao,2040000000
Aoba (1927),67500
Aotus azarae,120
Aotus griseimembra,14800
Aotus hershkovitzi,2050
Aotus lemurinus,27500
Aotus miconax,6200
Aotus nancymaae,26200
Aotus nigriceps,13000
Aotus trivirgatus,45700
Aotus vociferans,15900
Apan (Perú),550000
Apan Banda,1010000
Apaneca,677000
Aparamán,27000
Apartaderos,237000
Apartadó,118
Apas (Cajatambo),5170
Apastepeque,266000
Apavit,113
Aphonopelma anax,8600
Aphonopelma bicoloratum,127
Aphonopelma chalcodes,72200
Aphrodita aculeata,9630
Aphyocharax agassizii,3580
Aphyocharax alburnus,3990
Aphyocharax colifax,550
Aphyocharax nattereri,7120
Aphyocharax pusillus,111
Aphyocharax yekwanae,477
Aphyolebias manuensis,601
Aphyolebias peruensis,2530
Aphyolebias rubrocaudatus,713
Aphyolebias schleseri,82
Aphyolebias wischmanni,912
Aphyonus gelatinosus,1180
Api (bebida),93800000
Aplanchado,43100
Aplao,258000
Apogon aterrimus,6610
Apogon notatus,18400
Apolemia uvaria,3870
Apolemichthys arcuatus,5680
Apolinar Aguilar Velasco,537000
Apolinar Hernández Balcazar,39000
Apollo (cable),120
Apolo (Bolivia),11400000
Apolonia Dorregaray Veli,9
Apotara,5290
Apoteri,22200
Aprada,1620000
Aptenodytes patagonicus,134
Aptenodytes patagonicus patagonicus,790000
Apu (divinidad),150000
Apuela,245000
Apyraguá,9130
Aquidabã (1885),7390
Aquillayo,485
Aquiloeurycea cephalica,2050
Aquiloeurycea galeanae,95
Aquiloeurycea praecellens,478
Aquiloeurycea quetzalanensis,621
Ara ambiguus guayaquilensis,122
Ara ararauna,681000
Ara militaris,143
Araca la Cana,223000
Aracamunia liesneri,454
Arachania (Cerro Largo),39200
Arachania (Rocha),185000
Araguabisi,8
Aragüita,161000
Arahuay,56100
Araira,66
Arakaka,24900
Aralia rex,29200
Aramango,75500
Arambala,195000
Aramendía (Uruguay),70300
Aramides wolfi,3480
Araminda,356000
Arampampa,85
Aramus guarauna,139000
Araopán,352000
Arapa Valentín,46800
Arapaima,132
Arapaima agassizii,10900
Arapaima gigas,1380000
Arapaima leptosoma,126
Arapaima mapae,55700
Araqueda,30000
Arare (1939),256000000
Arashi (1941),141000
Arashio (1937),103000
Aratinga alticola,13600
Aratinga hockingi,1240
Araujia sericifera,38400
Aray (Perú),6090000
Araya (Venezuela),142
Araya Chica,7600000
Araya Grande,10900000
Arazatí,109000
Araújo (Uruguay),4880000
Arboletes,520000
Arbolito (Cerro Largo),398000
Arbolito (Paysandú),64900
Arbolito (banda),8940000
Arboretum Dr. Juan B. Salas Estrada,7850
Arboretum de las Naciones Amigas de la República Dominicana,470
Arcachón,71000
Arcadio Zúñiga y Tejeda,33800
Arcatao,151000
Archipiélago Los Hermanos,1520000
Archipiélago Los Monjes,222000
Archipiélago Los Roques,351000
Archipiélago Los Testigos,607000
Archipiélago de Jambelí,37400
Archipiélago de Los Frailes,180000
Archipiélago de Sabana-Camagüey,30100
Archipiélago de las Perlas,531000
Archipiélago de los Canarreos,16000
Archipiélago de los Colorados,113
Archipiélago de los Jardines de la Reina,348000
Archipiélago hondureño en el golfo de Fonseca,23000
Archips crataegana,11100
Archips oporana,52200
Archivesica puertodeseadoi,379
Archo,596000
Arco Latino,66200000
Arco de Asunción,87
Arco de Darwin,5600000
Arco de Iquitos,309000
Arco de Salinas,15800000
Arco de Santa Catalina,10100000
Arco del Cabo San Lucas,6660000
Arco del Envira,99700
Arco del Purús,516000
Arco percutor,435000
Arco volcánico centroamericano,179
Arcos de Canasí,16400
Arctic Explorer,220
Arctica islandica,187
Arctocephalus australis,180000
Arctocephalus australis australis,177000
Arctocephalus galapagoensis,28600
Arctocephalus philippii philippii,13000
Arctotherium,88100
Ardaris,24500
Ardaris eximia,5220
Ardeamya petitiana,261
Ardenna bulleri,149
Ardenna carneipes,20600
Ardenna creatopus,14900
Ardenna gravis,169
Ardenna grisea,64600
Ardenna pacifica,151
Ardenna tenuirostris,56200
Ardisia escallonioides,7390
Areguá,768000
Arena Alta,248000000
Arena Cañaveralejo,190000
Arenal (Bolívar),1400000
Arenas de José Ignacio,148
Arenitas Blancas,31100
Arenoso (República Dominicana),302000
Arepa de trigo,203
Arerunguá,44500
Argenis Sánchez,848000
Argentina aliceae,2130
Argentina australiae,934
Argentina brasiliensis,1540000
Argentina en el virreinato del Río de la Plata,1290000
Argentina kagoshimae,2430
Argentina stewarti,53500
Argentino Luna,196
Argentinosaurus huinculensis,25800
Argiope argentata,144
Argonauta (1796),6220
Argonauta argo,216000
Argonectes longiceps,1640
Argonectes robertsi,1130
Argopecten ventricosus,17400
Argyrodes bonadea,1050
Argyropelecus hemigymnus,8540
Argyrophorus argenteus,1600
Argyrosomus regius,161
Arhopalus cubensis,4580
Arhopalus hispaniolae,5140
Arhopalus tobirensis,464
Ariadne taeniata,751
Ariake (1935),9100
Arichuna,110000
Aricoris erostratus,428
Ariel Acuña,73
Ariel Ameijenda,13100
Ariel Báez,960000
Ariel Camacho,208
Ariel Gravano,28600
Ariel Petrocelli,104000
Ariel Villazón Torrico,11000
Ariel de Otopongo,518
Ariomma bondi,2340
Ariomma brevimanum,105
Ariomma indicum,133
Ariomma luridum,865
Ariomma melanum,819
Ariosoma balearicum,8940
Arisaka,3800000
Arisan Maru,58
Arismendi (Barinas),235000
Aristida amplexifolia,44000
Aristolochia pentandra,82
Arkanos,38600
Arlett Fernández,65500
Armada Invencible,1220000
Armando Martínez (músico),16600000
Armando Molero,548000
Armas usadas en la guerra del Pacífico,93
Armatocereus cartwrightianus,2080
Armatocereus godingianus,2150
Armatocereus godingianus subsp. brevispinus,386
Armatocereus laetus,140
Armatocereus matucanensis,68
Armatocereus procerus,1250
Armenia (El Salvador),400000000
Arnaldo Samaniego,507000
Arnulfo Briceño,410000
Arnulfo Mendoza,1210000
Aroa,4160000
Arocojnadi,2010
Aromobates nocturnus,1860
Arosemena (Panamá Oeste),586000
Arpa (Cañete),34300
Arpa llanera,125
Arquidiócesis de Asunción,459000
Arraiján (corregimiento),563000
Arrechavala,79100
Arrecife Cakaulevu,540
Arrecife Osborne,20400
Arrecife de Apo,68800
Arrecife de Arlington,63300
Arrecife de coral del Amazonas,446000
Arrecife de la Florida,140
Arremon basilicus,124
Arremon phaeopleurus,1380
Arremon phygas,105
Arrhyton,13600
Arrivillaga,72
Arrocera Los Ceibos,23000
Arrocera Zapata,157000
Arroyo Amarillo,19300000
Arroyo Arroyito,254000
Arroyo Avay,35700
Arroyo Avestruz Chico,38900
Arroyo Avestruz Grande,154000
Arroyo Barranco de Pelotas,21000
Arroyo Barriga Negra,62
Arroyo Barril,1410000
Arroyo Bañado de Medina,199000
Arroyo Blanco (Rivera),6500000
Arroyo Butuí,54200
Arroyo Caañabé,6840
Arroyo Cagancha,45
Arroyo Calera,749000
Arroyo Canelón Chico,64300
Arroyo Canelón Grande,24300
Arroyo Cano,90
Arroyo Carrasco,5530000
Arroyo Carreta Quemada,41600
Arroyo Casupá,28100
Arroyo Ceibal Chico,43300
Arroyo Centurión,865000
Arroyo Chamizo (San José),74
Arroyo Chuy (Cerro Largo),77300
Arroyo Cildáñez,7480
Arroyo Colla,133
Arroyo Colorado,137
Arroyo Conventos,2310000
Arroyo Corrales (Lavalleja),63300
Arroyo Corrales del Parao,11500
Arroyo Cufré,60000
Arroyo Garao,1980
Arroyo Guazunambí,1940
Arroyo Gutiérrez,19500000
Arroyo Hondo (Distrito Nacional),798000
Arroyo India Muerta,534000
Arroyo Infiernillo,53
Arroyo Itay,68700
Arroyo Juan González Grande,7120000
Arroyo Las Flores,138
Arroyo Las Piedras (Uruguay),1200000
Arroyo Leoncho,2080
Arroyo Maldonado,181
Arroyo Maldonado (Uruguay),8370000
Arroyo Malo (Cerro Largo),115
Arroyo Malvín,265000
Arroyo Mangrullo,47500
Arroyo Marmarajá,10200
Arroyo Mbutuy,54400
Arroyo Medrano,3410000
Arroyo Miguelete,256000
Arroyo Miguelete (Colonia),50400
Arroyo Naranjo,4050000
Arroyo Pando,1260000
Arroyo Parado,673000
Arroyo Pichinango,558
Arroyo Piedras Blancas (Uruguay),1380000
Arroyo Pirarajá,47
Arroyo Polanco,1470000
Arroyo Raggio,67
Arroyo Riachuelo (Uruguay),266000
Arroyo San Gregorio,66
Arroyo San Jacinto,3480000
Arroyo San Luis (Colonia),2910000
Arroyo San Luis (Rivera),7550000
Arroyo San Miguel,34900000
Arroyo Sarandí (Cerro Largo),249000
Arroyo Sarandí Chico (Treinta y Tres),105000
Arroyo Sarandí Grande,390000
Arroyo Sarandí Grande (Maldonado),94900
Arroyo Sarandí de Barcelo,17700
Arroyo Sarandí de los Amarales,662
Arroyo Solís Chico,545000
Arroyo Solís Grande,1130000
Arroyo Talita,66600
Arroyo Tapalqué,45300
Arroyo Tapes Grande,2880000
Arroyo Tarariras,190000
Arroyo Tropa Vieja,333000
Arroyo Vallimanca,118
Arroyo Vega,97
Arroyo White,51400000
Arroyo Yaguarón Chico,55700
Arroyo Yerbal Chico,11700
Arroyo Yerbal Grande,21400
Arroyo Yerbalito (Treinta y Tres),1600
Arroyo Ytororó,81
Arroyo Yukyry,110
Arroyo de Arias,7610000
Arroyo de Cruz,49700000
Arroyo de Godoy,5030000
Arroyo de Mataojo,55800
Arroyo de Otazo,34700
Arroyo de Pintado,12600000
Arroyo de Santos,25300000
Arroyo de Zapata,9770000
Arroyo de la Coronilla,184000
Arroyo de la Laguna del Negro,2580000
Arroyo de la Lana,2780000
Arroyo de la Mina,81
Arroyo de la Virgen,13900000
Arroyo de las Cañas (Cerro Largo),235000
Arroyo de las Vacas,2710000
Arroyo de las Víboras,88
Arroyo de los Ceibos,338000
Arroyo de los Chanchos,41400
Arroyo de los Membrillos,231000
Arroyo de los Molles,701000
Arroyo de los Pavos,652000
Arroyo de los Porongos,29100
Arroyo del Aiguá,432000
Arroyo del Alférez,53
Arroyo del Carmen,26400000
Arroyo del Chamizo,285000
Arroyo del Oro,30800000
Arroyo del Sauce (Arroyo Conventos),79
Arroyo del Sauce (Colonia),383000
Arroyo del Sauce (Lavalleja),217000
Arroyo del Soldado,3090000
Arroyo Ñanduá,1630000
Arroz a la cubana,31200000
Arroz a la valenciana,21900000
Arroz blanco (gastronomía),59400000
Arroz con coco,89300000
Arroz con frijoles,133
Arroz con leche,136000000
Arroz con mariscos,61500000
Arroz con pollo,123000000
Arroz pegado,20700000
Arroz tapado,25300000
Arrozal Treinta y Tres,130000
Art Tripp,161
Arte mediterráneo,67300000
Arte sin fronteras por la Paz,20500000
Artemio Alisio,5700
Artemisa (Cuba),1870000
Artesanía cuzqueña,217
Artesanía del Lago Titicaca,383000
Artesanía movima,3850
Artesanía salteña,353000
Artesanía y arte popular del Estado de México,53000000
Artesanía y arte popular en Chiapas,405000
Artesanía y arte popular en Jalisco,389000
Artesanías de Guerrero,12100000
Artesanías en Aguascalientes,12900000
Artesanías rarámuris,175000
Artesanías y arte folklórico mexicano,138
Artesanías y arte popular de Puebla,410000
Artesanías y arte popular en Michoacán,246000
Artesanías y arte popular en la Ciudad de México,16300000
Arthur (perro),20100000
Artibeus fimbriatus,12400
Artibeus fraterculus,9170
Artibeus lituratus,69900
Artibeus planirostris,26200
Artidorio Cresseri,3210
Artieda del Nuevo Reino de Navarra,12000
Artilleros,1180000
Arturo de Nava,7520000
Arturo «Zambo» Cavero,124
Arunguita,21600
Arzal,429000
Arzon,75
Arévalo (Uruguay),5850000
Asado,84500000
Asado con cuero,19800000
Asado de tira,26400000
Asagumo (1938),4820
Asahi (1900),2380000
Asakata,95800
Asakaze (1923),4720
Asalto de Córdoba,129
Asanagi,842000
Asashio (1937),7110
Ascashguaganan,1660
Asentamiento Humano Nicolás de Piérola,28100
Aserrío de Gariché,57000
Asesinato en el hotel de baños,668000
Asesinatos del Bluebelle,1370
Ashigara (1929),4350
Asia (1791),10500000
Asia (Cañete),2020000
Asiablatta kyotensis,2070
Asiac,102000
Asiacocha,3000
Asilo de la Paz,16100000
Asio clamator,125
Asio ecuadoriensis,885
Asio flammeus domingensis,1960
Asio flammeus galapagoensis,5500
Asio flammeus sanfordi,5490
Asio flammeus suinda,2020
Aso (1944),1140000
Asociación Cultural Brisas del Titicaca,145
Asociación Interétnica de Desarrollo de la Selva Peruana,135000
Asociación Uruguaya de Candombe,102000
Asociación de Artesanos de Tobati,117
Asociación de Estados del Caribe,18800000
Asociación de Fútbol No Amateur de Santo Domingo de los Tsáchilas,2480
Asociación de Fútbol Profesional de Orellana,160000
Asociación de Viviendas Sutma,88800
Aspidoscelis communis,9060
Aspidoscelis costatus,6530
Aspidoscelis guttatus,8920
Aspidoscelis labialis,5920
Aspiduchus deplanatus,270
Aspiduchus rothi,591
Asterochernes kuscheli,880
Asterochernes kuscheli kuscheli,862
Asterogyne ramosa,3700
Asterophysus batrachus,7360
Asthenes ayacuchensis,941
Asthenes coryi,2740
Asthenes huancavelicae,1300
Asthenes ottonis,129
Asthenes palpebralis,2980
Asthenes usheri,530
Asthenes vilcabambae,107
Asthenes virgata,8820
Asthenomacrurus fragilis,1940
Asthenomacrurus victoris,6
Astobamba (Lima),68
Astolfo Romero,375000
Astor Birra,152
Astragalus crymophilus,594
Astragalus cryptanthus,29000
Astraptes chiriquensis,4370
Astroblepus ubidiai,1720
Astrocaryum aculeatum,28400
Astrocaryum alatum,4660
Astrocaryum mexicanum,10800
Astrocaryum murumuru,517000
Astrolepis integerrima,2940
Astron (barco),734000
Astronesthes cyaneus,1000
Astronium graveolens,49300
Astronotus ocellatus,157000
Astyanax abramis,9520
Astyanax altior,1710
Astyanax angustifrons,1460
Astyanax aramburui,676
Astyanax cordovae,3020
Astyanax fasslii,222
Astyanax kompi,520
Astyanax nasutus,9790
Astyanax nicaraguensis,3170
Astyanax orbignyanus,4090
Astyanax robustus,16500
Astyanax rupununi,1630
Astyanax siapae,1270
Astyanax superbus,17000
Astyanax taurorum,493
Astyanax venezuelae,39600
Astylus atromaculatus,5880
Asunción,73100000
Asunción Mita,135
Asunción del Cambay,34000
Asunta Limpias de Parada,65
Asymmetron lucayanum,8570
Atacames,1710000
Atacazo,159000
Atago (1887),18800
Atago (1932),31600
Ataguju,1370
Atahualpa Yupanqui,1500000
Atamo,177000
Atanasio Tzul,451000
Ataque a Loma del Hierro,98100
Ataque a San Martín,212
Ataque a la Flotilla de la Libertad de Gaza de 2025,81200
Ataque a la fragata Emperatriz,11800
Ataque a la fragata Nictheroy,8640
Ataque a la presa de Uñas,2070000
Ataque francés a la escuadra argentina (1829),68
Ataque terrorista a Boca de Samá,11400
Ataques de Estados Unidos contra supuestos narcotraficantes (2025-presente),32900
Atarjea (Barranca),29900
Ateles belzebuth,36700
Ateles chamek,203
Ateles fusciceps,61400
Ateles fusciceps fusciceps,64100
Ateles fusciceps rufiventris,203
Ateles geoffroyi geoffroyi,228
Ateles geoffroyi grisescens,16700
Ateles geoffroyi ornatus,227
Ateles geoffroyi vellerosus,16400
Ateles hybridus,29800
Ateles paniscus,140000
Atelocynus microtis,183
Atelognathus nitoi,122
Atelognathus patagonicus,3630
Atelognathus praebasalticus,1000
Atelognathus reverberii,1190
Atelognathus solitarius,851
Atelopus andinus,139
Atelopus arthuri,987
Atelopus balios,8040
Atelopus bomolochos,2480
Atelopus boulengeri,8730
Atelopus carbonerensis,1400
Atelopus certus,7790
Atelopus chiriquiensis,3160
Atelopus chirripoensis,457
Atelopus chrysocorallus,827
Atelopus coynei,2250
Atelopus dimorphus,796
Atelopus elegans,18700
Atelopus epikeisthos,1050
Atelopus exiguus,8170
Atelopus ignescens,29300
Atelopus limosus,9700
Atelopus onorei,1160
Atelopus patazensis,708
Atelopus peruensis,6220
Atelopus pinangoi,1120
Atelopus senex,5410
Atelopus sorianoi,1700
Atelopus tricolor,13500
Atelopus varius,25600
Atelopus zeteki,213
Athene cunicularia,414000
Atherix ibis,72
Athina B,8230000
Atilio Boveri,8010
Atimia mexicana,441
Atimia okayamensis,163
Atiquizaya,366000
Atlantificación del Ártico,1520
Atlantihyla spinipollex,101
Atlantisia rogersi,113
Atlantropa,60300
Atlapetes canigenis,3510
Atlapetes forbesi,6380
Atlapetes melanopsis,56
Atlapetes meridae,1210
Atlapetes nationi,3650
Atlapetes pallidiceps,141
Atlapetes personatus,16900
Atlapetes rufigenis,116
Atlántida (Uruguay),142
Atojain,1510
Atol shuco,135000
Atole,8450000
Atractosteus tristoechus,7240
Atrina maura,14600
Atrina seminuda,3300
Atta,114
Atta insularis,13000
Atta laevigata,41700
Attagenus smirnovi,8690
Attalea cohune,12000
Attalea colenda,2510
Attalea macrolepis,1550
Atuto Mercau Soria,6090
Atyrá,295000
Aucapata,96400
Aucayacu,378000
Aucayo,19100
Auchenipterus demerarae,1420
Augusto Bernardino Leguía (Cañete),36200
Augusto Bracca,10100
Aukerume,234
Auki auki (danza),19200
Aulacomya atra,14800
Aulacorhynchus caeruleogularis,8150
Aulacorhynchus haematopygus,24200
Aulacorhynchus prasinus,62400
Aulacorhynchus sulcatus,6370
Aulacorhynchus whitelianus,2350
Auliscomys boliviensis,2230
Auliscomys pictus,11900
Auliscomys sublimis,1680
Aulostomus chinensis,27000
Aulostomus maculatus,39800
Aulostomus strigosus,15200
Auqui auqui,497000
Auquipuquio Bellavista,2800
Aurelio González Pérez,6130000
Ausangate,624000
Australoheros angiru,638
Australoheros tavaresi,1000
Australoheros ykeregua,1040
Austrocactus aonikenkensis,702
Austrocactus bertinii,147
Austrocactus coxii,1850
Austrocactus ferrarii,115
Austrocactus hibernus,1290
Austrocactus nobilis,1220
Austrocactus pauxillus,535
Austrocactus philippii,58
Austrocactus praecox,820
Austrocactus subandinus,989
Austrocylindropuntia,145
Austrocylindropuntia cylindrica,198
Austrocylindropuntia floccosa,4540
Austrocylindropuntia lagopus,2180
Austrocylindropuntia lauliacoana,450
Austrocylindropuntia pachypus,1750
Austrocylindropuntia shaferi,142
Austrocylindropuntia subulata,50300
Austrocylindropuntia vestita,7920
Austrofundulus leohoignei,860
Austrofundulus leoni,625
Austrofundulus transilis,1140
Austrolebias accorsii,656
Austrolebias affinis,132
Austrolebias arachan,1890
Austrolebias botocudo,460
Austrolebias cinereus,6540
Austrolebias elongatus,9570
Austrolebias nonoiuliensis,7780
Austrolebias prognathus,1040
Austrolebias queguay,894
Austrolebias quirogai,1090
Austrolebias reicherti,2580
Austrolebias robustus,77
Austrolebias viarius,2730
Auto Safari Chapin,207
Automeris jucunda,115
Automolus cervinigularis,6140
Automolus infuscatus,42000
Automolus melanopezus,6160
Automolus paraensis,2330
Automóvil blindado Tipo 92 Chiyoda,151
Automóvil blindado Tipo 93 Kokusan,117
Autopista Escuintla-Puerto Quetzal,182000
Autopista Palín-Escuintla,700000
Autopista VAS (Vía Alterna del Sur),385000
Autopista de la Isla de la Juventud,208000
Autoridad Binacional Autónoma del Sistema Hídrico TDPS,2910
Autoridad de Cuenca Matanza Riachuelo,107000
Autoridades Provinciales de Ecuador,6730000
Autódromo Panamá,314000
Auyantepui,72000
Avellaneda (Buenos Aires),23500000
Avenida 25 de Julio,51100000
Avenida 27 de Febrero (Buenos Aires),18200000
Avenida Bernardino Caballero,117
Avenida Don Pedro de Mendoza,93
Avenida Francisco de Orellana,1570000
Avenida Las Américas (Guatemala),16700000
Avenida Machala,10900000
Avenida Malecón Simón Bolívar,478000
Avenida Mariscal López (Ciudad del Este),818000
Avenida Monseñor Rodríguez,562000
Avenida Narcisa de Jesús,161000
Avenida Nueve de Octubre,52200000
Avenida Olmedo,1980000
Avenida Perimetral (Guayaquil),213000
Avenida Perú (Ciudad del Este),89
Avenida Quito,55600000
Avenida Reforma,64800000
Avenida República del Perú (Aguas Verdes),79
Avenida San Blas,5210000
Aves de Costa Rica,44100000
Aves de Honduras,28700000
Aves de Venezuela,58600000
Aves endémicas de las islas Galápagos,173000
Avicularia alticeps,2350
Avicularia aurantiaca,74
Avicularia avicularia,326000
Avicularia azuraklaasi,87
Avicularia minatrix,12300
Avicularia purpurea,26600
Avicularia urticans,80
Avistamiento de luces de 1492,4970
Avá 32-33,1250000
Awaous ocellaris,3990
Awenca,3080
Awilix,122000
Axial (monte submarino),13100
Axinaea nitida,1510
Axo Mama,158000
Axoclinus rubinoffi,93
Ay mi llanura,2360000
Ayacachtli,77
Ayahua,4220000
Ayapamba,114000
Ayara (Canta),56900
Ayara (Lachaqui),1300
Ayarachi,47600
Ayarichi,24400
Ayasura,5220
Ayata,58
Ayauhtéotl (diosa),1540
Ayensua uaipanensis,440
Aylacostoma chloroticum,1670
Aylacostoma guaraniticum,1040
Aylacostoma stigmaticum,291
Aylostera albiflora,23700
Aylostera albopectinata,3520
Aylostera atrovirens,3570
Aylostera deminuta,118
Aylostera einsteinii,4210
Aylostera fiebrigii,10400
Aylostera flavistyla,4750
Aylostera fusca,1330
Aylostera heliosa,193
Aylostera hoffmannii,67
Aylostera juckeri,422
Aylostera kupperiana,2310
Aylostera leucanthema,733
Aylostera malochii,443
Aylostera mamillosa,3910
Aylostera mandingaensis,349
Aylostera muscula,12200
Aylostera narvaecense,968
Aylostera nigricans,970
Aylostera perplexa,5010
Aylostera pseudominuscula,61
Aylostera pulvinosa,5410
Aylostera pygmaea,82
Aylostera spinosissima,13100
Aylostera steinmannii,3110
Aylostera tarvitaensis,2020
Aylostera tuberosa,1090
Aymama,124
Aymara (Lima),97
Ayo Ayo,116
Ayolas (Paraguay),636000
Ayotl,52900
Ayoyotes,27600
Ayrahuanca,144
Ayuntamiento de Antigua Guatemala,2960000
Ayutla Tecún Umán,110000
Ayutuxtepeque,374000
Ayvu rapyta,10400
Azacualpa (El Salvador),109
Azapampa,52100
Azogues,5410000
Azor (torpedero),922
Azua,6140000
Azua (distrito),115
Azucena (leyenda urbana),68
Aída Cuevas,561000
Añangá,1020000
Añapo,665
Añigraja,8
Año viejo,126
Añoranzas Negras,285000
Añá (mitología guaraní),5390
BAP Pacocha (SS-48),2190
Baba (ciudad),11600000
Babylon (Nueva York),54700000
Baccharis aliena,3550
Baccharis arbutifolia,16100
Baccharis punctulata,82
Bacchisa bicolor,586
Bacchisa coronata philippinica,145
Bacchisa dapsilis,331
Bacchisa dilecta,225
Bacchisa fortunei japonica,1500
Bacchisa humeralis,794
Bacchisa kraatzii,257
Bacchisa laevicollis,367
Bacchisa mindanaonis,320
Bacchisa penicillata,416
Bacchisa puncticollis,760
Bacchisa transversefasciata,276
Bachué,147000
Baco (Chiriquí),68
Baconao,84800
Bactra festa,292000
Bactra hostilis,35000
Bactra neuricana,195
Bactra oceani,50100000
Bactra seria,17600000
Bactris coloniata,2600
Bacuranao,141000
Bacá,29300
Badajoz (Nueva Cartago y Costa Rica),110000
Badnjak,1650000
Baeonoma favillata,229
Baeza (Ecuador),133
Bagodares pallidicosta,106
Bagodares sturnularia,250
Bagre bagre,130
Bahama,59700000
Bahia (crucero),10700000
Bahía Adair,523000
Bahía Anegada,161000
Bahía Ballena (Osa),285000
Bahía Drake,1260000
Bahía El Saco,78
Bahía Escocesa,241000
Bahía Honda (Colombia),12600000
Bahía Honda (Cuba),523000
Bahía Honda (municipio),804000
Bahía Hondita,118
Bahía Kona,2500000
Bahía Limón,4760000
Bahía Negra,21300000
Bahía Portete,104000
Bahía Salinas,8670000
Bahía San Antonio,60000000
Bahía de Amatique,32500
Bahía de Asunción,2290000
Bahía de Baffin,69800
Bahía de Banes,15900000
Bahía de Barcelona,70900000
Bahía de Bariay,15800
Bahía de Cata,121
Bahía de Charco Azul,1370000
Bahía de Chimbote,134
Bahía de Cienfuegos,1040000
Bahía de Cochinos,538000
Bahía de Coishco,13500
Bahía de Cárdenas,100
Bahía de Gibara,216000
Bahía de Guadiana,406000
Bahía de Guantánamo,593000
Bahía de Jiquilisco,135000
Bahía de La Habana,122
Bahía de Lagunillas,259000
Bahía de Las Calderas,5190000
Bahía de Levisa,20700
Bahía de Lima,126000000
Bahía de Maldonado,139
Bahía de Matanzas (Cuba),141
Bahía de Montevideo,134
Bahía de Naranjo,104
Bahía de Neiba,69700
Bahía de Nipe,37200
Bahía de Nuevitas,113
Bahía de Ocoa,308000
Bahía de Panamá,136
Bahía de Paracas,573000
Bahía de Parita,69600
Bahía de Patanemo,46400
Bahía de Pisco,398000
Bahía de Sagua de Tánamo,82000
Bahía de Samanco,19000
Bahía de Samaná,1320000
Bahía de Samborombón,66700
Bahía de Samá,1320000
Bahía de San Juan (Perú),8680000
Bahía de San Juan del Norte,13300000
Bahía de San Nicolás,81
Bahía de San Quintín,142
Bahía de Santa Clara,49900000
Bahía de Santa Elena,22900000
Bahía de Santiago de Cuba,144
Bahía de Vita,5760000
Bahía de la Academia,24700000
Bahía de la Independencia,84
Bahía de las Águilas,135
Bahía del Callao,85
Bailadores,2650000
Baile folclórico de México,1460000
Bairdiella icistia,2340
Bairdiella sanctaeluciae,374
Baire (Cuba),259000
Baitoa,188000
Baixada Fluminense,13800000
Bajiplanicie guajira,348
Bajo Boquete,2100000
Bajo Chaco,159
Bajo Nuevo,945000000
Bajo Solís,21400000
Bajo de la Alumbrera,69500
Bajos de Haina,486000
Bajos submeridionales,21000
Bakio (1904),9810
Bakom,35000000
Balaenoptera acutorostrata,184000
Balaenoptera bonaerensis,112
Balaenoptera brydei,45800
Balaenoptera edeni,201
Balaenoptera musculus,139
Balaenoptera physalus,419000
Balam,17300000
Balam Quitzé,17100
Balam-Agab,92
Balanowithius egregius,451
Balanowithius weyrauchi,357
Balantiopteryx infusca,2180
Balantiopteryx io,3570
Balantiopteryx plicata,5990
Balao (Ecuador),1160000
Balbisia integrifolia,668
Balbisia meyeniana,889
Balbisia microphylla,1360
Balbisia verticillata,950
Balboa (ciudad de Panamá),2230000
Balcón de Judas,555000
Ballena de 52 hercios,11000
Ballet Folklórico de México,197
Ballet Folklórico de la UNAM,99
Balneario Argentino,9790000
Balneario Buenos Aires,15800000
Balneario Iporá,77800
Balneario de Asia,140
Balsa de Siecha,4400
Balsas de totora,94900
Balsero del Titicaca,111
Baltasar Brum (Artigas),360000
Balzar,1660000
Bam Bam Miranda,10900000
Bambaloni,21300
Bambuco,585000
Bamiyeh,58
Banchero,3380000
Banco Alicia,55100000
Banco Dogger,28100
Banco Inglés,188000000
Banco Namuncurá/Burdwood,18600
Banco Quitasueño,23000
Banco Rosalinda,238000
Banco San Miguel,96
Banco Serrana,10600000
Banco pesquero canario-sahariano,4440
Bancos Oceánicos del Caribe Hondureño Central,41500
Bancos Oceánicos del Caribe Hondureño Norte,99900
Bancos Oceánicos del Caribe Hondureño Oriental,30600
Bancos de Salmedina,5300
Banda Intercontinental Poopó,16800
Banda Oriental,46600000
Banda sinaloense,6630000
Bandas de viento de México,12200000
Bandera de Amazonas (Colombia),119
Bandera de Ambato,5600000
Bandera de Chiriquí,676000
Bandera de Esmeraldas (Ecuador),124
Bandera de Guerrero,46100000
Bandera de Isla Caribe,14900000
Bandera de La Libertad,86600000
Bandera de Lago Agrio,358000
Bandera de Loja (Ecuador),15600000
Bandera de Machala,1240000
Bandera de Manabí,128
Bandera de Panamá Oeste,1050000
Bandera de Tulcán,268000
Bandola,1200000
Bandola andina colombiana,26500
Bandola llanera,237000
Bandolín tachirense,164
Bandurrea,789000
Bandurria (Cañete),9420
Banes,206
Baní,1700000
Baquerizo Moreno,1280000
Bar Harbor (Maine),153
Baracoa,149
Baramita,79600
Barbablanca (Perú),309000
Barbosella dolichorhiza,99
Barbourisia rufa,2820
Barcelona Alta,310000000
Barco Espejo,20300000
BarcoLab,49200
Bares notables,1320000
Barfleur,598000
Bariay,149000
Barinitas,436000
Bario steindachneri,2190
Barker (Uruguay),2290000
Barneville-Carteret,767000
Barniz de Pasto,1130000
Barnstable (Massachusetts),4940000
Barquilla (helado),181000
Barquillo,150
Barquisimeto,24400000
Barra de Santiago,88300000
Barra de Valizas,451000
Barra del Chuy,6680000
Barracas (Buenos Aires),9710000
Barranca Yaco,79300
Barrancas (Barinas),110
Barrancas de Belgrano,948000
Barranco de Loba,871000
Barranquijazz,20700
Barreal Blanco,447000
Barrera desértica del Caribe,13200
Barreras (Azua),149
Barrial (El Salvador),115
Barrio Amón,142
Barrio Balboa (Panamá Oeste),430000
Barrio Boca del Pozo,1450000
Barrio Buenos Aires (Cuapa),21500
Barrio Colón (Panamá Oeste),1480000
Barrio Hipódromo (Asunción),309000
Barrio La California,76300000
Barrio La Ermita,10300000
Barrio México (San José),157000000
Barrio México (San Pedro de Macorís),483000
Barrio Obrero (Asunción),1260000
Barrio Obrero Ciudad Ojeda,402000
Barrio Orellana,6400000
Barrio Prieto,55
Barrio Rampla,234000
Barrio Remanso,1390000
Barrio Simón Bolívar (Municipio Lagunillas),42600
Barrio Sur (Montevideo),15100000
Barrio Unión Obrero,2470000
Barrio Villamil,1030000
Barrio chino de Lima,37300000
Barrio chino de San José,37500000
Barrio del Astillero,110
Barrio del Salado,18500000
Barrios de Quito,162
Barro Arriba,39400000
Barro Colorado,15300000
Bartica,426000
Bartolomé D. Gallardo,76
Bartolomé Hidalgo,3210000
Bartolomé Masó (Cuba),278000
Bartramia longicauda,112000
Baryancistrus niveatus,2970
Barycholos pulcher,4480
Baryssinus giesberti,290
Baryssinus huedepohli,230
Base Aérea Militar Malvinas,695000
Base Aérea de Taura,38900
Basilichthys archaeus,1890
Basilichthys semotilus,112
Basiliscus basiliscus,397000
Basiliscus vittatus,148
Bassaricyon alleni,11500
Bassaricyon gabbii,8490
Bassaricyon medius,2970
Bassaricyon neblina,9480
Bassariscus sumichrasti,19000
Basílica de Nuestra Señora de Copacabana,127
Basílica de Nuestra Señora de los Ángeles (Cartago),165000
Basílica del Señor de Monserrate,40800
Batabanó,247000
Batalla de Aguadulce,1340000
Batalla de Ambon,37900
Batalla de Arawe,944
Batalla de Arroyo Bermejo,102000
Batalla de Atuntaqui,27700
Batalla de Bahía,9920000
Batalla de Black River,5690000
Batalla de Blaye,5640
Batalla de Blaye (1591),838
Batalla de Borsele,1310
Batalla de Buna-Gona,3030
Batalla de Cabañas,3960000
Batalla de Calimete,5900
Batalla de Cambronal,11600
Batalla de Cavite,437000
Batalla de Cañada de la Cruz,11200000
Batalla de Ceja del Negro,99
Batalla de Changsha (1939),3110
Batalla de Coliseo,2250000
Batalla de Cornualles,282000
Batalla de Corregidor,168000
Batalla de Cádiz (1640),175000
Batalla de Cádiz (1656),25900
Batalla de Dolores,19300000
Batalla de Dutch Harbor,29400
Batalla de El Puesto,39100000
Batalla de El Salado (1869),32700
Batalla de Eniwetok,94
Batalla de Flesinga (1573),801
Batalla de Flores (1591),423000
Batalla de Fraile Muerto,146000
Batalla de Fuente del Rodeo,768000
Batalla de Gamonal (1820),74
Batalla de Gibraltar (1563),14200
Batalla de Gibraltar (1607),16900
Batalla de Gibraltar (1621),15900
Batalla de Goodenough,527000
Batalla de Guam (1941),32900
Batalla de Guam (1944),33800
Batalla de Guilin-Liuzhou,717
Batalla de Hollandia,6750
Batalla de Horaniu,369
Batalla de Iguará,20300
Batalla de Imfal,119
Batalla de Java,3120000
Batalla de Juan Mulato,84200
Batalla de Juncal,312000
Batalla de Kohima,8250
Batalla de La Canela,112
Batalla de La Ciudadela,1690000
Batalla de La Herradura,2880000
Batalla de La Naval de Manila,398000
Batalla de Lanfeng,777
Batalla de Las Taironas,110
Batalla de Leyte,158
Batalla de Lillo,177000
Batalla de Loma del Gato,124000
Batalla de Lyngør,501
Batalla de Mal Tiempo,94600000
Batalla de Manila (1945),346000
Batalla de Mbororé,22600
Batalla de Midway,827000
Batalla de Mindoro,27900
Batalla de Morotai,11800
Batalla de Muros,26800000
Batalla de Nanchang,8700
Batalla de Navarro,158
Batalla de Neuwarp,285000
Batalla de Noryang,120
Batalla de Okinawa,785000
Batalla de Open Bay,731000
Batalla de Palo Seco,101
Batalla de Pegu,16500
Batalla de Peleliu,16600
Batalla de Pilar,17300000
Batalla de Pingxingguan,831
Batalla de Playa Honda,2050000
Batalla de Port Arthur,686000
Batalla de Puente de Márquez,554000
Batalla de Puerto Argentino,10100000
Batalla de Rande,87000
Batalla de Rehe,1460000
Batalla de Rincón de Valladares,55300
Batalla de Roatán,79600
Batalla de Rodeo de Chacón,28400
Batalla de Saint Mathieu,83700
Batalla de Saipán,50000
Batalla de San Cristóbal (1629),53400
Batalla de San Juan de Ulúa,63000
Batalla de San Pedro (1896),260000
Batalla de San Roque,2590000
Batalla de Santa Clara (Consejo Popular),4840000
Batalla de Santa Cruz de Tenerife (1657),82
Batalla de Shumshu,122
Batalla de Singapur,2450000
Batalla de Tai'erzhuang,581
Batalla de Talasea,7770
Batalla de Tarakan (1942),2630
Batalla de Tarapacá,502000
Batalla de Tarawa,30500
Batalla de Tassafaronga,3500
Batalla de Tenaru,142
Batalla de Timor,789000
Batalla de Tinian,12000
Batalla de Trafalgar,1180000
Batalla de Tulagi y Gavutu-Tanambogo,1090
Batalla de Tuxpan,112
Batalla de Wakde,12300000
Batalla de Wanjialing,470
Batalla de Wide Bay,129000
Batalla de Winchelsea,3320
Batalla de Wuyuan,1420
Batalla de Xinkou,537
Batalla de Yaguaramas,4140
Batalla de Zaoyang-Yichang,490
Batalla de la Bahía de Matanzas,108
Batalla de la Bahía de Santoña,21100
Batalla de la Sabana de San Pedro,226000
Batalla de la Vega Real,17200000
Batalla de la bahía de Milne,13200
Batalla de la bahía de Nipe,3550
Batalla de la bahía de Vizcaya,52600
Batalla de la isla Ramree,150
Batalla de la isla Rennell,1580
Batalla de la isla Saltés,111
Batalla de la isla Terceira,142
Batalla de la isla de Aix,29500
Batalla de la isla de San Miguel (1637),45500
Batalla de la isla de Savo,15500
Batalla de las Dunas (1639),6610
Batalla de las Islas Cíes (1590),5110
Batalla de las Salomón Orientales,370000
Batalla de las islas Berlengas,118
Batalla de las islas Komandorski,135
Batalla de las islas Santa Cruz,3720000
Batalla de los Abrojos,137000
Batalla de los pips,250000
Batalla de Öland,11300
Batalla del Cabo Espartel (1936),115
Batalla del Cabo Ortegal,6610
Batalla del Cabo San Vicente (1602),201000
Batalla del Canal (1605),71000
Batalla del Edson Ridge,143
Batalla del Jura,1190000
Batalla del Paso de las Damas,1290000
Batalla del Paso del Muerto,14800000
Batalla del Río de la Plata,177
Batalla del Zuiderzee,2980
Batalla del cabo Esperanza,7040000
Batalla del cabo Finisterre,123
Batalla del cabo Finisterre (1761),2490
Batalla del cabo Gloucester,27700
Batalla del cabo Lizard,36100
Batalla del cabo Machichaco,3280
Batalla del cabo San Jorge,3420000
Batalla del cabo de San Vicente (1681),35500
Batalla del cabo de la Roca,5040000
Batalla del estrecho Badung,808
Batalla del estrecho de Blackett,1780
Batalla del estrecho de Makassar,2550
Batalla del estrecho de Surigao,6010
Batalla del estrecho de la Sonda,43600
Batalla del golfo Malayo,17900
Batalla del golfo de Kula,4040
Batalla del golfo de Leyte,158
Batalla del golfo de Vella,11100
Batalla del mar de Bismarck,402000
Batalla del mar de Filipinas,1880000
Batalla del mar de Java,832000
Batalla del mar de Sibuyan,3730
Batalla del monte Song,9890000
Batalla del puente de Sittang,508
Batalla del río Bilin,171000
Batalla naval de Gravelinas,156
Batalla naval de Guadalcanal,56900
Batalla naval del Golfo de Cádiz,39600
Batalla por Australia,42600000
Batallas,30300000
Batallas de Cascorro,13100
Batangrande,132
Batesia (insecto),897000
Batey Constancia,35500
Bath (Maine),90300000
Bathyprion danae,217
Bathypterois grallator,14400
Bathyraja magellanica,2840
Bathyraja meridionalis,3940
Bathyraja papilionifera,2370
Bathysauroides gigas,678
Bathytoshia centroura,5000
Batiacorral,50
Batista (El Cercado),37
Batman v Superman: Dawn of Justice,7900000
Batrachocephalus mino,7360
Batrachoseps major,92100
Batrochoglanis acanthochiroides,559
Battus polydamas,40200
Batán (piedra de moler),21100
Bauerus dubiaquercus,8660
Bauhinia affinis,35100
Bauhinia forficata,117000
Baures (municipio),97400
Bauta,2150000
Bautismo de Jesús,13700000
Bavaria (cerveza),1280000
Bayaguana,471000
Bayahíbe,651000
Bayamo,1740000
Bayas (Ecuador),8940000
Baygorria (Uruguay),120000
Baynia dismutata,0
Bayoneta Tipo 30,177
Bayón (Perú),274000
Bañado Cará Cará,2340000
Bañado La Estrella,4030000
Bañado de Medina (Uruguay),48100
Bañado de Stirling,22300
Bañado de las Nutrias,38800
Bañado de las Pajas,1150000
Bañado del Palmar,149000
Bañados de Carrasco,348000
Bañados de Izozog y el río Parapetí,3140
Bañados de Otuquis,4130
Bañados de la Amarga,34400
Baños (Ecuador),60300000
Baños 4,779000000
Baños Cochamó,188000
Baños del Inca (Cajamarca),142
Bdelyropsis venezuelensis,249
Beatriz Adriana,117
Beatriz Daza,93
Beatriz Pichi Malen,131
Beaufort (Carolina del Sur),1860000
Beba Rojas,2970000
Bebidas de El Salvador,76400000
Bebidas de México,113000000
Begonia cubensis,14200
Beisso,113000
Bejucal,555000
Bejuma,130
Belfast (Maine),151
Belfast Lough,4120000
Bella Esperanza-Once Estrellas,914000
Bella Flor (Bolivia),113
Bella Vista (Asunción),5740000
Bella Vista (Distrito Nacional),3490000
Bella Vista (Maldonado),4400000
Bella Vista (Paysandú),546000
Bella Vista Norte,71700000
Bellaco,101
Bellavista (Canta),144
Bellavista (Cerro Azul),2240000
Bellavista (Santa Cruz de Flores),638000
Bellavista de Jaén,119
Bello Horizonte,19200000
Bello Monte,57900000
Beloglottis costaricensis,2350
Belomitra leobrerorum,497
Belomitra quadruplex,796
Belomitra viridis,249
Belostoma elegans,154
Belén (Mérida),9940000
Belén (Nicaragua),16200000
Belén (Sucre),2680000
Belén (Uruguay),112
Belén (Venezuela),118
Bembidion aegrum,227
Bembidion aestuarii,4790
Bembidion agonoides,602
Bembidion ainu,238
Bembidion flavescens,22600
Ben Asdale,45400
Bena Jema,21600
Benjamin Hockin,57900
Benjamin Morrell,1720000
Benjamín Aceval (Paraguay),316000
Beno Lieberman,12500
Benque Viejo del Carmen,117
Benthocometes robustus,1850
Bequetete,363000
Berardius arnuxii,7920
Berberis laurina,16500
Berlinesa,539000
Bermejo (Tarija),726000
Bernabé Rivera (localidad),2940000
Bernardino de Meneses y Bracamonte,22800
Bernardo Hombach Lütkermeier,451
Bernardo Rubin,1050000
Berrondo,354000
Berta Rojas,4130000
Berta Vidal de Battini,26000
Bertilda Samper Acosta,3600
Beryx splendens,176
Beto Fernán,38900
Beverly (Massachusetts),239000000
Beverly Hills Chihuahua,8200000
Biarritz (Uruguay),121
Biassini,122
Bibimys torresi,1700
Biblioteca Académica de la Universidad de Holguín,86000
Biblioteca Provincial de Holguín Alex Urquiola,17400
Biblioteca del Bicentenario de Bolivia,774000
Bichón habanero,1300000
Bicianimita,963
Biddeford,4460000
Bidens pilosa,1580000
Bienmesabe (postre),213000
Big Cola,528000000
Big Pond,50700000
Billete Patterson,80400
Binomio de Oro de América,139
Binot Paulmier de Gonneville,4270
BioExpo,105
Biodiversidad de Ecuador,28500000
Biodiversidad de Guatemala,142
Biodiversidad de Venezuela,149
Bioma Pampa-Quebradas del Norte,81
Biomphalaria peregrina,10400
Bioparque Municipal Andino de Oruro,97
Bioparque Rocazul,80
Bioparque Vesty Pakos,32100
Biotopo del Quetzal,140000
Biotopo protegido Chocón Machacas,2450
Birongo,117
Birote,418000
Biruaca,322000
Biscucuy,248000
Bismarck (1940),5620000
Bisonó,824000
Bispira volutacornis,3420
Bistec a lo pobre,1990000
Bitcoin City,132000000
Bituberochernes mumae,3
Bivibranchia velox,836
Bizcocho (Uruguay),145
Bizcocho de mármol,199
Blaberus peruvianus,966
Blakiella bartsiifolia,467
Blanca Inés Macías,712000
Blanca Navidad (tiempo),221000000
Blancarena,44100
Blanes Viale,103
Blanquillo (Uruguay),279000
Blas de Lezo (1924),10900
Blasfemia (vino),454000
Blasito Martínez Riera,122
Blenniella bilitonensis,1500
Bletia patula,5640
Blindados en la guerra del Chaco,26600
Bloqueo de Iquique,968000
Bloqueo del Callao,3240000
Bloqueo del estrecho de Gibraltar,55000
Blossfeldia liliputana,32900
Blücher (1939),150
Boa constrictor,5430000
Boa constrictor amarali,13600
Boaco,1390000
Boana alemani,2040
Boana appendiculata,8700
Boana boans,8020
Boana cordobae,2940
Boana crepitans,182
Boana nigra,9590
Boana platanera,6060
Boana pugnax,6750
Boana pulchella,19000
Boana riojana,2290
Bobby Hutcherson,1860000
Boca Chica,310000000
Boca Raton,145
Boca de Cote,10100000
Boca del Cufré,179000
Boca del Monte (Chiriquí),146000
Boca del Monte (Guatemala),139
Boca del Rosario,72500000
Boca del Río (Venezuela),67600000
Boca del Santiago,701
Boca del Sapo,121
Bocadillo (dulce),12700000
Bocas del Dragón,85500000
Bocas del Polochic,107
Bochica,336000
Bockscar,121
Bodden,117
Bodega Riglos,29200
Bodegas Valentín Bianchi,135000
Bodianus anthioides,6200
Bodianus axillaris,11200
Bodianus bathycapros,694
Bodianus bilunulatus,6580
Bodianus bimaculatus,91
Bodianus busellatus,638
Bodianus cylindriatus,980
Bodianus diana,8640
Bodianus dictynna,4700
Bodianus diplotaenia,9460
Bodianus eclancheri,1670
Bodianus flavifrons,873
Bodianus frenchii,3110
Bodianus insularis,81
Bodianus izuensis,84
Bodianus leucosticticus,1240
Bodianus loxozonus,108
Bodianus masudai,6430
Bodianus mesothorax,11200
Bodianus oxycephalus,8960
Bodianus paraleucosticticus,783
Bodianus perditio,8240
Bodianus prognathus,947
Bodianus pulchellus,101
Bodianus rubrisos,1140
Bodianus rufus,18000
Bodianus sanguineus,3340
Bodianus scrofa,92
Bodianus sepiacaudus,2120
Bodianus speciosus,5900
Bodianus tanyokidus,57
Bodianus thoracotaeniatus,1070
Boeing B-29 Superfortress,1400000
Boerhavia diffusa,471000
Bogoshorts Film Festival,46200
Bogotá Góspel,121
Bohechío,140000
Bohechío (municipio),83500
Bohemia (cerveza dominicana),96000
Bohemia (cerveza mexicana),101000
Boissonneaua jardini,18200
Boitatá,124
Bolas de Pedernales,172000
Bolefuego,12200
Bolero de caballería,35000
Bolero ranchero,1170000
Bolinichthys photothorax,1190
Bolinus brandaris,48900
Bolitoglossa alberchi,1210
Bolitoglossa alvaradoi,3050
Bolitoglossa anthracina,155
Bolitoglossa aureogularis,525
Bolitoglossa biseriata,1560
Bolitoglossa borburata,476
Bolitoglossa bramei,744
Bolitoglossa carri,3000
Bolitoglossa cataguana,471
Bolitoglossa celaque,152
Bolitoglossa centenorum,387
Bolitoglossa cerroensis,935
Bolitoglossa chica,2530
Bolitoglossa chinanteca,133
Bolitoglossa chucantiensis,87
Bolitoglossa colonnea,2840
Bolitoglossa compacta,160
Bolitoglossa copia,1870
Bolitoglossa cuchumatana,615
Bolitoglossa cuna,1510
Bolitoglossa daryorum,472
Bolitoglossa decora,1180
Bolitoglossa diaphora,934
Bolitoglossa digitigrada,887
Bolitoglossa diminuta,1800
Bolitoglossa dunni,2380
Bolitoglossa engelhardti,1080
Bolitoglossa epimela,105
Bolitoglossa equatoriana,3050
Bolitoglossa eremia,231
Bolitoglossa flavimembris,188
Bolitoglossa flaviventris,167
Bolitoglossa franklini,1740
Bolitoglossa gomezi,807
Bolitoglossa gracilis,85
Bolitoglossa guaramacalensis,460
Bolitoglossa hartwegi,2340
Bolitoglossa heiroreias,715
Bolitoglossa helmrichi,1350
Bolitoglossa hermosa,3990
Bolitoglossa huehuetenanguensis,56
Bolitoglossa indio,4580
Bolitoglossa insularis,2100
Bolitoglossa jacksoni,1230
Bolitoglossa jugivagans,664
Bolitoglossa kamuk,417
Bolitoglossa kaqchikelorum,503
Bolitoglossa la,56600
Bolitoglossa leandrae,160
Bolitoglossa lignicolor,1560
Bolitoglossa lincolni,2620
Bolitoglossa longissima,1480
Bolitoglossa macrinii,151
Bolitoglossa magnifica,1760
Bolitoglossa marmorea,1020
Bolitoglossa medemi,153
Bolitoglossa meliana,516
Bolitoglossa minutula,888
Bolitoglossa mombachoensis,1480
Bolitoglossa morio,2070
Bolitoglossa mulleri,3030
Bolitoglossa nigrescens,2380
Bolitoglossa ninadormida,351
Bolitoglossa nussbaumi,279
Bolitoglossa nympha,1290
Bolitoglossa oaxacensis,1140
Bolitoglossa obscura,1400
Bolitoglossa occidentalis,6460
Bolitoglossa omniumsanctorum,329
Bolitoglossa oresbia,145
Bolitoglossa orestes,1440
Bolitoglossa pacaya,1110
Bolitoglossa palmata,1930
Bolitoglossa pesrubra,1710
Bolitoglossa phalarosoma,819
Bolitoglossa platydactyla,184
Bolitoglossa porrasorum,850
Bolitoglossa psephena,591
Bolitoglossa pygmaea,1240
Bolitoglossa qeqom,686
Bolitoglossa riletti,677
Bolitoglossa robinsoni,778
Bolitoglossa robusta,188
Bolitoglossa rostrata,2450
Bolitoglossa salvinii,1180
Bolitoglossa schizodactyla,1490
Bolitoglossa sombra,3590
Bolitoglossa sooyorum,677
Bolitoglossa splendida,1390
Bolitoglossa spongai,709
Bolitoglossa striatula,2370
Bolitoglossa stuarti,3740
Bolitoglossa subpalmata,2820
Bolitoglossa suchitanensis,376
Bolitoglossa synoria,1080
Bolitoglossa tamaense,963
Bolitoglossa taylori,2610
Bolitoglossa tenebrosa,724
Bolitoglossa tica,154
Bolitoglossa tzultacaj,553
Bolitoglossa veracrucis,142
Bolitoglossa xibalba,357
Bolitoglossa yucatana,2230
Bolitoglossa zacapensis,282
Bolitoglossa zapoteca,1090
Bolivia (Cuba),386000000
Bollo (envuelto),542000
Bolívar (El Salvador),49600000
Bolívar (Uruguay),16200000
Boma,17700000
Bomba globo Fu-Go,2490000
Bombardeo de Darwin,188000
Bombardeo de Greytown,2870
Bombardeo de Kure,7300
Bombardeo de Rabaul (1942),5880
Bombardeo de San Juan,4280000
Bombardeo de Singapur (1944-1945),2830
Bombardeo de Valparaíso,364000
Bombardeo de Yokosuka,8080
Bombardeo y combate de Pisagua,170
Bombardeos aéreos sobre Japón durante la Segunda Guerra Mundial,178000
Bombardeos de Gasmata,615
Bombardeos navales aliados sobre Japón durante la Segunda Guerra Mundial,375000
Bombilla (utensilio),68600
Bomboloni,200
Bombus bellicosus,8330
Bonacca,96
Bonanza (banda),2360000
Bonao,5610000
Bonapartia pedaliota,1240
Bondiola,2980000
Bonellia viridis,15500
Bongó,789000
Bonito (Mato Grosso del Sur),213000
Bonnetina rudloffi,969
Bonny Lovy,299000
Boortsog,52700
Boothbay Harbor (Maine),1790000
Boquerón (Chiriquí),112
Boquerón (Cuba),1420000
Borago officinalis,1480000
Boraro,302000
Boraure,84000
Borburata,93700
Bordados artesanales bolivianos,115000
Bordando por la paz,397000
Boro Din,27200000
Borodino (1901),22500
Boromys offella,958
Boromys torrei,831
Borophagus,27600
Borrachitos,285000
Borrero (Ecuador),1020000
Boruca (territorio indígena),32300
Borzicactus hutchisonii,483
Borzicactus icosagonus,125
Borzicactus leonensis,1260
Borzicactus sepium,1580
Borzicactus silvaticus,577
Borzicactus tenuiserpens,504
Bosque Protector Ecuador,11900000
Bosque San Diego La Barra,98
Bosque Servio Aguirre,4230000
Bosque andino,12900000
Bosque de Iwokrama,97
Bosque de Nancuchiname,2580
Bosque de Uverito,15700
Bosque de los Austríacos,660000
Bosque de piedra de Pampachiri,9620
Bosque de piedra de Sachapite,101
Bosque de protección Aledaño a la Bocatoma del Canal Nuevo Imperial,2080
Bosque de protección Pui Pui,34500
Bosque de protección Puquio Santa Rosa,8480
Bosque de protección de Pagaibamba,4850
Bosque de várzea,84
Bosque húmedo de la Sierra Madre de Chiapas,95
Bosque magallánico,79
Bosque petrificado de Puyango,42600
Bosque protector Bosqueira,3290
Bosque protector Cerro Blanco,946000
Bosque protector Cerro Colorado,181
Bosque protector Cerro Paraíso,138000
Bosque protector Corazón de Oro,634000
Bosque protector Prosperina,20200
Bosque seco La Otra Banda,541000
Bosque seco de Tumbes-Piura,165000
Bosque seco ecuatorial,653000
Bosque tropical del Pacífico,6670000
Bosque y vegetación protector El Artesan EcuadorianHands,657
Bosques de Neblina - Selva Central,569000
Bosques de pino-encino de América Central,373000
Bosques de pino-encino de Mesoamérica,147
Bosques húmedos de Petén-Veracruz,3690
Bosques húmedos de Purus-Madeira,3750
Bosques húmedos de Yucatán,86
Bosques húmedos del Atlántico centroamericano,8700
Bosques húmedos del Atlántico de América Central,73600
Bosques húmedos del Chocó-Darién,9460
Bosques montanos de América Central,2410000
Bosques montanos de Chiapas,208000
Bosques montanos de Talamanca,64200
Bosques montanos de la Cordillera Real oriental,94
Bosques montanos de la Cordillera de la Costa,1180000
Bosques montanos del noroeste de los Andes,114000
Bosques secos de América Central,1670000
Bosques secos de la depresión de Chiapas,103
Botanamo,11600
Bothriechis guifarroi,1790
Bothriechis schlegelii,132000
Bothriocyrtum,10300
Bothriurus bonariensis,6970
Bothrops alternatus,158000
Bothrops ammodytoides,6040
Bothrops asper,122
Bothrops atrox,125000
Bothrops pubescens,36000
Botánico (Asunción),858000
Boulogne-sur-Mer,138
Bovichtus angustifrons,1120
Bovichtus diacanthus,6760
Bovichtus variegatus,6520
Boyeros,119
Boynton Beach,19700000
Boyuna,3590000
Brachionichthys hirsutus,10900
Brachycythara nanodes,151
Brachydeuterus auritus,7830
Brachyglanis microphthalmus,516
Brachyhypopomus bombilla,1060
Brachyhypopomus draco,1320
Brachyhypopomus gauderio,3770
Brachyhypopomus walteri,6430
Brachymyrmex bicolor,4170
Brachyotum confertum,136
Brachypelma albiceps,49100
Brachypelma auratum,218
Brachypelma boehmei,218
Brachypelma emilia,89900
Brachypelma klaasi,23500
Brachypelma smithi,124000
Brachyphylla nana,53
Brachyplatystoma capapretum,3110
Brachyplatystoma elbakyani,493
Brachys takanus,10
Bradypus pygmaeus,31000
Bradypus tridactylus,83100
Bradypus variegatus,254000
Bradytriton silus,124
Brama caribbea,114000
Bramón (Venezuela),112000
Branchiostoma caribaeum,2440
Branchiostoma lanceolatum,63700
Branford (Connecticut),7600000
Branisella boliviana,1630
Branta bernicla,255000
Branta hutchinsii,72900
Brasero tipo teatro,383000
Brasiguayo,21200
Brasiliopuntia brasiliensis,15300
Brasilotyphlus braziliensis,653
Brassia caudata,14700
Bratsi,168000
Braulio Choque,249000
Braulio López,112
Bravaisia integerrima,4860
Braz da Viola,283000
Brazo de gitano,2730000
Brenda Ibáñez,1510000
Brevoortia aurea,7130
Brevoortia pectinata,5380
Brewster (Massachusetts),127
Breñón,542000
Bribri (ciudad),101000
Brindis por Pierrot,25000
Brisas de Concon,1120000
Brisas del Plata,4850000
Bristol (Rhode Island),34600000
Brittanichthys axelrodi,2480
Brittanichthys myersi,1200
Britópolis,36000
Brocchinia hechtioides,83
Brocchinia maguirei,2150
Brocchinia tatei,2190
Brocchinia vestita,916
Brocheta de suri,101
Brochiloricaria chauliodon,895
Brochis splendens,195
Bromeliohyla dendroscarta,48
Bromus rigidus,80
Brosmophycis marginata,1030
Broteochactas gollmeri,564
Brotogeris chiriri,39100
Brotogeris cyanoptera,200
Brotogeris pyrrhoptera,168
Brotogeris sanctithomae,166
Brown Bobby,304000000
Browningia candelaris,190
Browningia hernandezii,71
Browningia hertlingiana,121
Browningia macracantha,1120
Browningia microsperma,1630
Browningia pilleifera,973
Brucepattersonius guarani,1390
Brucepattersonius iheringi,2250
Brucepattersonius misionensis,521
Brucepattersonius paradisus,930
Bruja Zárate,163000
Bruno Arias,22100000
Bruñido de la plata,81
Brya ebenus,9970
Bryaninops yongei,153
Brycon falcatus,5890
Brycon orbignyanus,18600
Brycon pesu,2660
Bryconamericus coeruleus,1590
Bryconamericus lassorum,439
Bryconamericus macrophthalmus,2570
Bryconamericus orinocoense,596
Bryconamericus pectinatus,2840
Bryconamericus ricae,118
Bryconamericus singularis,631
Bryconamericus subtilisform,536
Bryconamericus terrabensis,1010
Bryconamericus yokiae,1070
Bryconella pallidifrons,1140
Bryconexodon juruenae,875
Bryconexodon trombetasi,755
Bryophryne,29000
Bryophryne bustamantei,887
Bryophryne cophites,1270
Bryophryne hanssaueri,680
Bubo virginianus nacurutu,20200
Bucay,138
Bucco capensis,31500
Bucco macrodactylus,33800
Bucco noanamae,1980
Bucentaure,71
Bucephala islandica,63500
Bucida molinetii,25900
Bucksport (Maine),122
Bucranium pulchrum,148
Bucranium spinigerum,169
Bucranium taurifrons,590
Buddleja americana,314000
Budín de pan,4250000
Buena Fe (ciudad),222000000
Buena Vista (Asia),51700000
Buena Vista (Cajatambo),53000
Buena Vista (Calango),47300
Buenos Aires (Calango),67500
Buenos Aires (Huaral),430000
Buenos Aires (Nicaragua),67700000
Buenos Aires (Panamá),120000000
Buenos Aires (Quilmaná),20300
Buenos Aires (San Vicente de Cañete),189000
Buenos Aires (localidad de Quilmaná),22500
Buenos Aires 8,330000000
Buey Arriba,127
Bufeo colorado,39100
Bugaba,122
Bugaled Breizh,19000
Bujama Alta,42000
Bujama Alta (caserío),2730
Bulbonaricus brauni,48
Bulweria bulwerii,189
Bulán (Ecuador),33900000
Bunchosia linearifolia,2770
Bunde (Panamá),339000
Bunocephalus aleuropsis,731
Bunocephalus coracoideus,10400
Buque Lucho IV,83300
Burgay,120000
Burunga (Panamá),138
Buseca,141000
Buteo brachyurus,96700
Buteo galapagoensis,114
Buteo ridgwayi,119
Buteo swainsoni,173000
Buteo ventralis,121
Buteogallus gundlachii,13100
Buteogallus meridionalis,44400
Buteogallus schistaceus,18100
Buteogallus solitarius,107
Buzzards Bay (Massachusetts),1180000
Buñuelo,134
Bágala,66
Báguanos,203000
Bánica,2170000
Bárcena (Villa Nueva),1310000
Bávaro (República Dominicana),142
Bénodet,1030000
Bólido de Aguas Zarcas,1540
Bólido del Océano Atlántico,9160
CSS Harriet Lane,97
Caacupé,148
Caaguazú (Paraguay),1890000
Caapucú,202000
Caapóra,323
Caazapá,1200000
Cabagra,45300
Cabaiguán,128
Caballero (Coclé),397000
Caballo Polo Argentino,1540000
Caballo criollo,11500000
Caballo peruano de paso,15300000
Cabana (Pallasca),70300
Cabanaconde,145
Cabarete,147
Cabassous centralis,193
Cabassous chacoensis,94
Cabassous squamicaudis,90
Cabassous tatouay,11500
Cabassous unicinctus,23100
Cabañas (Zacapa),126
Cabecera cantonal,173
Cabecitas colosales,155000
Cabeza guateada,10300
Cabildo Metropolitano de Caracas,40000
Cabildo de Buenos Aires (institución),593000
Cabildo de Luján (institución),94300
Cabillus lacertops,4030
Cable BRICS,1060000
Cable Curie,145
Cable Firmina,198
Cable Humboldt,4170000
Cable Junior,285000000
Cable Mistral,5730000
Cable Prat,2330000
Cable Tannat,166
Cable telegráfico transatlántico,8350
Cabo Blanco (Costa Rica),140
Cabo Codera,299000
Cabo Corrientes (Cuba),2720000
Cabo Cruz,205000000
Cabo Engaño (La Española),10500000
Cabo Fréhel,30700
Cabo Gracias a Dios,63000000
Cabo Honduras,81
Cabo Manglares,2210000
Cabo Matapalo,253000
Cabo Norte,303000000
Cabo Olivorio Talavera,4450
Cabo Polonio,1100000
Cabo Rojo (República Dominicana),21700000
Cabo San Juan de Salvamento,812000
Cabo San Román,144
Cabo Tiburón,113
Cabo de San Antonio (Cuba),19900000
Cabo de Santa María (Uruguay),31200000
Cabo de Tres Puntas (Guatemala),177000
Cabo de la Vela,145
Cabrera (República Dominicana),8930000
Cabruta,88900
Caburé (comida),36000
Cabuya (Coclé),169000
Cacahuatique,379000
Cacajao calvus,37400
Cacajao hosomi,7310
Cacajao melanocephalus,21400
Cacalachtli,940
Cacaopera (El Salvador),209000
Cacha (parroquia),710000
Cacha (pueblo),11700000
Cacharpaya,210000
Cachiche,112
Cachimba del Rey,134
Cachina,1020000
Cachipuquio,74
Cacho Labandera,374000
Cacho Tejera,58800
Cachora (Abancay),187
Cachorros de Holguín,167000
Cachryx alfredschmidti,2440
Cachua,83
Cacibupteryx,10
Cacicus koepckeae,22800
Cacocum,194000
Cacoscelis marginata,384
Cadejo,669000
Cadete Pastor Pando,15300
Cadmalca Alto,6210
Caecilia abitaguae,1100
Caecilia attenuata,1550
Caecilia bokermanni,866
Caecilia crassisquama,824
Caecilia disossea,545
Caecilia dunni,1010
Caecilia flavopunctata,731
Caecilia gracilis,76
Caecilia guntheri,1380
Caecilia inca,70
Caecilia isthmica,695
Caecilia leucocephala,1740
Caecilia nigricans,2370
Caecilia orientalis,4140
Caecilia pachynema,1470
Caecilia subnigricans,1010
Caecilia subterminalis,69
Caecilia tentaculata,102
Caecilia tenuissima,1340
Caecilia volcani,1650
Caenolestes caniventer,2260
Caenolestes condorensis,1530
Caenolestes convelatus,141
Caenolestes fuliginosus,171
Caenolestes sangay,89
Caenotropus labyrinthicus,2730
Caesalpinia exilifolia,372
Caesalpinia fimbriata,18100
Caesalpinia paipai,111
Caffenio,222
Café de Marco,126000000
Café de Perú,95300000
Café de Veracruz,50200000
Café de los Catalanes,13900000
Cagüeyes,5610
Cahuillaca,5220
Caibarién,321000
Caicara del Orinoco,287000
Caiman crocodilus,216
Caiman latirostris,217
Caimanera,378000
Caimito (Cuba),370000
Cainsa,45900
Caipora,126
Cairina moschata,525000
Cairoma,94
Caitro Soto,18900
Caiza D,119
Caja (instrumento musical andino),319000
Cajabamba (Ecuador),381000
Cajeta de Celaya,218
Cajicá,129
Cajita rítmica afroperuana,1670
Cajuata,115000
Cajón (percusión),1460000
Cajón de los Arenales,205
Cajón de tapeo,9110000
Cajón del Río,126
Calabazar,569000
Calabozo (Venezuela),2910000
Calacoto (municipio),100
Calado de la plata,7900000
Calalú,23000
Calamarca (municipio),99200
Calamus brachysomus,73
Calanque,1190000
Calapurca,28000
Calathea macrosepala,106
Calathotarsus fangioi,137
Calathotarsus simoni,997
Calatola columbiana,1710
Calavera de alfeñique,430000
Caldera (Luya),43100
Caldera del lago de Ilopango,28900
Caldo de bolas,197
Caldo de carachama,110
Caldo de carachi,5160
Calentado,3760000
Calf Sound,184
Calidris melanotos,218000
Calimete,460000
Calipso (música),153
Calixto García (Cuba),1250000
Calixto Ochoa,123
Callalli,143000
Callapa,240000
Calle 10 de Agosto,252000000
Calle Boyacá,8740000
Calle Colón (Guayaquil),120
Calle Eloy Alfaro,123
Calle Gregorio Escobedo,312000
Calle José de Villamil,1130000
Calle Lorenzo de Garaycoa,283000
Calle Mendiburu,253000
Calle Panamá,79000000
Calle Pedro Carbo,1220000
Calle Pichincha,4490000
Calle Portete,315000
Calle Primero de Mayo,152000000
Calle Rocafuerte,1390000
Calle de los Lamentos,7060000
Calle de los Suspiros,7590000
Callejón de Huaylas,360000
Callejón del Brinco del Diablo,20600
Calliandra riparia,130
Calliandra tweediei,6360
Callicarpa americana,218
Callicebus brunneus,5100
Callicebus cupreus,13900
Callicebus discolor,9220
Callicebus dubius,3090
Callicebus lucifer,99
Callicebus miltoni,166
Callicebus oenanthe,16300
Callicebus pallescens,3070
Callicebus toppini,1610
Callichroma sericeum,537
Callicore eunomia,2960
Callicore hesperis,155
Callimantis,57
Callimico goeldii,42900
Callionymus acutirostris,7280
Callionymus afilum,5990
Callionymus amboina,5910
Callionymus annulatus,8570
Callionymus australis,16300
Callorhinus ursinus,178000
Calomys callidus,2070
Calomys callosus,171
Calomys hummelincki,1270
Calomys musculinus,11400
Calomys sorellus,116
Calomys venustus,3340
Calomyspoena,124
Calonectris diomedea,258000
Calonectris edwardsii,18200
Calonectris leucomelas,36700
Calpi (parroquia),72800
Caluco,297000
Caluma,1200000
Calupe,79200
Caluromys derbianus,33700
Caluromys lanatus,123
Caluromys philander,45100
Caluromysiops irrupta,9710
Calycophyllum candidissimum,14200
Calyptophractus retusus,110
Calzada Larga,7830000
Calzada de Amador,1370000
Caló (caricaturista),151000
Camaguán,170000
Camajuaní,268000
Camargo (Bolivia),14100000
Camarhynchus heliobates,7410
Camarhynchus pallidus,20300
Camarhynchus parvulus,18800
Camarhynchus pauper,5940
Camarhynchus psittacula,14700
Camaricus florae,958
Camaricus parisukatus,416
Camarones (Argentina),42200000
Camarán,14400000
Camaxtli,65500
Camazotz,613000
Cambeva iheringi,981
Cambi (1718),18400000
Cambio climático en Honduras,12800000
Cambio climático en Uruguay,44000000
Cambita Garabitos,133000
Cambyretá,280000
Camila Sanabria,101
Camino Real (Sudamérica),5900000
Camino Real del Oeste,101
Camino de la Virgen en Barajagua,2130
Camino de la Virgen en Cayo La Virgen,2180000
Camino de los Españoles (Caracas),39200000
Camisa de mochila,92100000
Camoapa,421000
Campamento Canaima,157000
Campamento de Purificación,120
Campana (Uruguay),82600000
Campanas en México,203
Campaña de Algeciras (1801),123
Campaña de Borneo (1941-1942),2240
Campaña de Borneo (1945),24800
Campaña de Filipinas (1941-1942),7020
Campaña de Filipinas (1944-1945),11600
Campaña de Guadalcanal,74400
Campaña de Japón,213
Campaña de La Reforma,37000000
Campaña de Malasia,135
Campaña de Nueva Bretaña,4670000
Campaña de Nueva Guinea,6000000
Campaña de Portobelo (1819),6990
Campaña de Salamaua-Lae,133
Campaña de la Península de Huon,4180
Campaña de las Indias Orientales Neerlandesas,153
Campaña de las Islas Aleutianas,30300
Campaña de las Islas Salomón,1690000
Campaña de las Islas del Almirantazgo,36200
Campaña de las islas Gilbert y Marshall,29500
Campaña de las islas Marianas y Palaos,121
Campaña del Manuripi,142
Campaña del Sendero de Kokoda,122
Campaña naval de 1841 (Guerra Grande),293000
Campaña naval de la guerra del Pacífico,1090000
Campañas de Martín Rodríguez contra los indígenas,2180000
Campañas terrestres de la guerra del Pacífico,627000
Campbelltown (Guyana),45500
Campechuela,263000
Campeonato Panamericano de Esgrima de 2022,27100
Campeonato Provincial de Fútbol de Segunda Categoría de Loja 2016,7440
Campeonato Provincial de Fútbol de Segunda Categoría de Loja 2017,5000
Campeonato Provincial de Fútbol de Segunda Categoría de Loja 2018,7050
Campeonato Provincial de Fútbol de Segunda Categoría de Loja 2019,6490
Campeonato Provincial de Fútbol de Segunda Categoría de Loja 2020,7710
Campeonato Provincial de Fútbol de Segunda Categoría de Loja 2021,6900
Campeonato Sudamericano de Baloncesto de 1949,4620
Campeonato Sudamericano de Clubes Campeones 2004,84
Campeonato Sudamericano y Centroamericano de Balonmano Masculino de 2026,2000
Campeonato de Fútbol Playa de Conmebol 2015,37200
Campephilus magellanicus,60700
Campinarana,77700
Campo Aceval,280000
Campo Ampú,8800000
Campo Armiño,365000
Campo Henderson (Guadalcanal),127
Campo Lara,58600000
Campo Militar (Uruguay),18000000
Campo de Carabobo,16700000
Campo de Oro,249000000
Campo de Todos,74
Campo del Cielo,177000000
Campo petrolero Roblecito,569
Campo petrolero de Gullfaks,817
Campo volcánico de Aguas Zarcas,1410
Camponotus mus,209
Camponotus spinolae,2070
Camporredondo (Luya),82
Campos de concentración para japoneses en Canadá,107000
Campos de internamiento para japoneses en los Estados Unidos,53300
Campos petroleros de Lago Agrio,27300
Campylopterus ensipennis,4480
Campylopterus hemileucurus,38400
Campylopterus hyperythrus,5440
Campylopterus largipennis,155
Campylorhynchus albobrunneus,3440
Campylorhynchus capistratus,154
Campylorhynchus chiapensis,4340
Camulian,5170
Canal Andreoni,110000
Canal El Boquerón,1140000
Canal Emilio Mitre,595000
Canal Internacional de Zarumilla,29000
Canal Magdalena (Río de la Plata),147
Canal Mandioré,9
Canal Mar Blanco-Báltico,480000
Canal Punta Indio,4250000
Canal Serrate,194000
Canal Tamengo,169
Canal de Acceso (puerto de Buenos Aires),2840000
Canal de Bristol,47800000
Canal de Colón,181
Canal de Itabaca,45300
Canal de Jambelí,126000
Canal de Kiel,9190000
Canal de Nicaragua,172
Canal de San Jorge,83600000
Canal de Yucatán,25900000
Canal de la Mancha,79700000
Canal de la Mona,61700000
Canal de la Piracema,96700
Canal del Norte (islas británicas),3200000
Canal del mar del Norte,165
Canal gobernador Arias,981000
Canales a Martín García,136
Canario Luna,10600000
Cancale,1730000
Cancasque,82
Cancer pagurus,364000
Cancino,5940000
Cancionero folklórico de México,125
Canción sentimental mexicana,4370000
Candelaria (Cuba),110
Candelaria (El Salvador),21100000
Candelaria de la Frontera,130
Candelario Ovalle,52
Candiles Uriangato,5070
Candombe,1650000
Candombe beat,294000
Canelazo,136
Canelos (Pastaza),142000
Canelón Chico,204000
Canis latrans,141
Canna ascendens,6340
Canna indica,9300000
Canoa (parroquia),73
Canoabo,189000
Canta Gallo,38000000
Cantagallo (Bolívar),657000
Cantarrana,373000
Cantata criolla,63700
Cantel,1470000
Canthonella gomezi,485
Canto 4,215000000
Canto cardenche,13800
Canto de jarana,139
Cantones de Costa Rica,3720000
"Cantora, un viaje íntimo",121000
Cantorchilus modestus,57
Cantos de arreo y ordeño,4560
Cantón Aguarico,219000
Cantón Alausí,273000
Cantón Alfredo Baquerizo Moreno,184000
Cantón Altagracia,186000
Cantón Ambato,1940000
Cantón Antonio Ante,2680000
Cantón Arajuno,130
Cantón Archidona,293000
Cantón Arenillas,343000
Cantón Atacames,588000
Cantón Atahualpa,129
Cantón Azogues,691000
Cantón Baba,118
Cantón Babahoyo,848000
Cantón Balao,257000
Cantón Balsas,260000
Cantón Balzar,272000
Cantón Baños,14300000
Cantón Biblián,136
Cantón Bolívar (Carchi),599000
Cantón Bolívar (Manabí),839000
Cantón Buena Fe,2690000
Cantón Caluma,241000
Cantón Calvas,244000
Cantón Carlos Julio Arosemena Tola,142000
Cantón Cascales,247000
Cantón Catamayo,427000
Cantón Cañar,863000
Cantón Celica,223000
Cantón Centinela del Cóndor,133
Cantón Cevallos,653000
Cantón Chaguarpamba,198000
Cantón Chambo,242000
Cantón Chilla,194000
Cantón Chillanes,196000
Cantón Chimbo,313000
Cantón Chinchipe,1050000
Cantón Chone,577000
Cantón Chunchi,228000
Cantón Colimes,118
Cantón Colta,240000
Cantón Coronel Marcelino Maridueña,103000
Cantón Cotacachi,455000
Cantón Cumandá,237000
Cantón Cuyabeno,222000
Cantón Daule,686000
Cantón Durán,1340000
Cantón Déleg,233000
Cantón Echeandía,164000
Cantón El Carmen,4160000
Cantón El Chaco,714000
Cantón El Empalme,139
Cantón El Guabo,146
Cantón El Pan,106
Cantón El Pangui,239000
Cantón El Tambo,1270000
Cantón El Triunfo,108
Cantón Eloy Alfaro,144
Cantón Esmeraldas,7310000
Cantón Espejo,145
Cantón Espíndola,132
Cantón Francisco de Orellana,731000
Cantón Fraternidad,209000
Cantón General Antonio Elizalde,351000
Cantón Gibraltar,3450000
Cantón Girón,1950000
Cantón Gonzalo Pizarro,486000
Cantón Gonzanamá,132
Cantón Guachapala,142000
Cantón Gualaquiza,259000
Cantón Guamote,273000
Cantón Guano,363000
Cantón Guaranda,1180000
Cantón Guayaquil,8720000
Cantón Huamboya,155000
Cantón Huaquillas,459000
Cantón Ibarra,134
Cantón Isabela,531000
Cantón Isidro Ayora,282000
Cantón Jama,113
Cantón Jaramijó,288000
Cantón Jipijapa,462000
Cantón Junín,390000
Cantón La Concordia,741000
Cantón La Joya de los Sachas,345000
Cantón La Libertad,6150000
Cantón La Maná,317000
Cantón La Troncal,523000
Cantón Las Lajas,401000
Cantón Las Naves,456000
Cantón Limón Indanza,143
Cantón Logroño,641000
Cantón Loja,2470000
Cantón Lomas de Sargentillo,242000
Cantón Loreto,464000
Cantón Macará,132
Cantón Machala,2070000
Cantón Manta,1650000
Cantón Maracaibo,541000
Cantón Marcabelí,166000
Cantón Mejía,938000
Cantón Mera,4470000
Cantón Milagro,1380000
Cantón Mira,204
Cantón Mocache,118
Cantón Mocha,1850000
Cantón Montalvo,751000
Cantón Montecristi,797000
Cantón Montúfar,397000
Cantón Morona,1160000
Cantón Muisne,258000
Cantón Nangaritza,166000
Cantón Naranjal,473000
Cantón Naranjito,136
Cantón Nobol,271000
Cantón Olmedo (Loja),132
Cantón Olmedo (Manabí),237000
Cantón Otavalo,138
Cantón Pablo Sexto,608000
Cantón Paján,284000
Cantón Palanda,196
Cantón Palenque,106
Cantón Palestina,586000
Cantón Pallatanga,258000
Cantón Palora,237000
Cantón Paltas,218000
Cantón Pangua,183000
Cantón Pasaje,1740000
Cantón Pastaza,1060000
Cantón Patate,604000
Cantón Paute,453000
Cantón Pedernales,409000
Cantón Pedro Carbo,211
Cantón Pedro Vicente Maldonado,139
Cantón Pelileo,343000
Cantón Penipe,252000
Cantón Perijá,515000
Cantón Piacoa,2420
Cantón Pichincha,2080000
Cantón Pimampiro,205000
Cantón Pindal,130
Cantón Playas,1970000
Cantón Portovelo,142
Cantón Portoviejo,1080000
Cantón Pucará,260000
Cantón Puebloviejo,110
Cantón Puerto López,145
Cantón Puerto Quito,11400000
Cantón Putumayo,301000
Cantón Puyango,233000
Cantón Píllaro,367000
Cantón Quero,120
Cantón Quevedo,1270000
Cantón Quijos,120
Cantón Quilanga,155000
Cantón Quinindé,281000
Cantón Quinsaloma,244000
Cantón Riobamba,135
Cantón Rioverde,491000
Cantón Rocafuerte,484000
Cantón Salcedo,1270000
Cantón Salinas,10400000
Cantón Salitre,434000
Cantón Samborondón,126
Cantón San Cristóbal,6430000
Cantón San Juan Bosco,120
Cantón San Lorenzo,9200000
Cantón San Miguel,7340000
Cantón San Miguel de Los Bancos,866000
Cantón San Pedro de Huaca,154000
Cantón San Vicente,147
Cantón Santa Ana (Ecuador),6730000
Cantón Santa Clara,15700000
Cantón Santa Cruz (Ecuador),9010000
Cantón Santa Elena,2510000
Cantón Santa Lucía,1040000
Cantón Santa Rosa,105
Cantón Santiago de Méndez,126
Cantón Santo Domingo (Ecuador),9330000
Cantón Saquisilí,281000
Cantón Saraguro,142
Cantón Sevilla Don Bosco,256000
Cantón Sevilla de Oro,838000
Cantón Shushufindi,286000
Cantón Sigchos,264000
Cantón Simón Bolívar,120
Cantón Sozoranga,187000
Cantón Sucre,187
Cantón Sucumbíos,1810000
Cantón Sucúa,709000
Cantón Suscal,156000
Cantón Sígsig,154000
Cantón Taisha,294000
Cantón Tena,2550000
Cantón Tisaleo,212000
Cantón Tiwintza,136
Cantón Tosagua,289000
Cantón Tulcán,877000
Cantón Upata,12200
Cantón Urcuquí,253000
Cantón Urdaneta,273000
Cantón Valencia,89
Cantón Veinticuatro de Mayo,327000
Cantón Ventanas,1120000
Cantón Vinces,362000
Cantón Yacuambi,124
Cantón Yaguachi,351000
Cantón Yantzaza,271000
Cantón Zamora,3880000
Cantón Zapotillo,248000
Cantón Zaruma,145
Cantón Zulia,223000
Cantón de Abangares,155000
Cantón de Acosta,1580000
Cantón de Alajuela,2270000
Cantón de Alajuelita,119
Cantón de Alvarado,5050000
Cantón de Aserrí,157000
Cantón de Atenas,899000
Cantón de Bagaces,200000
Cantón de Barva,212000
Cantón de Belén,122
Cantón de Buenos Aires,6320000
Cantón de Carrillo,2780000
Cantón de Cartago,2450000
Cantón de Cañas,7780000
Cantón de Corredores,579000
Cantón de Coto Brus,209000
Cantón de Desamparados,435000
Cantón de Dota,320000
Cantón de El Guarco,118
Cantón de Escazú,111
Cantón de Esparza,388000
Cantón de Flores,19800000
Cantón de Garabito,120
Cantón de Goicoechea,206
Cantón de Golfito,331000
Cantón de Grecia,3410000
Cantón de Guatuso,197000
Cantón de Guácimo,116
Cantón de Heredia,104
Cantón de Hojancha,126000
Cantón de Holguín,758000
Cantón de Jiménez,11200000
Cantón de La Cruz,43700000
Cantón de La Unión,5200000
Cantón de León Cortés Castro,1310000
Cantón de Liberia,702000
Cantón de Limón,15600000
Cantón de Matina,281000
Cantón de Montes de Oca,119
Cantón de Montes de Oro,115
Cantón de Monteverde,256000
Cantón de Mora,116
Cantón de Moravia,252000
Cantón de Nandayure,125
Cantón de Naranjo,1620000
Cantón de Nicoya,492000
Cantón de Oreamuno,220000
Cantón de Orotina,118
Cantón de Osa,393000
Cantón de Palmares,118
Cantón de Paraíso,121
Cantón de Parrita,199000
Cantón de Pococí,127
Cantón de Poás,296000
Cantón de Puerto Jiménez,2570000
Cantón de Puntarenas,1960000
Cantón de Puriscal,206000
Cantón de Pérez Zeledón,334000
Cantón de Quepos,365000
Cantón de Río Cuarto,4760000
Cantón de San Carlos,4840000
Cantón de San Isidro,3120000
Cantón de San José,11600000
Cantón de San Mateo,107
Cantón de San Pablo (Costa Rica),127
Cantón de San Rafael,6220000
Cantón de San Ramón,4640000
Cantón de Santa Ana (Costa Rica),6180000
Cantón de Santa Bárbara,114
Cantón de Santa Cruz (Costa Rica),8620000
Cantón de Santo Domingo (Costa Rica),11500000
Cantón de Sarapiquí,139
Cantón de Sarchí,186000
Cantón de Siquirres,183000
Cantón de Talamanca,126
Cantón de Tarrazú,153000
Cantón de Tibás,312000
Cantón de Tilarán,135
Cantón de Turrialba,338000
Cantón de Turrubares,117000
Cantón de Upala,310000
Cantón de Vázquez de Coronado,615000
Cantón de Zarcero,214000
Caonabo,140
Capa de aire sahariana,211
Capa de presal,14900
Capador,188000
Capaya,228000
Capbreton,2160000
Cape Charles,121
Cape May (Nueva Jersey),120
Caperea marginata,177
Capiatá,1420000
Capiibary (distrito),64500
Capilla San Eduardo,7560000
Capilla de Cella,93800
Capilla de Santa Teresita de Kavanayen,663
Capital de la Marinera,3620000
Capito brunneipectus,71100
Capito dayi,9440
Capito quinticolor,2430
Capitán Carmelo Peralta,242000
Capitán José Bozzano,26400
Capitán Meza,1180000
Capitán Meza Puerto,701000
Caporal,120
Caporales,128
Capromys pilorides,19100
Capsicum pubescens,692000
Captura de la cañonera Pilcomayo,2220
Captura del vapor Rímac,93
Capulus ungaricus,3250
Capurganá,193000
Capurro (San José),581000
Caquetaia myersi,3560
Caquiaviri,142000
Caraballeda,791000
Carabuco,101
Caracara plancus,352000
Caracol (parroquia),76
Carampa,57100
Caranavi,928000
Caranqui (Imbabura),183000
Carapeguá,697000
Carapé (cerro),83
Carato,1010000
Caravelí,425000
Carayaca,245000
Caraz,1800000
Carbonada,197
Carcharhinus acronotus,19400
Carcharhinus galapagensis,109
Carcharhinus melanopterus,126
Carcharocles angustidens,167
Carcharocles megalodon,146000
Cardal (Uruguay),101
Cardenal Cisneros (1903),116000
Cardiospermum halicacabum,275000
Cardozo (Uruguay),2700000
Carepa,821000
Caretta caretta,5770000
Carga Banzai,158
Carhuacallanga,25700
Cariaco,603000
Cariama cristata,213
Caribemys,13400
Caribochernes pumilus,312
Carimañola,2170000
Caripuyo,71
Caritas sonrientes,732000
Carlingford Lough,499000
Carlitos Vera,122
Carlocebus,14800
Carlocebus carmenensis,607
Carlocebus intermedius,614
Carlomagno Pedro Martínez,288000
Carlos A. López (Asunción),143
Carlos Aguirre (músico),370000
Carlos Alberto Sánchez Bordón,44
Carlos Arturo Arias Vicuña,59
Carlos Benavides (cantante),137
Carlos Castro (músico argentino),5790000
Carlos D'Ovidio,7350000
Carlos Di Fulvio,1250000
Carlos Enrique Herrera Gutiérrez,15100000
Carlos Espinoza (Ofelia),51
Carlos Fredi,1060000
Carlos Hayre,105
Carlos Irigoyen Ruiz,374000
Carlos José Pino,13500000
Carlos José Santi Brugia,938
Carlos Malo,137000000
Carlos Manuel de Céspedes (Cuba),1390000
Carlos María Albín,2330000
Carlos María Fossati,301000
Carlos Modernell,78
Carlos Molina (payador),23200
Carlos Núñez Cortés,4400000
Carlos Paravís,14400
Carlos Páez Vilaró,209000
Carlos Ramón Fernández,34000000
Carlos Reyles (localidad),291000
Carlos Seoane,3180000
Carlos Soublette (La Guaira),137000
Carlos Suárez Gonzales,5620000
Carlos Tanco,599000
Carlos Torres Vila (cantante),123000
Carlos de la Torre,130000000
Carlos de la Trinidad Borge y Castrillo,51700
Carlos del Franco Terrero,139000
Carmen (Costa Rica),79800000
Carmen Alto,168
Carmen Cardenal,122
Carmen Tapia,13300000
Carmen de Uria,708000
Carmen del Darién,868000
Carmencita (animita),91
Carmencita Lara,653000
Carmita (Cuba),163000
Carnaval Jaujino,249000
Carnaval Multicolor de la Frontera,437000
Carnaval Zoque Coiteco,141
Carnaval de Bogotá,45900000
Carnaval de Carúpano,473000
Carnaval de Cozumel,137
Carnaval de Guaranda,572000
Carnaval en el Perú,59800000
Carnavalito,1440000
Carne a la llanera,9610000
Carne mechada (estofado),3380000
Carnegiella marthae,7820
Carnegiella myersi,5550
Carolina (El Salvador),175000000
Carolina Alfonzo,1090000
Carolina La O,125
Carollia perspicillata,122000
Carpapata,97
Carpodectes hopkei,3070
Carraca Nuestra Señora de la Encarnación,6380
Carranga,1130000
Carrao (tepuy),65
Carrasco (Montevideo),6310000
Carrera de cintas a caballo,1350000
Carrera de la India,91
Carreta Quemada,78
Carreta sin bueyes,192000
Carretera El Llano-Cartí,11100
Carretera de Birmania,600000
Carrhotus barbatus,1060
Carrito (Uruguay),79800000
Carrito de los camotes,160000
Carrizal (Venezuela),1560000
Carrulim,127
Cartago (Costa Rica),143
Caruao,137
Carín León,121
Casa Blanca (sitio precolombino),102
Casa Editora Cuadernos Papiro,112
Casa Matusita,123
Casa de Don Bartolo,6130000
Casa de Iberoamérica,25200000
Casa de los Azulejos,37800000
Casa de los lamentos (Guanajuato),77800
Casa del Sacristán Mayor,453000
Casa del Teniente a Gobernador de Holguín,27300
Casa en Punta Piedras,69200000
Casabe de yuca,210
Casanay,147000
Cascada Chachín,213
Cascada Los Cántaros,197000
Cascada de Agoyán,159
Cascada de San Rafael,11300000
Cascada del Vino,18000000
Cascadas de Amaila,4550000
Cascadas del Valle Misterioso,84800
Casearia crassinervis,1340
Caserio de Rumichaca,9540
Caserío Concepción Rabanales,4890
Casigua,111
Casigua-El Cubo,102000
Casillas (Santa Rosa),6770000
Casiquiare,136000
Casma,2430000
Caso Prieto-Nenecho,122
Casquete nórdico,93300
Cassia grandis,175
Cassis tuberosa,131000
Castañas (Villa Nueva),438000
Castañuelas (República Dominicana),110
Castellanos (Uruguay),77
Castellanosia caineana,49
Castilla (1737),328000
Castilla (1886),1480000
Castilla elastica,193000
Castillo (Duarte),96
Castillo de Araya,5970000
Castillo de Austria,32700000
Castillo de Bellver (petrolero),2160
Castillos (Soriano),9590000
Castillos (ciudad),138
Castine (Maine),1150000
Casupá,242000
Catacora,1720000
Catalina Batista Parra,250000
Catalina Huanca,565000
Catalán (Estado Nueva Esparta),53400
Catamenia homochroa,9070
Catarama,1110000
Catarata Bayoz,21200
Catarata El Tirol,29100
Catarata Gocta,194000
Catarata La Chinata,141
Catarata La Fortuna,1050000
Catarata La Paz,6210000
Catarata Pabellón,199000
Catarata Velo de la Novia,163000
Catarata Yumbilla,22800
Catarata de Pacchacoto,455
Catarata de Tsyapo,2750
Cataratas Camarán,643000
Cataratas Kaieteur,25800
Cataratas Numparket,3240
Cataratas Orinduik,118
Cataratas Rey Eduardo VIII,31400
Cataratas de Palacala,6760
Cataratas de Pulhapanzak,101000
Cataratas del Monday,775000
Cataratas del Ñacunday,7180
Cataratas las Tres Hermanas,147
Catarina (Guatemala),136
Catarina (Nicaragua),12900000
Catarino Leos,76600
Cataspilates grisescens,315
Cataspilates plurilineata,59
Cataspilates pseudaluma,74
Catasticta pharnakia,438
Catasticta revancha,330
Catathyridium lorentzii,527
Catedral de Babahoyo,141
Catedral de Nuestra Señora de la Asunción (Juigalpa),8350
Catedral de Puyo,199000
Catedral de San Isidoro (Holguín),16800
Catedral de San José (Antigua Guatemala),2560000
Catedral de San Rosendo (Pinar del Río),13900
Catedral de la Asunción de María (Hiroshima),10100
Catedral de la Inmaculada Concepción (Nagasaki),6990
Catedral metropolitana de Asunción,180
Catequil,97900
Cathartes aura,508000
Catharus gracilirostris,11800
Catoprion mento,4230
Cattleya lawrenceana,26000
Catuche (barrio de Caracas),101
Catumiri argentinense,138
Catutosaurus,595
Caucagua,289000
Cauce Viejo del Riachuelo,61500
Cauchero (Bocas del Toro),32300
Causas y antecedentes de la guerra del Pacífico,165
Cauto Cristo,401000
Caverna Cristalitos de Papaya,7430
Caverna Puente del Diablo,334000
Caverna Tanque Azul,840000
Caverna de Santo Tomás,121
Cavernas de Quiocta,10900
Cavia aperea,131000
Cavia aperea pamparum,2320
Cavia magna,59900
Cavia patzelti,1600
Cavia tschudii,203
Cayaltí,125
Cayetano (Uruguay),85
Cayetano Corona Gaspariano,2040
Cayetano Germosén,180000
Caylloma,738000
Cayo Acuario,143
Cayo Alacranes,153000
Cayo Alburquerque,956000
Cayo Algodón Grande,9100000
Cayo Anclitas,92500
Cayo Bahía de Cádiz,176000
Cayo Blanca España,18500000
Cayo Blanquizal,5890
Cayo Bobel,16000
Cayo Bolívar,1710000
Cayo Botoquí,58
Cayo Bretón,210000
Cayo Bubi del Medio,15800
Cayo Bubi del Norte,5320
Cayo Caballones,3270
Cayo Caguama,61600
Cayo Caimán Grande,690000
Cayo Cangrejo,130
Cayo Cantiles,14600
Cayo Carenas,6920
Cayo Carenero,84
Cayo Catalanes,48
Cayo Coco,150
Cayo Crasquí,8270
Cayo Cruz,32600000
Cayo Cruz del Padre,87
Cayo Cuchillo,14000000
Cayo Culebra (Honduras),48100
Cayo Edimburgo,663000
Cayo Ernest Thaelmann,107
Cayo Espenquí,413
Cayo Eusebio,1270000
Cayo Fabián,10900000
Cayo Felipe,111
Cayo Fragoso,248000
Cayo Francés (Villa Clara),704000
Cayo Gorda,59
Cayo Granada,5170000
Cayo Grande (Ciego de Ávila),140
Cayo Grande (Los Roques),74500
Cayo Guajaba,3780
Cayo Guillermo,147
Cayo Hachuela,1740
Cayo Hicacal,2830
"Cayo Hueso, La Habana",500000
Cayo Inglés,126
Cayo Judas,2100000
Cayo Jutías,133
Cayo Largo del Sur,147
Cayo Las Brujas,898000
Cayo Las Uvas,8890000
Cayo Levantado,147
Cayo Levisa,128
Cayo Loco,10700000
Cayo Los Ensenachos,127000
Cayo Macho,3230000
Cayo Madrisquí,128
Cayo Maravillas,9150000
Cayo Martin,56500000
Cayo Montañés,313000
Cayo Muerto (Los Roques),27200
Cayo Mégano Grande,54600
Cayo Nordisquí,1070
Cayo Nube Verde,25100000
Cayo Paredón Grande,67000
Cayo Piedra del Obispo,436000
Cayo Pirata (Venezuela),107
Cayo Port Royal,469000
Cayo Rama,102
Cayo Ratón,2730000
Cayo Remanso,137000
Cayo Rocoso,237000
Cayo Romano,106
Cayo Sabinal,106
Cayo Saetía,141
Cayo Sal (Los Roques),54900
Cayo Santa María,144
Cayo Santander,100
Cayo Saqui Saqui,6370
Cayo Sardina (Los Roques),2930
Cayo Savanna,430000
Cayo Selesquí,509
Cayo Simea,2180
Cayo Sotavento,79900
Cayo Sur,33500000
Cayo Vapor,10600000
Cayo Yonquí,262
Cayo de Agua,34900000
Cayo de los Pájaros,88
Cayo del Rosario,9440000
Cayos Bequevé,99
Cayos Cinco Balas,157000
Cayos Cochinos,618000
Cayos Dos Mosquises,148
Cayos Dromedarios,8340
Cayos Miskitos,88800
Cayos Misquitos,117000
Cayos Noronquises,1440
Cayos Perlas,285000
Cayos Siete Hermanos,112000
Cayos Vivorillo,52
Cayos Zapotillos,11800
Cayos de Francisquí,33800
Cayos de Piedra,28300000
Cayos de San Felipe,76
Cayos de la Enfermería,256000
Cayos de las Cinco Leguas,11700
Caype,83
Cayó la cabra,125
Cazaderos,205000
Cazuela (comida),11300000
Cazuela de barro,9940000
Cazuela de mariscos,11600000
Caña (bebida),18200000
Cañada Grande (Cerro Largo),4000000
Cañada Grande (Lavalleja),159
Cañada Nieto,91
Cañada de Berachi,6770
Cañada de Luciano,24100000
Cañada de los Burros,60
Cañada del Buey,1710000
Cañada del Pueblo,76900000
Cañada del Sauce (Uruguay),271000000
Cañada del Ybyray,53500
Cañaris (Ferreñafe),31400
Cañaveral (Coclé),44100
Caño Cristales,2110000
Caño Mánamo,184
Caño de Aguas Prietas,205000
Cañoncitos de dulce de leche,202
Cañonera Magallanes,6570
Cañonero Crête-à-Pierrot,284
Cañón Grieve,56
Cañón White,364000000
Cañón de Cotahuasi,213
Cañón de Mar del Plata,5720000
Cañón de Nazaré,28000
Cañón de los Perdidos,1380000
Cañón del Apurímac,570000
Cañón del Atuel,220000
Cañón del Capitán Kidd,26300
Cañón del Congo,116
Cañón del Sonche,138
Cañón del río Guaire,9060
Cconoc,35500
Cebiche,1070000
Cebiche de chochos,77700
Cebiche de tiburón,32900
Cebollatí,235000
Cebuella pygmaea,137000
Cebus aequatorialis,14100
Cebus albifrons,115000
Cebus brunneus,75
Cebus capucinus,228000
Cebus capucinus curtus,10600
Cebus cesarae,16500
Cebus cuscinus,1880
Cebus imitator,304000
Cebus leucocephalus,13500
Cebus malitiosus,74
Cebus olivaceus,28900
Cebus unicolor,109
Cebus versicolor,15400
Cebus yuracus,4640
Cecilia Gauna,248000
Cecilia Todd,121
Cedrela montana,183
Cedrela odorata,202000
Ceferino Nieto,679000
Cegua,190000
Ceiba (Bocas del Toro),253000
Ceibal,1380
Celebración del Corpus Christi en el Cusco,135
Celeste (Uruguay),27700000
Celeus grammicus,8940
Celia Estremor Rubio,759
Celianella montana,404
Celsa Iuit Moo,2780
Celsiella,10100
Celsiella revocata,628
Celsiella vozmedianoi,627
Celso Camacho Quiroz,130000
Cemanáhuac,39600
Cementerio General de Cobija,207000
Cementerio General de Holguín,158
Cementerio de la Recoleta (Asunción),142
Cementerio de naves espaciales,222000
Cementerio del Este (Asunción),2110000
Cementerio del Mangrullo (Asunción),104
Cementerio del Sur (Asunción),1510000
Cena de Navidad (obra de teatro),6010000
Cenote de Chapalla,4820
Centenario (Uruguay),15000000
Central Hidroeléctrica 3 de Febrero,1790000
Central Hidroeléctrica Simón Bolívar,163000
Central Indígena de la Región Amazónica de Bolivia,116
Central hidroeléctrica Acaray,33300
Central hidroeléctrica Agoyán,20400
Central hidroeléctrica Cerrón Grande,131
Central hidroeléctrica Francisco Morazán,57300
Central hidroeléctrica Yguazú,128
Centro Cultural Félix Varona Sicilia,58
Centro Cultural y Democrático Punta del Este,502000
Centro Geográfico de Paraguay,5400000
Centro Habana,32500000
Centro Poblado Túpac Amaru,105
Centro Qosqo de Arte Nativo,56100
Centro arqueológico de Ichu Yanuna,447
Centro cultural Miguel Ángel Asturias,129
Centro de Documentación del Son Jarocho,31000
Centro de Espectáculos La Macarena,167000
Centro de Investigaciones Multidisciplinarias sobre Chiapas y la Frontera Sur,63700
Centro de agricultura tropical Bulbuxyá,1220
Centro de mesa,610000000
Centro histórico de Quito,146
Centro histórico de la Ciudad de Guatemala,50900000
"Centro para la Investigación y Rehabilitación de las Ataxias Hereditarias ""Carlos Juan Finlay""",507
Centro urbano de Pucallpa,673000
Centro volcánico de Quimsacocha,901
Centrolabrus caeruleus,1020
Centrolabrus exoletus,7020
Centrolabrus trutta,2280
Centrolene altitudinalis,542
Centrolene daidalea,921
Centrolene geckoidea,989
Centrolene heloderma,1490
Centrolene hesperia,355
Centrolene huilensis,2140
Centrolene lemniscata,271
Centrolene muelleri,1190
Centrolene notosticta,379
Centrolene peristicta,772
Centrolene sanchezi,1380
Centrolophus niger,89
Centronycteris centralis,4060
Centronycteris maximiliani,3060
Centropomus robalito,177
Centropyge abei,3870
Centropyge boylei,3440
Centropyge colini,6430
Centropyge ferrugata,3730
Centropyge fisheri,12600
Centropyge heraldi,275000
Centropyge loricula,190
Centropyge potteri,191
Centropyge shepardi,7510
Centropyge tibicen,190
Centropyge vrolikii,11600
Centroscyllium fabricii,13000
Centroscyllium granulatum,4150
Centroscymnus cryptacanthus,1530
Centroscymnus macracanthus,4270
Centroscymnus owstonii,5800
Centroscymnus plunketi,4140
Centruroides anchorellus,344
Centruroides nigrimanus,73
Centruroides noxius,7850
Centruroides ochraceus,88
Centruroides suffusus,111
Centruroides villegasi,75
Centruroides vittatus,114
Centurio senex,199
Centurión (Uruguay),126
Cepe (Venezuela),451000
Cephalopterus penduliger,14300
Cephalorhynchus commersonii,137
Cepphus grylle,171000
Cera de Campeche,200
Cerastoderma edule,215000
Ceratophrys ameghinorum,462
Ceratophrys calcarata,6520
Ceratophrys cornuta,106000
Ceratophrys cranwelli,113000
Ceratophrys ornata,135000
Ceratophrys testudo,140
Ceratopipra cornuta,11700
Cercibis oxycerca,155
Cercomacroides fuscicauda,13800
Cercosaura schreibersii,3520
Cerdo Pampa-Rocha,15600
Cerdocyon thous,196000
Ceremonia de Acción de Gracias por el Perú,16400000
Ceresium immite,251
Cereus aethiops,177
Cereus forbesii,188000
Cereus fricii,6390
Cereus horrispinus,570
Cereus lamprospermus,969
Cereus lanosus,1420
Cereus lepidotus,63
Cereus pachyrrhizus,12500
Cereus pedunculatus,9290
Cereus phatnospermus,91
Cereus repandus,118000
Cereus spegazzinii,169
Cereus stenogonus,139
Cereus trigonodendron,72
Cereus vargasianus,864
Cereus yungasensis,663
Ceroxylon ceriferum,1740
Ceroxylon echinulatum,2290
Ceroxylon parvum,1140
Cerrillada,65
Cerrito Jara,148000
Cerrito de la Victoria,129
Cerro (municipio),92
Cerro Acahay,196000
Cerro Aguaity,22300
Cerro Altamira,3960000
Cerro Alto Apure,61
Cerro Ancón,800000
Cerro Aquino,2720000
Cerro Aracamuni,50
Cerro Aradán,730
Cerro Araral,2050
Cerro Araua,8810
Cerro Arequita,273000
Cerro Artigas,3130000
Cerro Autana,64400
Cerro Avispa,282000
Cerro Azul (Cojedes),117
Cerro Azul (Ecuador),55400000
Cerro Batoví,37500
Cerro Bolívar,15200000
Cerro Boquerón,102
Cerro Borroñoso,447000
Cerro Branqui,530
Cerro Bravo (Portuguesa),123000
Cerro Buena Vista,46200000
Cerro Cabra,6100000
Cerro Cambutal,25300
Cerro Camoruco,56700
Cerro Campo Traviesa,376000
Cerro Canajagua,37000
Cerro Canna,7650000
Cerro Capilla,12100000
Cerro Capitán Ustarez,4720
Cerro Capuchino,453000
Cerro Caramacate,3440
Cerro Cariguaidasiba,400
Cerro Caritupe,233
Cerro Carángano,7230
Cerro Catedral (Argentina),206
Cerro Catedral (Uruguay),1700000
Cerro Cañada Cerrada,1270000
Cerro Cedral,627000
Cerro Cementerio,144
Cerro Cerrejón,36800
Cerro Cerrón,535000
Cerro Charrúa,1170000
Cerro Chato (Paysandú),92600
Cerro Chimborazo,980000
Cerro Chirripó,233000
Cerro Chororí,2050
Cerro Chovoreca,116
Cerro Churuquella,124
Cerro Coi,691000
Cerro Cojitambo,30700
Cerro Coloque,481000
Cerro Colorado (Anzoátegui),82
Cerro Colorado (Flores),7230000
Cerro Colorado (Ocumare),10500
Cerro Columa,34
Cerro Congolón,104
Cerro Corá (Municipio de Amambay),7670
Cerro Cristo Rey (Paraguay),103
Cerro Cucolicote,2010
Cerro Cunasamo,170
Cerro Curucuti,864
Cerro Curutú,519
Cerro Dura Poco,15700000
Cerro Echandi,80
Cerro Ejido,2650000
Cerro El Alcance,11700000
Cerro El Altico,5310
Cerro El Alto,155000000
Cerro El Amparo,8170000
Cerro El Balcón,18100000
Cerro El Baúl,134
Cerro El Baúl (Anzoátegui),15700
Cerro El Baúl (Barinas),7630
Cerro El Bocado,1870000
Cerro El Café,135
Cerro El Castillo,39600000
Cerro El Catire,30100
Cerro El Cedro (Mérida),68400
Cerro El Cedro (Táchira),15700
Cerro El Cobre,17300000
Cerro El Cochino,341000
Cerro El Cura,68
Cerro El Diablito,9480000
Cerro El Duende,6510000
Cerro El Empalao,99
Cerro El Hatico,23700
Cerro El Morrón,178000
Cerro El Palmar,123
Cerro El Picacho (Turmero),88
Cerro El Pital,1270000
Cerro El Potro,858000
Cerro El Quemado (Lara),126000
Cerro El Reformador,78100
Cerro El Regalo,22200000
Cerro El Salvador (Medellín),13400000
Cerro El Say,29100000
Cerro El Toro (Bolívar),107
Cerro El Volcán,171
Cerro El Zamuro,37500
Cerro El Ávila,7810000
Cerro Elena Capurata,1020
Cerro Frío,51300000
Cerro Galano,19200
Cerro Galicia,62
Cerro Gordo (Lara),665000
Cerro Gordo (Trujillo),297000
Cerro Grande (Lara),5930000
Cerro Guacha,23400
Cerro Guaiquinima,65
Cerro Guayaques,3290
Cerro Guazapa,109000
Cerro Guazú,314000
Cerro Higuerón,445000
Cerro Hoya,1570000
Cerro Huachamacare,1770
Cerro Inacaliri,4150
Cerro Irapa,7190
Cerro Itacurubí,1030000
Cerro Itapé,168000
Cerro Jaibita,1170
Cerro Jaua,8950
Cerro Jefe,77
Cerro Jujure,268
Cerro Kamuk,14000
Cerro La Asomadera (Medellín),121
Cerro La Borona,2670
Cerro La Campana (Mérida),471000
Cerro La Cumbre,128
Cerro La Danta,761000
Cerro La Fila,61
Cerro La Gloria,20300000
Cerro La Guanota,8920
Cerro La Laguna,46000000
Cerro La Leonera (Yaracuy),1400
Cerro La Macana,119000
Cerro La Palma,27800000
Cerro La Petronila,171000
Cerro La Pizarra,1690000
Cerro La Plantación,8910000
Cerro La Silla,29900000
Cerro La Silleta (Sucre),69
Cerro La Teta,632000
Cerro La Torre,57000000
Cerro La Vieja,37300000
Cerro Lambaré,343000
Cerro Las Cabeceras,3880000
Cerro Las Canoas,4600000
Cerro Las Cruces,136
Cerro Las Hernández,15800000
Cerro Las Mercedes,13000000
Cerro Las Minas (Honduras),1650000
Cerro Las Minas (Lara),376000
Cerro Las Piñas (Portuguesa),89000
Cerro Las Piñas (Zulia),59600
Cerro Las Tejas,3360000
Cerro Las Viejas,60500000
Cerro Las Virabiras,960000
Cerro León,122
Cerro Lindo,116
Cerro Los Arcos,120
Cerro Los Carbones,15100000
Cerro Los Cañizos,5590
Cerro Los Indios,19300000
Cerro Los Pantanos,4060000
Cerro Lípez,78
Cerro López,15400000
Cerro Macanao,124
Cerro Magüey,821000
Cerro Manastara,241
Cerro Mango Llano,317000
Cerro Marahuaca,8080
Cerro Matasiete,130
Cerro Mauruima,197
Cerro Mbatoví,138
Cerro Medina,10600000
Cerro Memby,120
Cerro Miramundo,32700
Cerro Monte Claro,10900000
Cerro Moroturo,4150
Cerro Mudugndoe,31200
Cerro Negro (Cojedes),108000
Cerro Negro (Portuguesa),348000
Cerro Negro (Yaracuy),129000
Cerro Negro (volcán),11100000
Cerro Negro de Mayasquer,8410
Cerro Nelly,1020000
Cerro Obí,150000
Cerro Pajas,36
Cerro Palmarejo,56300
Cerro Palo Blanco,3690000
Cerro Palúa,65
Cerro Pan de Azúcar (Medellín),123
Cerro Pan de Azúcar (Uruguay),807000
Cerro Pando,80
Cerro Papelón,57
Cerro Pari Orcko,3560
Cerro Patiño,1080000
Cerro Pe,18000000
Cerro Pelado (Costa Rica),124
Cerro Pelado (Rivera),113
Cerro Pelón,421000
Cerro Peonía (Anzoátegui),7690
Cerro Peonía (Sucre),9020
Cerro Peñón Blanco,1140000
Cerro Picacho (Panamá Oeste),46600
Cerro Pico Alto,16300000
Cerro Piedra Blanca,217
Cerro Piedra Negra (Cojedes),22300
Cerro Piedra Negra (Mérida),725000
Cerro Piedra de Turca,225000
Cerro Pintado,7320000
Cerro Piyiztaco,278
Cerro Platanal,82
Cerro Portachuelo (Cojedes),24500
Cerro Portachuelo (Mérida),46500
Cerro Portachuelo (Táchira),29700
Cerro Pucú,106000
Cerro Punta,55900000
Cerro Purumecte,230
Cerro Puñal del Norte,127000
Cerro Quema,103
Cerro Quere-pota,16500
Cerro Quiac,3610
Cerro Quiindy,94
Cerro Quitasol,110000
Cerro Rabo de Mico,34600
Cerro Real (Paraguay),30900000
Cerro Sabana del Medio,5900000
Cerro Saisay,2350
Cerro San Antonio,62700000
Cerro San Eduardo,19300000
Cerro San Francisco (Venezuela),5850000
Cerro San Gil,8850000
Cerro San Isidro (Carabobo),111000
Cerro San Jacinto,5700000
Cerro San José (Paraguay),109
Cerro San Nicolás,120
Cerro San Rafael (Paraguay),5500000
Cerro Santa Ana (Guayaquil),3450000
Cerro Santa Ana (Paraguaná),37400
Cerro Santa Ana (Portuguesa),287000
Cerro Santa Apolonia,392000
Cerro Santa Bárbara,18700000
Cerro Santa Lucía (Zulia),152000
Cerro Santa Rosa,60500000
Cerro Santa Rosa (Cojedes),83400
Cerro Santiago (Panamá),6170000
Cerro Santo Domingo (Medellín),2950000
Cerro Siete Cabezas,5830000
Cerro Silvestre,12700000
Cerro Socopó,36000
Cerro Soledad,9370000
Cerro Soroche,28500
Cerro Sosa,8300000
Cerro Tacarcuna,70
Cerro Tacuara,211000
Cerro Tacumbú,120000
Cerro Tamborero,12900
Cerro Tenerife (Venezuela),1040000
Cerro Tenán,53200000
Cerro Tinte,1640000
Cerro Tiramuto,90
Cerro Titivilla,210
Cerro Tomasamil,1560
Cerro Tres Kandú,133
Cerro Tristeza,73
Cerro Tunari,133
Cerro Tusa,137
Cerro Tzankujil,45100
Cerro Uananapán,205
Cerro Urán,114
Cerro Valdez,3910000
Cerro Varavira,273
Cerro Venamo,2460
Cerro Ventisqueros,56100
Cerro Verde (El Salvador),45000000
Cerro Vilama,67
Cerro Villalonga,70
Cerro Volcán,169
Cerro Walker,3380000
Cerro Yabazón,1070
Cerro Yaguarón,321000
Cerro Ybytymí,22800
Cerro Zapaleri,10100
Cerro Zurquí,28300
Cerro de Arcos,10100000
Cerro de Bojó,525000
Cerro de Guadalupe,135
Cerro de Marilonza,923
Cerro de Montevideo,147
Cerro de Paja,3250000
Cerro de Vera,41700000
Cerro de Yaguajay,36000
Cerro de la Aldea,6030000
Cerro de la Cruz (Antigua Guatemala),136
Cerro de la Muerte,44200000
Cerro de la Virgen (Argentina y Chile),1020000
Cerro de las Armas,12800000
Cerro de las Cuentas,41100000
Cerro de las Ánimas,923000
Cerro de los Burros,990000
Cerro de los Chenques,139
Cerro de los Portales,108000000
Cerro del Carmen,125
Cerro del Espíritu Santo (Costa Rica),2430000
Cerro del Fraile (Holguín),72
Cerro del Toro,22300000
Cerro del Verdún,203000
Cerro la Glorieta,62
Cerro las Ventanas,47900000
Cerro Ñanduá,1880
Cerro Ñemby,138
Cerros Azules,140
Cerros Orientales (Bogotá),590000
Cerros de Arroyo Hondo,421000
Cerros de Escazú,117000
Cerros de la Calera,9440000
Certhiaxis mustelinus,4260
Certhidea fusca,7790
Certhidea olivacea,18900
Cervecería Bucanero S.A.,16000
Cervecería Nacional Dominicana,466000
Cervecería Santa Fe,154
Cerveza Club Colombia,227
Cerveza Costeña (Colombia),241
Cerveza Cristal (Perú),220
Cerveza Imperial,199
Cerveza Indio,7340000
Cerveza La Diosa Tropical,192000
Cerveza Norteña,7750000
Cerveza Patricia,10400000
Cerveza Pilsen (Paraguay),227000
Cerveza Pilsen (Uruguay),216000
Cerveza Pilsen Callao,387000
Cerveza Póker,529000
Cerveza Sol,63700000
Cerveza Superior,20600000
Cerveza Zillertal,41700
Cerveza Águila,2070000
Cerámica Anaranjado Delgado,73200
Cerámica Anaranjado San Martín,52
Cerámica Copador,2970
Cerámica Pox,436000
Cerámica Rojo sobre Bayo de la Mixteca Alta,1400
Cerámica Tohil Plomiza,1380
Cerámica Usulután,168000
Cerámica awajún,15300
Cerámica de Chulucanas,38300
Cerámica de Mata Ortiz,462000
Cerámica de barro negro en Oaxaca,189
Cerámica maya,10100000
Cerámica mexicana,21800000
Cerámica nicoyana,175
Cerámica plumbate,4090
Cerámica precolombina,219
Cerámicas del Sur,7780000
Cestum veneris,207
Cetopsidium ferreirai,677
Cetopsis candiru,102
Cetopsis motatanensis,612
Cetopsis oliveirai,2420
Cetáceos del Caribe,149000
Ceuthomantis aracamuni,560
Ceuthomantis duellmani,697
Ceuthomantis smaragdinus,1050
Ceviche ecuatoriano,19800000
Cevicos,152000
Chaac,449000
Chabela Ramírez,220000
Chabuca Granda,658000
Chacaltaya,490000
Chacarerata Santiagueña,15300
Chacarilla (Bolivia),74
Chacarilla del Estanque (Lima),255000
Chacarita (Ecuador),998000
Chacas,131
Chacho Echenique,98
Chacho Muller,24100
Chaco (película de 2020),680000
Chaco Boreal,612000
Chaco boliviano,2470000
Chacodelphys,43000
Chacopata,46300
Chacophrys pierottii,173
Chacras,4310000
Chacras de Dolores,85
Chactas laevipes,375
Chactinae,24200
Chacualole,83
Chaetocercus berlepschi,11400
Chaetodipterus faber,20900
Chaetodipterus zonatus,3230
Chaetodon adiergastos,6810
Chaetodon argentatus,118
Chaetodon aureofasciatus,2970
Chaetodon auriga,73100
Chaetodon auripes,7730
Chaetodon baronessa,8370
Chaetodon bennetti,12000
Chaetodon burgessi,102
Chaetodon capistratus,21100
Chaetodon citrinellus,21800
Chaetodon collare,17500
Chaetodon daedalma,3420
Chaetodon decussatus,7280
Chaetodon ephippium,19800
Chaetodon falcula,112
Chaetodon flavirostris,8440
Chaetodon flavocoronatus,1190
Chaetodon fremblii,80
Chaetodon guentheri,17200
Chaetodon guttatissimus,4340
Chaetodon hoefleri,2910
Chaetodon humeralis,11700
Chaetodon lineolatus,13300
Chaetodon litus,1610
Chaetodon lunula,124
Chaetodon lunulatus,20800
Chaetodon melannotus,16000
Chaetodon mertensii,85
Chaetodon meyeri,38600
Chaetodon nippon,118
Chaetodon ocellatus,44100
Chaetodon ocellicaudus,12500
Chaetodon octofasciatus,10200
Chaetodon ornatissimus,13200
Chaetodon oxycephalus,93
Chaetodon plebeius,7960
Chaetodon punctatofasciatus,10700
Chaetodon quadrimaculatus,14100
Chaetodon rainfordi,7380
Chaetodon robustus,14300
Chaetodon selene,89
Chaetodon semeion,3950
Chaetodon smithi,10600
Chaetodon speculum,6800
Chaetodon striatus,49500
Chaetodon tinkeri,3400
Chaetodon trifascialis,120
Chaetodon trifasciatus,21100
Chaetodon ulietensis,13600
Chaetodon unimaculatus,116
Chaetodon wiebeli,2350
Chaetodontoplus chrysocephalus,5180
Chaetodontoplus duboulayi,178
Chaetodontoplus melanosoma,5570
Chaetodontoplus meredithi,3430
Chaetodontoplus mesoleucus,7600
Chaetodontoplus septentrionalis,10800
Chaetophractus nationi,8800
Chaetophractus vellerosus,22600
Chaetophractus villosus,42500
Chaetostoma aequinoctiale,790
Chaetostoma alternifasciatum,633
Chaetostoma branickii,1720
Chaetostoma brevilabiatum,786
Chaetostoma changae,3690
Chaetostoma daidalmatos,553
Chaetostoma greeni,846
Chaetostoma machiquense,411
Chaetostoma marcapatae,824
Chaetostoma marmorescens,716
Chaetostoma mollinasum,618
Chaetostoma sericeum,618
Chaetostoma sovichthys,1030
Chaetostoma stroumpoulos,540
Chaetostoma taczanowskii,1190
Chaetostoma venezuelae,11100
Chaetostoma yurubiense,661
Chaetura andrei,59
Chagra,70
Chagres,1060000
Chaguaramal,144000
Chaidi,205000
Chairo,1690000
Chala (Arequipa),133
Chalalán,48900
Chalatenango,5860000
Chalatenango Centro,1860000
Chalceus macrolepidotus,15000
Chalchihuatl,1400
Chalchuapa,144
Chalhuahuacho,39900
Chalhuanca,128
Chalhuas,14100
Chalona,170000
Chalán (Sucre),427000
Chamaecrista bucherae,650
Chamaedorea tepejilote,208
Chamaeza campanisona,84
Chamangá,93
Chamarrita,456000
Chambas,1060000
Chamberlain (Uruguay),1180000
Chamizo,1370000
Champerico,536000
Champsocephalus esox,9160
Champsocephalus gunnari,22000
Champsodon vorax,109
Champurrado,3840000
Champús,5370000
Chana (aldea),80000
Chanbria tehachapianus,398
Chancho verde,5950000
Chancohuana,1520
Chanduy (Parroquia),132000
Chaneque,276000
Chanfaina,297000
Changaimina,52100
Changarais,3600
Chango Farías Gómez,31400
Chango Juárez,631000
Chango Nieto,125
Chango Spasiuk,169000
Chanmagua,47300
Chanzy (1894),12200
Chapeltique,126
Chapicuy,139000
Chapinophis xanthocheilus,731
Chapo (bebida),637000
Chaquen,29000
Chaquihua bullocki,240
Chaquí,445000
Characidium caucanum,807
Characidium fasciatum,6480
Charadrahyla altipotens,1050
Charadrahyla chaneque,1460
Charadrahyla esperancensis,494
Charadrahyla nephila,1030
Charadrahyla sakbah,687
Charadrahyla taeniopus,1650
Charadrahyla trux,940
Charadrius alexandrinus,258000
Charango,2850000
Charango eléctrico,810000
Charazani,188000
Charity,147
Charles Berlitz,264000
Charles Sweeney,114
Charonia tritonis,73300
Charonia variegata,15300
Charqui,580000
Charquicán,124
Charrería,119
Charro,22300000
Charro Avitia,123
Charro Days,14200000
Charro Negro,119
Charybdis japonica,30200
Chase Stadium,133000000
Chashkel,6
Chasmocranus peruanus,2210
Chatham (Massachusetts),48100000
Chauliodus eximus,193
Chauliodus testa,118
Chauna chavaria,9730
Chaupi Orco,66
Chaupiñamca,59
Chava Flores,139
Chavela Vargas,1440000
Chavelita Pinzón,2680
Chavín de Huántar (Huari),174000
Chawlla Thimpu,11200
Chayanta,253000
Chayito Valdez,119
Chazos,92
Che Uinic,8370
Checo (percusión),69000
Cheilinus chlorourus,7200
Cheilinus fasciatus,29500
Cheilinus oxycephalus,63
Cheilinus oxyrhynchus,5710
Cheilinus trilobatus,9210
Cheilio inermis,9290
Cheilopogon heterurus,5810
Cheiracanthium catindigae,237
Chelemys macronyx,16500
Chelidonura varians,7460
Chelmon marginalis,70
Chelmon rostratus,86500
Chelmonops,23300
Chelmonops curiosus,116
Chelmonops truncatus,1150
Chelo Silva,829000
Chelon labrosus,61000
Chelonia agassizii,37900
Chelonia mydas,2050000
Chelonoidis abingdonii,25500
Chelonoidis becki,4920
Chelonoidis chathamensis,125
Chelonoidis chilensis haplogrupo del monte,86
Chelonoidis darwini,13300
Chelonoidis denticulata,124
Chelonoidis donfaustoi,8730
Chelonoidis duncanensis,2660
Chelonoidis hoodensis,129
Chelonoidis niger,700000
Chelonoidis phantasticus,12700
Chelonoidis porteri,13800
Chelonoidis vicina,13300
Chelus fimbriata,27700
Chelyocarpus ulei,2390
Cheracebus lugens,7430
Chester (Maryland),95
Chetilla,69900
Chiantla,364000
Chiasmocleis albopunctata,3100
Chiasmocleis anatipes,1180
Chiasmocleis antenori,2260
Chiasmocleis bassleri,2920
Chiasmocleis bicegoi,400
Chiasmocleis tridactyla,1990
Chiasmocleis ventrimaculata,3660
Chiasmodon niger,12700
Chibchanomys orcesi,1150
Chibchanomys trichotis,4400
Chibuleo,253000
Chicahuaztli,63
Chicanel,7
Chicha,16800000
Chicha (música),16200000
Chicha de jora,1540000
Chicharrón,18300000
Chicharrón en salsa,18000000
Chicheme,159000
Chichicastenango,146
Chichigalpa,138
Chichiriviche,1150000
Chichito Cabral,7240
Chichoj,27000
Chiclayo Metropolitano,10100000
Chico (tambor),21800000
Chico Cervantes,15500000
Chico Torino,1090000
Chidori,5820000
Chigorodó,479000
Chigoré,5
Chigualo,119
Chiguará,73400
Chiguata,257000
Chiguirí Arriba,67200
Chihuahua (Uruguay),36700000
Chikitukus,699
Chikuma (1938),31900
Chilabothrus angulifer,10600
Chilanga,6280000
Chile comapeño,67
Chile mirasol,2760000
Chile relleno,213
Chileatole,152000
Chilehexops,5410
Chilena (género musical),8410000
Chililitli,473
Chilina parchappii,6
Chilinidae,43
Chilonatalus micropus,131
Chiltepín,605000
Chiltiupán,114
Chimalma,35400
Chimaltenango (municipio),3080000
Chimayche,22500
Chimbote,8360000
Chimerella mariaelenae,2390
Chimichanga,3790000
Chimichurri,188
China poblana,2200000
Chinaco,148
Chinameca (El Salvador),132
Chinandega Fútbol Club,192000
Chinautla,886000
Chinawok,1400000
Chincha Baja,4270000
Chinchero,141
Chincheros (Apurímac),278000
Chinchilla chinchilla,28500000
Chinchillula sahamae,7790
Chinchulín,74000
Chinesco,72
Chinlla,22500
Chionis albus,21100
Chipa,4590000
Chipa guazú,522000
Chipipe,218000
Chipita Rodriguez,24500
Chiqui Ledesma,182000
Chiquimula (municipio),2950000
Chiquián,114000
Chiras,442000
Chirgua,94
Chirikayen,67
Chirilagua,246000
Chirimpico,15900
Chirimía,190000
Chirino (Monte Plata),99
Chiriquí Grande,6500000
Chiriwanos,15300
Chirmol,315000
Chironectes minimus,220
Chironius monticola,104
Chironius scurrulus,6800
Chiropotes chiropotes,125
Chiropotes israelita,58
Chiropterotriton arboreus,2400
Chiropterotriton chiropterus,2920
Chiropterotriton chondrostega,1210
Chiropterotriton cieloensis,537
Chiropterotriton cracens,968
Chiropterotriton dimidiatus,2370
Chiropterotriton infernalis,2310
Chiropterotriton lavae,162
Chiropterotriton magnipes,1630
Chiropterotriton miquihuanus,669
Chiropterotriton mosaueri,115
Chiropterotriton multidentatus,1750
Chiropterotriton orculus,1100
Chiropterotriton priscus,61
Chiropterotriton terrestris,1090
Chiroxiphia linearis,30000
Chitinamit,2090
Chiton articulatus,4360
Chiton magnificus,9510
Chitose (1898),65500
Chivay,820000
Chivito criollo del norte neuquino,1940
Chiyoda (1938),52900
Chlamyphorus truncatus,43000
Chlamyphractus dimartinoi,467
Chloephaga hybrida,105
Chloephaga picta,39500
Chloephaga poliocephala,13900
Chloephaga robusta,2300
Chloephaga rubidiceps,177
Chlorestes candida,58
Chlorestes eliciae,10500
Chlorophonia cyanea,59400
Chlorospingus pileatus,67
Chlorostilbon alice,20600
Chlorothraupis olivacea,71
Chobí,195
Chocolate (danza),43200000
Chocolate con churros,36700000
Chocolá,61500
Chocopunch,15900
Choerodon anchorago,151
Choerodon azurio,7040
Choerodon balerensis,208
Choerodon cyanodus,2250
Choerodon fasciatus,24300
Choerodon gomoni,603
Choerodon gymnogenys,6250
Choerodon jordani,9760
Choerodon margaritiferus,5910
Choerodon melanostigma,7820
Choerodon monostigma,4950
Choerodon oligacanthus,6280
Choerodon robustus,9230
Choeroichthys sculptus,969
Choeroniscus periosus,56
Chojolom,2490
Choloepus didactylus,165000
Choloepus hoffmanni,96400
Chondrohierax wilsonii,4830
Chongoyape,435000
Chonguinada,121
Chongón,409000
Chontamarca,45100
Chony Fuentes,16700
Choripán,856000
Chorisoneura annulicornis,521
Chorisoneura anomala,446
Chorisoneura argentina,760
Chorisoneura bradleyi,511
Chorisoneura cabimae,7
Chorisoneura carpenteri,420
Chorisoneura cristobalensis,245
Chorisoneura dimidiaticornis,400
Chorisoneura flavipennis,499
Chorisoneura meinerti,312
Chorisoneura minuta,707
Chorisoneura morosa,357
Chorisoneura peruana,413
Chorisoneura poststriga,216
Chorisoneura thalassina,379
Chorisoneura yaguas,384
Choristoneura adumbratanus,533
Choristoneura jezoensis,1380
Choristoneura longicellanus,394
Choromytilus chorus,12000
Choroní,125
Chorrera de las González,892000
Chorrerón de Chuao,42400
Chorrillana,641000
Chorro San Juan de la Montaña,82
Chorro San Miguel,112
Chorro de Agua Fría,21200000
Chorros de Cura,1700000
Choré,1450000
Chotis,343000
Chriolepis lepidota,528
Christian Herrera (músico),13300000
Christian Roth,74700000
Chroicocephalus cirrocephalus,33700
Chroicocephalus maculipennis,129
Chroicocephalus novaehollandiae,99200
Chroicocephalus ridibundus,301000
Chromatopelma,132000
Chromis atrilobata,143
Chromis atripectoralis,6070
Chromis cadenati,2850
Chromis chromis,215
Chromis viridis,181000
Chromodoris annae,24300
Chromodoris dianae,17400
Chromodoris elisabethina,5600
Chromodoris joshi,2090
Chromodoris lochi,20700
Chromodoris magnifica,170
Chromodoris michaeli,5640
Chromodoris strigata,8850
Chrotopterus auritus,22600
Chrysaora hysoscella,46900
Chrysaora plocamia,112
Chryselium gnaphalioides,807
Chrysiptera cyanea,27200
Chrysocyon brachyurus,218000
Chrysothlypis salmoni,61
Chrysuronia boucardi,152
Chrysuronia coeruleogularis,6020
Chrysuronia humboldtii,1790
Chthonerpeton indistinctum,141
Chthonerpeton onorei,600
Chua Cocani,70400
Chuao,1460000
Chuao (Baruta),118
Chuchoca,58700
Chuchumbé,120
Chuchumbé (grupo),7070
Chucpin,13200
Chuleles,1080
Chullachaqui,124000
Chullo,1190000
Chulumani,123
Chuma,14700000
Chumaichada,8830
Chumbeque,71000
Chunga incerta,5490
Chupacabras,1020000
Chupamarca,32700
Chupe,133
Chupuro,64300
Chuquibamba,257000
Chuquibambilla,107000
Chuquihuta,60500
Churrasco,43500000
Churro,16800000
Churuquita Chiquita,67
Churuquita Grande,73800
Chuschi,125000
Chuspa (Venezuela),211000
Chusquea floribunda,6650
Chusquea ramosissima,5350
Chutas,414000
Chutnamit,12100
Chuy,21200000
Chuzalongo,44100
Chuzo desgranado,152000
Chuño,993000
Chuño saruy,2510
Chysis laevis,3930
Châtelaillon-Plage,1130000
Chía (Colombia),140
Chía (mitología),17400000
Chōkai (1932),342000
Chūyō,21900
Cibao,7490000
Cichla ocellaris,73600
Cichlopsis leucogenys,11000
Ciclón Waka,8610
Ciclón Yaku,202
Ciconia maguari,60100
Cidabenque,5070
Cidaris cidaris,121000
Cierra tus ojos y escucha,4600000
Cifuentes (Cuba),99
Ciguayos,72
Cihuacóatl,61800
Cihuateteo,46300
Cimarrona,1690000
Cincalco,104
Cincelado de la plata,117
Cinclodes atacamensis schocolatinus,1400
Cinclodes comechingonus,2060
Cinclodes olrogi,3150
Cinclodes palliatus,32900
Cinclodes taczanowskii,12200
Cinco Palmas (La Lisa),395000
Cinco Pinos,22200000
Cinco esquinas (Lima),209
Cinnycerthia peruana,61
Cinquera,144000
Cintéotl,14700
Cipitío,86000
Circamarca,19100
Circo criollo,588000
Circuito Internacional de Panamá,12700000
Circuito Norte de Cuba,3680000
Circulación de vuelco meridional del Atlántico,14600
Circuncisión de Jesús,1400000
Cirilo Guaynora,12500
Cirilo Promotor Decena,47
Ciro Redondo (Cuba),352000
Cirripectes springeri,4210
Cistothorus meridae,3910
Cistothorus platensis,45100
Citalá,705000
Citharexylum montevidense,4740
Citrix Systems,9320000
Ciudad Antigua,345000000
Ciudad Arce,186
Ciudad Barrios,177
Ciudad Blanca (Honduras),120
Ciudad Bolivia,259000000
Ciudad Bolívar,194
Ciudad Caribia,96800
Ciudad Cayalá (Guatemala),125
Ciudad Colonial,80500000
Ciudad Evita,94200000
Ciudad Guayana,28600000
Ciudad Neily,496000
Ciudad Nueva,895000000
Ciudad Nueva (Asunción),115
Ciudad Peronia,160
Ciudad Piar,1630000
Ciudad Real (Villa Nueva),98
Ciudad Reformadores,850000
Ciudad San Cristóbal,72300000
Ciudad Sandino,140
Ciudad Sucre,140
Ciudad Tecún Umán,176
Ciudad Tiuna,645000
Ciudad Universitaria (Distrito Nacional),19900000
Ciudad Vieja (Guatemala),125
Ciudad de Dios (Lambayeque),3580000
Ciudad de Guatemala,190
Ciudad de Nutrias,1140000
Ciudad de la Costa,508000000
Ciudad del Este,1240000000
Ciudad del Plata,451000000
Ciénaga Doña María,139000
Ciénaga Grande de Magangué,173
Ciénaga de Los Olivitos,10900
Ciénaga de Zapata,144
Ciénaga de Zapata (municipio),292000
Ciénaga de Zapatosa,62500
Ciénaga de la Virgen,523000
Ckochas,42900
Clara (Uruguay),66200000
Clara Vegas,129
Clarkcomanthus alternans,1100
Clase Agano,12300
Clase Akatsuki (1932),2850
Clase Akizuki (1942),2110
Clase Aoba,89100
Clase Asashio (1937),105
Clase Chidori,57
Clase Fubuki,135000
Clase Furutaka,3420
Clase Hatsuharu,2340
Clase I-201,64800000
Clase I-400,119
Clase Ise,94
Clase Jun'yō,30700000
Clase Kagerō,128
Clase Kamikaze (1922),13800
Clase Minekaze,9900000
Clase Mogami,39000
Clase Momi,803000
Clase Mutsuki,13900
Clase Myōkō,2190
Clase Nagato,89500
Clase Shiratsuyu,2160
Clase Shōkaku,3060
Clase Taiyō,51800
Clase Takao,218000
Clase Tone,39700000
Clase Unryū,115
Clase Yamato,110
Clase Yūgumo,798
Clase Ōtori,44600
Claude Eatherly,107
Claudia Pirán,12800
Claudia Tavel Antelo,1710
Clavellina (Azua),12500
Clavopelma,4460
Cleistocactus aurantiacus,1500
Cleistocactus baumannii,170
Cleistocactus capadalensis,532
Cleistocactus colademononis,63900
Cleistocactus crassicaulis,1110
Cleistocactus glaucus,1350
Cleistocactus hyalacanthus,7020
Cleistocactus laniceps,136
Cleistocactus luribayensis,545
Cleistocactus morawetzianus,1730
Cleistocactus orthogonus,692
Cleistocactus parviflorus,3530
Cleistocactus pungens,122
Cleistocactus ritteri,5690
Cleistocactus smaragdiflorus,81
Cleistocactus strausii,72800
Cleistocactus tominensis,70
Cleistocactus variispinus,524
Cleistocactus viridiflorus,2560
Cleistocactus winteri,75000
Cleistocactus xylorhizus,692
Clelia clelia,5140000
Clemente Carranza y López,1170000
Cleocnemis rosea,580
Cleocnemis taquarae,397
Cleome hassleriana,199
Clepsis archidona,245
Clepsis assensiodes,175
Clepsis assensus,206
Clepsis browni,145
Clepsis brunneograpta,494
Clepsis capnosticha,404
Clepsis carillana,244
Clepsis exaraesima,435
Clepsis fraterna,735
Clepsis gelophodes,209
Clepsis labisclera,192
Clepsis lineata,8700
Clepsis maracayana,146
Clepsis metalleta,5
Clepsis microceria,93
Clepsis microchone,280
Clepsis misgurna,176
Clepsis monticolana,387
Clepsis naucinum,184
Clepsis nevadae,5650
Clepsis opinabilis,242
Clepsis orycta,200
Clepsis paralaxa,136
Clepsis parassensus,208
Clepsis parorycta,446
Clepsis parva,4780
Clepsis peguncus,124
Clepsis pelospila,191
Clepsis pinaria,12900
Clepsis powelli,8110
Clepsis rasilis,296
Clepsis semanta,311
Clepsis smicrotes,554
Clepsis spirana,451
Clepsis tassa,491
Clepsis teopiscae,8
Clepsis terevalva,302
Clepsis truculenta,276
Clepsis tuxtlana,162
Clepsis zoquipana,394
Clericó,108
Clibanornis rubiginosus,144
Clima de Costa Rica,105000000
Clima de Honduras,66800000
Clima de Panamá,48800000
Clima de Paraguay,70900000
Clima de Uruguay,70800000
Clima de la ciudad de Buenos Aires,53500000
Clima de las islas Georgias del Sur y Sandwich del Sur,89600
Clima del Ecuador,111000000
Climax (banda boliviana),119
Clinton (Connecticut),119000000
Club Atlético Independiente de La Chorrera,122
Club Atlético Ituzaingó (Uruguay),100000
Club Cultural y Deportivo Águilas,1080000
Club Deportivo Bocas FC,113
Club Deportivo Marquense,138
Club Deportivo Minga Guazú,124
Club Deportivo San Luis Fútbol Club,57200000
Club Deportivo Santa Clara,14200000
Club Deportivo Universitario (Panamá),1200000
Club Deportivo de Puerto Sajonia,124
Club Félix Pérez Cardozo,387000
Club Internacional de Fútbol Panamá,6210000
Club Nacional (Salto del Guairá),302000
Club Olimpia (Villarrica),65200
Club Social y Deportivo Salto del Guairá,27200
Club Sport 3 de Julio,76300000
Club Sportivo Ameliano,459000
Club de Pescadores,14800000
Club-Mate,416000000
Clusia cooperi,4430
Clusia croatii,1360
Clusia cylindrica,20700
Clusia gracilis,25400
Clusia guatemalensis,71
Clusia penduliflora,3720
Clusia uvitana,138
Clytellus benguetanus,205
Clytellus lingafelteri,266
Clytellus philippinus,98
Clytoctantes atrogularis,2160
Cnemathraupis aureodorsalis,66
Cnemidophorus de Tres Cerros,3390
Cnemidophorus duellmani,5730
Cnemidophorus lemniscatus,14100
Cnesterodon pirai,654
Coa (mitología incaica),39300
Coalición Cartago Unido,49
Coatepeque (El Salvador),141
Cobija (Bolivia),10600000
Cobán,6260000
Coca Codo Sinclair,124
Coca Cola Frita,17100000
Cocachacra,132
Cocachimba,59500
Cocada (dulce),3120000
Coccochondra,540
Coccoloba gigantifolia,122
Coccothrinax miraguama,6460
Coccyzus ferrugineus,18700
Cochachinche,64
Cochapeti,57100
Cocharcas,317000
Cochas,579000
Cochigró,16600
Cochino frito,118
Cochito,1060000
Cochranella euknemos,5930
Cochranella litoralis,135
Cocina mexicana en el siglo XIX,130
Cocina muisca,131
Coclesito,130000
Coco (folclore),8730000
Coco (película),91000000
Coco Díaz,26100000
Coco Solo,412000000
Cocoa (Florida),66200000
Cocol,2030000
Cocorote,394000
Cocuixtle,89
Codanza,17800
Codo del Pozuzo,125
Coeligena eos,139
Coeligena orina,3960
Coelleira,22200
Coendou bicolor,27300
Coendou ichillus,2350
Coendou prehensilis,220
Coendou quichua,4280
Coendou rufescens,23600
Coendou sanctamartae,709
Coendou vestitus,7770
Coenobita clypeatus,46200
Coenocorypha pusilla,9030
Cohasset (Massachusetts),1990000
Coiba,777000
Coishco,277000
Cojedes (Cojedes),4040000
Cojimíes,265000
Cojitambo,207000
Cojutepeque,2000000
Cojímar,208000
Colaptes atricollis,15400
Colaptes cinereicapillus,1410
Colaptes fernandinae,7480
Colaptes melanochloros,180
Colcabamba,98
Colcha K,16600000
Colegio Compañía de Jesús (Antigua Guatemala),835000
Coleosoma caliothripsum,180
Coleosoma matinikum,199
Coleosoma pabilogum,399
Coleosoma pseudoblandum,59
Coleoxestia aurigena,585
Coleoxestia chemsaki,546
Coleoxestia clarkei,416
Coleoxestia eyai,319
Coleoxestia hovorei,706
Coleoxestia nitidissima,474
Coleoxestia pirrensis,224
Coleoxestia striatepunctata,389
Coleoxestia thomasi,815
Colias dimera,2250
Colibri coruscans,92000
Colimes,427000
Colina Kwamtta,37
Colinas de Suba,899000
Colisión de barcos en el mar del Norte en 2025,153
Colisión entre barcos en la isla Lamma de 2012,7360
Collana (municipio),115
Colletia paradoxa,11600
Colobothea andina,49500000
Colobothea androwi,3720000000
Colobothea caramaschii,5290
Colobothea cinerea,9120000
Colobothea declivis,53100
Colobothea fibrosa,2990000
Colobothea fikaceki,595
Colobothea hondurena,630000000
Colobothea larriveei,75800
Colobothea leucophaea,75000
Colobothea maculicollis,45100
Colobothea mosaica,210000000
Colobothea pascoensis,3320
Colobothea peruviana,2870000
Colobothea picturata,80
Colobothea regularis,367000
Colobothea rincona,5780000
Colobothea rouchei,2750
Colobothea scolopacea,12000
Colobothea sinaloensis,5900
Cololabis saira,96
Cololo Macedo,87
Cololó,359000
Colomba Costa Cuca,201000
Colombia (Cuba),488000000
Colonche (parroquia),159000
Colonia 18 de Julio,25700000
Colonia Acaray,66300
Colonia Bolívar (Araira),6270
Colonia Concordia,4570000
Colonia Cosmopolita,574000
Colonia Delta,13000000
Colonia Itapebí,72300
Colonia La Verbena,637000
Colonia Lavalleja,1390000
Colonia Mendoza (Venezuela),11100000
Colonia Ofir,43900
Colonia Palma (Artigas),396000
Colonia Rossell y Rius,67
Colonia Tapé Porã,18900
Colonia Valdense,453000
Colonia Wilson (Uruguay),85
Colonia agrícola de Turén,112
Colonia de las Islas de la Bahía,4110000
Colonia del Sacramento,14700000
Colossoma macropomum,230000
Colosó,129000
Colotenango,113
Colpophyllia natans,26900
Colpothrinax wrightii,144
Colquechaca,112
Colquencha (municipio),80
Colquiri,215000
Coluber mentovarius,99
Columba Domínguez,366000
Columbina cruziana,15300
Columbus III,31300000
Colón (Cuba),62800000
Colón (El Salvador),32700000
Colón (Uruguay),56100000
Comacarán,105000
Comalapa (El Salvador),767000
Comalapa (Nicaragua),300000
Comanche (Bolivia),108
Comandancia de Patagones,8170
Comandancia general de los partidos de Entre Ríos,2340000
Comandancia militar de las Islas Malvinas,104
Comandancia política y militar de las Islas Malvinas,23200
Comando Estadounidense-Británico-Neerlandés-Australiano,6390
Comando Matico,416000
Comanthus wahlbergii,868
Comapa (Jutiapa),197000
Comarca andina del Paralelo 42,49600
Comarqueña,13500
Comasagua,311000
Comaster schlegelii,2440
Comatrana,38100
Combate de Abtao,163
Combate de Angoteros (1903),479
Combate de Arroyo de la China,884000
Combate de Atacames,21900
Combate de Cacarajícara,2650
Combate de Ensenada (1827),13300
Combate de Ensenada (1828),15000
Combate de Guayacanes,61400
Combate de Huite,82500
Combate de La Rioja,129
Combate de Los Pozos,2670000
Combate de Martín García (1814),465000
Combate de Martín García (1838),96500
Combate de Martín García (1853),122000
Combate de Martín García (1859),478000
Combate de Miraflores (1831),16900
Combate de Pampa Germania,140
Combate de Papudo,35000
Combate de Pitambalá,554
Combate de Punta Colares,10400
Combate de Punta Lara (febrero de 1828),98
Combate de Punta Lara (junio de 1828),17600
Combate de Quilmes,568000
Combate de Quilmes (1828),8030
Combate de Torres Causana (1904),77
Combate de arroyo El Bellaco,10400
Combate de la Posta de los Colorados,9200
Combate de la Punta de Quilmes,140
Combate de las Vizcacheras,91
Combate de los Bajíos de Arregui,467
Combate del Banco de Ortiz,1070000
Combate del Callao,2560000
Combate naval de Angamos,506000
Combate naval de Arica,220000
Combate naval de Chipana,8510
Combate naval de Iquique,337000
Combate naval de Jaramijó,4590
Combate naval de Punta Gruesa,132000
Combate naval de Valparaíso (1814),12200
Combate naval del Buceo,229000
Combate naval del lago de Maracaibo,177
Combaya (municipio),79
Combayo,57700
Combrit,124
Comendador (municipio),100
Comercio atlántico de esclavos,1120000
Comisaría de Urabá,61
Comisión Administradora del Río Uruguay,341000
Comisión Ejecutiva del Río Lempa,126000
Comisión Para los Mamíferos Marinos del Atlántico Norte,69200
Comisión de Helsinki,111
Comisión de Pesca del Pacífico Occidental y Central,209000
Comodoro Rivadavia (buque de 1890),4090
Compañía Aeronáutica Nakajima,3950
Compañía Aeronáutica Tachikawa,884
Complejo Arquitectónico de La Recolección,477000
Complejo de Formativas de Barcelona Sporting Club,15500
Complejo hidroeléctrico Río Grande,243000
Complejo turístico de Quistococha,7260
Complejo volcánico Los Frailes,33400
Compsocerus,11600
Comunidad de Nizag,20800
Comunidad nativa Nazareth,26100
Con alma de pueblo,100
Con sabor a Perú,124
Conayca,40200
Concejo Municipal de Cartago,115
Concejo Municipal de El Hatillo,94300
Concejo Municipal de Heredia,492000
Concepcioneras de 1901,734
Concepción (Panamá),42000000
Concepción (Paraguay),30000000
Concepción (Sololá),104
Concepción (Zulia),3500000
Concepción (nao),48
Concepción Batres,456000
Concepción Chiquirichapa,116000
Concepción Las Minas,9630000
Concepción Quezaltepeque,219000
Concepción de Ataco,148
Concepción de Oriente,22500000
Concha Michel,4210000
Conchagua,753000
Conchagüita,122
Concheros,67
Concho Andrade,31300
Concholepas concholepas,201
Conchucos,98
Conchucos (región),132000
Concierto Lubolo,10900
Concierto de Conciertos,123
Concurso Nacional de Marinera,172
Concurso para matar a 100 personas usando una espada,82300
Concursos de Max Glücksmann,6890
Condado de Broward,439000
Condalia microphylla,204
Condalia thomasiana,107
Condega,1410000
Condemayta de Acomayo,53600
Condesito,58
Conepatus castaneus castaneus,2720
Conepatus castaneus proteus,293
Conepatus chinga,148
Conepatus chinga rex,195
Conepatus humboldtii,10300
Conepatus leuconotus,116
Conepatus semistriatus,15900
Conferencia de Arica,1220000
Conferencia de la Gran Asia Oriental,881000
Conflicto del Falso Paquisha,163
Conflicto diplomático entre Costa Rica y Nicaragua de 2010-2015,2110
Conflicto entre Argentina y Uruguay por plantas de celulosa,109000
Conflicto limítrofe entre Bolivia y Perú,167000
Conflicto limítrofe entre Colombia y Ecuador,85400
Conflicto limítrofe entre el Ecuador y el Perú,132
Conflictos ambientales en Panamá,124
Congo Mirador,124
Congreso de Oriente,36500000
Congreso de la Florida,9940000
Coniophanes quinquevittatus,701
Coniophanes schmidti,6730
Conioptilon mcilhennyi,6960
Conjunto Histórico de Birán,36700
"Conjunto Universitario ""Achalay""",1920
Conjunto calentano,141
Conjunto de arpa grande,1280000
Conjunto huasteco,111
Conjunto jarocho,174
Conjunto norteño,185
Conococha (Recuay),161
Conolophus marthae,8580
Conolophus pallidus,16800
Conolophus subcristatus,41300
Conophis vittatus,79
Conopias albovittatus,147
Conopophaga melanogaster,70
Conopophaga peruviana,11400
Conquista del Petén,145000
Conquista portuguesa de las Misiones Orientales,61200
Conquistador (1745),166000
Consejo Estatal del Azúcar (República Dominicana),394000
Consejo Internacional para la Exploración del Mar,7670000
Consejo Nacional de Camélidos Sudamericanos,132
Consejo Nacional de Áreas Protegidas (Guatemala),1190000
Consejo Popular (Cuba),19900000
Consejo de Estados del Mar Báltico,203000
Consolea macracantha,2160
Consolea millspaughii,1720
Consolea moniliformis,5730
Consolea nashii,1100000
Consolea picardae,1240
Constancia (Uruguay),21800000
Constante José Aguer,16500
Constanza (República Dominicana),1850000
Constitución (Uruguay),23000000
Constitución argentina de 1826,1020000
Consuelo (República Dominicana),5260000
Consulta popular de Guatemala de 2018,12000000
Consulta popular en La Manga del Cura de 2015,2
Contaminación del Lago de Maracaibo,375000
Contomastix celata,10
Contopus bogotensis,26400
Contopus fumigatus,34100
Contrabajeando,88
Contracanto,61000
Contracorriente ecuatorial,16600
Contramaestre (Cuba),222
Contramar,190000
Controversia sobre el descubrimiento del Río de la Plata,168000
Controversias navideñas,8700000
Conurbación Maldonado-Punta del Este,85
Conurbación Metropolitana de las Verapaces,54
Conurbación de Ambato,69
Conurbación de Babahoyo,1480
Conurbación de Guayaquil,81
Conurbación de Latacunga,1380
Conurbación de Machala,84
Conurbación de Manabí central,3100
Conurbación de Quevedo,5550
Conurbación de Quito,21400
Conurbación de Santo Domingo,52600
Conus abrolhosensis,955
Conus beatrix,8270
Convención Anderson-Porras,94500
Convención Castro-Quijano,174000
Convención Esquivel-Holguín,47400
Convención Fernández-Holguín,270000
Convención para la Protección del Medio Ambiente Marino del Atlántico del Nordeste,49800
Conventillo,394000
Conventillo Mediomundo,19400
Convento (Ecuador),8200000
Convento de Copacabana,487000
Convento de Santo Domingo (Antigua Guatemala),794000
Convento de la Concepción (Antigua Guatemala),139
Convoy Take Ichi,31000
Coordinadora de las Organizaciones Indígenas de la Cuenca Amazónica,125
Copa América de Futsal 2022,156
Copa América de Futsal 2024,20600000
Copa Centroamericana Campeones de Copa 1991,126
Copa Norte (Brasil),91400000
Copacati,23500
Copaifera officinalis,417000
Copeoglossum margaritae,812
Copernicia hospita,85
Copetín (Argentina),1130000
Copil,23100000
Coporaque (Arequipa),160000
Coporaque (Cusco),163000
Coppelia (empresa),104000
Coptops illicitus rosaceus,113
Coptops marmoreus,142
Coptops tetricus,135
Cora Ocllo,8180
Coradion,34400
Coradion altivelis,137
Coradion chrysozonus,134
Coradion melanopus,2850
Corallus hortulanus,211000
Corazón de piedra del parque nacional de Santa Teresa,365000
Corbeta Esmeralda,248000
Cordia alba,78
Cordillera (Chiriquí),334000
Cordillera Azanaques,67
Cordillera Azul (Perú),176
Cordillera Cahuapanas,1930
Cordillera Caribe,145
Cordillera Central (Bolivia),13100000
Cordillera Central (La Española),17600000
Cordillera Central (Panamá),9830000
Cordillera Central (Perú),19400000
Cordillera Chongón-Colonche,150
Cordillera Chonta,52400
Cordillera Chontaleña,79
Cordillera Dariense,80
Cordillera El Sira,182000
Cordillera Huaguruncho,157
Cordillera Huanzo,3350
Cordillera Huayhuash,461000
Cordillera Huaytapallana,27200
Cordillera Isabelia,82
Cordillera Kampankis,995
Cordillera La Viuda,1020000
Cordillera Nombre de Dios,140
Cordillera Occidental (Perú),2830000
Cordillera Occidental de Azuero,14700
Cordillera Oriental (Perú),158
Cordillera Oriental (República Dominicana),762000
Cordillera Pariacaca,161
Cordillera Puwaq Hanka,153
Cordillera Raura,61600
Cordillera Septentrional,1210000
Cordillera Volcánica (América Central),747000
Cordillera Volcánica Central (Costa Rica),524000
Cordillera de Amerrisque,5630
Cordillera de Caazapá,127
Cordillera de Carpish,10800
Cordillera de Guanacaste,592000
Cordillera de Guaniguanico,12800
Cordillera de Montecillos,98200
Cordillera de Mérida,2200000
Cordillera de San Blas,172
Cordillera de San Luís (Paraguay),827000
Cordillera de Talamanca,339000
Cordillera de Ybytypanemá,2080
Cordillera de Yolaina,2400
Cordillera de la Costa (Venezuela),15600000
Cordillera de los Altos,14900000
Cordillera de los Guacamayos,215000
Cordillera del Amambay,1060000
Cordillera del Bálsamo,326000
Cordillera del Cóndor,2080000
Cordillera del Interior,38600000
Cordillera del Ybytyruzú,22100
Cordones serranos bonaerenses (ecosistema),1310
Cordylancistrus perijae,890
Cordylancistrus platycephalus,5480
Cordylancistrus platyrhynchus,2150
Cordón de las Vírgenes,5680000
Corerac,17300
Corina del Parral,56800
Corinto (El Salvador),126
Corinto (Nicaragua),1080000
Corire,107000
Coris gaimard,107
Corita,1010000
Cormura brevirostris,13800
Corn Island,165000000
Cornelio Reyna,2580000
Coro Acardenchado,4260
Coro Coro,121
Coro Infantil del Colegio Manuel Pardo de Chiclayo,6290
Coroico,1040000
Corona (cerveza),26100000
Corona de los Andes,14200000
Coronado (Uruguay),122
Coronel (HSK 10),8
Coronel Marcelino Maridueña (ciudad),156000
Coronel Paulino Alén,50200
Corongo,230000
Corotú Civil,18500
Corozopando,27100
Corporación Dominicana de Empresas Estatales,670000
Corporación Fernández,7660000
Corpus Christi en La Villa de Los Santos,1130000
Corralillo,116
Corredor (Costa Rica),145
Corredor Cultural Roma Condesa,78600
Correo de Comercio,132000000
Correo ultramarino La Coruña-Montevideo,5040
Correrías del Huáscar,6020
Corrida de sortija,195
Corrido (México),85100000
Corrido de Chihuahua,122
Corrido de Monterrey,119
Corridos prohibidos,8300000
Corridos verdes,14100000
Corriente Ecuatorial del Norte,1610000
Corriente Ecuatorial del Sur,1660000
Corriente de Alaska,7580000
Corriente de Angola,60
Corriente de Australia Oriental,2310000
Corriente de Benguela,15900
Corriente de California,42800000
Corriente de Cromwell,191000
Corriente de Davidson,1220000
Corriente de Florida,47700000
Corriente de Groenlandia Occidental,179000
Corriente de Groenlandia Oriental,135000
Corriente de Guayana,757000
Corriente de Guinea,4740000
Corriente de Humboldt,1670000
Corriente de Irminger,60
Corriente de Islandia Oriental,1270000
Corriente de Kamchatka,97400
Corriente de Kuroshio,12400
Corriente de Lomonósov,17600
Corriente de Mindanao,92000
Corriente de Oyashio,2750
Corriente de Portugal,20900000
Corriente de Spitzbergen,102
Corriente de Tasmania,235000
Corriente de flujo de Indonesia,490000
Corriente de las Aleutianas,22200
Corriente de las Antillas,73
Corriente de las Azores,944000
Corriente de las Islas Canarias,2820000
Corriente de las Malvinas,8500000
Corriente del Atlántico Norte,4620000
Corriente del Atlántico Sur,5230000
Corriente del Brasil,56500000
Corriente del Caribe,28300000
Corriente del Golfo,7120000
Corriente del Labrador,74
Corriente del Niño,111000000
Corriente del Norte de Brasil,82
Corriente del Pacífico Norte,8150000
Corriente del Pacífico Sur,9180000
Corriente noruega,7760000
Corryocactus apiciflorus,48
Corryocactus aureus,1990
Corryocactus brevistylus,7820
Corryocactus chachapoyensis,661
Corryocactus dillonii,625
Corryocactus serpens,1680
Corryocactus squarrosus,60
Corte Provincial de Justicia del Guayas,119
Corumbá,4580000
Corvus minutus,220000
Corvus nasicus,12400
Corydoras acrensis,2670
Corydoras adolfoi,93600
Corydoras aeneus,513000
Corydoras albolineatus,13100
Corydoras amandajanea,3250
Corydoras apiaka,1580
Corydoras benattii,1510
Corydoras bethanae,1700
Corydoras bilineatus,9340
Corydoras brittoi,802
Corydoras burgessi,7310
Corydoras caudimaculatus,172
Corydoras cervinus,4220
Corydoras coriatae,1880
Corydoras desana,5230
Corydoras eversi,146
Corydoras froehlichi,141
Corydoras fulleri,2240
Corydoras gladysae,90
Corydoras granti,9100
Corydoras gryphus,123
Corydoras hastatus,64800
Corydoras hephaestus,8190
Corydoras knaacki,3310
Corydoras lacrimostigmata,1000
Corydoras leucomelas,165
Corydoras longipinnis,6300
Corydoras microcephalus,6930
Corydoras panda,208
Corydoras pavanelliae,820
Corydoras petracinii,1810
Corydoras pygmaeus,177000
Corydoras revelatus,737
Corydoras rikbaktsa,1100
Corydoras semiaquilus,5290
Corydoras sodalis,105
Corydoras sterbai,514000
Corydoras urucu,1930
Corynactis californica,11000
Corynactis viridis,11200
Corynorhinus leonpaniague,366
Coryphaenoides acrolepis,65
Corythoichthys intestinalis,16300
Corythoichthys ocellatus,14300
Corythoichthys schultzi,5320
Cosmopelma,19300
Cosmovisión afroecuatoriana,28500
Costa Azul (Canelones),7350000
Costa Azul (Francia),143
Costa Azul (Rocha),48500000
Costa Bermeja,116
Costa Oriental del Lago de Maracaibo,793000
Costa Salvaje (América del Sur),106
Costa Turquesa,21900000
Costa Vasca,15300000
Costa Verde (Lima-Callao),15900000
Costa de Granito Rosa,14400000
Costa de Mosquitos,109
Costa de Oro (Uruguay),63600000
Costa de Ámbar,18600000
Costa de Ópalo,769000
Costa del Este (Panamá),143
Costa fluvial de la Argentina,1310000
Costa marítima de meseta de la Argentina,35400
Costa marítima de montaña de la Argentina,427000
Costa sajona,559000
Costas de Cantabria,183
Costas del Tacuarí,318000
Costasiella kuroshimae,66000
Costeño,5500000
Costus productus,119
Cotahuasi,317000
Cotapachi,101000
Cotaruse,63
Cotentin,4450000
Cotinga ridgwayi,20600
Coto de caza Sunchubamba,4270
Cotorro,1630000
Cotubanamá,132
Cotuí,139
Country Club (Caracas),25900000
Couroupita guianensis,147000
Cracker de camarón,5570000
Cranchia scabra,2980
Cranioleuca albicapilla,5980
Cranioleuca baroni,3500
Cranioleuca berlepschi,98
Cranioleuca demissa,4760
Cranioleuca dissita,1430
Cranioleuca marcapatae,3870
Cranioleuca weskei,1120
Crataegus monogyna,903000
Craugastor adamastus,519
Craugastor alfredi,1280
Craugastor amniscola,462
Craugastor anciano,1170
Craugastor andi,802
Craugastor angelicus,906
Craugastor aphanus,826
Craugastor aurilegulus,789
Craugastor azueroensis,845
Craugastor bocourti,1480
Craugastor bransfordii,2180
Craugastor brocchi,1360
Craugastor campbelli,95
Craugastor catalinae,6300
Craugastor charadra,680
Craugastor chingopetaca,421
Craugastor chrysozetetes,479
Craugastor coffeus,576
Craugastor cruzi,752
Craugastor cuaquero,433
Craugastor cyanochthebius,654
Craugastor daryi,625
Craugastor emcelae,541
Craugastor emleni,719
Craugastor epochthidius,745
Craugastor escoces,1290
Craugastor evanesco,662
Craugastor fecundus,560
Craugastor fleischmanni,2390
Craugastor glaucus,1440
Craugastor gollmeri,1750
Craugastor greggi,1150
Craugastor guerreroensis,3280
Craugastor gulosus,1300
Craugastor inachus,592
Craugastor jota,447
Craugastor laevissimus,751
Craugastor laticeps,1810
Craugastor lauraster,582
Craugastor lineatus,3320
Craugastor loki,1640
Craugastor longirostris,3180
Craugastor matudai,1140
Craugastor melanostictus,1780
Craugastor merendonensis,554
Craugastor milesi,1070
Craugastor mimus,2000
Craugastor monnichorum,378
Craugastor montanus,7070
Craugastor myllomyllon,1100
Craugastor nefrens,473
Craugastor obesus,1120
Craugastor olanchano,1050
Craugastor omoaensis,690
Craugastor palenque,1170
Craugastor pechorum,572
Craugastor pelorus,715
Craugastor persimilis,917
Craugastor phasma,306
Craugastor podiciferus,2520
Craugastor polyptychus,870
Craugastor pozo,53
Craugastor punctariolus,137
Craugastor raniformis,2300
Craugastor ranoides,2420
Craugastor rayo,1100
Craugastor rhyacobatrachus,917
Craugastor rivulus,672
Craugastor rostralis,1500
Craugastor rugosus,1270
Craugastor rupinius,861
Craugastor sabrinus,85
Craugastor saltuarius,1390
Craugastor sandersoni,498
Craugastor silvicola,1110
Craugastor stadelmani,949
Craugastor stejnegerianus,1260
Craugastor stuarti,3780
Craugastor tabasarae,1020
Craugastor talamancae,139
Craugastor taurus,1450
Craugastor taylori,6050
Craugastor trachydermus,724
Craugastor underwoodi,1510
Craugastor xucanebi,952
Craugastor yucatanensis,1660
Crax alector,28000
Crax daubentoni,8210
Crax globulosa,11900
Creagrus furcatus,178
Creagrutus changae,4360
Creagrutus crenatus,619
Creagrutus gracilis,1520
Creagrutus gyrospilus,554
Creagrutus holmi,1210
Creagrutus hysginus,779
Creagrutus kunturus,924
Creagrutus lassoi,91
Creagrutus manu,2850
Creagrutus muelleri,1220
Creagrutus pearsoni,2750
Crema agria,11100000
Crematogaster arcuata,4810
Crematogaster atra,14200
Cremnocereus albipilosus,57
Cremona (comida),555000
Crenicichla acutirostris,155
Crenicichla adspersa,1320
Crenicichla alta,12300
Crenicichla anamiri,715
Crenicichla anthurus,1420
Crenicichla chicha,160
Crenicichla dandara,938
Crenicichla gillmorlisi,1610
Crenicichla hu,3640
Crenicichla jegui,149
Crenicichla johanna,5130
Crenicichla jupiaensis,1010
Crenicichla jurubi,791
Crenicichla labrina,774
Crenicichla lenticulata,104
Crenicichla lepidota,11800
Crenicichla lucius,2570
Crenicichla macrophthalma,1550
Crenicichla mandelburgeri,115
Crenicichla menezesi,3260
Crenicichla minuano,121
Crenicichla phaiospilus,876
Crenicichla ploegi,421
Crenicichla scottii,2790
Crenicichla taikyra,3010
Crenicichla tendybaguassu,134
Crenicichla tesay,145
Crenicichla yaha,1300
Crenicichla yjhui,15800
Crenicichla ypo,949
Creobroter meleagris,1760
Crepes & Waffles,123
Crescentia alata,189
Cricosaura typica,1490
Cricosaurus,70
Criollo de Cayo Rama,68400
Crisis de Anacoco,112
Crisis de Nicaragua de 1894-1895,6060
Crisis política en Perú de 2009,6580000
Crisis salina del Messiniense,2780
Cristina Abuhazi,1680
Cristina Cabrera,16500000
Cristina Merchán,60
Cristo Rey (Distrito Nacional),1880000
Cristo Yacente de los Pobres,44000
Cristo de la Misericordia (Garachico),8180
Cristo de la Salud (Los Llanos de Aridane),13000
Cristo del Jubileo,125
Cristo del Planto (Santa Cruz de La Palma),79
Cristos de Maíz,213
Cristóbal (República Dominicana),39500000
Cristóbal Colón (1883),193000
Cristóbal Colón (1897),631000
Cristóbal Rabelo,122000
Crocodylus acutus,199000
Crocodylus intermedius,91500
Crocodylus moreletii,148000
Cromartyshire (barco),576
Croqueta,5250000
Crossodactylus schmidti,3840
Crossoloricaria bahuaja,1540
Crotalus durissus,201000
Crotalus durissus terrificus,61200
Croton bonplandianus,10900
Croton ciliatoglandulifer,3430
Croton urucurana,188
Crozon,1790000
Cruce de los Pioneros,3610000
Cruces (Cuba),12600000
Crucita,2060000
Cruller,1720000
Cruz del Médano,948000
Cruz del Ávila,51200000
Cruziohyla calcarifer,19400
Cruziohyla craspedopus,14700
Cryptaspasma anaphorana,185
Cryptaspasma angulicostana,686
Cryptaspasma athymopis,439
Cryptaspasma hesyca,412
Cryptaspasma lugubris,542
Cryptaspasma marginifasciatus,6
Cryptaspasma trigonana,571
Cryptonanus chacoensis,76
Cryptonanus ignitus,1380
Cryptopipo litae,115
Cryptotis brachyonyx,913
Cryptotis equatoris,2010
Cryptotis goodwini,126
Cryptotis gracilis,14500
Cryptotis griseoventris,3740
Cryptotis hondurensis,72
Cryptotis mayensis,2190
Cryptotis meridensis,81
Cryptotis merriami,13100
Cryptotis nigrescens,18600
Cryptotis orophila,1090
Cryptotis parva,47500
Cryptotis squamipes,1370
Cryptotis tropicalis,75
Cryptotriton alvarezdeltoroi,769
Cryptotriton monzoni,570
Cryptotriton nasalis,910
Cryptotriton necopinus,312
Cryptotriton sierraminensis,406
Cryptotriton veraepacis,791
Crypturellus berlepschi,17500
Crypturellus casiquiare,4220
Crypturellus duidae,5850
Crypturellus erythropus,109
Crypturellus kerriae,2260
Crypturellus ptaritepui,148
Crypturellus transfasciatus,5490
Crypturellus variegatus,101
Cráter Silverpit,20000
Ctenoblepharys adspersa,2160
Ctenochaetus,288000
Ctenochaetus binotatus,278000
Ctenochaetus cyanocheilus,2420
Ctenochaetus hawaiiensis,11200
Ctenochaetus striatus,121
Ctenochaetus strigosus,191
Ctenochaetus tominiensis,34400
Ctenomys argentinus,2380
Ctenomys australis,37600
Ctenomys azarae,181
Ctenomys bergi,162
Ctenomys bidaui,800
Ctenomys boliviensis,9960
Ctenomys bonettoi,1070
Ctenomys budini,1010
Ctenomys chapalmalensis,962
Ctenomys colburni,1560
Ctenomys coludo,1710
Ctenomys contrerasi,175
Ctenomys contrerasi contrerasi,9800
Ctenomys contrerasi navonae,222
Ctenomys dorbignyi,2400
Ctenomys emilianus,1170
Ctenomys famosus,5390
Ctenomys fochi,1190
Ctenomys fodax,1040
Ctenomys frater barbarus,440
Ctenomys haigi,200
Ctenomys johannis,2330
Ctenomys knighti,2090
Ctenomys latro,7220
Ctenomys lessai,750
Ctenomys magellanicus,14900
Ctenomys magellanicus fueginus,371
Ctenomys magellanicus magellanicus,14100
Ctenomys magellanicus osgoodi,902
Ctenomys mendocinus,197
Ctenomys occultus,7730
Ctenomys osvaldoreigi,1320
Ctenomys pearsoni,199
Ctenomys perrensis,470
Ctenomys plebiscitum,385
Ctenomys pontifex,115
Ctenomys porteousi,1910
Ctenomys pundti,1260
Ctenomys rionegrensis,114
Ctenomys roigi,1480
Ctenomys saltarius,861
Ctenomys scagliai,812
Ctenomys sociabilis,15000
Ctenomys sylvanus,6850
Ctenomys sylvanus utibilis,253
Ctenomys talarum,13800
Ctenomys talarum antonii,1880
Ctenomys talarum occidentalis,111
Ctenomys talarum recessus,846
Ctenomys talarum talarum,193
Ctenomys thalesi,6170
Ctenomys thomasi,7680
Ctenomys torquatus,15600
Ctenomys tuconax,217
Ctenomys tucumanus,1680
Ctenomys tulduco,1650
Ctenomys validus,1600
Ctenomys viarapaensis,747
Ctenomys viperinus,1390
Ctenomys yolandae,101
Ctenosaura bakeri,19500
Ctenosaura melanosterna,101
Ctenosaura oedirhina,101
Ctenosaura palearis,6920
Ctenosaura quinquecarinata,4600
Ctenosaura similis,85000
Cuajada,2900000
Cuando estoy triste,185000000
Cuapa,557000
Cuareim 1080,84200
Cuareím (Uruguay),1110
Cuarteto Gómez Carrillo,199000
Cuarteto Santa Ana,1410000
Cuarteto Zupay,42700
Cuarto viaje de Colón,11400000
Cuaró,445000
Cuaternario en Cuba,83
Cuatro Grados Norte,119
Cuatro llanero,5060000
Cuatro venezolano,59200000
Cubachelifer strator,235
Cubanito,861000
Cubijíes (parroquia),29600
Cubiro,250000
Cuca (galleta),422000
Cuchavira,5510
Cuchilla (geografía),3030000
Cuchilla Alta,19700000
Cuchilla Colonia,8180000
Cuchilla Grande (Uruguay),210
Cuchilla de Belén,1670000
Cuchilla de Buricayupí,1530
Cuchilla de Caraguatá,36100
Cuchilla de Cerro Largo,406000
Cuchilla de Fuego,26100000
Cuchilla de Guaviyú,55100
Cuchilla de Haedo,35900
Cuchilla de Hospital,11000000
Cuchilla de Mangrullo,11400
Cuchilla de Peralta,423000
Cuchilla de Queguay,67000
Cuchilla de Ramírez,4530000
Cuchilla de San Salvador,2340000
Cuchilla de Santa Ana,945000
Cuchilla de Sopas,16100000
Cuchilla de las Averías,472000
Cuchilla del Daymán,198000
Cuchilla del Ombú,89
Cuchilla del Perdido,642000
Cuchillas del Toa,88500
Cuchivero,80400
Cuco Sánchez,2260000
Cueca,195
Cuenca Blake,570000
Cuenca argentina,75900000
Cuenca de Angola,3760000
Cuenca de Campos (Brasil),87
Cuenca de L'Atalante,6700
Cuenca de Marajó,59300
Cuenca de Pelotas,4900000
Cuenca de Santos,35000000
Cuenca de Tarija,2600000
Cuenca de Tsushima,25000
Cuenca de la laguna Merín en Uruguay,32100
Cuenca del Amazonas,146
Cuenca del Atlántico Nordeste Occidental,64500
Cuenca del Mediterráneo,9100000
Cuenca del Mirador,141
Cuenca del Pacífico,15200000
Cuenca del Petén,398000
Cuenca del Plata,135
Cuenca del Solimões,31500
Cuenca del Usumacinta,182000
Cuenca del río La Villa,139
Cuenca del río Santa Lucía,2870000
Cuenca del río Tonosí,9870
Cuenca lechera central de Argentina,111
Cuencas subandinas,81700
Cuentos de mi tía Panchita,29100
Cuentos del Tío Conejo,122
Cuentos viejos,18100000
Cuerauáperi,15300
Cueritos,3350000
Cuerpo de Preservación de la Paz de la Zona Desmilitarizada,10700
Cuesta de Piedra,85600000
Cuesta del Obispo,8870000
Cuesta del Portezuelo,130
Cuestión de Tarija,579000
Cueto (Cuba),1290000
Cueva El Fructuoso,128000
Cueva El Samán,440000
Cueva Imawarí Yeutá,1730
Cueva Ojos de Cristal,2360000
Cueva Sima Humboldt,12900
Cueva Zuloaga,385000
Cueva de El Fantasma,134
Cueva de San Miguel (Cuba),651000
Cueva de Sao Corona,2150000
Cueva de la Virgen,13900000
Cueva de las Lechuzas (Perú),68900
Cueva de los Gavilanes,335000
Cueva de los Panaderos,1310000
Cueva de los Tayos,127
Cueva del Espíritu Santo,119
Cueva del Indio,142
Cueva los Carraos,108
Cuevas de Bayano,31000
Cuevas de Candelaria,2810000
Cuevas de Kavac,5710
Cuevas de Nanumanga,294
Cuevas de Talgua,142
Cuevas del Pomier,41700
Cuevas del Silvino,100
Cuevas del pirata,1260000
Cufré (Uruguay),448000
Cuicocha,358000
Cuilapa,138
Cuilco,430000
Cuisnahuat,127000
Culebrón (mitología),71400
Culpina,274000
Cultura machalilla,240000
Culís en la guerra del Pacífico,10100
Cumanacoa,312000
Cumanana,116
Cumanayagua,278000
Cumbia (Colombia),67800000
Cumbia (Panamá),18700000
Cumbia amazónica,438000
Cumbia andina mexicana,704000
Cumbre Paragüito,4690
Cumbre Pica de los Silva,43400
Cumbre de Alaska,1010000
Cumbre de Chirgua,9390
Cumbres boscosas endemicas en Callayuc,239
Cumbres de la Ballena,872000
Cumulopuntia boliviana,4870
Cumulopuntia chichensis,722
Cumulopuntia dimorpha,555
Cumulopuntia ignescens,2320
Cumulopuntia iturbicola,445
Cumulopuntia leucophaea,741
Cumulopuntia mollispina,515
Cumulopuntia rossiana,2320
Cumulopuntia sphaerica,3740
Cumulopuntia subterranea,67
Cumulopuntia unguispina,580
Cumulopuntia zehnderi,695
Cuniculus paca,312000
Cuniculus silvagarciae,316
Cuniculus taczanowskii,99
Cuniraya Huiracocha,7270
Cupania vernalis,19300
Cupiches,4140
Cupiennius chiapanensis,742
Cupiennius salei,132
Cupulate,184
Curahuara,149000
Curahuasi,254000
Curares amazónicos,9840000
Curiapo,69
Curichi La Madre,25800
Curiepe,135000
Curimatella immaculata,1350
Curiquinca,6750
Curtido (alimento),30300000
Curtidores de hongos,124
Curtis LeMay,1710000
Curuguaty,595000
Curupira,861000
Curva (municipio),14000000
Cuscatancingo,113
Cuscomys,40400
Cusqueña,201
Cutchogue,675000
Cuvieronius,48000
Cuyagua,327000
Cuyancúa,111
Cuyotenango,273000
Cuyultitán,99300
Cuñapé,115000
Cuórum (festival de cine),109
Cyanea capillata,88700
Cyanerpes lucidus,198
Cyanocitta cristata,295000
Cyanocorax cayanus,182
Cyanocorax heilprini,2240
Cyanocorax mystacalis,179
Cyanocorax violaceus,26100
Cyanolimnas cerverai,8100
Cyanoliseus patagonopsis,414
Cyanoliseus patagonus andinus,113
Cyanoliseus patagonus conlara,109
Cyanoliseus patagonus patagonus,65700
Cyanolyca argentigula,2760
Cyardium granulatum,908
Cyathea balanocarpa,693
Cyathea mexicana,19000
Cyclopes didactylus,45900
Cyclopes dorsalis,4260
Cyclosa walckenaeri,3720
Cyclothone microdon,6730
Cyclothone pallida,3710
Cydia pomonella,264000
Cygnus columbianus columbianus,528000
Cylindropuntia caribaea,2780
Cylindropuntia hystrix,6910
Cymothoa recta,1110
Cymothoa rhina,495
Cymothoa truncata,702
Cynanthus canivetii,15400
Cynodon gibbus,10300
Cynodonichthys birkhahni,440
Cynodonichthys boehlkei,546
Cynodonichthys brunneus,6850
Cynodonichthys chucunaque,578
Cynodonichthys frommi,717
Cynodonichthys fuscolineatus,581
Cynodonichthys isthmensis,52
Cynodonichthys kuelpmanni,832
Cynodonichthys monikae,2230
Cynodonichthys montium,5680
Cynodonichthys pacificus,5060
Cynodonichthys rubripunctatus,379
Cynodonichthys siegfriedi,673
Cynodonichthys uroflammeus,862
Cynodonichthys villwocki,484
Cynolebias porosus,1210
Cynomops abrasus,3980
Cynomops greenhalli,2950
Cynomops mexicanus,4780
Cynomops milleri,65
Cynomops paranus,1930
Cynomops planirostris,151
Cynopotamus magdalenae,1610
Cynoscion regalis,28100
Cynoscion steindachneri,4700
Cynoscion striatus,15300
Cypella aurinegra,643
Cyphocharax magdalenae,3400
Cypseloides senex,38300
Cypseloides storeri,1780
Cyrtinus acunai,204
Cyrtinus araguaensis,6
Cyrtinus bifasciatus,295
Cyrtinus bordoni,65
Cyrtinus fisheri,60
Cyrtinus hispidus,200
Cyrtinus howdeni,545
Cyrtinus humilis,134
Cyrtinus melzeri,294
Cyrtinus mockfordi,317
Cyrtinus mussoi,98
Cyrtinus opacicollis,154
Cyrtinus penicillatus,278
Cyrtinus peruviensis,330
Cyrtinus schwarzi,415
Cyrtinus striatus,31800
Cyrtinus umbus,222
Cyrtopodium andersonii,119
Cyrtopodium punctatum,19000
Cystophora cristata,120
Cyttarops alecto,9560
Cámara de Comercio Paraguayo-Suiza,405000
Cántaro (instrumento musical),193000
Cántaro (recipiente),451000
Cárdenas (Nicaragua),14100000
Cébaco,155000
César Alvarenga,2810000
César Bosco Vivas Robelo,7730
César Isella,122
César Junaro,8560
César Rincón,14400000
Cíbola,59000
Círio de Nazaré,1010000
Císcar (CR),45900
Cítac,510000
Cóctel (comida),50600000
Códice de Dresde,74400
Código Bimini,334000
Cóndor (1887),518000
Córdoba (Bolívar),103
Córrego da Traição,434000
Cúpira,762000
D'Onofrio,6800000
Dabeiba,478000
Dacnis berlepschi,7230
Dacnis flaviventer,12100
Dacnis venusta,18600
Dacryodes chimantensis,1140
Dacryodes peruviana,119
Dactyloa agassizi,108
Dactylopterus volitans,61100
Dadanawa,57
Dagostinia,11300000
Dairon Cárdenas López,61
Dajabón,148
Dalia Inés,623000
Daniel Altamirano,7940000
Daniel Orellano,658000
Daniel Tinte,17500000
Daniel Toro,72100000
Daniel Viglietti,358000
Danza Qanchi de Mamuera,201
Danza Salay,413000
Danza Tatash,1400
Danza de Indios de Mesillas,84
Danza de Negritos y Las Pallitas,116
Danza de Quetzales,342000
Danza de las Pallas de Corongo,119
Danza de las tijeras,8810000
Danza de los Tecuanes,99400
Danza de los Viejitos,195
Danza de los aucas,82
Danza de los huehues,206000
Danza de los negritos (México),554000
Danza del Calalá,5260
Danza del venado,3510000
Danza folclórica mexicana,110
Danza mexica,1230000
Danza o Habanera,113
Danza shipibo,105000
Danzante de Pujilí,36100
Danzantes de Levanto,76700
Danzas Caribai,233000
Danzas afroperuanas,112
Danzas de Bolivia,16700000
Danzas de Tabasco,621000
Danzas del Perú,109
Danzas y canciones del Perú,137
Daptrius albogularis,25600
Daptrius ater,30500
Daptrius australis,10700
Daptrius carunculatus,5360
Daptrius chimango,204
Daptrius megalopterus,184
Darina solenoides,2330
Darwinismo en Ecuador,141
Darío Gómez,128
Dascyllus,151000
Dascyllus auripinnis,1180
Dascyllus marginatus,162
Dascyllus trimaculatus,39600
Dasiosoma hirsutum,116
Dasyandantha cuatrecasasiana,468
Dasycleobis crinitus,384
Dasyprocta azarae,29200
Dasyprocta fuliginosa,23500
Dasyprocta guamara,1180
Dasyprocta kalinowskii,137
Dasyprocta leporina,38800
Dasyprocta punctata,170000
Dasyprocta ruatanica,1900
Dasyprocta variegata,13700
Dasypterus ega,70
Dasypterus insularis,1490
Dasypus beniensis,69
Dasypus hybridus,140
Dasypus kappleri,9020
Dasypus mazzai,84
Dasypus novemcinctus,147
Dasypus pilosus,11800
Dasypus sabanicola,5000
Dasypus septemcinctus,13500
Daule,4600000
David (ciudad),310000000
David Albin Zywiec Sidor,57
David Este,913000000
David Lemaitre,80
David Sur,83
David Záizar,18700
Davidaster rubiginosus,109
De Alberdi,9220000
De Ushuaia a La Quiaca,375000
De hoy en adelante,240000000
De mi rancho a tu cocina,52800000
Deamia chontalensis,742
Deamia funis,2960
Deamia montalvoae,419
Debate sobre los bombardeos de Hiroshima y Nagasaki,36200
Decarneyhueso,15100
Deepwater Horizon,16400000
Deerfield Beach,189
Degüello de Moca,6310
Dei Gratia,3660000
Deixa Falar,166000000
Dekeyseria amazonica,57
Delgado (El Salvador),133
Delicias de Concepción,8950000
Deliciosa fruta seca,168
Delimitación natural entre los océanos Pacífico y Atlántico Sur por el arco de las Antillas Australes,1960
Delimitación natural entre los océanos Pacífico y Atlántico Sur por la zona de fractura Shackleton,51
Delphinus capensis,59500
Delphinus delphis,204
Delray Beach,25400000
Delta del Orinoco,2270000
Deltochilum nonstriatum,353
Deltochilum sericeum,229
Deltochilum tenuistriatum,177
Demarcación Hidrográfica de Santiago,49400
Demetrio González,2330000
Demografía de Guayaquil,156
Demonio Negro,34400000
Den Amstel,4610000
Dendrocephalus conosuris,268
Dendrocephalus spartaenovae,570
Dendrochirus barberi,1980
Dendrochirus biocellatus,9990
Dendrocincla anabatina,9670
Dendrocincla homochroa,18800
Dendrocolaptes picumnus,49500
Dendrocolaptes sanctithomae,22700
Dendrogyra cylindrus,26400
Dendropsophus acreanus,820
Dendropsophus amicorum,606
Dendropsophus aperomeus,507
Dendropsophus arndti,759
Dendropsophus battersbyi,5360
Dendropsophus bifurcus,96
Dendropsophus bokermanni,2390
Dendropsophus brevifrons,92
Dendropsophus carnifex,4300
Dendropsophus coffeus,522
Dendropsophus delarivai,2670
Dendropsophus ebraccatus,109
Dendropsophus gryllatus,931
Dendropsophus haraldschultzi,1090
Dendropsophus koechlini,1030
Dendropsophus leali,1400
Dendropsophus leucophyllatus,12800
Dendropsophus luteoocellatus,514
Dendropsophus marmoratus,17600
Dendropsophus meridensis,1260
Dendropsophus microps,9790
Dendropsophus minusculus,1670
Dendropsophus minutus,26200
Dendropsophus miyatai,1700
Dendropsophus nanus,15100
Dendropsophus parviceps,4830
Dendropsophus rhodopeplus,2650
Dendropsophus rossalleni,1460
Dendropsophus sanborni,4090
Dendropsophus sartori,120
Dendropsophus triangulum,5450
Dendropsophus walfordi,3340
Dendropsophus yaracuyanus,463
Dendrotriton bromeliacius,513
Dendrotriton chujorum,413
Dendrotriton cuchumatanus,667
Dendrotriton kekchiorum,387
Dendrotriton megarhinus,883
Dendrotriton rabbi,1720
Dendrotriton sanctibarbarus,648
Dendrotriton xolocalcae,1050
Dengue Dengue Dengue!,124
Denis Caniza,60100
Denmoza,57200
Dentex dentex,1110000
Departamento Central,108
Departamento Central (Cuba),95
Departamento Occidental,58500000
Departamento Oriental,80
Departamento de Ahuachapán,149
Departamento de Alta Verapaz,9210000
Departamento de Alto Paraguay,38400000
Departamento de Alto Paraná,14100000
Departamento de Amambay,875000
Departamento de Amatitlán,1470000
Departamento de Atlántida,2200000
Departamento de Azuay,1200000
Departamento de Baja Verapaz,146
Departamento de Boaco,324000
Departamento de Boquerón,1230000
Departamento de Caaguazú,987000
Departamento de Caazapá,135
Departamento de Cabañas,140
Departamento de Canindeyú,136
Departamento de Carazo,142
Departamento de Chalatenango,152
Departamento de Chimaltenango,4110000
Departamento de Chinandega,706000
Departamento de Chiquimula,138
Departamento de Chiriquí,2140000
Departamento de Choluteca,2620000
Departamento de Chontales,444000
Departamento de Coclé,499000
Departamento de Colón,23400000
Departamento de Colón (Panamá),70800000
Departamento de Comayagua,2710000
Departamento de Concepción (Paraguay),10700000
Departamento de Copán,149
Departamento de Cordillera,137
Departamento de Cortés,16400000
Departamento de Cuscatlán,723000
Departamento de Ecuador,150000000
Departamento de El Paraíso,141
Departamento de El Progreso,59200000
Departamento de Escuintla,138
Departamento de Estelí,144
Departamento de Francisco Morazán,4160000
Departamento de Fábrega,342000
Departamento de Gracias a Dios,353000000
Departamento de Granada,20200000
Departamento de Guairá,936000
Departamento de Guatemala,124000000
Departamento de Guayaquil,36300000
Departamento de Herrera,21900000
Departamento de Huehuetenango,4890000
Departamento de Intibucá,143
Departamento de Ipiales,1990000
Departamento de Islas de la Bahía,22200000
Departamento de Itapúa,1040000
Departamento de Izabal,3380000
Departamento de Jalapa,4070000
Departamento de Jinotega,138
Departamento de Jutiapa,4310000
Departamento de La Libertad (El Salvador),28900000
Departamento de La Paz (El Salvador),45400000
Departamento de La Paz (Honduras),142
Departamento de Lempira,1160000
Departamento de León,99000000
Departamento de Los Santos,119000000
Departamento de Madriz,521000
Departamento de Managua,11400000
Departamento de Masaya,1070000
Departamento de Matagalpa,147
Departamento de Misiones,35700000
Departamento de Morazán,2140000
Departamento de Natá,10900000
Departamento de Nueva Asunción,100
Departamento de Nueva Segovia,9290000
Departamento de Ocotepeque,765000
Departamento de Olancho,145
Departamento de Panamá (1855-1886),842
Departamento de Paraguarí,895000
Departamento de Petén,2260000
Departamento de Presidente Hayes,137
Departamento de Quetzaltenango,152
Departamento de Quiché,2500000
Departamento de Retalhuléu,4210
Departamento de Rivas,17400000
Departamento de Río San Juan,142
Departamento de Sacatepéquez,129
Departamento de San Marcos,60200000
Departamento de San Miguel (El Salvador),148000000
Departamento de San Pedro (Paraguay),78800000
Departamento de San Salvador,99200000
Departamento de San Vicente (El Salvador),88400000
Departamento de Santa Ana,81200000
Departamento de Santa Bárbara (Honduras),142
Departamento de Santa Rosa (Guatemala),144
Departamento de Sololá,147
Departamento de Sonsonate,1260000
Departamento de Soto (Panamá),996000
Departamento de Suchitepéquez,1210000
Departamento de Totonicapán,147
Departamento de Tumaco,1560000
Departamento de Usulután,819000
Departamento de Valle,133000000
Departamento de Veraguas,750000
Departamento de Yoro,138
Departamento de Zacapa,3950000
Departamento de Zelaya,1310000
Departamento de Zelaya Central,3030000
Departamento de Ñeembucú,148
Departamento del Orinoco,125
Departamentos de El Salvador,55400000
Departamentos de Guatemala,53200000
Departamentos de Paraguay,32000000
Dependencias federales de Venezuela,987000
Deportivo Las Sabanas,45500000
Deportivo San José,73300000
Depresión Tropical 12E,181
Depresión de Islandia,563000
Depresión de Unare,8280
Depresión de Yaracuy,233000
Depresión del Táchira,183000
Depresión tropical Doce-E (2011),3150000
Derecho internacional humanitario durante la guerra del Pacífico,219000
Derlis Orué,97
Dermasterias imbricata,7090
Dermatonotus muelleri,6680
Dermochelys coriacea,419000
Dermophis costaricense,924
Dermophis glandulosus,892
Dermophis gracilior,99
Dermophis mexicanus,7820
Dermophis oaxacae,147
Dermophis occidentalis,1690
Dermophis parviceps,1290
Deroptyus accipitrinus,188
Derrame de petróleo de El Palito de 2020,157
Derrame de petróleo de El Palito de 2023,161
Desaparición del Star Tiger en las Bermudas,2790
Desastre de Honda Point,99100
Desastre de La Josefina,706000
Desastre del Marchioness,4560
Desastre minero de Nambija,1160
Desastre naval de las Sorlingas de 1707,834
Desayuno yungueño,122
Descarnada,580000
Desde Hoy (álbum),154
Desembarco de Lae,152000
Desembarco de la bahía de Jacquinot,464
Desembarco en Amchitka,636
Desembarco y combate de Pisagua,11100
Desembocadura de Río Grande,163
Desembocadura del Nanay,6260
Desfile de la Victoria de Asunción de 1935,125
Desfile de llamadas,4470000
Deshilado de Aguascalientes,124
Desierto de California (Perú),1750000
Desierto de La Guajira,143
Desierto de Sechura,191000
Desierto del Sarigua,19300
Deslave de Alausí de 2023,16100
Deslizamiento de rocas en Capitólio,3790
Deslizamiento de tierra en El Cambray II de 2015,2700
Desmodus rotundus,152
Destino San Javier,43300000
Deutschland (1866),20100000
Devastaciones de Osorio,28500
Diablada,2190000
Diablada puneña,93800
Diablo Chingo,485000
Diablos danzantes de Ocumare de la Costa,5470
Diadema antillarum,152000
Diaemus youngi,19700
Diaethria candrena,2710
Diaethria clymena,205
Diaethria eluina,126
Diaethria euclides,60
Diaethria neglecta,85
Diagonal árida de América del Sur,87
Diana Reyes,63800000
Dianema longibarbis,7700
Dianema urostriatum,71
Dianthera speciosa,2800
Diaphanos,2330
Diaphus theta,4120
Diaphus watasei,4040
Diapoma alburnum,17400
Diapoma nandi,3780000
Diapoma obi,746000
Diapoma pyrrhopteryx,505
Diario Libre,173
Diario Popular (Paraguay),14600000
Diasporus citrinobapheus,106
Diasporus gularis,1790
Diasporus hylaeformis,1240
Diasporus igneus,449
Diasporus tigrillo,62
Diasporus ventrimaculatus,831
Dicentrarchus punctatus,90
Dichromanthus aurantiacus,1860
Dichrozona cincta,10400
Diclidurus albus,10500
Diclidurus ingens,2100
Diclidurus isabellus,895
Diclidurus scutatus,5600
Dicliptera squarrosa,182
Dicologlossa cuneata,5870
Dicologlossa hexophthalma,105
Diconospelta gallardoi,383
Dicotyles tajacu,33400
Dicrodon guttulatum,148
Didelphis albiventris,82000
Didelphis aurita,65700
Didelphis imperfecta,4050
Didelphis marsupialis,138
Didelphis pernigra,117
Didelphis virginiana,744000
Diecinueve de Junio,218000000
Diego Alfaro,15100000
Diego Lamas,6500000
Diego Álvarez Osorio,56
Dieppe (Sena Marítimo),39100
Dieta prehispánica de Mesoamérica,240000
Diez años de Soledad,14900000
Diez de Octubre (Cuba),42000000
Diglossa duidae,21600
Diglossa gloriosa,7220
Diglossa major,113
Diglossa venezuelensis,9300
Digno Amador Núñez,86600
Diloboderus abderus,12800
Diluvio de San Dionisio,97800
Dinard,7980000
Dinarra,11100
Dingyuan (1885),6110
Dino Park,117000000
Dino Saluzzi,153000
Dinocardium robustum,148
Dinocheirus arizonensis,49
Dinocheirus obesus,948
Dinoderus scabricauda,438
Dinomys branickii,29400
Dinoptera minuta criocerina,92
Diomedea sanfordi,23700
Dionisio Díaz,2970000
Diopsittaca nobilis,36200
Dios L,410000000
Dios de los báculos,122
Dios maya del maíz,141
Dioscorea floribunda,87900
Diphylla ecaudata,199
Diphysa punctata,5130
Dipilto,250000
Diplocentrus longimanus,669
Diplocentrus zacatecanus,576
Diplodon parodizi,723
Diploglossus millepunctatus,1430
Diplogrammus goramensis,2150
Diploptera minor,8990
Dipsas catesbyi,9270
Dipsas pratti,53
Dipsas turgida,159
Dipsas variegata,161
Dipteryx oleifera,34000
Dique El Bolsón,65700
Dique Mauá,98600
Dique Paso de las Piedras,1050000
Dique Roggero,313000
Dique de Motegasta,2580
Diriamba,140
Diriomo,132
Diriá,108
Dischidodactylus,18400
Dischidodactylus colonnelloi,471
Dischidodactylus duidensis,503
Discocactus ferricola,2160
Discocactus hartmannii,67
Discocyrtus prospicuus,1310
Discocyrtus testudineus,964
Discopus princeps,261
Discurso de Navidad de 1942 de Pío XII,36100
Discurso en el Politeama,67800
Dismorphia boliviana,2480
Dismorphia lelex,1240
Disocactus aurantiacus,1940
Disocactus biformis,2300
Disocactus crenatus,71
Disocactus hondurensis,1300
Disocactus lepidocarpus,421
Disocactus lodei,737
Disocactus macranthus,5060
Disocactus nelsonii,3810
Disocactus quezaltecus,1280
Disocactus salvadorensis,1760
Disocactus speciosus,6000
Dispuesto a amarte,1280000
Disputa de Curupayty y Lomas de Pedro González,1970
Distenia dillonorum,60
Distenia gressitti,205
Distenia japonica yakushimana,158
Distenia jordanai,663
Distenia langurioides,558
Distenia peninsularis,185
Distenia polisana,5
Distenia punctulata,175
Distenia sallaei,177
Distenia toledoi,21400
Distrito 1 (Yacuiba),134000
Distrito Central (Honduras),20400000
Distrito Especial Omar Torrijos Herrera,35800
Distrito Lagunillas,1010000
Distrito Metropolitano de Caracas,819000
Distrito Metropolitano de Guayaquil,1010000
Distrito Nacional,136
Distrito Perijá,113000
Distrito de Acolla,101
Distrito de Aguadulce,417000
Distrito de Alanje,119
Distrito de Antón,112
Distrito de Arraiján,129
Distrito de Atalaya,1340000
Distrito de Balboa,1410000
Distrito de Barú,11800000
Distrito de Bellavista (Callao),122
Distrito de Besikó,96300
Distrito de Boquerón,107
Distrito de Boquete,1330000
Distrito de Bugaba,138
Distrito de Calobre,137000
Distrito de Capira,123
Distrito de Carmen de La Legua-Reynoso,135
Distrito de Cañazas,120
Distrito de Chaccho,16000
Distrito de Chalchuapa,226000
Distrito de Chame,1590000
Distrito de Chepigana,41000
Distrito de Chepo,243000
Distrito de Chimán,96
Distrito de Chitré,397000
Distrito de Cémaco,43800
Distrito de David,58100000
Distrito de Dolega,188000
Distrito de Emperador,79
Distrito de Gualaca,146000
Distrito de Guararé,197000
Distrito de Jirondai,35000
Distrito de Kankintú,114
Distrito de Kusapín,91200
Distrito de La Chorrera,844000
Distrito de La Mesa,91600000
Distrito de La Perla,9000000
Distrito de La Punta,33700000
Distrito de Las Minas,138000000
Distrito de Las Palmas,61900000
Distrito de Las Tablas,12700000
Distrito de Los Pozos,15000000
Distrito de Los Santos,104000000
Distrito de Macaracas,133000
Distrito de Mariato,118000
Distrito de Metapán,111
Distrito de Mi Perú,73700000
Distrito de Mironó,42400
Distrito de Montijo,2250000
Distrito de Munä,378000
Distrito de Natá,6080000
Distrito de Nole Duima,23100
Distrito de Ocú,106
Distrito de Olá,18600000
Distrito de Pacora (Panamá),217000
Distrito de Panamá,28200000
Distrito de Parita,151000
Distrito de Pedasí,119
Distrito de Penonomé,128
Distrito de Pesé,16300000
Distrito de Pinogana,98
Distrito de Pocrí,110000
Distrito de Ponuga,32100
Distrito de Portobelo,1140000
Distrito de Remedios,30900000
Distrito de Renacimiento,2820000
Distrito de Riego y Drenaje La Ramada,6080
Distrito de Río de Jesús,42500000
Distrito de Sambú,90
Distrito de San Carlos (Panamá),112
Distrito de San Francisco (Veraguas),409000
Distrito de San Félix,14300000
Distrito de San Lorenzo (Panamá),2040000
Distrito de San Miguelito,998000
Distrito de Santa Ana (El Salvador),20100000
Distrito de Santa Catalina o Calovébora,21500
Distrito de Santa Fe,112
Distrito de Santa Fe (Darién),253000
Distrito de Santa Isabel,86
Distrito de Santa María (Panamá),20100000
Distrito de Santiago (Panamá),18100000
Distrito de Soná,14000000
Distrito de Taboga,139000
Distrito de Tierras Altas,4900000
Distrito de Tolé,103
Distrito de Tonosí,133000
Distrito de Ventanilla,15100000
Distrito de Ñürüm,31100
Distrito del Alto Apure,873000
Distrito del Callao,18300000
Distrito metropolitano de Quito,2850000
Distrito naval de Maizuru,1440
Distritos de Costa Rica,9760000
Distritos de Managua,115
Divercine,87
Dives-sur-Mer,3110000
Diócesis de Baní,37300
Diócesis de Barahona,141
Diócesis de Benjamín Aceval,17100
Diócesis de Bluefields,46400
Diócesis de Caacupé,240000
Diócesis de Caazapá,42700
Diócesis de Carapeguá,20900
Diócesis de Ciego de Ávila,41900
Diócesis de Cienfuegos,133000
Diócesis de Concepción en Paraguay,232000
Diócesis de Coronel Oviedo,83700
Diócesis de Encarnación,122
Diócesis de Estelí,169000
Diócesis de Granada (Nicaragua),774000
Diócesis de Guantánamo-Baracoa,9840
Diócesis de Holguín,122000
Diócesis de Ipiales,28300
Diócesis de Jinotega,83200
Diócesis de Juigalpa,97
Diócesis de La Vega,691000
Diócesis de León (Nicaragua),1780000
Diócesis de Mao-Monte Cristi,88
Diócesis de Matagalpa,238000
Diócesis de Matanzas,177000
Diócesis de Nuestra Señora de la Altagracia en Higüey,34900
Diócesis de Pinar del Río,157000
Diócesis de Puerto Plata,125
Diócesis de Riobamba,106000
Diócesis de San Francisco de Macorís,43400
Diócesis de San Juan Bautista de las Misiones,415000
Diócesis de San Juan de la Maguana,102
Diócesis de San Lorenzo,1170000
Diócesis de San Pedro de Macorís,48900
Diócesis de Santa Clara,1840000
Diócesis de Siuna,29500
Diócesis de Stella Maris,171000
Diócesis de Tumaco,132
Diócesis del Santísimo Salvador de Bayamo-Manzanillo,119
Dmitri (barco ruso),58500
Doble ruptura del bloqueo de Arica,14100
Doce días de Navidad,40800000
Doce uvas,21300000
Dock Sud,202
Doctor Cirilo Solalinde,4210
Doctor Pedro P. Peña,92
Dodonaea viscosa,343000
Doggerland,144
Dogo argentino,20600000
Dolega,1600000
Dolichocebus gaimanensis,1220
Dolicholagus longirostris,2180
Dolichorhinotermes apopnus,406
Dolichorhinotermes dominicanus,478
Dolichorhinotermes japuraensis,1
Dolichorhinotermes longidens,349
Dolichotis patagonum,80400
Dolichotis patagonum centricola,112
Dolichotis patagonum patagonum,78500
Dolichotis salinicola,7150
Doliornis sclateri,7170
Dolores (El Salvador),124
Dolores (Nicaragua),63300000
Dolores (Petén),350000
Dolores Casanova,3890000
Domingo Antonio de Achával,86400
Domingo de Bonechea,77
Dominique Peltier,783000
Don Antonio de Ulloa (1883),54900
Don Juan (Monte Plata),215
Don Juan de Austria (1883),246000
Don López,368000000
Don Pedrito,123
Don Timoteo,10100000
Dona (comida),134000000
Donacospiza albifrons,17900
Donaldo Chávez Núñez,105000
Donax hanleyanus,6010
Donax trunculus,46900
Donuts (marca),30800000
Dora María,31300000
Dora Pérez de Zárate,1240000
Dorada Pampeana,45100
Doraops zuloagai,976
Doras higuchii,3790
Doras phlyzakion,732
Doricha enicura,3660
Dorindo Cárdenas,126000
Dorstenia contrajerva,10300
Dorstenia drakena,3120
Doryfera johannae,8940
Dorymyrmex flavescens,789
Doryrhamphus,61600
Doryrhamphus excisus,15300
Doryrhamphus janssi,2810
Dosidicus gigas,207
Douarnenez,5320000
Dougal Robertson,192000
Dover (Kent),118
Doxocopa laurentia,12000
Dr. Francia (Asunción),149
Dragón (1737),2710000
Dragón (1745),3060000
Dromiciops bozinovici,1970
Dromiciops gliroides,36200
Drosera roraimae,130
Dryadula phaetusa,154
Drycothaea curtula,722
Drycothaea estola,597
Drycothaea hovorei,242
Drycothaea indistincta,436
Drycothaea indivisa,475
Drycothaea jolyi,739
Drycothaea maculata,484
Drycothaea mexicana,59600000
Drycothaea ocularis,354
Drycothaea rotundicollis,428
Drycothaea spreta,10
Drycothaea turrialbae,527
Drycothaea vulcanica,334
Drycothaea wappesi,540
Drymarchon corais,197
Drymarchon melanurus,213
Drymoea aenea,182
Drymoea alcera,128
Drymoea antiphates,131
Drymoea beata,100
Drymoea caelisigna,132
Drymoea choba,55
Drymoea chrysomela,124
Drymoea collinsi,69
Drymoea crescens,164
Drymoea cyaneres,89
Drymoea cydrara,134
Drymoea cynara,75
Drymoea darthula,108
Drymoea discalis,162
Drymoea donuca,123
Drymoea flora,97
Drymoea hesperoides,401
Drymoea pandia,54
Drymoea satellitia,89
Drymoea tolosa,91
Drymoea veliterna,400
Drymophila caudata,60
Drymophila devillei,7310
Drymophila hellmayri,52
Dryophytes arboricola,167
Dryophytes euphorbiaceus,686
Duaca,120
Duarte Barbosa,19100000
Dubusia stictocephala,1510
Duellmanohyla chamulae,1150
Duellmanohyla ignicolor,1150
Duellmanohyla lythrodes,574
Duellmanohyla rufioculis,141
Duellmanohyla salvavida,97
Duellmanohyla schmidtorum,1170
Duellmanohyla soralia,3460
Duellmanohyla uranochroa,120
Duendes del bacín,81
Dueño del monte,34600000
Dugong dugon,235000
Duguay-Trouin,494000
Duida,105000
Dulce Nombre de María,74700000
Dulce de batata,36400000
Dulce de leche,264000000
Dulce de membrillo,5050000
Dulce mexicano,219
Dulus dominicus,19800
Dumas Oroño,89
Duna Cerro Blanco,674000
Duna Grande,21200000
Duna Toro Mata,215000
Dunas costeras bonaerenses,104
Dunas de Baní,63000
Dunas de Cabo Polonio,56600
Dunas de Huayuri,1120
Dunas de Ica,1060000
Dunas de Tanaka,19900
Dunckerocampus,28100
Dunckerocampus baldwini,1020
Dunckerocampus dactyliophorus,179
Dunckerocampus pessuliferus,3100
Dunstervillea mirabilis,259
Duodécima Noche,409000
Dupouyichthys sapito,36
Duranguense,2440000
Durdle Door,1820000
Dusicyon avus,7630
Dutchie,4580000
Duvergé,460000
Duxbury (Massachusetts),5820000
Dzahui,26600
Día Internacional de los Trabajadores,125000000
Día Internacional del Jaguar,10600000
Día Mundial del Malbec,637000
Día Nacional de la Isla de los Estados,107
Día Nacional de la Mujer Indígena u Originaria,354000
Día Nacional del Candombe,517000
Día Nacional del Mate,153
Día de Año Nuevo,1340000000
Día de San Nicolás,73800000
Día de Todos los Santos,124
Día de la Independencia del Perú,123
Día de la Raza,170000000
Día de las velitas,4530000
Día de los Pueblos Originarios y del Diálogo Intercultural,135
Día de los mártires estudiantiles,269000
Día de los tres gobernadores,5330000
Día de muertos (película de 2019),19900000
Día de no comprar nada,439000000
Día de todos los Santos en Perú,89900000
Dónut de coco,210
Dónut de crema de Boston,203
Dúo Salteño,161000
East Hampton (Nueva York),3260000
Eastham (Massachusetts),137
Eastport (Maine),135
Ebo carmineus,261
Ebo evansae,312
Ebo fuscus,2400
Ebo meridionalis,1820
Eburia elegans,4270
Eburia elongata,4150
Eburia giesberti,585
Eburia hatsueae,610
Eburia inarmata,398
Eburia juanitae,282
Eburia latispina,271
Eburia longicornis,838
Eburia maccartyi,709
Eburia marginalis,3950
Eburia mutata,289
Eburia nigrovittata,490
Eburia paraegrota,655
Eburia patruelis,733
Eburia pellacia,254
Eburia perezi,1210
Eburia pinarensis,240
Eburia poricollis,285
Eburia powelli,316
Eburia pseudostigma,492
Eburia ramsdeni,230
Eburia ribardoi,273
Eburia rotundipennis,626
Eburia semipubescens,490
Eburia sexnotata,394
Eburodacrys errata,414
Eburodacrys guttata,790
Eburodacrys silviamariae,463
Eburodacrys skillmani,440
Eburodacrys wappesi,556
Echarate,115000
Echeandía,119
Echeveria argentinensis var. kieslingii,116
Echeveria peruviana,29200
Echinodorus bleheri,196000
Echinopsis albispinosa,1100
Echinopsis ancistrophora,18200
Echinopsis angelesiae,1550
Echinopsis arachnacantha,21300
Echinopsis arboricola,5840
Echinopsis aurea,52900
Echinopsis ayopayana,942
Echinopsis backebergii,3630
Echinopsis breviflora,3420
Echinopsis bridgesii,85
Echinopsis bridgesii subsp. vallegrandensis,572
Echinopsis bruchii,15300
Echinopsis caineana,55
Echinopsis calochlora,116
Echinopsis calorubra,2590
Echinopsis camarguensis,1720
Echinopsis cardenasiana,2280
Echinopsis caulescens,1930
Echinopsis chalaensis,78
Echinopsis chamaecereus,162000
Echinopsis chrysantha,5450
Echinopsis chrysochete,1530
Echinopsis clavata,3600
Echinopsis crassicaulis,93
Echinopsis cuzcoensis,88
Echinopsis densispina,5680
Echinopsis famatimensis,4830
Echinopsis ferox,17700
Echinopsis friedrichii,20400
Echinopsis hahniana,13800
Echinopsis hammerschmidii,546
Echinopsis hertrichiana,3080
Echinopsis jajoana,790
Echinopsis luisramirezii,976
Echinopsis macrogona,76
Echinopsis mamillosa,6600
Echinopsis marsoneri,5840
Echinopsis maximiliana,65
Echinopsis minutiflora,2520
Echinopsis oligotricha,1240
Echinopsis pampana,1980
Echinopsis pamparuizii,703
Echinopsis pentlandii,4320
Echinopsis pereziensis,286
Echinopsis pugionacantha,2420
Echinopsis quadratiumbonata,822
Echinopsis rauschii,9650
Echinopsis rojasii,37000
Echinopsis saltensis,3830
Echinopsis sandiensis,511
Echinopsis schickendantzii,10800
Echinopsis schieliana,71
Echinopsis schreiteri,1180
Echinopsis serpentina,2890
Echinopsis silvestrii,26300
Echinopsis smrziana,845
Echinopsis spachiana,29200
Echinopsis stilowiana,622
Echinopsis strigosa,2800
Echinopsis sucrensis,1100
Echinopsis tacaquirensis,2000
Echinopsis tarijensis,6740
Echinopsis tegeleriana,1140
Echinopsis thelegona,2070
Echinopsis thelegonoides,1620
Echinopsis tiegeliana,63
Echinopsis torrefluminensis,81
Echinopsis tubiflora,32700
Echinopsis uyupampensis,950
Echinopsis vasquezii,1020
Echinopsis volliana,1190
Echinopsis walteri,1190
Echinopsis werdermannii,80
Ecnomiohyla bailarina,97
Ecnomiohyla echinata,911
Ecnomiohyla fimbrimembra,693
Ecnomiohyla minera,1180
Ecnomiohyla phantasmagoria,723
Ecnomiohyla rabborum,3570
Ecnomiohyla salvaje,1160
Ecnomiohyla sukia,1600
Ecnomiohyla thysanota,616
Ecnomiohyla valancifer,1260
Ecnomiohyla veraguensis,53
Ecología de la Amazonía del Perú,2870000
Economía de la Navidad,120000000
Ecorregiones de Paraguay,140
Ecorregión Chaco Húmedo,49300
Ecorregión de agua dulce Titicaca,5830
Ecorregión de agua dulce drenajes bonaerenses,2410
Ecorregión del Cerrado,92700
Ecorregión marina Río de la Plata,19300
Ecorregión selva Paranaense,130
Ecorregión terrestre sabana uruguayense,484
Ecorreserva Mbatoví,202
Ectophylla alba,28900
Ectopoglossus confusus,684
Ectopoglossus isthminus,580
Ectrepopterus uruguayensis,953
Edad de oro del tango,3280000
Edalorhina nasuta,757
Edalorhina perezi,3390
Eddy Gaytán,111000
Edgardo Cardozo,85
Edgartown,1400000
Ediciones Corregidor,89
Ediciones Holguín,676000
Ediciones La Luz,78700000
Edilberto Mérida Rodríguez,68500
Edith Barr,3460000
Edmundo P. Zaldívar,73900
Eduard Bohlen,366000
Eduardo Cogorno,40
Eduardo Falú,236000
Eduardo Gómez (músico),5750000
Eduardo Madeo,80800
Eduardo Molina (cantante),619000
Eduardo Rodrigo,78500000
Eduardo Román,25100000
Eduardo Schaerer,186000
Eduardo Vittar Smith,75000
Eduardo de Mosquitia,30700
Edén Muñoz,3230000
Edén Rock,92
Efecto Nate,113
Efigenio Ameijeiras Delgado,2350
Efraín Fuérez,7
Efraín Morote Best,4430
Egaña (Uruguay),375000
Egletes florida,5110
Ehretia latifolia,63
Ehécatl,147
Eigenmannia antonioi,4340
Eigenmannia guairaca,417
Eigenmannia matintapereira,54
Eigenmannia muirapinima,852
Eigenmannia pavulagem,407
Eigenmannia trilineata,5330
Eigenmannia vicentespelaea,141
Eigenmannia waiwai,528
Eira barbara,926000
Eje montañoso central de Costa Rica,633000
Ejote,848000
Ejército Antijaponés del Pueblo Malayo,68
Ejército Oriental (Cuba),2880000
Ejército de Hebei Oriental,11200
Ejército de Kwantung,14700
Ejército de Mongolia Interior,95
Ejército del Noreste,2480000
Ejércitos de voluntarios antijaponeses,766
Ekeko,654000
El Airo (Loja),223000
El Alemán,121000000
El Aleph. Festival de arte y ciencia,159000
El Arado,9170000
El Arboretum de Zamorano,10900
El Ayote,122
El Baúl (Cojedes),201
El Bejucal,1040000
El Bellaco,1900000
El Bichar,235000
El Bluff,127
El Bochinche,118
El Buen Gusto del Teatro,47000000
El Bulero,56500
El Burro Corcoveón,1420
El Cachón,124
El Cafetal (Caracas),844000
El Café,880000000
El Cambur,918000
El Cambur ; El Castaño,16400
El Cangrejo,20100000
El Caoba (caserío),50200
El Carbonal,152000
El Carmelo (Ecuador),8480000
El Carmen (Cuscatlán),480000
El Carmen (Ecuador),83800000
El Carmen (La Unión),135000000
El Carmen (Perú),123000000
El Carmen de Bolívar,144
El Carrao de Palmarito,122
El Carrizal,6320000
El Castaño,121
El Caño,20800000
El Cercado,27600000
El Cercado (Nueva Esparta),89
El Chalupas (supervolcán),5190
El Chapo de Sinaloa,11200000
El Chirú,942000
El Chorro (Uruguay),8790000
El Cisne (parroquia de Loja),137
El Cobre,145
El Coca,366000000
El Coco (Coclé),82
El Congo,141
El Copé,155000000
El Coral,415000000
El Coyote (cantante),10100000
El Cristo (Coclé),190000
El Crucero (Nicaragua),125
El Cua,137000000
El Dandy (torero),136000
El Divisadero (El Salvador),278000
El Dorado,327000000
El Dorado (Uruguay),44300000
El Edén,139
El Empalme (Bocas del Toro),165000
El Ensueño,32500000
El Eropido,7
El Eucalipto,24300000
El Factor,857000000
El Familiar,143
El Fantasma (cantante),20400000
El Frutal (Villa Nueva),3530000
El Galeón,1430000
El Gaucho Martín Fierro,587000
El Guabo (Ecuador),593000
El Guamo,1110000
El Guamo (Guárico),42100
El Güere,7530000
El Higo (Panamá),136
El Indio Lucio Rojas,757000
El Jarillo,828000
El Jefe (jaguar),7460000
El Jicaral (Nicaragua),121
El Komander,139
El Laurel,166000000
El Limón (Samaná),111
El Loto Azul,25600000
El Maco,14400000
El Mango (aldea),1140000
El Minch,15100000
El Morro (Mérida),1870000
El Morro (parroquia),821000
El Negro Ansina,307000
El Niño costero de 2017,1720000
El Niño e invierno altiplánico de 2019,4350
El Nula,19600000
El Ombú,832000
El Paisnal,246000
El Palacio de la Pizza,19500000
El Palmar (Bolívar),2380000
El Palmar (Chiriquí),127000
El Panecillo,3240000
El Pangui,545000
El Pao (Bolívar),107
El Paraíso (El Salvador),67000000
El Paso (Guyana),14300000
El Patetarro,3770
El Pedregal (Arequipa),1390000
El Peñón (Bolívar),107
El Peñón (República Dominicana),115
El Picacho (El Salvador),125
El Picacho (Honduras),541000
El Picudo,132
El Pinar (San José de Ocoa),115000
El Pino (Dajabón),134000
El Porvenir (El Salvador),6760000
El Preferido de Palermo,124
El Progreso (Jutiapa),135
El Puente (Tarija),3670000
El Rama,266000000
El Ramón de Antilla,122
El Rancho de San Agustín,9540000
El Rastro (Venezuela),17000000
El Real de Santa María,1400000000
El Refugio (El Salvador),131
El Riviel,20600
El Rosal (Colombia),138
El Rosario (Guatemala),143
El Rosario (La Paz),116000000
El Rosario (Nicaragua),38500000
El Saladillo (Venezuela),454000
El Salvador (Cuba),397000000
El Seibo,1700000
El Semillero,5010000
El Siete Leguas,2230000
El Silbón,124
El Silencio (Bocas del Toro),104
El Siquisirí,34300
El Socorro de Portuguesa,4870000
El Solitario (Paraguay),8690000
El Sombrero (Guárico),564000
El Sótano (Argentina),16600000
El Tacal,104
El Tala (Uruguay),8050000
El Tejar (Guatemala),1260000
El Tesoro (Uruguay),128
El Tigre (Honduras),24700000
El Tigre de Santa Julia,3860000
El Tortuguero,2430000
El Trapiche,6450000
El Triunfo (Ecuador),36600000
El Triángulo de las Bermudas (libro),148
El Tránsito (El Salvador),61200000
El Tucusito,70300
El Turey,147000
El Uvito,50000
El Valle (Hato Mayor),1760000
El Valle del Espíritu Santo,16200000
El Vesuvio,94
El Viejo,281000000
El Villar (Bolivia),8230000
El Volcancito,175000
El Zonte,143
El abrazo de la serpiente,123
El amor no acaba,198000000
El apero peruano,384000
El atrio de Cantuña,124
El cuartito (pizzería),123
El cóndor pasa…,2940000
El derecho de la guerra según los últimos progresos de la civilización,2750000
El encuentramiento,329000000
El gran rescate,120
El inglés (obra de teatro),122
El libro de la vida,794000000
El mar de los monstruos,25100000
El mulato Taguada contra don Javier de la Rosa,926
El mundo perdido,146000000
El rancho'e la Cambicha,13000
El son de la negra,493000000
El triángulo diabólico de las Bermudas,5910
El Águila (Villa Argentina),12600000
Elachistocleis bicolor,180
Elachistocleis haroi,1220
Elachistocleis skotogaster,609
Elachocharax junki,898
Elachocharax mitopterus,483
Elachocharax pulcher,3190
Elaenia dayi,1550
Elaenia olivina,1090
Elaenia pelzelni,99
Elaphidion albosignatum,280
Elaphidion angustatum,338
Elaphidion cayamae,46
Elaphidion cristalense,10
Elaphidion cubae,1720
Elaphidion depressum,300
Elaphidion difflatum,186
Elaphidion elongatum,448
Elaphidion frisevestitum,492
Elaphidion jibacoense,213
Elaphidion laeve,1260
Elaphidion liviae,262
Elaphidion niveonotatum,216
Elaphidion scaramuzzai,154
Elaphidion uncinatum,483
Elaphidion unispinosum,195
Elateropsis reticulata,210
Elba Berón,62200
Elecciones presidenciales de Argentina de 1826,78100
Elecciones provinciales de Azuay de 2019,65400
Elecciones provinciales de Manabí de 2019,9
Elecciones provinciales de Manabí de 2023,230000
Elecciones provinciales de Pichincha de 2023,259000
Elección municipal de Pajapita de 2003,1600
Electron carinatum,21100
Electron platyrhynchum,34500
Electrona risso,157000
Electrophorus varii,4110
Electrophorus voltai,200
Eleutherochir opercularis,737
Eleutherodactylus acmonis,599
Eleutherodactylus adelus,637
Eleutherodactylus albipes,5130
Eleutherodactylus angustidigitorum,68
Eleutherodactylus atkinsi,1350
Eleutherodactylus auriculatoides,817
Eleutherodactylus auriculatus,7430
Eleutherodactylus bartonsmithi,1070
Eleutherodactylus blairhedgesi,787
Eleutherodactylus bothroboans,652
Eleutherodactylus bresslerae,918
Eleutherodactylus casparii,840
Eleutherodactylus cubanus,131
Eleutherodactylus cuneatus,2620
Eleutherodactylus dimidiatus,6590
Eleutherodactylus eileenae,916
Eleutherodactylus emiliae,862
Eleutherodactylus erythroproctus,400
Eleutherodactylus etheridgei,900
Eleutherodactylus feichtingeri,393
Eleutherodactylus flavescens,138
Eleutherodactylus glamyrus,1060
Eleutherodactylus goini,1210
Eleutherodactylus greyi,882
Eleutherodactylus grunwaldi,437
Eleutherodactylus guanahacabibes,112
Eleutherodactylus guantanamera,576
Eleutherodactylus gundlachi,3020
Eleutherodactylus haitianus,834
Eleutherodactylus iberia,5430
Eleutherodactylus intermedius,13100
Eleutherodactylus ionthus,777
Eleutherodactylus jaumei,503
Eleutherodactylus klinikowskii,973
Eleutherodactylus leberi,135
Eleutherodactylus leprus,1180
Eleutherodactylus limbatus,8150
Eleutherodactylus maestrensis,476
Eleutherodactylus mariposa,5440
Eleutherodactylus melacara,94
Eleutherodactylus melatrigonum,409
Eleutherodactylus michaelschmidi,866
Eleutherodactylus minutus,10500
Eleutherodactylus montanus,7880
Eleutherodactylus nitidus,8970
Eleutherodactylus olibrus,322
Eleutherodactylus orientalis,10200
Eleutherodactylus parabates,579
Eleutherodactylus paralius,429
Eleutherodactylus patriciae,5550
Eleutherodactylus pezopetrus,86
Eleutherodactylus pinarensis,641
Eleutherodactylus pipilans,1070
Eleutherodactylus pituinus,1080
Eleutherodactylus principalis,15900
Eleutherodactylus ricordii,1560
Eleutherodactylus riparius,5890
Eleutherodactylus rivularis,3840
Eleutherodactylus ronaldi,876
Eleutherodactylus rubrimaculatus,518
Eleutherodactylus saxatilis,9020
Eleutherodactylus simulans,5200
Eleutherodactylus staurometopon,541
Eleutherodactylus symingtoni,812
Eleutherodactylus syristes,688
Eleutherodactylus tetajulia,775
Eleutherodactylus thomasi,5360
Eleutherodactylus toa,49800
Eleutherodactylus tonyi,581
Eleutherodactylus turquinensis,701
Eleutherodactylus varians,15300
Eleutherodactylus varleyi,982
Eleutherodactylus wixarika,269
Eleutherodactylus zeus,133
Eleutherodactylus zugi,955
Elevación de Chatham,57500
Elevación de Lord Howe,10800
Eligmodontia bolsonensis,501
Eligmodontia moreni,1660
Eligmodontia morgani,2130
Eligmodontia typus,3990
Elisa Guerrero,14400000
Elisa Ramírez Castañeda,1140000
Elizabeth City,822000000
Elkton (Maryland),120
Ellalink,65600
Elliotomyia viridicauda,4730
Elpidio Herrera,670000
Elumbé,14200
Elvio Romero,679000
Elvira Quintana,2950000
Elvirita Guillén,2230000
Elytrimitatrix batesi,535
Elytrimitatrix bispinosa,478
Elytrimitatrix brevicornis,515
Elytrimitatrix castanea,1310
Elytrimitatrix charpentierae,221
Elytrimitatrix chimalapensis,250
Elytrimitatrix cinnamea,460
Elytrimitatrix clavata,480
Elytrimitatrix cunninghami,428
Elytrimitatrix curoei,345
Elytrimitatrix franki,1420
Elytrimitatrix fuscula,594
Elytrimitatrix giesberti,467
Elytrimitatrix guisayotea,416
Elytrimitatrix hefferni,438
Elytrimitatrix hondurenha,317
Elytrimitatrix incognita,365
Elytrimitatrix irregularis,370
Elytrimitatrix linsleyi,402
Elytrimitatrix maculata,1480
Elytrimitatrix mexicana,1370
Elytrimitatrix michelii,467
Elytrimitatrix nearnsi,406
Elytrimitatrix nogueirai,261
Elytrimitatrix pseudovittata,316
Elytrimitatrix sauria,436
Elytrimitatrix sharonae,367
Elytrimitatrix spinifemora,329
Elytrimitatrix violacea,1290
Elytrimitatrix vittata,659
Em (restaurante),189000000
Embalse Arroyo Grande-El Playón,9080
Embalse El Tunal,57300
Embalse Güirabo,68
Embalse La Florida,7520000
Embalse La Mariposa,816000
Embalse Lebrije,51
Embalse Liberación de Florencia,18300
Embalse Ministro Pistarini,39600
Embalse Porvenir,65700
Embalse Salvajina,14800
Embalse Zaza,19800
Embalse de Cabra Corral,146000
Embalse de Camatagua,12700
Embalse de Campo Alegre,138
Embalse de Chingaza,63800
Embalse de Guri,54300
Embalse de La Copa,3470000
Embalse de Laguna Yema,15100
Embalse de Porto Primavera,310000
Embalse de San Rafael,152
Embalse de Tierra Blanca,122
Embalse de Tominé,52900
Embalse del Guavio,44400
Embalse del Guájaro,12300
Embalse del Neusa,58100
Embalse la Esmeralda,1830000
Emberizoides duidae,25100
Emboscada en Alto Punino 2025,11200
Eme Eyzaguirre,6250
Emiliano Zerbini,198000
Emilio Chamorro,1730000
Emilio Molinero Hurtado,364000
Emily Galaviz,658000
"Emoción, canto y guitarra",33200000
Empalme Olmos,587000
Empanada,121
Emperadores de la Zona Sur,102
Empidonax affinis,84400
Empidonax albigularis,25900
Empidonax flavescens,202
Emporio Comercial de Gamarra,257000
Empresa 60 Aniversario de la Revolución de Octubre en Holguín,33400
Empresa Comandante Pedro Sotto Alba,110000
Empresa de Níquel Comandante Ernesto Che Guevara,12100
Empress of Australia,114
En vivo - Buenos Aires,196000000
Enallagma boreale,11000
Enantia citrinella,1730
Encacahuatado,149000
Encallamiento del Galapaface I,825
Encantos del Perú,124
Encarnación (Paraguay),9560000
Enchelyopus cimbrius,74
Encrucijada (Cuba),195
Encuentro Internacional del Mariachi y la Charrería,36400
Encuentro Nacional de Músicos,4780000
Encuentro de Jaraneros y Decimistas,1690
Encuentro de las Aguas,86500000
Endothenia bira,111
Endothenia eidolon,154
Endothenia menthivora,366
Endurance (barco),1060000
Eneida Cedeño,68200
Enfrentamiento del Alto Cenepa (1978),144
Engabao,144
Engraulis anchoita,32100
Engraulis encrasicolus,231000
Engraulis mordax,148000
Engyophrys sanctilaurentii,65
Engyophrys senta,1320
Engystomops coloradorum,139
Engystomops guayaco,1030
Engystomops montubio,1260
Engystomops petersi,155
Engystomops pustulatus,2050
Engystomops pustulosus,25200
Engystomops puyango,1100
Engystomops randi,1280
Enhydra lutris,118
Enicognathus ferrugineus,35300
Enjambre de chocolate,761000
Enneanectes jordani,3680
Enneapterygius atriceps,2880
Enola Gay,125
Enrique Gimeno,1770000
Enrique Gómez Campuzano,385000
Enrique Llopis,923000
Enrique de Malaca,147000
Ensalada de gallina,27700000
Ensanche Capotillo,70400
Ensanche Gascue,103000
Ensanche La Fe,1740000
Ensanche Naco,471000
Ensanche Ozama,124
Ensanche Piantini,382000
Ensenada de Barragán,111
Ensenada de Calabozo,33400
Ensenada de Dayaniguas,3820
Ensenada de Pabellones,72300
Ensenada de San Fernando,7970000
Ensenada de Tuja,10900
Ensenada de la Broa,2640
Ensis macha,8730
Ensis siliqua,182
Entelurus aequoreus,13500
Entepola,76
Enteroctopus dofleini,583000
Enteroctopus megalocyathus,7990
Entogonia cuprinaria,206
Entogonia icaunaria,324
Entogonia schistacea,2470
Entomacrodus cadenati,837
Entomacrodus caudofasciatus,994
Entomocorus melaphareus,987
Entomofagia de México,137
Entrada Folclórica de la Virgen de Guadalupe,1380000
Entre Ríos (Tarija),1310000
Entre Ríos (caserío),3340000
Entronque de Herradura,148
Enulius bifoveatus,546
Enulius flavitorques,126
Enulius roatanensis,45
Envuelto,21200000
Enyalioides altotambo,1800
Enyalioides anisolepis,1410
Enyalioides heterolepis,3290
Enyalioides sophiarothschildae,951
Enyucado,122
Enzo Giraudo,202000
Eois abbreviata,1470
Eois acerba,13800
Eois adimaria,274000
Eois albosignata,311
Eois borrata,869000
Epicauta atomaria,8820
Epicauta leopardina,568
Epicrates cenchria,95900
Epicrates cenchria gaigeae,1350
Epicrates maurus,27100
Epicrionops lativittatus,423
Epicrionops marmoratus,1160
Epicrionops niger,1300
Epicrionops peruvianus,863
Epictia goudotii,1800
Epictia magnamaculata,650
Epidendrum arnoldii,998
Epidendrum secundum,138
Epidendrum zipaquiranum,282
Epidius lyriger,216
Epidius typicus,320
Epigomphus houghtoni,351
Epigonus crassicaudus,2390
Epigonus lenimen,2600
Epigonus robustus,67
Epigonus telescopus,9690
Epinecrophylla amazonica,19200
Epinecrophylla erythrura,19900
Epinecrophylla haematonota,4820
Epinecrophylla haematonota fjeldsaai,1460
Epinecrophylla leucophthalma,4850
Epinephelus cifuentesi,3410
Epinephelus itajara,50600
Epinephelus marginatus,286000
Epinephelus morio,49800
Epipedobates anthonyi,144
Epipedobates darwinwallacei,79
Epipedobates tricolor,204
Epiphragmophora jujuyensis,464
Epiphragmophora parodizi,446
Epiphragmophora puella,308
Epiphyllum baueri,1430
Epiphyllum cartagense,890
Epiphyllum grandilobum,1120
Epiphyllum hookeri,56800
Epiphyllum thomasianum,2810
Epirrhoe crispoides,484
Eptesicus brasiliensis,91600
Eptesicus chiriquinus,3480
Eptesicus diminutus,11700
Eptesicus ulapesensis,678
Eragrostis nigricans,29500
Ereguayquín,251000
Eremocosta montezuma,165
Eremocosta striata,500
Eremocosta titania,392
Eremorhax magnus,925
Eremoryzomys polius,11100
Eremotherium laurillardi,16600
Eretmochelys imbricata,228
Erick Romeo Mora Mota,207000
Eridanos,104000
Eriocnemis luciani sapphiropygia,1090
Eriocnemis nigrivestis,7850
Eriophora ravilla,6780
Eriosyce andreaeana,510
Eriosyce armata,1430
Eriosyce bulbocalyx,156
Eriosyce camanaensis,283
Eriosyce islayensis,101
Eriosyce megliolii,1040
Eriosyce strausiana,2390
Eriosyce umadeave,1730
Eristalis alleni,5380
Eristalis gatesi,1600
Erke,5230000
Erkencho,86
Ermita de Nuestra Señora de los Dolores del Cerro,97
Ermita de Santa Isabel de Hungría (Antigua Guatemala),87
Ermita de la Santa Cruz (Antigua Guatemala),574000
Ermita de la Santa Cruz del Milagro,249000
Ermita de la Santísima Trinidad (Guatemala),381000
Ermita del Espíritu Santo (Guatemala),70500
Ermita del Santo Calvario (Antigua Guatemala),86900
Ernesto Barajas,2200000
Ernesto Montiel,2480000
Erquy,884000
Erupción de Los Chocoyos,3630
Erupción del volcán Poás de 2025,36100
Erupción del volcán de Fuego de 1974,69900
Erupción del volcán de Fuego de 2012,167
Erupción del volcán de Fuego de 2015,177000
Erupción del volcán de Fuego de 2018,651000
Erythrina crista-galli,131
Erythrina elenae,1250
Erythrochiton gymnanthus,756
Erythrolamprus andinus,1710
Erythrolamprus bizona,5320
Erythrolamprus epinephelus,118
Erythrolamprus miliaris,11200
Erythrolamprus poecilogyrus,13000
Erythrolamprus reginae,12800
Erythrolamprus typhlus,6550
Erythroxylum coca var. ipadu,2380
Escabeche,6910000
Escabeche oriental,110
Escalda Occidental,29200
Escalda Oriental,127
Escallonia bifida,10600
Escambray,641000
Escobedia grandiflora,3330
Escoma,74
Escuadrón 1644,14800
Escuadrón 516,83800
Escuadrón 8604,1960
Escudo de Cotopaxi,96
Escudo de Guaranda,103000
Escudo de la ciudad de Guatemala,17500000
Escudo guayanés,132000
Escuela Profesional de Música José María Ochoa,69
Escuela Superior Politécnica Ecológica Amazónica,89
Escuela de samba,120
Escuelas Públicas del Condado de Broward,153
Escuintla (ciudad),161
Escuís,1280
Esgrima colonial,286000
Esgrima criolla,87800
Esmaltado de la plata,124
Esmeralda (Cuba),12300000
Esmeraldas (Ecuador),24100000
Espacio marítimo uruguayo,2800000
Espacio marítimo venezolano,140
Espadaea amonaea,308
Espadarana andina,2520
Espadarana prosoblepon,13400
Espanto,6760000
Español rioplatense,1290000
Españoles en el Pacífico,152000000
Especies fósiles de primates de la Argentina,45800
Espeletia occulta,426
Esperanza (Cerro Largo),7130000
Esperanza (Cuba),122
Esperanza (Paysandú),72
Esperanza (República Dominicana),29800000
Esperanza Macarena de Sevilla,10700000
Espinillar,64
Espino (Guárico),79
Espinoza Paz,31200000
Espostoa blossfeldiorum,142
Espostoa calva,129
Espostoa cremnophila,459
Espostoa hylaea,1070
Espostoa lanata,124
Espostoa melanostele,204
Espostoa melanostele subsp. nana,2070
Espostoa mirabilis,36100
Espostoa senilis,119
Espostoa superba,2500
Espostoa utcubambensis,640
Espuma de mar (postre),11200000
Esquina Común,41700000
Esquipulas,5960000
Esquipulas (Nicaragua),738000
Essex (Connecticut),146
Estación Aeronaval Malvinas,39900
Estación Biológica Rancho Grande,243000
Estación Capilla del Sauce,398000
Estación Científica Charles Darwin,353000
Estación La Floresta,1760000
Estación Las Flores (Uruguay),16200000
Estación Migues,186000
Estación Pedrera,1110000
Estación Porvenir (Uruguay),82
Estación Solís (Uruguay),862000
Estación biológica La Gamba,9990
Estación biológica La Selva,1100000
Estación biológica Pitilla,161
Estación de Buses de Asunción,804000
Estación de Corumbá,83900
Estación de Ferrocarril de Holguín,105
Estación de cría de fauna autóctona Cerro Pan de Azúcar,22600
Estación experimental de plantas medicinales Dr. Juan T. Roig,6580
Estadio Arsenio Erico,200000
Estadio Bicentenario de Fuerte Tiuna,3370
Estadio Carlos Memmel,3280
Estadio Complejo Anselmo Meirana,775
Estadio Comunal de La Mesilla,67
Estadio Coronel José Silva Romo,29600
Estadio Defensores del Chaco,818000
Estadio Edson Arantes do Nascimento (Pelé),115
Estadio Etho Vega,27800
Estadio Hugo Bogado Vaceque,5170
Estadio José Antonio Casanova,946000
Estadio Justino Salinas,60600
Estadio Ka'arendy,99700
Estadio La Normal,81100000
Estadio Mariano Rivera,1180000
Estadio Municipal de Gualaquiza,22300
Estadio Municipal del Cantón Yantzaza,73
Estadio Nivaldo Suárez,21300
Estadio Olímpico de Tulcán,36400
Estadio Ricardo Gregor,89
Estadio Roberto Bettega,96
Estadio Rogelio Silvino Livieres,15600
Estado de Birmania,11000000
Estancia de Martí en Travesía,57200
Estanislao Correa y Garay,144000
Estanzuela,1820000
Estanzuela (Uruguay),318000
Estanzuelas,127
Estatuto del Río Uruguay,1790000
Estatuto provisional de 1811 de Argentina,38700
Estatuto provisional de 1815,64
Esteban Gómez,28800000
Esteban Pérez Esquivel,1910000
Estebanía,82
Estefany Rivero,95
Estela Núñez,2670000
Estelí,5120000
Estero Colpas,1530
Estero Salado,1090000
Estero de Jaltepeque,135
Estero de Patiño,381000
Esteros del Iberá,202
Esther Alzaibar,5840
Esther Barugel,3170
Estilo (folclore),50700000
Estrecho de Anián,6150
Estrecho de Belle Isle,96900
Estrecho de Bolívar,1210000
Estrecho de Cabot,38200
Estrecho de Canso,427000
Estrecho de Davis,80
Estrecho de Florida,161
Estrecho de Gisund,18500
Estrecho de Honguedo,521
Estrecho de Jacques Cartier,11800
Estrecho de Le Maire,127000
Estrecho de Menai,11300
Estrecho de Nazareth,477000
Estrecho de Northumberland,39800
Estrecho de Nutca,84
Estrecho de Rigoleto,18200
Estrecho de Øresund,57700
Estrecho del Infiernillo,20700
Estrechos daneses,39700
Estrella Araiza,99
Estrella Roja Fútbol Club,16500000
Estrella de Moravia,91
Estuario del San Lorenzo,305000
Eten,64
Euapta lappa,1800
Eubalaena australis,248000
Eubalaena japonica,29200
Eubranchus,57900
Eubucco richardsoni,144
Euchrepomis humeralis,8450
Euchrepomis spodioptila,4870
Eudromia elegans,216
Eudromia formosa,24500
Eudyptes chrysocome chrysocome,163000
Eudyptes chrysolophus,126
Eudyptes robustus,118
Eueides isabella,18800
Eugenia acapulcensis,6830
Eugenia cisplatensis,46300
Eugenia excisa,744
Eugenia stipitata,94800
Eugenia uniflora,886000
Eugenio María de Hostos (municipio),114
Euglossa gorgonensis,1020
Eugnosta aguila,230
Eugnosta aphrobapta,410
Eugnosta californica,1350
Eugnosta chalicophora,324
Eugnosta chemsakiana,390
Eugnosta chromophanes,377
Eugnosta desinens,2210
Eugnosta dyschiria,388
Eugnosta emarcida,155
Eugnosta ensinoana,190
Eulalio González,776000
Eulamaops parallelus,382
Euleria tetramera,1550
Eumops auripendulus,164
Eumops bonariensis,6600
Eumops dabbenei,2030
Eumops glaucinus,11300
Eumops hansae,3090
Eumops maurus,2240
Eumops patagonicus,8650
Eumops perotis,13100
Eumops trumbulli,1330
Eumops underwoodi,9350
Eumops wilsoni,1730
Eunectes akayima,110
Eunectes beniensis,6040
Eunectes deschauenseei,111
Eunectes murinus,436000
Eunectes notaeus,46900
Euneomys chinchilloides,2390
Euneomys fossor,817
Euneomys mordax,1450
Euneomys petersoni,942
Euophrys banksi,729
Euophrys bifoveolata,554
Euophrys crux,2790
Euophrys ysobolii,460
Eupalaestrus larae,2150
Eupalaestrus weijenberghi,189
Eupatorium candolleanum,766
Eupherusa eximia,157
Eupherusa nigriventris,9890
Euphonia concinna,14100
Euphonia luteicapilla,15000
Euphorbia burkartii,7870
Euphorbia gundlachii,4490
Euphorbia hallii,22200
Euphorbia helenae,183000
Euphorbia hieronymi,5690
Euphractus sexcinctus,216
Euphyllodromia hystrix,317
Eupithecia abdera,369
Eupithecia acragas,292
Eupithecia adspersata,839
Eupithecia aella,558
Eupithecia albibasalis,703
Eupithecia albicarnea,380
Eupithecia albiceps,3140
Eupithecia albifusca,499
Eupithecia albimixta,675
Eupithecia albirasa,211
Eupithecia albirivata,417
Eupithecia ammorrhoa,239
Eupithecia anactoria,572
Eupithecia analiscripta,486
Eupithecia anamnesa,354
Eupithecia apicistrigata,500
Eupithecia arenaria,14500
Eupithecia arenosissima,713
Eupithecia aritai,964
Eupithecia assectata,1940
Eupithecia asteria,1220
Eupithecia atricollaris,541
Eupithecia atromaculata,4730
Eupithecia attali,451
Eupithecia bellimargo,406
Eupithecia bicubitata,747
Eupithecia biumbrata,284
Eupithecia biviridata,578
Eupithecia brevicula,2730
Eupithecia briseis,4610
Eupithecia broteas,817
Eupithecia brunneodorsata,754
Eupithecia cachina,325
Eupithecia caliginosa,6000
Eupithecia candidata,1130
Eupithecia canisparsa,508
Eupithecia canonica,578
Eupithecia casmena,458
Eupithecia casta,4680
Eupithecia cauchiata,2990
Eupithecia cautin,442
Eupithecia chapo,474
Eupithecia chincha,520
Eupithecia collineata,526
Eupithecia contexta,5060
Eupithecia costirufaria,689
Eupithecia costivallata,512
Eupithecia cuneilineata,479
Eupithecia cupreata,571
Eupithecia decorata,12100
Eupithecia densicauda,491
Eupithecia dentosa,590
Eupithecia derogata,619
Eupithecia descimoni,691
Eupithecia devia,936
Eupithecia discordans,818
Eupithecia discretata,386
Eupithecia disformata,263
Eupithecia dissors,478
Eupithecia drastica,1310
Eupithecia duena,717
Eupithecia elbuta,704
Eupithecia emporias,485
Eupithecia erecticoma,329
Eupithecia erectinota,399
Eupithecia eupompa,550
Eupithecia evacuata,407
Eupithecia famularia,369
Eupithecia fausta,4590
Eupithecia fumifascia,603
Eupithecia fumimixta,697
Eupithecia furvipennis,716
Eupithecia galapagosata,770
Eupithecia guamanica,250
Eupithecia hastaria,2650
Eupithecia haywardi,1560
Eupithecia higa,494
Eupithecia hilacha,381
Eupithecia hippolyte,703
Eupithecia hodeberti,254
Eupithecia hombrilla,365
Eupithecia hormiga,810
Eupithecia idalia,818
Eupithecia illepidus,317
Eupithecia infimbriata,332
Eupithecia isabellina,8230
Eupithecia jorge,1770
Eupithecia josefina,155
Eupithecia junctifascia,505
Eupithecia kinga,8740
Eupithecia lactevirens,512
Eupithecia latifurcata,289
Eupithecia latitans,650
Eupithecia linda,6390
Eupithecia longibasalis,533
Eupithecia lugubris,7800
Eupithecia luteonigra,190
Eupithecia macreus,273
Eupithecia magnipuncta,307
Eupithecia marpessa,354
Eupithecia mejala,310
Eupithecia melanograpta,333
Eupithecia microptilota,492
Eupithecia minucia,11300
Eupoecilia inouei,1020
Eupoecilia kobeana,576
Eupoecilia yubariana,120
Eupogonius albofasciatus,717
Eupogonius apomecynoides,417
Eupogonius boteroi,578
Eupogonius comus,672
Eupogonius copei,211
Eupogonius flavovittatus,455
Eupogonius fuscovitatus,347
Eupogonius guerrerensis,531
Eupogonius intonsus,372
Eupogonius laetus,515
Eupogonius lanuginosus,505
Eupogonius maculicornis,576
Eupogonius marmoratus,608
Eupogonius monzoni,356
Eupogonius nascimentoi,10
Eupogonius nigritarsis,579
Eupogonius obrienorum,351
Eupogonius piceus,747
Eupogonius pilosulus,532
Eupogonius rileyi,674
Eupogonius similis,850
Eupogonius stellatus,442
Eupogonius strandi,731
Eupogonius subtessellatus,366
Eupogonius superbus,660
Eupogonius tlanchinolensis,289
Eupogonius triangularis,775
Eupogonius ursulus,598
Eupogonius vandykei,576
Eupogonius wappesi,614
Euprotomicroides zantedeschia,4310
Eupsittula nana,73000
Eupsophus calcaratus,3250
Eupsophus emiliopugini,2490
Eupsophus vertebralis,3340
Euptilotis neoxenus,9570
Eurema tupuntenem,519
EuroVelo 12,1260000
Europa (1734),5550000
Eurotúnel,122
Euryoryzomys legatus,10500
Eurypyga helias,134
Euryrhynchus pemoni,772
Eurytides callias,126
Eurytides dolicaon,11500
Eusebio Mateos Ortega,150000
Eusmilia fastigiata,7050
Eustathes flava,2630
Eva Ayllón,1940000
Eva Díaz Torres,18500000
Evaristo Borboa Casas,41
Evelyn Glennie,117
Evolución geológica de La Española,2320000
Evolvulus alsinoides,125000
Exalphus simplex,257
Exalphus vicinus,525
Exaltación (Bolivia),79
Excidobates mysteriosus,7950
Exechodontes daidaleus,566
Exerodonta abdivita,985
Exerodonta bivocata,990
Exerodonta catracha,1240
Exerodonta chimalapa,1100
Exerodonta juanitae,884
Exerodonta melanomma,12300
Exerodonta perkinsi,26800
Exerodonta pinorum,880
Exerodonta smaragdina,1450
Exerodonta sumichrasti,1220
Exerodonta xera,804
Exmore,543000
Exocentrus angusticollis,6630
Exocentrus basilanus,249
Exocentrus binaluensis,152
Exodon paradoxus,13100
Expediciones de España en el Pacífico Noroeste,155
Expediciones españolas a Tahití,88
Expediciones españolas a las islas Salomón y Vanuatu,2910
Expedición Albatross,75500
Expedición Atlantis,122
Expedición Challenger,288000
Expedición Circumpolar,10100
Expedición Essex-Raleigh,79
Expedición García de Nodal,126
Expedición Lynch,306000
Expedición Malaspina,74700
Expedición Wilkes,13300
Expedición a las Salinas,1370000
Expedición de Bartolomé Diez Gallardo (1674-75),338
Expedición de Drake de 1587,12100
Expedición de Francisco de Ulloa (1553),15200
Expedición de García Jofre de Loaísa,10600
Expedición de González de Haedo a Rapa Nui,857
Expedición de Grijalva al Pacífico ecuatorial,1900
Expedición de John Narborough a Chile,65
Expedición de Juan García Tao (1620),4700
Expedición de Juan Ladrillero (1557),2280
Expedición de Magallanes y Elcano,198000
Expedición de Pedro Sarmiento de Gamboa a los canales patagónicos y del estrecho de Magallanes (1579-1580),320
Expedición de Solís al Río de la Plata,462000
Expedición de Vancouver,238000
Expedición de la Valdivia,137
Expedición de la escuadra chilena al Callao,14000
Expedición de van Olmen,788
Expedición del Solide,16300
Expedición franco-española a Terranova,13300
Expendio de Maíz,516000
Exploración del océano Pacífico,5620000
ExpoAmazónica,44700
Expulsión de chilenos de Bolivia y Perú en 1879,15900
Ezequiel Peña,121
F Kikan,61
FONPLATA,191000
Fabiana Hurtado,349000
Fabio Escobar,97
Fabre (Uruguay),45
Facatativá,1990000
Facciolella oxyrhyncha,3020
Facundo Cabral,2220000
Facundo Saravia,119
Facundo Toro,2040000
Fainá,295000
Fairfield (Connecticut),138
Fall River,945000000
Falla Agua Caliente,63800000
Falla Río Blanco,20400000
Falla de Chixoy-Polochic,82
Falla de Motagua,105
Falla de Nutca,73700
Falla de Pedro Miguel,14700000
Fallo Loubet,7890
Fallo White,84
Falmouth (Massachusetts),17400000
Falsomesosella basigranulata,322
Falsomesosella gracilior,651
Falta y Resto,124
Familia Aguilar,64700000
Familia Carabajal,685000
Familia Linares,36000000
Familia Soteno,15500
Fandango (baile),119
Fanesca,120
Fantasía Negra,168
Fantino (República Dominicana),275000
Fantome (1927),370000
Farallones de Seboruco,1290
Farallón Centinela,20800
Farlowella amazonum,1780
Farlowella azpelicuetae,519
Farlowella curtirostra,10
Farlowella oxyrryncha,137
Farlowella platoryncha,1580
Faro Cerro de Montevideo,676000
Faro Le Maire,311000
Faro Roncali,6180
Faro de Blankenberge,75000
Faro de Bojador,118
Faro de Cabo Blanco (Marruecos),507000
Faro de Cabo Cinq,21700
Faro de Cabo Polonio,186
Faro de Cabo Sept,4160000
Faro de Cabo de Santa María (Uruguay),1440000
Faro de Cayo Moa Grande,12800
Faro de Charf,160000
Faro de El Hank,274000
Faro de Fugløykalven,310
Faro de Isla de Farallón,122000
Faro de Isla de Flores,189
Faro de José Ignacio,3750000
Faro de Lalla Fatna,4960
Faro de Mehdia,11000
Faro de Oukacha,1610
Faro de Puerto de Vita,147
Faro de Punta Brava,209
Faro de Punta Cires,3660
Faro de Punta Lucrecia,36500
Faro de Punta Mayarí,4490
Faro de Punta Nador,239000
Faro de Punta Palmar,200
Faro de Punta Rasa,377000
Faro de Rabat,2920000
Faro de Roches Noires,29800
Faro de San Juan de Salvamento,217
Faro de Sidi Al Hachmi Al Bahraoui,180
Faro de Sidi Bouafi,141
Faro de Sidi Boubker,2820
Faro de Sidi Daoui,863
Faro de Sidi Ifni,50800
Faro de Sidi Megdoul,390
Faro de Torsvåg,275
Faro de la Escollera Sarandí,77
Faro de la Panela,222000
Faro del Cabo Beddouza,3580
Faro del Cabo Draa,264000
Faro del Cabo Espartel,199
Faro del Cabo Huit,18300
Faro del Cabo Juby,4260
Faro del Cabo Nachtigal,896
Faro del Cabo Sim,1750000
Faro del cabo Jellab,247
Faro del cabo de Aguer,3950
Farriar,83900
Fasnacht (pastel),35600
Fat Man,1450000000
Fat Man and Little Boy (película),107
Fauna Japonica,585000
Fauna de Argentina,62600000
Fauna de Bolivia,181
Fauna de Calabozo,67900
Fauna de Costa Rica,41200000
Fauna de Ecuador,46600000
Fauna de Honduras,23400000
Fauna de Islandia,136
Fauna de Venezuela,49300000
Fauna de la Provincia de Mendoza,3060000
Fauna de la República Dominicana,8760000
Fauna del Perú,34600000
Faustabryna metallica,298
Faustabryna mindanaoensis,294
Febres Cordero,2370000
Febres Cordero (Los Ríos),479000
Federación Argentina de Estudiantes de Geografía,237000
Federico Galiana,141000
Fedora Cabral,64500
Feliciano (Uruguay),63
Felicity Ace,2670000
Felimare agassizii,115
Felimare californiensis,1950
Felimare picta,116
Felimare sisalensis,361
Felimida baumanni,626
Felimida krohni,3270
Felipa Hernández Barragán,93500
Felipe Arriaga,3200000
Felipe Molas López,385000
Felipe Villalba,3970000
Fenoscandia,15600
Feresa attenuata,36500
Feria Chiapas,121
Feria Internacional de San Sebastián,6520000
Feria Internacional del Libro Infantil y Juvenil,1100000
Feria Internacional del Libro de Bogotá,124
Feria Internacional del Libro de Guadalajara,4130000
Feria Municipal del Libro de Guadalajara,278000
Feria Nacional de la Pirotecnia,1110000
Feria de Piriápolis,196000
Feria de la manzana de Zacatlán,144
Feria de las Flores,122
Feria del Libro Pacífico,2890000
Feria internacional del caballo,7980000
Feria internacional del mole,734000
Fermina Maristany,11500
Ferminia cerverai,11100
Fernanda Pavisic,19100
Fernandina (raza bovina),638
Fernando Arduz Ruiz,11200
Fernando Arranz,2190000
Fernando O. Assunção,75
Fernando Schmidt (escritor),183000
Fernando Tovar,133
Fernando de Magallanes,10400000
Fernández (Uruguay),58600000
Ferrocarril de Birmania,334000
Ferrocarril de Chiriquí,150000
Ferrocarril de Piria,7100
Festejo,26900000
Festival Abril en Tarija,93
Festival Acapulco,21500000
Festival Cultural Zacatecas,8690000
Festival Cultural de Mayo,67700000
Festival Cuna de Acordeones,52300
Festival Estudiantil de Teatro de Bogotá,90900
Festival FFF,119
Festival Iberoamericano de Teatro de Bogotá,243000
Festival Instrumenta,133000000
Festival Internacional Cervantino,121
Festival Internacional Cervantino Callejero del CLETA,1030
Festival Internacional Chihuahua,120
Festival Internacional Vallenato de Monterrey,73200
Festival Internacional de Cine Chihuahua,118
Festival Internacional de Cine Contemporáneo,2070000
Festival Internacional de Cine Estudiantil,115
Festival Internacional de Cine Pobre,152
Festival Internacional de Cine UNAM,1120000
Festival Internacional de Cine de Barichara,107
Festival Internacional de Cine de Guanajuato,1020000
Festival Internacional de Cine de Horror de la Ciudad de México Macabro,125
Festival Internacional de Cine de Los Cabos,461000
Festival Internacional de Cine de Monterrey,4870000
Festival Internacional de Cine de Morelia,933000
Festival Internacional de Cine de Toluca,171000
Festival Internacional de Cine en Guadalajara,7430000
Festival Internacional de Cortometrajes de México,787000
Festival Internacional de Poesía de Cartagena de Indias,380000
Festival Internacional de Poesía de Granada (Nicaragua),199000
Festival Internacional de Poesía de Medellín,125
Festival Internacional de Puebla,15500000
Festival Internacional de Santa Lucía,4100000
Festival Internacional de Teatro Universitario (FITU),115
Festival Internacional de la Cultura de Boyacá,122
Festival Internacional de la Cultura de Boyacá 2018,125
Festival Nacional de Rock Metal HG,18800
Festival Nacional del Manito,125
Festival Pantalla de Cristal,11400000
Festival Stereo G,7830000
Festival Viva el Planeta,63
Festival de Ancón (Colombia),226000
Festival de Arte Negro,75400000
Festival de Cine del Valle de Guadalupe,764000
Festival de Marinera,5810000
Festival de México,697000000
Festival de Música Andina Mono Núñez,160
Festival de Poesía de Maracaibo,282000
Festival de Sumpango,175000
Festival de la Joven Dramaturgia,455000
Festival de la Luna Verde,128
Festival de las almas,21900000
Festival de las flores (Mazamitla),196000
Festival del Bambuco en San Juan y San Pedro,103000
Festival del Cantar Mexicano,17900000
Festival del Charango,684000
Festival del Cine Venezolano,10700000
Festival del Pitic,137000
Festival del humor de Medellín,111
Festival del queso artesanal,118
Festival internacional de jazz (Medellín),105
Festival y Encuentro de Agrupaciones Soneras,46200
Festividad de Santiago Apóstol (Jayllihuaya),1450
Festividad del Señor de Choquekillka,1820
Festivus,105
Fiambre (plato guatemalteco),2780000
Fibra Óptica Austral,300000
Fidel Torricos Cors,2260
Fiesta Capital de la Uva y el Vino,1080000
Fiesta Nacional de la Cerveza,8520000
Fiesta Nacional del Dorado,33200000
Fiesta Nacional del Mate,20600000
Fiesta Nacional del Pacú,43000
Fiesta Nacional del Surubí,127000
Fiesta Regional del Fiambre Casero,8350
Fiesta de San Juan,163000000
Fiesta de San Juan de Curiepe,123
Fiesta de Santa Vera Cruz,54800000
Fiesta de la Cultura Iberoamericana,559000
Fiesta de la Vendimia (Uruguay),295000
Fiesta de las Cruces (Huancavelica),38400
Fiesta del Gran Poder,188000000
Fiesta del Libro y la Rosa,140
Fiesta del Niño Occe,98
Fiesta del Pinhão,552000
Fiestas Juninas,309000
Fiestas Patrias de México,16500000
Fiestas Patrias de Perú,16600000
Fiestas de Octubre,131
Fiestas de Zapote,1090000
Fila Brunqueña,2970
Fila Cola de Caballo,2270000
Fila El Cocuy,19500
Fila Palmarito,65
Filadelfia (Paraguay),5580000
Filadelfia (municipio),3850000
Fileteado,965000
Filhós,158000
Filicampus tigris,988
Filipinas (Falcón),12400000
Finca 12,106000000
Finca 30,119
Finca 4,123
Finca 51,27900000
Finca 6,84700000
Finca 60,93
Finca 66,18400000
Finca Modelo de San Salvador,106
Fiordo de Mariager,102
Fiordo de Oslo,761000
Fiordo de Solway,2330
Fire on the Amazon,1210000000
Fistularia commersonii,48200
Fitzcarraldo,780000
Flamanville (Mancha),6160
Flavio Alfaro (ciudad),781000
Flechador del Sol,121
Flim-Flam!,1930000
Flohria subcoerulea,408
Flor Isabel Villarroel,60
Flor de Retama,124
Flor de capomo,731000
Flor de piña,46400000
Flora antártica,17900000
Flora de Argentina,92000000
Flora de Bolivia,46600000
Flora de Cuba,35400000
Flora de Mendoza,19200000
Flora de Venezuela,64600000
Flora y fauna de Zamora Chinchipe,156000
Florencia (Cuba),8800000
Florencio Pozadas,1310
Florencio Sánchez (ciudad),2490000
Florencio Xatruch,28400
Florentina López de Jesús,41
Florentino y El Diablo,123
Flores (Petén),2340000
Flores (parroquia),16100000
Flores de plumas,31100000
Florida (Camagüey),124
Florida Ice and Farm Company,61400000
Floridians FC,177000
Florometra serratissima,54
Flotilla de la Libertad de Gaza de julio de 2025,39900
Flying Enterprise,121000000
Folclore apurimeño,20500
Folclore de Costa Rica,10500000
Folclore de Cusco,8740000
Folclore de El Salvador,120
Folclore de Honduras,19200000
Folclore de Lambayeque,205
Folclore de Nicaragua,1890000
Folclore de Paraguay,145
Folclore de Uruguay,18100000
Folklore (álbum de Soledad Pastorutti),142
Fomento (Cuba),6870000
Fomento (Uruguay),7020000
Fondo Caribeño para la Biodiversidad,60200
Fondo Grande,110
Forcipiger,119
Forestiera cartaginensis,1140
Formación Ituzaingó,74
Formación Pebas,12100
Formación Serra Geral,74300
Formación Urumaco,102
Formación sumergida de Cuba,301000
Formicarius moniliger,7610
Formicarius nigricapillus,8720
Formicarius rufifrons,16700
Foro Internacional de Cine de la Cineteca,113
Forpus coelestis,57200
Forpus cyanopygius,12600
Fort Lauderdale,110000000
Fort Lauderdale Strikers,470000
Fortaleza Zhongma,365
Fortaleza de Santo Tomás,84
Fortificaciones de la costa Caribe de Panamá,126
Fortunato Ramírez Camacho,205000
Fortín Boquerón,193000
Fortín Cabo Primero Cano,61400
Fortín Capitán Joel Estigarribia,4890
Fortín General Bernardino Caballero,149000
Fortín General Eugenio Garay,73100
Fortín General José Eduvigis Díaz,7050
Fortín General José María Delgado,385000
Fortín Mayor Ramón Ávalos Sánchez,39800
Fortín Minas Cué,137
Fortín Nanawa,41000
Fortín Nueva Asunción,483000
Fortín Sargento Segundo Estanislao Rodríguez,10300
Fortín Teniente Agripino Enciso,47
Fortín Teniente Coronel Eugenio Ayala Velázquez,8510
Fortín Teniente Primero Adolfo Marcial Rojas Silva,7600
Fortín Teniente Primero Eligio Montania,1050
Fortín de Santa Rosa,130
Fosa de Bougainville,6190
Fosa de Filipinas,393000
Fosa de Japón,914000
Fosa de Kermadec,5010
Fosa de Nankai,7580
Fosa de Perú-Chile,1940000
Fosa de Puysegur,711
Fosa de Sigsbee,1410
Fosa de Tonga,138000
Fosa de las Aleutianas,9320
Fosa de las Caimán,78400
Fosa de las Kuriles,89
Fosa de las Marianas,121
Fosa de las Nuevas Hébridas,4240
Fosa mesoamericana,77
FotoFilm Tijuana,2250
Fougueux (1785),13600
Fragaria chiloensis,214000
Fragata Amazonas,714000
Fragata Apurímac,16500
Fraijanes,2730000
Fraile Muerto (Uruguay),124
Frailes (Costa Rica),1330000
Francisca (elefanta marina),31400
"Francisco ""Pancho"" Serra",458000
Francisco Albo,6990000
Francisco Barreto (futbolista),42500
Francisco Cabello y Mesa,24100000
Francisco Coronel Navarro,64
Francisco Corral,82
Francisco Dávila,19800000
Francisco Figueroa,28700000
Francisco Fourcade,469000
Francisco Gordillo (explorador),8590
Francisco Martino,72
Francisco Oviedo,91
Francisco Piria,141
Francisco Romero (músico),5300000
Francisco Ruiz Udiel,11000
Francisco Serrão,1570000
Francisco Tito Yupanqui,531000
Francisco de Hoces,94
Francisco de Orellana,15100000
Francisco de Paula Sanz,5030000
Francisco de Torres,127
Francisco de la Ribera,23400000
Frank País (Cuba),13700000
François Gravé Du Pont,5340000
Fratercula cirrhata,43300
Fratercula corniculata,115
Fray Marcos,123
Fredensborg (barco negrero),1120
Frederickena fulva,4590
Frederickena unduliger,3960
Freeport (Maine),9140000
Fregata aquila,329000
Fregata ariel,122
Fregata magnificens,259000
Fregetta grallaria,30000
Fregetta tropica,31000
Frejol colado,19800
Frente del Océano Pacífico (Segunda Guerra Mundial),9680000
Frente del Sudeste Asiático en la Segunda Guerra Mundial,1530000
Frente del Sudoeste del Pacífico en la Segunda Guerra Mundial,106000
Fricasé de cerdo,236000
Frida (perra),1190000
Friedrich Fülleborn,37
Friendship (Maine),112
Frigorífico Anglo del Uruguay,44800
Frijol negro,130
Frijoles charros,124
Frijoles refritos,1940000
Frito chiclayano,54800
Frituras de malanga,130000
Fromia indica,9010
Fromia monilis,16500
Frontera Norte,107000000
Frontera entre Argentina y Bolivia,41900000
Frontera entre Argentina y Paraguay,34100000
Frontera entre Bahamas y Cuba,1390000
Frontera entre Belice y Guatemala,2060000
Frontera entre Bolivia y Paraguay,27800000
Frontera entre Brasil y Guyana,126
Frontera entre Brasil y Paraguay,24500000
Frontera entre Brasil y Venezuela,145
Frontera entre Colombia y Costa Rica,36600000
Frontera entre Colombia y Panamá,21500000
Frontera entre Colombia y República Dominicana,5350000
Frontera entre Costa Rica y Nicaragua,132
Frontera entre Costa Rica y Panamá,139
Frontera entre Cuba y Estados Unidos,20900000
Frontera entre Cuba y Haití,102
Frontera entre Cuba y Honduras,3950000
Frontera entre Cuba y Jamaica,1800000
Frontera entre Cuba y México,29800000
Frontera entre Cuba y Reino Unido,2700000
Frontera entre Dinamarca y Suecia,122
Frontera entre Ecuador y Perú,41500000
Frontera entre El Salvador y Guatemala,34500000
Frontera entre El Salvador y Honduras,26700000
Frontera entre Guatemala y Honduras,127
Frontera entre Guatemala y México,48100000
Frontera entre Haití y la República Dominicana,1740000
Frontera entre Honduras y Nicaragua,130
Frontera entre Uruguay y Brasil,22200000
Fronteras de Bolivia,30800000
Fronteras de Cuba,17300000
Fronteras de Guatemala,147
Fronteras de Panamá,14500000
Fronteras de Paraguay,20300000
Fruta de horno de Tlayacapan,5440
Fuegos artificiales artesanales de México,99
Fuente de las Sirenas,24300000
Fuente del Toro,40600000
Fuentidueño,14300
Fuerte Borbón,107
Fuerte Kykoveral,447000
Fuerte Olimpo,7910000
Fuerte San Cristóbal (Gracias),131
Fuerte San Fernando de Tenquehuén,64
Fuerte Tiuna,1080000
Fuerte de Curupayty,111000
Fuerte de Curuzú,277000
Fuerte de San Carlos del Apa,12600000
Fuerte de San Lorenzo,28700000
Fuerte de San Miguel de Nutca,76
Fuerte de Tahula,719
Fuerte del Santo Ángel,25200000
Fuertesiella,54600
Fuerza Expedicionaria China,93
Fuerza X (Ejército Nacional Revolucionario),1580000
Fufú de plátano verde,125
Fulica americana,413000
Fulica cornuta,188
Fulica gigantea,74900
Fulmarus glacialis,206
Fulmarus glacialoides,18900
Fulía,122
Fundación (República Dominicana),119
Fundación Charles Darwin,1160000
Fundación Educativa James Randi,73
Fundación Guatemalteca de Antropología Forense,182000
Funnel cake,202
Funza,5590000
Furipterus horrens,12500
Furnarius,144
Furness,7970000
Furor (1896),115
Fusil TERA,94
Fusil Tipo 30,17900000
Fusil Tipo 35,4620000
Fusil Tipo 38,183
Fusil Tipo 99,13400000
Fusil Tipo I,31100000
Fusil antitanque Tipo 97,15600
Fusil de Caballería Tipo 38,92400
Fusil de Caballería Tipo 44,160
Fusil de francotirador Tipo 97,179
Fusō (1915),7200
Fuyuzuki,71
Fécamp,2030000
Félix Saluzzi,18100
Fémina (grupo musical),102
GIUK,262000
GRES Acadêmicos do Salgueiro,358000
GRES Beija-Flor,642000
GRES Estação Primeira de Mangueira,238000
GRES Portela,214
GRES Unidos da Tijuca,212
GRES Unidos de Padre Miguel,419000
GRES Unidos de Vila Isabel,376000
Gabino Sosa Benítez,172000
Gabriel Bobrow,6
Gabriel Cuñado,1880000
Gabriela Oviedo,122
Gaby Espino,121
Gachancipá,133
Gadomus longifilis,48
Gaetán,12500000
Gaillardia cabrerae,1830
Gaita zuliana,656000
Gaitán Castro,2680000
Galbula pastazae,7910
Galea comes,4770000
Galea leucoblephara demissa,498
Galea leucoblephara leucoblephara,3640
Galea leucoblephara littoralis,518
Galea musteloides,7960
Galenomys garleppi,8640
Galeorhinus galeus,109000
Galeras del Cinaruco,7370
Galerita collaris,164
Galerna del Sábado de Gloria,91
Galerón,209000
Galicia (1729),569000
Galictis cuja,52200
Galictis vittata,40700
Galium aparine,204
Gallardo (1754),481000
Gallardosaurus,53
Gallinago andina,13800
Gallinago imperialis,16200
Gallinago magellanica,99
Gallinago nobilis,36400
Gallinal,449000
Gallinula comeri,3310
Gallito (empresa),66
Gallo (cerveza),14200000
Gallo pinto,23000000
Gallus gallus,7210000
Galo García,76
Galván (República Dominicana),610000
Gamboa (Panamá),1780000
Gambusia punctata,16800
Garay (Guayaquil),732000
Garcinia brasiliensis,157000
Garcinia macrophylla,182000
García Moreno (Cotacachi),252000
Garibaldi (Uruguay),137
Garrapiñada (cacahuete),31300
Garrodia nereis,11600
Gartental,18800
Garzón (Uruguay),142
Gaspar Hernández,8570000
Gaspar de Quesada,1210000
Gasterochisma melampus,9730
Gastronomía de Arequipa,28600000
Gastronomía de Bolivia,54800000
Gastronomía de Chiapa de Corzo,135000
Gastronomía de Costa Rica,55500000
Gastronomía de Ecuador,61500000
Gastronomía de El Salvador,49900000
Gastronomía de Guanajuato,18100000
Gastronomía de Guatemala,57400000
Gastronomía de Hidalgo,147
Gastronomía de Honduras,43800000
Gastronomía de Iquitos,2890000
Gastronomía de Michoacán,12900000
Gastronomía de México,142
Gastronomía de Puebla,149
Gastronomía de Querétaro,12300000
Gastronomía de San Cristóbal de Las Casas,163
Gastronomía de Tlaxcala,12200000
Gastronomía de Tuxtla Gutiérrez,123
Gastronomía de Venezuela,66200000
Gastronomía de Veracruz,28900000
Gastronomía de Yucatán,12000000
Gastronomía de la Ciudad de México,66000000
Gastronomía de la República Dominicana,22300000
Gastronomía del Cusco,17300000
Gastronomía del Estado de México,59700000
Gastronomía del Perú,62300000
Gastronomía del estado Monagas,126
Gastronomía del estado Nueva Esparta,125
Gastronomía mexica,748000
Gastronomía novoandina,127
Gastropteron chacmol,462
Gastrotheca abdita,579
Gastrotheca andaquiensis,882
Gastrotheca angustifrons,1550
Gastrotheca atympana,519
Gastrotheca christiani,1390
Gastrotheca chrysosticta,1370
Gastrotheca cornuta,7050
Gastrotheca cuencana,1560
Gastrotheca dendronastes,143
Gastrotheca espeletia,157
Gastrotheca excubitor,1730
Gastrotheca galeata,1520
Gastrotheca gracilis,154
Gastrotheca griswoldi,933
Gastrotheca guentheri,4430
Gastrotheca helenae,2470
Gastrotheca litonedis,2240
Gastrotheca longipes,178
Gastrotheca monticola,3390
Gastrotheca nicefori,1640
Gastrotheca ochoai,2440
Gastrotheca orophylax,4060
Gastrotheca ossilaginis,648
Gastrotheca ovifera,1790
Gastrotheca pacchamama,973
Gastrotheca peruana,100
Gastrotheca phalarosa,474
Gastrotheca plumbea,181
Gastrotheca pseustes,174
Gastrotheca psychrophila,1030
Gastrotheca rebeccae,852
Gastrotheca riobambae,11400
Gastrotheca splendens,2390
Gastrotheca stictopleura,92
Gastrotheca testudinea,1560
Gastrotheca walkeri,1510
Gastrotheca williamsoni,644
Gastrotheca zeugocystis,448
Gastón Barral,622000
Gatito Miau Miau (canción de Amanda Portales),46300
Gato (danza),35100000
Gato cuyano,36700
Gatún (ciudad),125
Gaucho,148
Gegar colombiano,83
Gelanoglanis travieso,436
Gelasimus vocans,130
Gelatina de pata,121
General Caballero (Asunción),4920000
General Díaz (Asunción),125
General Enrique Martínez,116
General Francisco Brizuela,1540000
General José María Bruguez,111000
General Villamil,113
Genicanthus lamarck,11500
Genicanthus melanospilos,104
Genicanthus personatus,3270
Genicanthus semifasciatus,6900
Genidens ancestralis,203
Genidens barbus,74
Genoveva Núñez Herrera,857000
Genyatremus luteus,3970
Genypterus blacodes,81
Geocapromys,76
Geocerthia serrana,6380
Geococcyx californianus,176000
Geografía de Brasil,33300000
Geografía de Colombia,34600000
Geografía de Costa Rica,24000000
Geografía de Cuba,16100000
Geografía de Ecuador,33700000
Geografía de El Salvador,24900000
Geografía de Guatemala,142
Geografía de Guayaquil,108
Geografía de Honduras,138
Geografía de Panamá,11900000
Geografía de Paraguay,14100000
Geografía de Pucallpa,72500
Geografía de Uruguay,15000000
Geografía de Venezuela,34600000
Geografía de la Argentina,34500000
Geografía de la Provincia del Chaco,110
Geografía de la República Dominicana,9210000
Geografía de la ciudad de Buenos Aires,19300000
Geografía del Perú,137
Geografía política de Argentina,74600000
Geología de Ecuador,134
Geología de El Salvador,8870000
Geología de Guatemala,13100000
Geología de Paraguay,8450000
Geología de la República Dominicana,136
Geomorfología de arrecifes someros,6020
Geoparque Río Coco,21200
Geophagus altifrons,145
Geophagus brasiliensis,96500
Geophila macropoda,3040
Geophis bellus,6010
Geophis carinosus,1100
Geophis championi,236000
Geophis damiani,90
Geophis downsi,4850
Geophis fulvoguttatus,720
Geophis nasalis,8040
Geophis nephodrymus,717
Geophis tectus,677
George Grey,127
Georgetown Victory,6300000
Geositta crassirostris,174
Geositta peruviana,9170
Geositta saxicolina,4440
Geospiza acutirostris,7190
Geospiza conirostris,106
Geospiza difficilis,7180
Geospiza fortis,77200
Geospiza fuliginosa,117
Geospiza magnirostris,44400
Geospiza propinqua,75
Geospiza scandens,109
Geospiza septentrionalis,10500
Geotria australis,23700
Geotrygon caniceps,17000
Geotrygon leucometopia,2670
Geotrygon purpurata,20700
Geoxus michaelseni,503
Geoxus valdivianus,151
Gephyrocharax caucanus,1450
Geranoaetus albicaudatus,68900
Gerardo López,139
Gerardo Masana,51200
Gerardo Ortiz,136
Gerardo Reyes,122
Gerona (Uruguay),517000
Getterön,108000
Getulio Vargas (Uruguay),545000
Giannina Kabregu Bernasconi,466
Gibara,139
Gigantactis balushkini,542
Gigantactis elsmani,107
Gigantactis gargantua,678
Gigantactis gibbsi,62
Gigantactis golovani,395
Gigantactis gracilicauda,735
Gigantactis herwigi,573
Gigantactis ios,586
Gigantactis kreffti,1240
Gigantactis longicauda,931
Gigantactis longicirra,621
Gigantactis macronema,1030
Gigantactis microdontis,102
Gigantactis microphthalmus,789
Gigantactis paxtoni,621
Gigantactis savagei,88
Gigantactis watermani,97
Gigantiops destructor,5370
Gigantohierax,7050
Gil (Uruguay),19700000
Gilberto (Sahuaripa) Valenzuela,8550
Gilberto Smith,172000000
Gilberto Vaca,3050000
Gilbertolus alatus,810
Gilbertolus maracaiboensis,396
Gilda Cárdenas,91
Gimnasio Cubierto de la Efofac,410
Giménez (cerro),4400000
Ginés de Mafra,66
Giovanna Salazar,71
Girardinus cubensis,4310
Giro del Atlántico Norte,122
Giro del Atlántico Sur,2760000
Giro del Pacífico Norte,4380000
Glaciar Castaño Overa,9060
Glaciar Planchón Nevado,2810
Glaciar Quelccaya,41100
Gladys Moreno,121
Gladys Vera,9240000
Glaucidium bolivianum,95
Glaucidium hardyi,28300
Glaucidium jardinii,12700
Glaucidium peruanum,13600
Glaucidium siju,10000
Glaucis aeneus,8860
Glaucomys volans,52000
Gleisy Noguer,161
Glironia venusta,13400
GlobeNet,223000
Globicephala melas,229000
Gloria Pérez Bravo,8360000
Glossophaga leachii,4000
Glossophaga soricina,53200
Glossotherium,50200
Glostora Tango Club,5170
Gloucester (Massachusetts),48200000
Gloucester Courthouse,117
Glycymeris longior,2210
Glyphonycteris behnii,1330
Glyphorynchus spirurus,150
Glyptotherium,126
Gnoma jugalis,510
Gnoma luzonica,1170
Gnoma suturalis,6780
Gnoma suturifera,165
Gnomidolon amaurum,287
Gnomidolon bellulum,271
Gnomidolon bellus,453
Gnomidolon bordoni,204
Gnomidolon cingillum,394
Gnomidolon colasi,364
Gnomidolon denticorne,351
Gnomidolon friedi,389
Gnomidolon fuchsi,648
Gnomidolon galileoae,1110
Gnomidolon gemuseusi,450
Gnomidolon meridanum,248
Gnomidolon nigritum,441
Gnomidolon peruvianum,404
Gnomidolon picticorne,322
Gnomidolon pubicolle,442
Gnomidolon ubirajarai,492
Gnorimosphaeroma albicauda,415
Gnorimosphaeroma hachijoense,325
Gnorimosphaeroma iriei,607
Gnorimosphaeroma ovatum,532
Gnorimosphaeroma paradoxa,85300
Gnorimosphaeroma pulchellum,614
Gnorimosphaeroma saijoense,394
Gnorimosphaeroma shikinense,453
Gnorimosphaeroma tondaense,346
Gnorimosphaeroma trigonocaudum,350
Gnorimosphaeroma tsutshimaense,327
Goajiro,54300
Gobea,266000
Gobernación del Chaco,2990000
Gobernante maya,144
Gobierno de Caráquez,142000
Gobierno de Miguel Iglesias,15700000
Gobierno de la Gran Vía,83600000
Gobierno de las Misiones Guaraníes,112
Gobierno nacionalista de Nankín,88
Gobierno provisional de la República de China (1937-1940),1350
Gobierno reformado de la República de China,97
Gobioides peruanus,1900
Gobius bucchichi,7050
Gobius cobitis,26100
Gocta,146
Goeldiella eques,2540
Goeppertia allouia,2520
Gofio,220
Gokoku Maru,50
Goleta Covadonga,35000
Golfeado,129
Golfete Dulce,16700
Golfete de Coro,8450
Golfo Dulce,146
Golfo San Matías,143
Golfo Triste,72
Golfo de Achacachi,3230
Golfo de Ana María,6170000
Golfo de Batabanó,17700
Golfo de California,149
Golfo de Cariaco,128000
Golfo de Chiriquí,345000
Golfo de Darién,410000
Golfo de Fonseca,137
Golfo de Guacanayabo,32900
Golfo de Guayaquil,2540000
Golfo de Guinea,3730000
Golfo de Honduras,12900000
Golfo de Montijo,238000
Golfo de México,46100000
Golfo de Nicoya,417000
Golfo de Panamá,9200000
Golfo de Papagayo,671000
Golfo de Paria,407000
Golfo de San Blas,168000
Golfo de San Lorenzo,7660000
Golfo de San Miguel,12500000
Golfo de Urabá,504000
Golfo de Venezuela,127
Golfo de los Mosquitos,753000
Golofa porteri,194
Golpe de Estado en Bolivia de 1934,159000
Golpe de estado japonés en la Indochina francesa,42500
Golpe tocuyano,124
Gomes de Sequeira,1150000
Gomphochernes depressimanus,375
Gonatista grisea,2670
Gonatodes albogularis,26900
Gonatodes concinnatus,156
Gondava,57400
Gonichthys cocco,8
Goniobranchus leopardus,9010
Goniobranchus splendidus,7800
Gonzalo Gómez de Espinosa,4860000
Gonzalo Hermosa González,3420000
Gonzalo de Vigo,5480000
González (Uruguay),148
González Catán,1190000
Google Santa Tracker,214000000
Goranchacha,18400
Gorky González,380000
Gossypium purpurascens,20400
Gouldsboro (Maine),124
Goy Ogalde,3890
Goyllarhuanca,1230
Goñi (Uruguay),1460000
Grabado de la plata,49300000
Grace Rodríguez Radic,92500
Graciana Silva,587000
Graciela Olmos,1200000
Gracilinanus,117
Gracilinanus aceramarcae,2040
Gracilinanus agilis,103
Gracilinanus dryas,7460
Gracilinanus emiliae,112
Gracilinanus marica,1880
Grallaria alvarezi,6610
Grallaria atuensis,435
Grallaria ayacuchensis,851
Grallaria blakei,130
Grallaria cajamarcae,122
Grallaria capitalis,114
Grallaria carrikeri,3690
Grallaria centralis,3550
Grallaria chthonia,127
Grallaria dignissima,3800
Grallaria eludens,3210
Grallaria erythroleuca,2950
Grallaria excelsa,7190
Grallaria gravesi,161
Grallaria griseonucha,1360
Grallaria guatimalensis,81
Grallaria obscura,55
Grallaria occabambae,136
Grallaria oneilli,6970
Grallaria przewalskii,62
Grallaricula cumanensis,4980
Grallaricula loricata,45
Grallaricula nana,15000
Grallaricula ochraceifrons,4350
Grammatobothus krempfi,618
Grammatobothus pennatus,885
Grammatobothus polyophthalmus,1330
Grammostola grossa,6190
Grammostola mollicoma,153
Grammostola pulchra,86800
Grammostola pulchripes,160000
Grammostola rosea,253000
Gran Asunción,40200000
Gran Bajo de San Julián,17400000
Gran Bajo del Gualicho,23200
Gran Barcelona,449000000
Gran Barquisimeto,11800000
Gran Barrera de Coral,4850000
Gran Belt,66400000
Gran Caracas,78200000
Gran Chaco,125
Gran Diosa de Teotihuacán,279000
Gran Manta Azul,15800000
Gran Pajonal,448000
Gran Parada Militar del Perú,127
Gran Parque de Diversiones Xetulul,13200
Gran Premio de Piriápolis,76900
Gran Premio del Festival Hispanoamericano de la Danza y la Canción,12300
Gran Roque,40600000
Gran Salitral,363000
Gran Santo Domingo,152000000
Gran cacao,54400000
Gran carnaval internacional de la Amistad,8620000
Gran mancha de basura en el Pacífico,564000
Gran parque natural Topes de Collantes,22500
Gran provincia ígnea del Caribe,14100
Gran Área Metropolitana (Costa Rica),11600000
Granada (Nicaragua),42000000
Granada Tipo 10,127000000
Granada Tipo 4,150000000
Granada Tipo 91,24300000
Granada Tipo 97,28600000
Granada Tipo 99,34400000
Granados (Baja Verapaz),122
Grandcamp-Maisy,560000
Grande America,93
Grandes valores del tango,125
Granizado,2450000
Granja Porcón,57500
Granville,121
Graomys centralis,1110
Graomys domorum,1590
Graomys edithae,782
Grasa de pella,195
Graus nigra,45300
Gravina (1881),266000
Gravitcornutia altoperuviana,10
Gravitcornutia cuspis,10
Gravitcornutia inapulana,3
Graydidascalus brachyurus,87
Great Corn Island (Nicaragua),4010000
Grecco,108
Green Ranger,193
Greenwich (Connecticut),37800000
Gregorio Aznárez,195000
Gregorio de Laferrere (Buenos Aires),745000
Grenen,3520000
Greytown (Nicaragua),89800
Grillo Villegas,229000
Grisín,135
Grito de Baire,140
Grito de Capotillo,44000
Grito de Montán,19400000
Groix,135
Groton (Connecticut),133
Grundulus bogotensis,2770
Grupo Celeste,72900000
Grupo Chéjere,66
Grupo Kaphia,3140
Grupo Maniabón,48
Grupo Nayjama,117
Grupo Niche,32600000
Grupo Vocal Argentino,104
Grupo Vocal Norte,80
Grupo Vocal Universo,11000000
Gruta de Fingal,133
Gruta de Huagapo,13400
Gruta de los Cuervos,36700
Gruta de los Helechos,49800
Grutas del Rey Marcos,357000
Gryphaeostrea callophyla,573
Guabina,268000
Guabito,328000
Guacanagarix,41100
Guacara,3130000
Guacarapo,18300
Guacotecti,116000
Guadalupe (El Salvador),127
Guadalupe (Ica),121
Guadalupe Pineda,117
Guadalupe Reyes Reyes,51500000
Guadalupe Vázquez Luna,62
Guadalupe del Carmen,51400000
Guadalupe la Chinaca,12400
Guadarrama (Barinas),41
Guaguas de pan,523000
Gualaceo,2370000
Gualberto Ibarreto,159000
Gualey,372000
Gualicho,216000
Gualococti,60400
Gualán,142
Guama,2100000
Guampa,640000
Guamá (Cuba),323000
Guanabo,384000
Guanahacabibes,108000
Guanaja,141
Guanajay,114
Guananico,138000
Guanay (municipio),84
Guane (Cuba),250000
Guanoco,37300
Guanta,85
Guantánamo,6700000
Guaqui,379000
Guarambaré,402000
Guarame,70
Guaranda,3790000
Guarapo,117
Guardalavaca,532000
Guardatinajas,64
Guardia Nueva (historia del tango),277000
Guardia Vieja (historia del tango),410000
Guarenas,4090000
Guarionex,104
Guarumal (Chiriquí),162000
Guasaganda,53500
Guasdualito,536000
Guasipati,467000
Guastatoya,149
Guatajiagua,117
Guatemala,1310000000
Guatuso (territorio indígena),23700
Guaviyú de Arapey,108000
Guayabal (República Dominicana),124
Guayabal (Venezuela),862000
Guayacanes (República Dominicana),260000
Guayakí (compañía),170
Guayana venezolana,7760000
Guaymango,214000
Guaymate,110
Guaytacama,294000
Guayubín,418000
Guayzimi,123000
Guazacapán,145000
Guazapa,341000
Guazuvirá Nuevo,205000
Guazú Cuá,93
Guazú-Virá,96
Gubernatrix cristata,224
Guerra chanca-inca,198
Guerra chimú-inca,248000
Guerra del Cenepa,455000
Guerra del Chaco,9960000
Guerra del Collao,200000
Guerra del Pacífico,39500000
Guerra entre Artigas y Ramírez,831000
Guerra inca-mapuche,151
Guerra peruano-ecuatoriana,166
Guerra soviético-japonesa,941000
Guerras de los Andes septentrionales,110
Guerras fronterizas soviético-japonesas,33700
Guerrero jaguar,124
Guerrobunus barralesi,161
Guettarda uruguayensis,2040
Guillermo Fernández (cantante),3630000
Guillermo Helbling,24600
Guillermo Le Testu,47200
Guillermo Masi,44
Guillermo Ríos Alcalá,987000
Guillermo Urien,58400
Guilvinec,124
Guisa (Cuba),206
Guiso carrero,125
Guiso de majaz,2050
Guitarrón mexicano,94000
Guitarrón uruguayo,142
Guldborgsund,1090000
Gulosus aristotelis,81
Gumersindo España Olivares,41500
Guntō,659000
Gusano mecánico,1150000
Gusanos de maguey,381000
Gustavo Adrián Ramírez,125
Gustavo Leguizamón,619000
Guyunusa,59500
Guáimaro,81
Guápulo,257000
Gygis alba,132000
Gyldenstolpia fronto,2760
Gymnocalycium amerhauseri,79
Gymnocalycium angelae,1640
Gymnocalycium baldianum,107000
Gymnocalycium bodenbenderianum,17200
Gymnocalycium monvillei,162
Gymnocalycium oenanthemum,4770
Gymnocharacinus bergii,2280
Gymnogeophagus australis,8460
Gymnogeophagus balzanii,12900
Gymnogeophagus constellatus,1250
Gymnogeophagus eocenicus,656
Gymnogeophagus jaryi,49
Gymnogeophagus lipokarenos,826
Gymnogeophagus mekinos,1410
Gymnogeophagus meridionalis,5020
Gymnogeophagus missioneiro,476
Gymnogeophagus peliochelynion,1050
Gymnogeophagus pseudolabiatus,706
Gymnogeophagus rhabdotus,101
Gymnogeophagus setequedas,1330
Gymnogeophagus terrapurpura,3210
Gymnogeophagus tiraparae,879
Gymnogyps californianus,152000
Gymnophthalmus speciosus,73
Gymnorhamphichthys britskii,1510
Gymnosarda unicolor,17300
Gymnothorax afer,8910
Gymnothorax bacalladoi,1860
Gymnothorax javanicus,129000
Gymnothorax maderensis,89
Gymnotus carapo australis,89
Gymnotus carapo madeirensis,621
Gymnotus carapo occidentalis,2040
Gymnotus carapo orientalis,1550
Gymnotus cuia,139
Gymnotus inaequilabiatus,22600
Gymnotus paraguensis,2610
Gymnura altavela,184
Gymnura marmorata,13600
Gymnura poecilura,5900
Gypsophila paniculata,128
GÆA Sociedad Argentina de Estudios Geográficos,11000
Gómez (Chiriquí),726000
Güerrín,48900
Güigüe,239000
Güines,372000
Güira de Melena,286000
Güiria,131
Güiro,211
HANTRU-1,91
HMAS Warrnambool (J202),53
HMAS Woomera,5850
HMCS Assiniboine (DDH 234),1090
HMCS Wolf,80
HMS A1,1510000
HMS A3,60
HMS Aboukir (1900),10600
HMS Affray (P421),908
HMS Agamemnon (1781),10900
HMS Arethusa (1913),11100
HMS Argyll (1904),22000
HMS Audacious (1912),20900
HMS B2,673000
HMS Basilisk (H11),903
HMS Bedford (1901),104000
HMS Berkeley Castle (K387),450
HMS Birkenhead,372000
HMS Black Prince (1904),192
HMS Blackwater (1903),13800
HMS Britannia (1904),146000
HMS Bronington (M1115),167
HMS Bulwark (1899),15200
HMS C11,61
HMS Captain (1870),673000
HMS Cobra,87
HMS Conqueror (1855),25500
HMS Conway,1240000
HMS Coventry (D118),5120
HMS Cressy (1899),10900
HMS Curacoa (D41),2560
HMS Dasher (D37),1180
HMS Decoy,394000
HMS Defence (1763),153
HMS Formidable (1898),105
HMS Gladiator,435000
HMS Glatton (1914),5720
HMS Glorious (77),180
HMS Glowworm (H92),168
HMS Grenville (H03),1490
HMS H47,70
HMS Hazard,34000000
HMS Hogue (1900),13700
HMS Hood (1891),85800
HMS Hood (51),1270000
HMS Indefatigable (1911),25000
HMS Ivanhoe (D16),124
HMS Juno,95
HMS Justice (W140),712
HMS King Edward VII (1903),186
HMS Montagu,226000
HMS Natal,812000
HMS Oxley,137000
HMS Petunia (K79),445
HMS Port Napier,284000
HMS Princess Irene,281000
HMS Queen Mary,114
HMS Rawalpindi,190000
HMS Resolution (1667),78
HMS Revenge (1577),193
HMS Royal George (1756),319000
HMS Royal Oak (08),430000
HMS Safari,694000
HMS Seal (N37),1350
HMS Serpent (1887),24000
HMS Sheffield (D80),199
HMS Sidon,69
HMS Sir Galahad (T226),328
HMS St David,92
HMS Swift (1762),39000
HMS Tiger (1900),126000
HMS Truculent (P315),1180
HMS Vanguard (1869),24400
HMS Vanguard (1909),187000
HMS Victory (1737),78900
HMS Wager (1739),16800
HMS Warspite (1807),4250
HMS Wasp,309000
HMS Waterloo (1833),53
HMS Witherington (D76),327
HNoMS Heimdal (1892),344
HNoMS Nordkapp,1760
HTMS Sukhothai,113000
Habana del Este,49100000
Habia atrimaxillaris,2500
Habromys lophurus,1290
Hacienda Guachalá,24500
Hacienda San Jacinto,3930000
Hadrurus,56600
Hadrurus arizonensis,44600
Hadrurus hirsutus,61
Haemalea imitans,236
Haemalea partita,145
Haematopus leucopodus,110
Haematopus palliatus galapagoensis,4680
Haemomaster venezuelae,768
Haemulon plumierii,158
Hafferia fortis,130
Hagnagora unnia,198
Hai (S 170),155000000
Hai Tien,206000000
Haitón del Guarataro,2140
Hakkō ichiu,7330
Hal Blaine,2870000
Halcones Fútbol Club,812000
Halesite,341000
Half Moon (naufragio),27200
Haliaeetus leucocephalus,139
Halichoeres hortulanus,19600
Halichoeres malpelo,1480
Halichoeres rubrovirens,72
Halichoeres sazimai,1550
Halichoerus grypus,347000
Haliclona caerulea,12100
Haliotis tuberculata,83600
Haliphron atlanticus,140
Hallaca,136
Hallowe'en,143
Halloween en Bolivia,65100000
Hallulla,143000
Halobatrachus didactylus,9700
Hamakaze (1941),135
Hamburguesas El Corral,8680000
Hamlet Bazzano,4510
Hampton (Nuevo Hampshire),33500000
Hampton Bays,154000000
Hamptophryne boliviana,5170
Hanan Pacha,327000
Hancock (Maine),66700000
Handroanthus heptaphyllus,133
Hapalochlaena fasciata,13400
Hapalopsittaca fuertesi,166
Hapalopsittaca pyrrhops,6450
Haquira,145000
Haringvliet (brazo de mar),933
Harrisia bonplandii,5490
Harrisia eriophora,57
Harry S. Truman,30500000
Harukaze (1923),11400
Haruna (1915),271000
Hatakaze (1924),4050
Hatcheria macraei,3370
Hatillo de Loba,569000
Hato El Cedral,203
Hato El Frío,103
Hato Masagüaral,591
Hato Mayor,9530000
Hato Piñero,127
Hato Viejo (San Antonio de Guerra),337000
Hato Viejo (Yaracuy),35300
Hato del Yaque,183000
Hatsuharu (1933),7300
Hatsukari,66
Hatsushimo (1934),131
Hatsuzuki,83
Hatun Machay,23600
Haudaudine,5780
Hayate (1925),9670
Helado de dulce de leche,55000000
Helenita Vargas,124
Heliamphora folliculata,5810
Heliamphora ionasi,8560
Heliamphora minor,102000
Heliamphora nutans,17200
Heliangelus spencei,171
Helicolenus dactylopterus,38400
Heliconia bihai,218
Heliconia episcopalis,4790
Helietta glaucescens,1450
Heliocarpus americanus,13700
Heliodoxa aurescens,144
Heliodoxa xanthogonys,1980
Heliomaster longirostris,29700
Hellinsia cristobalis,188
Hellinsia devriesi,489
Hellinsia nephogenes,174
Heloderma charlesbogerti,15100
Hemiancistrus chlorostictus,668
Hemiancistrus fuliginosus,53
Hemiancistrus maracaiboensis,560
Hemiancistrus meizospilos,515
Hemiancistrus pankimpuju,765
Hemiancistrus sabaji,3990
Hemiancistrus votouro,773
Hemiauchenia,32300
Hemibrycon divisorensis,730
Hemibrycon helleri,1370
Hemibrycon jabonero,116
Hemibrycon jelskii,846
Hemibrycon pautensis,930
Hemidactylus mabouia,49400
Hemidoras stenopeltis,1050
Hemigrammus durbinae,527
Hemigrammus machadoi,4190
Hemigrammus matei,651
Hemigrammus taphorni,805
Hemiodus argenteus,3720
Hemiodus atranalis,773
Hemiodus immaculatus,1810
Hemiodus jatuarana,836
Hemiodus quadrimaculatus,1180
Hemiodus vorderwinkleri,1170
Hemiphractus bubalus,1430
Hemiphractus fasciatus,98
Hemiphractus helioi,128
Hemiphractus scutatus,93
Hemirrhagus benzaa,562
Hemirrhagus embolulatus,255
Hemitaurichthys polylepis,87
Hemitaurichthys thompsoni,6710
Hemitaurichthys zoster,5330
Hemithrinax,18300
Hemitriccus cohnhafti,2680
Hemitriccus flammulatus,12100
Hemitriccus margaritaceiventer,18000
Hemitriccus minimus,29200
Hemitriccus minor,39400
Hemitrygon akajei,7290
Henicorhina anachoreta,1770
Henicorhina leucophrys,40000
Henicorhina leucosticta,92
Heniochus acuminatus,122
Heniochus chrysostomus,11700
Heniochus diphreutes,25300
Heniochus monoceros,21400
Heniochus pleurotaenia,5720
Heniochus singularius,3860
Heniochus varius,155
Henonemus taxistigmus,416
Henri Pittier,285000
Hentzia palmarum,4460
Heptapterus mbya,122
Heptapterus qenqo,573
Hercilia Fernández de Mujía,4440
Herencia de Timbiquí,98400
Hermandad de Jesús de Medinaceli y la Esperanza Macarena (Miami),88
Hermandad de la Macarena (Sevilla),1000000
Hermanos Núñez,12100000
Hermanos Podestá,217000
Hermanos de las vituallas,44600
Hernandarias (Paraguay),1200000
Hernando de Guevara y Báñez,18800
Hernán Figueroa Reyes,1700000
Hernán Marín,125
Hernán Rapela,8150
Hernán de Vega,7130000
Heros severus,192000
Herpailurus yagouaroundi,135000
Herpetogramma omphalobasis,102
Herpsilochmus gentryi,3290
Herpsilochmus motacilloides,3410
Herpsilochmus parkeri,6900
Herpsilochmus praedictus,954
Herpsilochmus roraimae,12800
Herpyza,43800
Herrera (Asunción),105
Herrera (Santo Domingo Oeste),4160000
Hertford (Carolina del Norte),261000
Hervidero,660000
Hervideros de San Jacinto,16200
Hesperia comma,72900
Hesperoburhinus superciliaris,123
Hesperomeles obtusifolia,80
Heterocercus aurantiivertex,4560
Heterocercus linteatus,4640
Heteroconger longissimus,5400
Heterodontus francisci,197
Heterodontus galeatus,13600
Heterodontus japonicus,84
Heterodontus mexicanus,128
Heterodontus portusjacksoni,27300
Heterodontus quoyi,8190
Heterodontus zebra,163
Heteromys anomalus,4230
Heteromys desmarestianus,5480
Heteromys gaumeri,3950
Heteromys nelsoni,10500
Heteromys teleus,1060
Heteropoda venatoria,133
Heteropsis tenuispadix,792
Hexachernes pennatus,396
Hexanchus griseus,107000
Hexatrygon bickelli,5910
Hexommulocymus,11000
Hibiki (1933),123000
Hibiscus striatus,30800
Hidrografía de Bolivia,134
Hidrografía de Guatemala,447000
Hidrografía de Honduras,124
Hidrografía de Uruguay,121
Hidrovía Paraná-Paraguay,136
Hiei (1914),36700
Hielito,301000
Hilandería Inejiro Asanuma,2480
Hilario Alejos Madrigal,15100
Hilario Mendívil Velasco,67
Hilda Herrera,4940000
Hilda Vivar,144000
Hilma Hooker,142000
Himerometra robustipinna,107
Himno de Azuay,166000
Himno santeño,65
Hingham (Massachusetts),4530000
Hip hop al parque,121
Hippasteria phrygiana,12600
Hippocamelus antisensis,138
Hippocamelus bisulcus,144
Hippocampus fisheri,123000
Hippocampus guttulatus,116000
Hippocampus kuda,217000
Hippoglossus stenolepis,87700
Hippopsis bivittata,532
Hippopsis iuasanga,180
Hippospongia communis,6870
Hipólito Francisco de Villegas,5420000
Hipótesis de tsunami en Cumbre Vieja,146
Hiroshima (libro),3400000
Hiroshima (película de 1983),244000
Hiryū (1939),77400
Hirō Onoda,6050
Hisonotus alberti,467
Hisonotus iota,1700
Hisonotus leucophrys,993
Hisonotus megaloplax,730
Hisonotus montanus,1660
Hisonotus pachysarkos,810
Histiophryne,24900
Histiotus laephotis,18600
Histiotus macrotus,12100
Histiotus magellanicus,4210
Historia de Guatemala,298000000
Historia de La Guajira,9950000
Historia de la Provincia de Ciego de Ávila,704000
Historia de la frontera entre la República Dominicana y Haití,1250000
Historia de la música folklórica de Argentina,136
Historia de la yerba mate,10600000
Historia de las advertencias de ciclones tropicales en el Atlántico,14200
Historia del Soconusco,514000
Historia meteorológica del huracán Georges (1998),10900
Historia precolombina de Honduras,474000
Historia territorial de Cuba,10900000
Historia territorial de Guatemala,128
Historia territorial de Panamá,11600000
Histriophoca fasciata,98
Hito Esmeralda,1390000
Hito Tripartito,143000
Hiyō,25500
Hoffmannihadrurus gertschi,118
Hoffmannseggia doellii,1360
Hoffmannseggia glauca,151
Hoja de banana,44500000
Hoja de bijao,458000
Hojaldra,232000
Hojuela,579000
Holacanthus bermudensis,10800
Holacanthus ciliaris,66400
Holacanthus limbaughi,2690
Holacanthus passer,26700
Holacanthus tricolor,24800
Holando-Argentino,85000
Holcosus chaitzami,685
Holguín,10100000
Holguín (club de fútbol),236000
Holmesina,2770000
Holocausto caníbal,124000
Holocentrus adscensionis,182
Holochilus brasiliensis,105
Holochilus chacarius,4930
Holochilus lagigliai,80
Holothuria edulis,172
Holtbyrnia anomala,1520
Hombre-mosquito,155
Homonoea longimana,304
Homonota andicola,1160
Homonota borellii,1520
Homonota darwinii,145
Homonota darwinii darwinii,2860
Homonota darwinii macrocephala,151
Homonota taragui,1010
Homonota underwoodi,1370
Homonota uruguayensis,94
Homonota whitii,1360
Homonota williamsii,859
Hondo Valle,8880000
Hondurodendron,623
Honfleur,7550000
Hopestar,2000000
Hopliancistrus tricornis,1120
Hoplias aimara,103
Hoplias argentinensis,3570
Hoplias auri,482
Hoplias curupira,8580
Hoplias intermedius,14300
Hoplias mbigua,1360
Hoplias misionera,2770
Hoplomys gymnurus,80
Hoplomyzon atrizona,1290
Hoplostethus atlanticus,95
Hoplostethus cadenati,1700
Hoplostethus mediterraneus,146
Hoplostethus occidentalis,68
Hora legal de Uruguay,99
Hora legal de Venezuela,222000000
Hora oficial argentina,580000000
Horacio Aguirre,3350000
Horacio Aragona,19900
Horacio Banegas,436000
Horacio Guarany,137
Horacio Rodolfo de Sosa,1580000
Horario de verano de Uruguay,25800000
Horchata de arroz,11200000
Horchata de chufa,223
Horconcitos,247000
Hormetica apolinari,323
Hormetica marmorata,420
Hormetica pustulata,133
Hormetica strumosa,729
Hormigas de Cuba,182
Horno manabita,202
Hosororo,41800
Hospital Clínico Quirúrgico “Lucía Íñiguez Landín”,24900
Hospital General Universitario “Vladimir Ilich Lenin”,18200
Hospital Pediátrico “Octavio de la Concepción y de la Pedraja”,12200
Hospital Psiquiátrico Provincial de Holguín,83
Hospital de San Pedro (Antigua Guatemala),8270000
Hospital “Gustavo Aldereguía Lima”,86000
Hotel Casa Santo Domingo,66900000
Hotel Guaraní,2070000
Hotel Humboldt,16000000
Hotel reserva ecológica Kapawi,2280
Hotu Matu'a,23000
Hoy fue un día soleado,16500000
Hoya de Enriquillo,179
Huacaraje,163000
Huacaya (Bolivia),99
Huaccracca,980
Huachi-torito,23700
Huachicol,1680000
Huaco retrato moche,133
Huaconada,48100
Huacrapuco,690
Huaino,85
Huallallo Carhuincho,3340
Huallanca,346000
Huamancantac,649
Huamanrazu,56
Huambo (Ayacucho),87800
Huambo (Caylloma),51100
Huambos,96400
Huampami,68
Huana Huana,878000
Huanacoma (Abancay),80
Huancas (Amazonas),505000
Huapango,4790000
Huaquillas,2360000
Huaranguillo,59
Huaraz,6920000
Huari (ciudad),1020000
Huaridanza,8640
Huarina,323000
Huarjata,10800
Huarmey,1240000
Huarocondo,82
Huarpea andina,73000
Huasac,21500
Huasahuasi,104
Huasampata,2190
Huasicamayoc,10700
Huasicancha,47200
Huatajata,145000
Huatia,102000
Huaylarsh,456000
Huayllati,29900
Huayno Ancashino,43200
Huaypan,13700
Huayá,4180
Huehuetenango (municipio),3560000
Huella (danza),15800000
Huerque Mapu,7700
Huevas fritas,822000
Hugo Candelario,794000
Hugo Domínguez,15500000
Hugo Díaz Cárdenas,9420000
Hugo Fattoruso,199000
Hugo Fernández Panconi,6220
Hugo Giménez Agüero,389000
Hugo Nantes,17300000
Huipil,1890000
Huipil Oaxaqueño,120000
Huiracocha (dios),115000
Huitaca,50500
Huitzilopochtli,137
Huitzitón,524
Huité,138000
Huizúcar,124
Hukbalahap,140000
Humaitá (Paraguay),610000
Humanata,10
Humberto Leytón Armendia,1520
Humberto Monroy,73
Humedal El Burro,140
Humedal Jaboque,38100
Humedal La Conejera,35200
Humedal La Isla,4330000
Humedal La Vaca,131
Humedal Lucre-Huacarpay,8170
Humedal Madre de Agua,803000
Humedal Riberino Zapandí,50
Humedal Santa María del Lago,837000
Humedal Tibabuyes,20900
Humedal Tibanica,137
Humedal de Capellanía,120
Humedal de Córdoba,143
Humedal de Guaymaral y Torca,156000
Humedal de Huasao,133
Humedal de Techo,1190000
Humedal del Arroyo Solís Chico,117
Humedal del Río Máximo,364000
Humedal el Tunjo,6490
Humedal lacustrino de Tamborcito,363
Humedales Chaco,441000
Humedales costeros de Pisco,196
Humedales de Bogotá,1180000
Humedales de San José,3010000
Humedales de Soacha,43700
Humita,1630000
Hundición de Yay,4960
Hundimiento de la flota alemana en Scapa Flow,6280
Hundimiento del ARA San Juan (S-42),145
Hundimiento del Monagas,14600
Hundimiento del SS Princess Alice,1810
Hundimiento del William Brown,388000
Huracan Flora (1963),216000
Huracán Adrian (2011),663000
Huracán Adrián (2005),620000
Huracán Agatha,188000
Huracán Alex (2010),701000
Huracán Alice (diciembre 1954),14300
Huracán Allen,835000
Huracán Allison (1995),49800
Huracán Amanda,1880000
Huracán Baker (1950),38500
Huracán Beatriz (2011),93200
Huracán Bertha (1996),16500
Huracán Beryl,164
Huracán Beta,2260000
Huracán Blanca (2015),163
Huracán Blas (2022),117
Huracán Bob,141
Huracán Bonnie (2022),165
Huracán Bud (2012),29100
Huracán Bud (2018),139
Huracán Bárbara (2013),157
Huracán Carlotta (2012),118
Huracán Celia (2010),84100
Huracán Charley,387000
Huracán Claudette (1991),6070
Huracán Claudette (2003),4210
Huracán Cosme (1989),12100
Huracán César–Douglas,122000
Huracán Daniel (2006),2510000
Huracán Danielle (2010),39700
Huracán David,10800000
Huracán Dean,650000
Huracán Dennis,109
Huracán Diana,92
Huracán Dorian,375000
Huracán Douglas (2020),586000
Huracán Edouard (1996),21900
Huracán Eloisa,88200
Huracán Elsa,199
Huracán Emily,767000
Huracán Enrique (2021),732000
Huracán Erick,173
Huracán Erika (2003),54700
Huracán Erin (1995),51000
Huracán Ernesto (2012),511000
Huracán Eta,139
Huracán Fabian,2190000
Huracán Fay,151000
Huracán Fifi-Orlene,1460
Huracán Fiona,123
Huracán Fran,5890000
Huracán Franklin (2023),152
Huracán Félix,5890000
Huracán Félix (1995),437000
Huracán Gamma,811000
Huracán Georges,296000
Huracán Gilbert,359000
Huracán Gordon (2000),458000
Huracán Grace,890000
Huracán Grace (1991),149
Huracán Gustav,164
Huracán Hanna (2008),152
Huracán Hanna (2020),99000
Huracán Harvey,203
Huracán Hattie-Simone,3050
Huracán Hector (2018),898000
Huracán Hernán (2002),136000
Huracán Hiki,430000
Huracán Hortense,149000
Huracán Humberto (1995),118
Huracán Ian,132
Huracán Ida,1910000
Huracán Ida (2009),99
Huracán Idalia,164000
Huracán Igor,90
Huracán Ike,95900
Huracán Ileana (2006),121
Huracán Ingrid,126
Huracán Iota,242000
Huracán Iris,967000
Huracán Iris (1995),262000
Huracán Irma,977000
Huracán Isaac,1660000
Huracán Isabel,6730000
Huracán Isaías,701000
Huracán Ivan,895000
Huracán Janet,135
Huracán Joan–Miriam,186000
Huracán Joaquín,112
Huracán Jova (2011),8660
Huracán Juan,223
Huracán Julia (2010),228000
Huracán Juliette (2001),15900
Huracán Karl,129
Huracán Karl (2004),185000
Huracán Kate (1985),126
Huracán King,11100000
Huracán Lane (2018),817000
Huracán Larry,78
Huracán Laura,3390000
Huracán Lili,121
Huracán Lorena (2019),170
Huracán Luis,26100000
Huracán Marilyn,510000
Huracán Martha,81
Huracán María,11000000
Huracán Matthew,876000
Huracán Melissa,1500000
Huracán Michael,7400000
Huracán Milton,170
Huracán Mitch,477000
Huracán Nana (2020),138
Huracán Nate,130
Huracán Nate (2005),149
Huracán Nicole (2022),157
Huracán Noel,598000
Huracán Noel (1995),162000
Huracán Nora (2021),286000
Huracán Odile,160
Huracán Olaf (2021),38800
Huracán Opal,161
Huracán Oscar (2024),11200000
Huracán Otis,179
Huracán Otto,181
Huracán Otto (2010),93300
Huracán Pamela,740000
Huracán Paula,14800000
Huracán Rafael (2024),7070000
Huracán Richard,3720000
Huracán Rick (2021),497000
Huracán Roxana,174000
Huracán Sally,638000
Huracán San Zenón de 1930,125
Huracán Sandy,862000
Huracán Shary,11600
Huracán Stan,169
Huracán Tomás,7790000
Huracán Walaka,93
Huracán Willa,31100
Huracán Wilma,205000
Huracán de Cuba de 1910,102000
Huracán de Cuba de 1924,96300
Huracán de Cuba de 1932,212
Huracán de tipo Cabo Verde,8730000
Huáscar Barradas,107
Huéhuetl,22100
Huéhuetl de Malinalco,3980
Hyalinobatrachium aureoguttatum,5860
Hyalinobatrachium cappellei,3400
Hyalinobatrachium fleischmanni,205
Hyalinobatrachium pellucidum,2690
Hyalinobatrachium talamancae,2970
Hyalinobatrachium valerioi,180
Hyalinobatrachium vireovittatum,2460
Hyalinobatrachium yaku,4510
Hyalis argentea,4400
Hyaloseris andrade-limae,361
Hyannis,4740000
Hydrobates castro,30300
Hydrobates hornbyi,5090
Hydrobates leucorhus,280
Hydrobates macrodactylus,4210
Hydrobates markhami,108
Hydrobates pelagicus,142000
Hydrochoerus hydrochaeris,427000
Hydrodynastes gigas,32600
Hydrolaetare,24300
Hydrolaetare schmidti,2580
Hydrolagus mirabilis,12800
Hydrolycus tatauaia,3090
Hydromedusa casamayorensis,588
Hydrophis melanocephalus,88
Hydrophis platurus,40200
Hydrops triangularis,79
Hygophum hygomii,3160
Hyla bocourti,6270
Hyla eximia,14800
Hyla plicata,119
Hyla walkeri,10200
Hyla wrightorum,102
Hyladelphys kalinowskii,11900
Hylephila phyleus,162
Hylesia nigricans,12100
Hylonympha macrocerca,7490
Hylopezus whittakeri,126
Hylophilus brunneiceps,4680
Hylophilus semicinereus,6030
Hylorina sylvatica,5030
Hyloscirtus bogotensis,82
Hyloscirtus charazani,1500
Hyloscirtus estevesi,1260
Hyloscirtus hillisi,2530
Hyloscirtus jahni,1300
Hyloscirtus japreria,627
Hyloscirtus larinopygion,4030
Hyloscirtus lascinius,532
Hyloscirtus lindae,174
Hyloscirtus pacha,1200
Hyloscirtus pantostictus,1540
Hyloscirtus princecharlesi,3010
Hyloscirtus psarolaimus,99
Hyloscirtus ptychodactylus,1510
Hyloscirtus staufferorum,732
Hyloscirtus tapichalaca,186
Hyloscirtus torrenticola,135
Hyloxalus alessandroi,531
Hyloxalus anthracinus,89
Hyloxalus patitae,664
Hyloxalus picachos,857
Hypancistrus inspector,11100
Hypancistrus zebra,193
Hyparrhenia rufa,49900
Hyperoglyphe perciformis,56
Hyperoodon planifrons,13800
Hyperplatys mexicanus,717
Hyperplatys pichinchensis,380
Hyperplatys rileyi,430
Hyphessobrycon auca,680
Hyphessobrycon fernandezi,3770
Hyphessobrycon frankei,3540
Hyphessobrycon herbertaxelrodi,60600
Hyphessobrycon isiri,468
Hyphessobrycon loretoensis,3950
Hyphessobrycon nigricinctus,1810
Hyphessobrycon otrynus,355
Hyphessobrycon paucilepis,528
Hyphessobrycon poecilioides,842
Hyphessobrycon sovichthys,2570
Hyphessobrycon stramineus,3540
Hyphessobrycon tuyensis,548
Hypnelus bicinctus,2810
Hypocnemis hypoxantha,10400
Hypocnemis ochrogyna,1920
Hypocnemoides maculicauda,6370
Hypodactylus fallaciosus,597
Hyponerita similis,790
Hypoptopoma gulare,5750
Hypoptopoma inexspectatum,2230
Hypoptopoma joberti,723
Hypoptopoma psilogaster,1990
Hypoptopoma steindachneri,2830
Hypoptopoma thoracatum,1450
Hypopyrrhus pyrohypogaster,186
Hyporhagus suturalis,215
Hyporhicnoda carinata,506
Hyporhicnoda humilior,381
Hyporhicnoda litomorpha,568
Hyporhicnoda reflexa,990
Hyporhicnoda ultima,534
Hypostomus arecuta,896
Hypostomus carinatus,2530
Hypostomus denticulatus,1790
Hypostomus hondae,2300
Hypostomus paranensis,3300
Hypostomus plecostomoides,2080
Hypostomus spiniger,997
Hypostomus tietensis,1520
Hypostomus unicolor,5000
Hypostomus uruguayensis,1860
Hypostomus varimaculosus,1220
Hypostomus virescens,6500
Hypostomus winzi,521
Hypothymis coelestis,72
Hypothymis helenae,1860
Hypseocharis bilobata,7010
Hypsiboas alboniger,476
Hypsiboas balzani,1180
Hypsiboas callipleura,880
Hypsiboas fasciatus,6920
Hypsiboas gladiator,6420
Hypsiboas jimenezi,604
Hypsiboas marianitae,1150
Hypsiboas melanopleura,987
Hypsiboas palaestes,725
Hypsiboas picturatus,86
Hypsiboas rhythmicus,386
Hypsiboas rosenbergi,140
Hypsiboas varelae,9240
Hypsolebias adornatus,659
Hypsolebias brunoi,110
Hypsolebias igneus,5200
Hyūga (1918),66
Héctor E. Anzorena,10
Héctor Invernizzi,121000
Héctor Numa Moraes,122
Hígado encebollado,1530000
Hōshō,1760000
I-25,108
INCA (banda),108
ISO 3166-2:CR,34600
ISO 3166-2:CU,21900
ISO 3166-2:DO,316000
ISO 3166-2:EC,32200
ISO 3166-2:GT,16000
ISO 3166-2:HN,29200
ISO 3166-2:NI,42900
ISO 3166-2:PY,33800
ISO 3166-2:SV,58700
Iara (folklore),1340000
Ibuki (1943),31200
Ica Novo,21000000
Ichoca,125
Ichocán,57000
Ichthyaetus melanocephalus,125000
Ichthyomys hydrobates,10700
Ichthyomys pittieri,138
Ichthyomys stolzmanni,157
Ichthyomys tweedii,1240
Ichupampa,71200
Icla,84
Icterus auratus,89
Icterus croconotus,19800
Icterus graceannae,26100
Ictiofauna de agua dulce de la Argentina,16600
Ictiofauna de agua dulce del Uruguay,220000
Ideobisium crassimanum,534
Idioma boruca,23500
Idioma bue,331000000
Idioma carabayo,41
Idioma jukude,343
Idioma urarina,78
Idioma yuhup,49
Idioma yurí (Amazonia),72900
Idiopsar speculifer,142
Idiotropiscis lumnitzeri,1640
Iglesia Escuela de Cristo,39700000
Iglesia de Candelaria (Antigua Guatemala),701000
Iglesia de La Merced (Antigua Guatemala),1060000
Iglesia de Nuestra Señora de la Asunción (Jocotenango),18200
Iglesia de Nuestra Señora de la Asunción (Ocotal),11600
Iglesia de Nuestra Señora de los Remedios (Antigua Guatemala),302000
Iglesia de Nuestra Señora del Carmen (Antigua Guatemala),801000
Iglesia de Nuestra Señora del Carmen (Cojedes),16400
Iglesia de San Agustín (Antigua Guatemala),1350000
Iglesia de San Francisco (La Antigua Guatemala),146
Iglesia de San José (Holguín),569000
Iglesia de San José El Viejo,24900000
Iglesia de San Juan Bautista (Ojojona),7480
Iglesia de San Manuel de Colohete (Honduras),11700
Iglesia de San Pedro Apóstol (Antigua Guatemala),465000
Iglesia de San Pedro Apóstol (Mozonte),7550
Iglesia de San Roque (Asunción),1480000
Iglesia de Santa Ana (Niquinohomo),99
Iglesia de la Encarnación (Asunción),135
Iglesia y Beaterio de Santa Rosa de Lima (Antigua Guatemala),117
Iglesia y Convento de la Compañía de Jesús (Antigua Guatemala),367000
Iglesia y convento de Nuestra Señora de Belén,112
Iglesia y convento de Santa Clara,3890000
Iglesia y convento de Santa Teresa de Jesús,147
Iglesia y convento de las Capuchinas (Antigua Guatemala),143
Ignacio Figueredo,109
Ignacio Peralta Soledad,1260000
Iguana iguana,138
Iheringichthys,22600
Ikoma (1944),45900
Ikí Balam,88
Ilaló,135
Ileana Márquez,127
Ilex paraguariensis,133
Illapa,306000
Illescas (Uruguay),435000
Illex argentinus,183000
Illimani,1780000
Ilobasco,139
Ilopango,2390000
Imagocnus,12400
Imantag (Cotacachi),127000
Imantocera mindanaonis,474
Imantodes cenchoa,45300
Imantodes lentiferus,155
Imbaimadai,34900
Imbert (República Dominicana),144
Imelda Guillermina Barnett Díaz,6170
Imparfinis nemacheir,800
Impuesto de los 10 centavos,1910000
Imías,267000
Inachus gaditanus,725
Inazuma (1932),6
Inca-Caranqui,85700
Incahuasi (Apurímac),78
Incahuasi (Bolivia),580000
Incahuasi (Ferreñafe),87200
Incahuasi (minas),135000
Incaspiza laeta,59
Incaspiza ortizi,137
Incaspiza personata,4080
Incaspiza pulchra,12700
Incaspiza watkinsi,114
Incendio de Guáimaro,17100
Incendio del supermercado Ycuá Bolaños,161
Incendio escolar de Mahdia,1050
Incendio forestal en Bolivia de 2019,85
Incendios de la selva amazónica de 2019,514000
Incendios forestales en Brasil de 2020,180
Inchicapi,57000
Incidente de Guang'anmen,793
Incidente de Niihau,4650
Incidente de Tientsin (1931),4400
Incidente de la isla de Kanchatzu,12400
Incidente del Cuyuní,5070
Incidente del Nuevo Cuarto Ejército,2950000
Incidente del USS Congress,17700
Incidente del USS Panay,124
Incidente del banco Dogger,89
Incidente del norte de Chahar,2390
Incidente entre Portugal y Venezuela de 2020,758000
Incilius alvarius,34900
Incilius aurarius,644
Incilius bocourti,6070
Incilius canaliferus,1130
Incilius chompipe,917
Incilius coccifer,80
Incilius coniferus,3390
Incilius cristatus,8600
Incilius epioticus,733
Incilius ibarrai,1510
Incilius macrocristatus,1100
Incilius nebulifer,7130
Incilius peripatetes,703
Incilius tacanensis,743
Incilius tutelarius,836
Incilius valliceps,13800
Incrustado de la plata,9100000
Incursión Doolittle,147
Incursión del océano Índico,90
Independencia (Florida),37000000
Independencia (Yaracuy),1040000
India Juliana,50200000
Indias Occidentales Británicas,166000
IndieBo,66
Indo-Pacífico,5830000
Indochina francesa en la Segunda Guerra Mundial,500000
Indomptable (1789),25500
Indopacetus pacificus,67
Infanta Isabel (1912),64000
Infanta María Teresa,148
Infante Rivarola,179000
Informe Franck,1610000
Inga uraguensis,2800
Ingata,246000
Ingavi (municipio),202000
Ingeniero Budge,434000
Ingentia prima,57000
Inia geoffrensis,159000
Inia geoffrensis geoffrensis,124
Inia geoffrensis humboldtiana,5390
Iniciativa Yasuní-ITT,223
Iniistius pentadactylus,2190
Inkarri,97600
Inkuyo,13500
Inmaculada Concepción,14200000
Inmigración salvadoreña en Australia,77500
Inmigración salvadoreña en España,218000
Inmigración salvadoreña en los Estados Unidos,646000
Inquisivi,205000
Instituto Azucarero Dominicano,119
Instituto Distrital de Recreación y Deporte,1080000
Instituto Europeo del Mediterráneo,79
Instituto Geofísico de Ecuador,576000
Instituto Geográfico Militar del Uruguay,124
Instituto Geográfico Nacional de Guatemala,122
Instituto Geográfico de Venezuela Simón Bolívar,428000
Instituto Geográfico y del Catastro Nacional,946000
Instituto Hondureño de Geología y Minas,118
Instituto Nacional de la Yerba Mate,730000
Instituto Nicaragüense de Estudios Territoriales,123
Instituto Onça-Pintada,661000
Instituto Tecnológico Bolívar,139
Instituto Uruguayo de Meteorología,252000
Instituto de Investigaciones Fundamentales en Agricultura Tropical “Alejandro de Humboldt” (INIFAT),5470
Instituto de Meteorología (Cuba),739000
Instituto de la Uva de la UCLA,24100
Intag,2150000
Intendencia de Cuyo,4770000
Intendencia de San Miguel de Tucumán,311000
International Swimming Hall of Fame,20000000
Intervención extranjera en la guerra del Pacífico,1970000
Inti Raymi,3610000
Intipucá,227000
Intrépide,2280000
Inundaciones de abril de 1959 en Uruguay,141000
Inundaciones en Centroamérica de 2011,118000
Inundaciones en El Salvador de 2009,999000
Inundaciones en la región litoral del Ecuador de 2008,193000
Inundación de Formosa en 1983,34200
Inundación del río Amarillo de 1938,345000
Invasión a Guantánamo,250000
Invasión anglo-portuguesa al Río de la Plata (1763),88
Invasión de Salamaua-Lae,97
Invasión de Tulagi,63100
Invasión española de Inglaterra de 1597,141
Invencible (1739),176000
Invencible Inglesa,13700000
Inés Córdova,3170000
Iocheirata,26100
Ipiales,3960000
Ipomoea pes-caprae,178
Ipomoea purpurea,1160000
Ips sexdentatus,25600
Ipswich (Massachusetts),30400000
Irapa,180000
Irenomys tarsalis,10400
Irma Poma Canchumani,2810
Irma Serrano,5900000
Irupana,122
Iryanthera hostmannii,2060
Iryanthera laevis,4630
Iryanthera ulei,4220
Isaac Kola,1370000
Isabel Parra,133
Isaco Abitbol,124
Isbelia Sequera Tamayo,2900
Ischnoptera amazonica,1110
Ischnoptera anisopygia,586
Ischnoptera carcarana,370
Ischnoptera darlingtoni,667
Ischnoptera flagellifer,375
Ischnoptera icano,315
Ischnoptera ikonnikovi,8
Ischnoptera josephina,512
Ischnoptera moxa,365
Ischnoptera neglecta,682
Ischnoptera neoclavator,233
Ischnoptera pallipes,625
Ischnoptera pampaconas,265
Ischnoptera peckorum,281
Ischnoptera santacruzensis,432
Ischnoptera saussurei,779
Ischnoptera snodgrassi,277
Ischnoptera spinosostylata,384
Ischnoptera taczanowskii,213
Ischnura chingaza,421
Ise (1917),5380000
Isidora Agnes,120
Isidoro Noblía,35700
Isidoro del Carmen Mora Ortega,282000
Isidro Augusto Oviedo y Reyes,288000
Isidro Ayora (ciudad),691000
Isidro Carrillo y Salazar,1890000
Isidro Casanova,3650000
Isistius brasiliensis,27100
Isistius plutodus,28700
Isla Abogado,32300000
Isla Agustín (Los Roques),123
Isla Alcatraz (Venezuela),135
Isla Altamura,73200
Isla Alto Velo,2790000
Isla Anatoly,226000
Isla Baltra,748000
Isla Barbareta,135
Isla Beata,124
Isla Beni,3120000
Isla Betancourt,2130000
Isla Blanca (Venezuela),38700000
Isla Bolaños,2930000
Isla Botalón,10200
Isla Brasil (Venezuela),84100000
Isla Brasilera,1140000
Isla Brava (Costa Rica),465000
Isla Busch,601000
Isla Caballo (Costa Rica),7530000
Isla Cabeza de Caballo,4740000
Isla Cabra,167
Isla Cabritos,169
Isla Caigüire,55
Isla Calero,158
Isla Campanario,84
Isla Caribe,62900000
Isla Castellana,9540000
Isla Catalina (República Dominicana),1410000
Isla Catalinita,9530
Isla Cerro Gordo,1460000
Isla Chambergo,43
Isla Chamizal,229000
Isla Chelleca,76
Isla Chupadores Chico,9300
Isla Cojata,83
Isla Conchagua,135000
Isla Conejo (Los Testigos),187000
Isla Conejo (golfo de Fonseca),36100
Isla Contadora,162
Isla Corazón,84200000
Isla Corocoro,403000
Isla Cotorra,374000
Isla Cuidado,154000000
Isla Cumprida,389000
Isla Damas (Costa Rica),2260000
Isla Demarchi,76600
Isla Dorada,136
Isla El Espíritu Santo (El Salvador),4360000
Isla Encantada,7940000
Isla Entre Ríos,181000000
Isla Espíritu Santo (Baja California Sur),133
Isla Estanque,133
Isla Exposición,45500000
Isla Fajardo,4870000
Isla Farallón (Panamá),335000
Isla Farallón (Uruguay),87900
Isla Fernandina,884000
Isla Fernando,92400000
Isla Filomena Grande,94700
Isla Flamenco,12000000
Isla Floreana,179
Isla Fraile Grande,1430000
Isla Fuerte (Venezuela),34500000
Isla Gable,651000
Isla Garrobo,256000
Isla Gibraleón,607000
Isla Gobernadora,112
Isla Gorriti,461000
Isla Grande (Bolivia),15000000
Isla Grande (Panamá),181
Isla Guaquenám,269
Isla Guasina,4360
Isla Guayabo,549000
Isla Guárico,433000
Isla Güegüensi,489
Isla Hermosa,141
Isla Heron,34900000
Isla Hog,29500000
Isla Holy (Anglesey),30300
Isla Huivulai,3130
Isla Iguana,6740000
Isla Iguana (Los Testigos),157000
Isla Incahuasi,421000
Isla Inglesera,40000
Isla Isabela,9510000
Isla Jacques Cousteau,122
Isla Jochihuata,2210
Isla Juncal,69
Isla La Arenosa,940000
Isla La Salina,36400000
Isla La Sola,96
Isla La Tortuga,16300000
Isla La Tuna,11500000
Isla Laefiyuket,362
Isla Larga (Carabobo),510000
Isla Larga (Los Roques),168
Isla Leguan,181000
Isla Lobos (Sonora),165
Isla Los Pájaros,16100000
Isla Los Venados (Venezuela),88100
Isla Madre Sal,18400000
Isla Margarita (Colombia),16100000
Isla Martillo,225
Isla Martín Pérez,10700000
Isla María (República Dominicana),8240000
Isla María Uespen,188
Isla Mocolí,175000
Isla Mondragón,996000
Isla Monos (Venezuela),16600000
Isla Montague (México),186000
Isla Morat,1580000
Isla Moín,92
Isla Muertos,179
Isla Mundo Nuevo,179000000
Isla Murillo,8080000
Isla Orquídea (Canaima),14000
Isla Otama,21500
Isla Pacuare,56700
Isla Palenque,4460000
Isla Palma,57400000
Isla Paraíso (Venezuela),20000000
Isla Pariti,15100
Isla Partida,147
Isla Partida (Baja California),2460000
Isla Patrulla,120
Isla Paulino,1880000
Isla Paxté,232
Isla Payana,31700
Isla Penitencia,798000
Isla Pernambuco,711000
Isla Perro de Agua,33000000
Isla Pingüino (Santa Cruz),667000
Isla Plaza Sur,64200000
Isla Portuguesa,12100000
Isla Pucú,261000
Isla Puercos,162
Isla Puná,194000
Isla Quenata,28100
Isla Rasa (México),9330000
Isla Ratón,19200000
Isla Redonda (canal Beagle),131
Isla Remolinos (Delta Amacuro),13200
Isla Roca Redonda (Galápagos),39800
Isla Rábida,146
Isla Salango,174
Isla Salsipuedes,183000
Isla Samay,272000
Isla San Antonio (Ecuador),7120000
Isla San Antonio (Venezuela),10800000
Isla San Diego,166
Isla San Esteban,13500000
Isla San Francisco (Baja California Sur),7000000
Isla San Francisco (Paraguay),119
Isla San Gabriel,32300000
Isla San Jorge,55400000
Isla San José (Baja California Sur),9930000
Isla San José (Panamá),31900000
Isla San Lucas,30700000
Isla San Luis,146
Isla San Marcos,44300000
Isla San Pedro Nolasco,591000
Isla San Sebastián,45000000
Isla San Simón,172
Isla San Telmo,2320000
Isla Santa Catalina (Baja California Sur),250000
Isla Santa Catalina (Colombia),183
Isla Santa Clara (Ecuador),13500000
Isla Santa Cruz (Baja California Sur),1820000
Isla Santa Cruz (Galápagos),1530000
Isla Santa Elena (Honduras),165
Isla Santa Fe,168
Isla Santa Rosa (Ecuador),12000000
Isla Santay,2830000
Isla Santiago (Galápagos),3100000
Isla Santo Domingo (Venezuela),21500000
Isla Saona,3210000
Isla Serranilla,21000
Isla Sevilla,42000000
Isla Seymour Norte,693000
Isla Sicuya,2540
Isla Sin Nombre,254000000
Isla Sirenas,17900000
Isla Sola (Uruguay),3900000
Isla Sombrero Chino,12300000
Isla Suriqui,139
Isla Susü,565000000
Isla Suárez,75
Isla Talavera (Paraguay),146000
Isla Taquiri,5310
Isla Tasajera,94400
Isla Teopán,52900
Isla Testigo Grande,157
Isla Tiburón,9480000
Isla Tierra Bomba,183
Isla Tiger,181
Isla Timoteo Domínguez,124000
Isla Tobejuba,735
Isla Tortuga (Baja California Sur),703000
Isla Tortuga (Costa Rica),4510000
Isla Tortuga (Galápagos),904000
Isla Tortuguero,838000
Isla Trinitaria,654000
Isla Troolie Grande,359
Isla Tórtola (Venezuela),122000
Isla Umbú,249000
Isla Uvita,743000
Isla Vacas,38500000
Isla Varadero (Monagas),7080
Isla Venado,160
Isla Venezuela (Colombia),259
Isla Victoria (Argentina),183
Isla Violín,16600000
Isla Vizcaíno,1490000
Isla Walney,451000
Isla Wolf,132
Isla Yacyretá,174
Isla Zacate Grande,264000
Isla Zacatillo,136
Isla de Anacoco,14300
Isla de Aves,31600000
Isla de Cañas (Los Santos),2030000
Isla de Cedros (Costa Rica),624000
Isla de Chira,174
Isla de Cuba (1887),240000
Isla de Flores (Guatemala),173
Isla de Flores (Uruguay),13500000
Isla de Lepet,2730
Isla de Lobos (Uruguay),175
Isla de Loco,55500000
Isla de Los Gatos,30900000
Isla de Malpelo,361000
Isla de Margarita,33000000
Isla de Meanguera,56000
Isla de Muerto (Los Roques),53700
Isla de Méndez,26500000
Isla de Otoque,160
Isla de Patos,7330000
Isla de Pescadores (Venezuela),2470000
Isla de Plata (Anzoátegui),578000
Isla de Plata (Delta Amacuro),194
Isla de Providencia (Venezuela),144
Isla de Pórtland,6090000
Isla de Ratas,5760000
Isla de Saboga,85400
Isla de Salamanca,29100000
Isla de San Cristóbal (Ecuador),179
Isla de Toas,174
Isla de Zapara,32900
Isla de la Juventud,190
Isla de la Luna,93400000
Isla de la Plata,104000000
Isla de las Gaviotas (Uruguay),325000
Isla de los Estados,215000000
Isla de los Monos,161
Isla de los Negritos,5740000
Isla de los Pájaros (Guatemala),166
Isla del Bananal,59900
Isla del Burro,11700000
Isla del Carmen (Baja California Sur),4690000
Isla del Caño,5720000
Isla del Cerrito,1480000
Isla del Coco,47100000
Isla del Encanto (El Salvador),5840000
Isla del Gato (Bolivia),3050000
Isla del Pescado,28100000
Isla del Rey (Panamá),128
Isla del Rey (Venezuela),30700000
Isla del Río Negro,50400000
Isla del Sauce,21100000
Isla del Sol,163000000
Isla del Toro,134
Isla del Venado (Nicaragua),434000
Isla del Zorro (Venezuela),321000
Isla Ángel de la Guarda,8900000
Islamar III,21100
Islas Aleutianas,171000
Islas Apipé,8150
Islas Becasses,3700
Islas Borrachas,2760000
Islas Bridges,1420000
Islas Caracas,37700000
Islas Caá Verá,93600
Islas Chimanas,3330
Islas Murciélago,1010000
Islas Ocean Reef,169
Islas Picudas,126000
Islas Secas,5420000
Islas de Argentina en el canal Beagle,521000
Islas de Castillo Grande,118
Islas de La Coronilla,174
Islas de Sotavento (Antillas Menores),50300
Islas de Torres,71600000
Islas del Cisne,169
Islas del Limosna,354000
Islas flotantes de los uros,268000
Islas y áreas protegidas del Golfo de California,404000
Isleria hauxwelli,7840
Isletas de Granada,289000
Isletas de Píritu,201
Islote Agustín Quirós,6950
Islote Blanco (Tierra del Fuego),70200
Islote Córdoba,171000
Islote El Hospital,378000
Islote Gayón,1100
Islote Pedregal,13800
Islote Santa Bárbara,139000
Islote Sucre,94
Islote Venecia,380000
Islotes Hércules,37300
Islotes Les Éclaireurs,5420
Islotes Los Lobos,141
Islotes de Cosigüina,7410
Islotes de Ramaditas,5220
Ismael Cortinas (localidad),940000
Ismael Echeverría,107
Ismene longipetala,1540
Isokaze (1940),9220
Ispi frito,12900
Isthmohyla angustilineata,1280
Isthmohyla calypsa,68
Isthmohyla debilis,110
Isthmohyla graceae,81
Isthmohyla infucata,604
Isthmohyla lancasteri,1770
Isthmohyla picadoi,1360
Isthmohyla pictipes,1160
Isthmohyla pseudopuma,1770
Isthmohyla rivularis,119
Isthmohyla tica,2180
Isthmohyla xanthosticta,679
Isthmohyla zeteki,1430
Isthmura bellii,182
Isthmura boneti,598
Isthmura gigantea,151
Isthmura maxima,123
Isthmura naucampatepetl,756
Istiophorus platypterus,131
Istmo Carlos Ameghino,11200
Istmo de Fitzcarrald,2490
Istmo de Los Médanos,13500
Istmo de Yunguyo,85
Isurus oxyrinchus,199
It's a SpongeBob Christmas!,68500000
Itacurubí de la Cordillera,241000
Itacurubí del Rosario,134
Itakyry,141
Itanará,257000
Itapotihyla langsdorffii,123
Itapé,718000
Itapúa Poty,199
Itauguá,149
Ituglanis australis,4870
Ituglanis inusitatus,564
Ituzaingó (Uruguay),115
Itzcuintepotzohtli,2720
Itztlacoliuhqui,15500
Itá,2220000
Itá Enramada (Asunción),142000
Itá Pytã Punta,9360
Ivonne Reyes,7040000
Iván Pérez Rossi,839000
Iván Zavala,113
Ix (unidad maya),557000
Ixalotriton niger,772
Ixcán,368000
Ixiamas,214000
Iximché,131000
Ixorhea tschudiana,522
Izalco,1890000
Izcuchaca,139
Iztapa,720000
Iñakuyu,1730
J-ok'el,73
Jaaukanigás,65000
Jabiru mycteria,232000
Jaborosa runcinata,144
Jacaltenango,405000
Jack White,1720000000
Jacob Le Maire,6620000
Jacob Willekens,25600
Jacques Gouin de Beauchêne,21200
Jacques L'Hermite,46
Jaguar Rescue Center,144
Jaguar negro de garganta blanca,79
Jagüey Grande,445000
Jaibas rellenas,53900
Jaibón (Mao),198000
Jaime Dávalos,792000
Jaime Junaro,8970
Jaime Mirtenbaum Zenamon,4180
Jaime R. Echavarría,121
Jaime Roos,1540000
Jairo (cantante),9540000
Jají,4110000
Jakob Roggeveen,95600
Jalapa (Jalapa),9960000
Jalapa (Nicaragua),3480000
Jalpatagua,318000
Jama (Ecuador),121
Jamao Al Norte,135
Jamaquello,60
James Crawford Angel,84
Janequeo (ATF-65),2840
Japoneses en la resistencia china al Imperio del Japón,287000
Jaquimeyes,77300
Jara (Asunción),3130000
Jarabacoa,143
Jarabe (música),15200000
Jarabe mixteco,126
Jarabe tapatío,397000
Jaramijó,384000
Jarana jarocha,193
Jard-sur-Mer,2660000
Jardines del Rey,15600000
Jardín Botánico La Laguna,5090000
Jardín Botánico y Zoológico de Asunción,245000
Jardín botánico Cupaynicu,137
Jardín botánico Eloy Valenzuela,158
Jardín botánico Lancetilla,123
Jardín botánico Nacional de Cuba,163
Jardín botánico Orquideario Soroa,11300
Jardín botánico de Bogotá,4550000
Jardín botánico de Cienfuegos,158
Jardín botánico de Guatemala,163
Jardín botánico de Holguín,80400
Jardín botánico de Las Tunas,51300
Jardín botánico de Matanzas,59700
Jardín botánico de Pinar del Río,137000
Jardín botánico de Sancti Spiritus,92
Jardín botánico de Santo Domingo,161
Jardín botánico de Villa Clara,119
Jardín botánico del Pacífico,104
Jardín de los Helechos de Santiago de Cuba,32900
Jardín del Curupira,19400
Jardín hidrobotánico de Caucasia Jorge Ignacio Hernández Camacho,343
Jaripeo (deporte),1590000
Jarra pingüino,219000
Jaruco,295000
Jasmin Pinto,6160000
Jasminocereus,82
Jasy Jateré,4850
Jatibonico,125
Jatun Uchco,4900
Jaume Ferrer (navegante),4760
Jaureguiberry,860000
Javier Loyola,95
Javier Zentner,224000
Javier de Viana (Uruguay),559000
Javvi Elias,26100
Jayac (grupo musical),110000
Jayanca,120
Jayaque,230000
Jazmín Durán,3590000
Jean Bart (1892),333000
Jean Carlos Centeno,123
Jean Cousin (navegante),3400
Jean IV de Béthencourt,173000
Jean-Baptiste Charles Bouvet de Lozier,12300
Jenni's Quesadillas,17200
Jensen Beach,67400000
Jenynsia,100
Jenynsia luxata,481
Jenynsia obscura,1420
Jenynsia onca,121
Jenynsia sulfurica,752
Jerez (Jutiapa),214000
Jerusalén (El Salvador),128
Jerzy Płaczkiewicz,9900
Jerzywisniewskia alwini,319
Jessica (buque),667000
Jessica Jordan,479
Jesuita (postre),604000
Jesús Durán Bejarano,58
Jesús Malverde,440000
Jesús Pinzón Urrea,324000
Jesús Rodríguez de Hijar,439000
Jesús Sevillano,3680000
Jesús Urbano Rojas,12300000
Jesús de Machaca,811000
Jherux,189
Jhosskaren Carrizo,1930
Jicalapa,211000
Jicarón,27500
Jichi,640000
Jiguaní,248000
Jima Abajo,336000
Jimaní,305000
Jimbe,173
Jimena Márquez,124
Jinotega,6750000
Jinotepe,937000
Jipijapa,2460000
Jiquilisco,433000
Jiquinlaca,94300
Joan Sebastian,116
Joaquín Bedoya,790000
Joaquín López Antay,16400
Joaquín Maciel y Lacoizqueta,1150
Joaquín Suárez (ciudad),159
Joateca,86300
Jobabo,834000
Jobo,3940000
Jocoaitique,109
Jocoro,117
Jocotenango,1210000
Joe Arroyo,21700000
Johann Friedrich von Eschscholtz,8440
John Franklin,136
John Hersey,119
John Rut,14800000
Johngarthia malpilensis,1290
Jolke,87900
Jonesport (Maine),340000
Jonestown,4010000
Jorge Abbondanza,387000
Jorge Augusto Federico de Mosquitia,2940
Jorge Cumbo,78
Jorge Federico Augusto I de Mosquitia,9
Jorge Lanza,31600000
Jorge Méndez,27800000
Jorge Negrete,7770000
Jorge Raúl Batallé,38300
Jorge Rojas (cantante),12500000
Jorge Schellemberg,15300
Jorge Selarón,152
Jorge Solórzano Pérez,2730000
Jorge Villamil,2290000
Jorge Wilmot,72
Jorge de Menezes,91
Jorge de Viteri y Ungo,3600
Jorge «Cuque» Sclavo,6850
Joropo,2380000
Joropo andino,97300
Joropo llanero,128
Joropo oriental,403000
Joropo tuyero,74800
Joseca,107000000
Josefina Aguilar,114
Josefina Peña,10900000
Joselo Schuap,17300
Josep Collell,120000
Joseph Ingraham,1940000
José Alanís,12100000
José Alfredo Jiménez,12000000
José Antonio Gregorio Eustaquio de Otálora y del Ribero,2910
José Antonio Gregorio de Otálora,67800
José Antonio Lezcano y Ortega,355000
José Antonio Pichardo,79
José Antonio Torres Solís,67
José Batlle y Ordóñez (ciudad),679000
José Benítez Sánchez,14900000
José Bernardo Alzedo Retuerto,849
José Carbajal,6670000
José Cándido Piñol y Batres,2730
José Enrique Rodó (ciudad),178
José Eustaquio Machado,339000
José Falcón (Paraguay),8150000
José Feher,1710000
José Flores Pereira,35200000
José Félix Bogado,119
José García Antonio,207000000
José Ignacio (Uruguay),122
José Ignacio de Merlos,1640000
José Joaquín Salazar Franco,3960000
José Larralde,862000
José Luis Aguirre (músico),312000
José Luis Guerra,116
José Luis Padula,70
José Luis Rodríguez Alconedo,75
José Luis Tamayo (Muey),106000
José Mariano Cordero,63
"José María ""Kolla"" Mercado",43200
José María Chacón y Calvo,2010000
José María Peñaranda,614000
José María Pérez (Cuba),34500000
José Monegal,379000
José Pierri Sapere,5960
José Ramón Villarroel,112
José de Aguilar-Amat,18500000
José de Bayona y Chacón,517000
Jovellanos (Cuba),422000
Jovita Díaz,555000
Joyce Prado,5020000
Joyonaqué,3100
Jualijía,71
Juan Abelardo Mata Guevara,693000
Juan Alemán de Aquisgrán,37600
Juan Alfonso Baptista,1490000
Juan Bautista Altolaguirre,29700
Juan Bautista Pastene,41000
Juan Belaieff,23500
Juan Bermúdez,119
Juan Bernardo Colmán,697000
Juan Bimba,1120000
Juan Caboto,113000
Juan Cancio Barreto,342000
Juan Carlos Bares,106
Juan Carlos Carabajal,697000
Juan Carlos Cosarinsky,5010
Juan Carlos García Pajero,112
Juan Carlos Saravia,2740000
Juan Carlos Soto Marín (lutier),72900
Juan Casiano (1941),46500
Juan Charrasqueado,124
Juan Demóstenes Arosemena (Panamá),219000
Juan Des Crescenzio,18200
Juan Díaz de Solís,5820000
Juan Fuentes (músico),36900000
Juan Gabriel,123
Juan Griego,58200000
Juan Gómez Rendón (parroquia),298000
Juan Jackson,77
Juan José Castro (Uruguay),15900000
Juan José Flores,150
Juan José García Caffi,35300
Juan Lacaze,864000
Juan Liscano,433000
Juan Luis Pacheco de Céspedes,1490000
Juan Mignaburu,8120
Juan Oso,109
Juan Pedro López,90000000
Juan Quezada Celado,6910
Juan Raggi,901000
Juan Rivera García,56500000
Juan Rodríguez Mafra,165000
Juan Santiago (Elías Piña),105
Juan Sebastián Elcano,1870000
Juan Seren,542000
Juan Serrano,116
Juan Soldado,46600000
Juan Soler (Uruguay),1490000
Juan Vicente Torrealba,698000
Juan Záizar,120
Juan de Arratia,565000
Juan de Arévalo Briceño y Arias de Córdova,161000
Juan de Cartagena,80200000
Juan de Castilla (torero),186
Juan de Dios Rivera Túpac,78
Juan de Herrera (República Dominicana),142
Juan de Nava,22700000
Juan de los Santos Amores,125
Juan Ángel Napout,31300
Juana Barragán,1800000
Juana Marta Rodas,711000
Juana del Pino,6410000
Juane,121
Juaneco y su Combo,145000
Juanicó,374000
Juanita Bordoy,5450
Juanote,30300
Juayúa,337000
Jucuapa,254000
Jucuarán,122
Juegos del Océano Pacífico,2670000
Jugadores con patente,5130000
Juglans venezuelensis,7860
Jugo de caña de azúcar,13600000
Juguete tradicional mexicano,14700000
Juigalpa,145
Jujan,709000
Jujutla,227000
Jukyty,54200
Julbock,131000
Julia Elena Dávalos,350000
Julia Isídrez,71
Julia Marino (esquiadora),3070
Juliana Barrientos,7860000
Julien,123000000
Julio Andrade (parroquia),1200000
Julio Barragán,7160000
Julio Cobelli,64700
Julio Gallego,32200000
Julio Gutiérrez Samanez,39300
Julio Molina Cabral,2050000
Julio Mora,75600000
Julio Preciado,8810000
Julio Rodríguez Berrios,1030000
Julio Sosa (bailarín),73500
Juliomys pictipes,105
Julius Wilhelm van Verschoor,5410
Julián Figueroa (cantante),860000
Julián Garza,122
Julián Luis Barni Spotti,46
Julián de la Herrería,441000
Julión Álvarez,124
Jumaytepeque,103
Jumbilla,89
Jumbo Kingdom,196
Jun'yō,317000000
Juncalito,130000
Junco vulcani,86
Junta Directiva de Autogobierno,82800
Junta Política de Hebei-Chahar,624
Junta Protectora de la libertad de la Imprenta,90700
Junta de Observación,47500000
Juntas de San Antonio,12400000
Juradó,71
Jurásico de Cuba,265000
Justicia roigii,439
Justicia spicigera,123
Justo Armas,124
Justo Fidel Palacios,1220000
Jutiapa (El Salvador),7690000
Jutiapa (municipio),2890000
Jánico,237000
K-141 Kursk,599000
K-219,722000000
KM3NeT,275000
Kabakaburi,49400
Kaga (1929),106000
Kaiyō,59
Kako (1926),857000
Kala Marka,7570000
Kali Carabajal,16500
Kaliente (grupo musical),154
Kamikaze,44200000
Kamikaze (1922),419000
Kaminaljuyú,161000
Kanashen,62
Kannabateomys amblyonyx,154
Karapaí,59
Karaí-Guazú,43200
Karina Benites,118
Karlsruhe (1929),84
Karos tersus,150
Kartabo,48800
Kashii (1941),8920
Kashima (1940),187000
Kasuga (1904),84600
Kasumi (1939),66000
Kata Robles Izquierdo,15300
Kataphraktosaurus ungerhamiltoni,137
Katie Viqueira,115
Katori (1940),63600
Katsuragi (1944),42400
Kattegat,1690000
Katueté,226000
Kavanayen,38100
Keiko Abe,105
Keme,3740000
Kennebunk (Maine),2170000
Keysi Sayago,23200
Killikaike blakei,435
Kilmarnock (Virginia),128
Kilómetro 11,33400000
Kimblaeus bassensis,1400
King Cruiser,200
Kinich Yax Kuk Moo,101
Kinosternon dunni,3330
Kinosternon scorpioides,44100
Kinugasa (1927),21000
Kirishima (1915),76
Kitakyushu,3990000
Kittery (Maine),2600000
Kittery Point (Maine),2270000
Kitzihiata,6220
Kiyaya,365000
Kiyú,202000
Kleinothraupis auricularis,12200
Kleinothraupis parodii,2730
Kleinothraupis reyi,137
Klenät,3530
Klint báltico,88800
Knipolegus heterogyna,557
Knivskjelodden,20200
Knodus borki,56
Knodus delta,3000
Knodus gamma,2200
Knodus pasco,680
Knodus septentrionalis,1380
Koeksuster,145000
Kogia breviceps,67600
Kogia sima,118
Kojh,96800
Koki Ruiz,306000
Kola Real,55600000
Kolotl,24300
Kolotl magnus,534
Kolotl poncei,482
Kolpotocheirodon theloura,648
Kon-tiki (expedición),22100
Kongo Maru (1935),7540
Kongō (1913),2040000
Kooiichthys jono,299
Koriabo,27200
Kowloon Bridge,5910000
Kuinchekua,35700
Kukra Hill,139
Kukulcania hibernalis,219
Kukulcán,803000
Kullawada,211000
Kumaka (Barima-Waini),30500
Kumano (1937),31200
Kunturiri,13600
Kuomintang de Nankín,132
Kurupí,119000
Kusillo,93300
Kuychi,46100
Kwebanna,8850
Kwinana,2790000
Käthe Hoffmann,3410000
Kéköldi,43600
Köln (1928),81
Königsberg (1927),277000
København (barco),88600
LII Festival Internacional de la Cultura de Boyacá 2025,23700
La Barra,194
La Boca,514000000
La Boyada,174000
La Bruja Salguero,151000
La Calera (Cundinamarca),3120000
La Casilla (Flores),7940000
La Chocolatera,1170000
La Concordia (Ecuador),13900000
La Concordia (Uruguay),10800000
La Consentida,125
La Coubre,378000
La Encrucijada (Venezuela),1810000
La Forêt-Fouesnant,139
La Gloria (Bocas del Toro),119
La Gran Siete,121
La Hilera,5260000
La Isleta (Venezuela),122
La Jalca,389000
La Joya (Arequipa),18300000
La Julia,753000000
La Kalle es Nuestra,2550000
La Leonesa-Las Palmas,3850000
La Libertad Este,1330
La Lisa,115
La Llorona (Grimm),88900
La Lucha,215000000
La Mesa (Bocas del Toro),803000
La Mitra,52800000
La Montañesa,1450000
La Paz Centro (El Salvador),107
La Peca,82
La Pedrera (Cerro Largo),430000
La Pedrera (Tacuarembó),190000
La Piedra (Venezuela),116000000
La Radial,86
La Rampa,121
La Reforma (Guatemala),53100000
La Sabana (Vargas),6160000
La Sayona,26100000
La Sole (álbum),188000000
La Tembladera,284000
La Tentación,19300000
La Trinidad (Nicaragua),380000000
La Zurza,75
La aurora en Copacabana,2510000
La gran final,992000000
La vida al viento,108
Labidura riparia,21300
Laboratorio Ambiental Marino del Pacífico,215000
Laboratorio de Investigación n.º 9,6770000
Laboratorio de investigación número nueve,5600000
Labrus bergylta,45800
Lacaria,79
Lacaria aczeli,85
Lacaria araucanaria,2500
Lacaria monrosi,170
Lacaria picuncharia,406
Lacaria sperryi,91
Lachesis muta,313000
Lachesis stenophrys,10900
Lady Elizabeth,632000000
Laevipilina cachuchensis,714
Laevipilina rolani,650
Lagenaria siceraria,383000
Lagenorhynchus australis,137000
Lagenorhynchus cruciger,136000
Lagenorhynchus obscurus,48300
Lagidium ahuacaense,3380
Lagidium peruanum,206
Lagidium viscacia,41300
Lagidium viscacia lockwoodi,511
Lagidium viscacia somuncurensis,328
Lagidium viscacia tontalis,318
Lagidium viscacia tucumana,868
Lagidium viscacia viatorum,262
Lagidium wolffsohni,3240
Lago Achiri,18400
Lago Alajuela,1540000
Lago Amatitlán,551000
Lago Apanás,106000
Lago Arenal,4940000
Lago Aruncohue,983
Lago Bay,42600000
Lago Bayano,136
Lago Bolívar (Bolivia),7990000
Lago Borgne,80
Lago Capoey,14500
Lago Chalalán,160
Lago Cocibolca,357000
Lago Coipasa,29500
Lago Correntoso,178
Lago Enriquillo,311000
Lago Escondido (sur de Neuquén),139
Lago Espejo,22600000
Lago Espejo Chico,5700000
Lago Frey,1690000
Lago Frías (Río Negro),3000000
Lago Gatún,470000
Lago Guillelmo,17100
Lago Gutiérrez,15000000
Lago Huachi,58
Lago Huaytunas,736
Lago Jach'a Quta (Aroma),766
Lago Junín,1790000
Lago Larati,85
Lago Leopoldo / Lago Autana,167
Lago Los Cántaros,762000
Lago Los Moscos,35900
Lago Mainstay,92
Lago Martín,143000000
Lago Mascardi,372000
Lago Merín,178
Lago Moreno,38200000
Lago Ortiz Basualdo,75
Lago Parima,48300
Lago Parinacochas,21300
Lago Petén Itzá,172
Lago Poopó,152000
Lago Rincón del Bonete,208000
Lago Rogagua,14600
Lago Rogaguado,13000
Lago San Pablo,38800000
Lago Sochagota,62100
Lago Suchitlán,175
Lago Titicaca,182
Lago Totoral,390000
Lago Traful,697000
Lago Tumichucua,5810
Lago Xolotlán,263000
Lago Ypacaraí,253000
Lago Ypoá,161
Lago Yusala,905
Lago de Atitlán,1950000
Lago de Cachí,118
Lago de Coatepeque,919000
Lago de Cote,44500000
Lago de Güija,162
Lago de Ilopango,538000
Lago de Izabal,876000
Lago de Maracaibo,14100000
Lago de Valencia,46800000
Lago de Yojoa,169
Lago de asfalto de Guanoco,126
Lago de la República,58900000
Lagos del Norte,112000000
Lagostomus maximus,216
Lagostomus maximus maximus,37500
Lagostomus maximus petilidens,778
Lagothrix cana,197
Lagothrix lagotricha,44500
Lagothrix lugens,11900
Lagothrix poeppigii,9270
Laguna Adela,1980000
Laguna Adán y Eva,738000
Laguna Aguallamaya,2860
Laguna Alalay,132
Laguna Aquiles,982000
Laguna Argüello,2550000
Laguna Aricare,248000
Laguna Aripuno,146
Laguna Arkhata,4910
Laguna Asiruqucha,709
Laguna Azul (Bolivia),29900000
Laguna Azul (Pilón Lajas),165
Laguna Bahía Toco Largo,124000
Laguna Bellavista,6940000
Laguna Blanca (Bolivia),15100000
Laguna Blanca (Paraguay),11500000
Laguna Bolivia,41200000
Laguna Boysarazo,212
Laguna Brava (Guatemala),1240000
Laguna Bravo,34500000
Laguna Buenos Aires,182
Laguna Cabral,2630000
Laguna Cacha,376000
Laguna Cachimbo,51900
Laguna Camatindi,10400
Laguna Capina,130000
Laguna Carreras,24100000
Laguna Cashibococha,121
Laguna Cañapa,41000
Laguna Celeste,10500000
Laguna Celeste (Franz Tamayo),6
Laguna Chaplín,290000
Laguna Charcota,6090
Laguna Chiar Kkota,23100
Laguna Chilata,71
Laguna Chis Chis,171000
Laguna Choclococha,124
Laguna Chojllas,991
Laguna Cololo,342000
Laguna Colorada,2720000
Laguna Colorado,119
Laguna Conguagua,1760
Laguna Consuelo,3420000
Laguna Corani,124
Laguna Coranto,323
Laguna Coruto,199000
Laguna Cráter,133
Laguna Cuzcachapa,25000
Laguna Cáceres,12200000
Laguna Diasada,22600000
Laguna El Carpincho,284000
Laguna El Junco,1370000
Laguna El Océano,101
Laguna El Pino,159
Laguna El Suero,161
Laguna El Triunfo,5930000
Laguna El Trébol,1460000
Laguna España,93900000
Laguna Francia,110
Laguna Garzón,1270000
Laguna Glaciar,4970000
Laguna Grande (Bolivia),125
Laguna Guachuna,360
Laguna Guayaques,1840
Laguna Hedionda (Nor Lípez),109
Laguna Hedionda (Sud Lípez),16100
Laguna Herradura,138
Laguna Honda (Bolivia),5970000
Laguna Huallatani,1840
Laguna Huanama,12200000
Laguna Indiquique,2700000
Laguna Isireri,117
Laguna Jara,62
Laguna José Ignacio,11900000
Laguna Kalina,417000
Laguna Kara,1310000
Laguna La Angostura,134
Laguna La Encerrada,438000
Laguna La Gaiba,75
Laguna La Porfía,79400
Laguna La Sarca,22900
Laguna La Tablilla,108000
Laguna La Yeguada,202
Laguna Lachuá,75300
Laguna Lagunillas (Sebastián Pagador),2570
Laguna Larga (Bolivia),123
Laguna Las Barrancas,1250000
Laguna Las Cutas,19200000
Laguna Las Habras,14000000
Laguna Las Toscas,1240000
Laguna Loromayu,1190
Laguna Los Portillos,93
Laguna Mancornadas,2520
Laguna Mar Chiquita (Córdoba),489000
Laguna Mar Chiquita (Junín),49100
Laguna Maracaibo,2430000
Laguna Matuwal,114
Laguna Mentiroso,1370000
Laguna Mercedes,72
Laguna Merín,144000
Laguna Mirim,1240000
Laguna Murillo,5490000
Laguna Navidad,64
Laguna Negra (Argentina),143
Laguna Negra (Paraguay),726000
Laguna Negra (Uruguay),141
Laguna Negra (Venezuela),14500000
Laguna Nube,17700000
Laguna Nuevo Mundo,34500000
Laguna Oca del río Paraguay,164
Laguna Omoro,12800
Laguna Pacucha,79300
Laguna Pailas,92100
Laguna Pajaral,7770
Laguna Parququcha,387
Laguna Pastos Grandes,646000
Laguna Pistola,1110000
Laguna Pitiantuta,33300
Laguna Poco Sol,158
Laguna Portia,461000
Laguna Pultocc,1380
Laguna Redonda (República Dominicana),331000
Laguna Rincón,111
Laguna Rodeo,9370000
Laguna Sacabaya,58400
Laguna Sajama,143
Laguna Salada,111
Laguna Salada (Bolivia),217000
Laguna Saladilla,459000
Laguna San Antonio,71400000
Laguna San Francisco,87300000
Laguna San Francisco (Omasuyos),5570
Laguna San José (Iténez),8690
Laguna San José (Marbán),20200
Laguna San Lorenzo (Beni),610000
Laguna San Nicolás,11500000
Laguna San Pedro,64400000
Laguna San Roque,6690000
Laguna Santa Rosa (Franz Tamayo),66800
Laguna Santo Corazón,8860000
Laguna Schmoll,13300
Laguna Sucuará,1190
Laguna Suárez,10100000
Laguna Taborga,19100
Laguna Tacuaral,4610
Laguna Tajzara,13100
Laguna Tanguiña,393000
Laguna Tapada,68
Laguna Tatarenda,4140
Laguna Tejas,2150000
Laguna Todos Santos,53000000
Laguna Tonchek,98
Laguna Tucunqui,287
Laguna Tuni,14300000
Laguna Uberaba,520000
Laguna Uspaccocha,80
Laguna Ventarrón,87000
Laguna Verde (Beni),1440000
Laguna Verde (Comarapa),13400
Laguna Verde (El Salvador),123
Laguna Verde (Ubalá),38400
Laguna Verde (Venezuela),42100000
Laguna Victoria,127
Laguna Vitel,81500
Laguna Volcán,16900000
Laguna Walay,1100000
Laguna Yapascua,123
Laguna Yarinacocha,72900
Laguna Yaxhá,159000
Laguna Yaxtunilá,2950
Laguna Zapaleri,5410
Laguna de Alvarado (México),5580000
Laguna de Araré,15200
Laguna de Asososca,80000
Laguna de Ayarza,221000
Laguna de Bacalar (Honduras),68700
Laguna de Brealito,129
Laguna de Brus,421000
Laguna de Canaima,141
Laguna de Caratasca,117
Laguna de Carpa,8100000
Laguna de Castillos,130
Laguna de Chascomús,424000
Laguna de Chicabal,77800
Laguna de Chiriquí,102
Laguna de Cocinetas,22600
Laguna de Colta,329000
Laguna de Cube,11100000
Laguna de Cumbal,128
Laguna de Fúquene,83300
Laguna de Guatavita,743000
Laguna de Hule,990000
Laguna de Iguaque,48700
Laguna de Ipala,153000
Laguna de Ixpaco,11700
Laguna de Leche,23200000
Laguna de Llancanelo,31100
Laguna de Marfil,1570000
Laguna de Masaya,122
Laguna de Metapán,121
Laguna de Mucubají,70500
Laguna de Nejapa,192000
Laguna de Olomega,63900
Laguna de Oviedo,138
Laguna de Palmira,2550000
Laguna de Perlas,2620000
Laguna de Perlas (laguna),2620000
Laguna de Pomacochas,24900
Laguna de Pumacocha,8500
Laguna de Ranchos,2910000
Laguna de Rocha (Buenos Aires),1620000
Laguna de Rocha (Uruguay),10300000
Laguna de Río Cuarto,124
Laguna de Salinas (Perú),140
Laguna de San Diego,75100000
Laguna de San Miguel del Monte,133
Laguna de San Nicolás,21300000
Laguna de San Vicente,26900000
Laguna de Sinamaica,33200
Laguna de Suesca,165000
Laguna de Sumumpaya,3260
Laguna de Tabacal,155000
Laguna de Tacarigua,168000
Laguna de Tansin,144000
Laguna de Ticamaya,46800
Laguna de Tisma,120
Laguna de Urao,25200
Laguna de Vilama,111
Laguna de Yahuarcocha,188000
Laguna de Yambo,123
Laguna de Zaculeu,36900
Laguna de la Herrera,18400000
Laguna de las Lavanderas,98
Laguna de las Nutrias,881000
Laguna de las Perdices,481000
Laguna de los Cóndores,716000
Laguna de los Mártires,769000
Laguna de los Patos (localidad),137
Laguna del Becerro,331000
Laguna del Burro,5840000
Laguna del Cisne,1350000
Laguna del Diario,117
Laguna del Fondo,91
Laguna del Hinojo Grande,215000
Laguna del Inca,11000000
Laguna del Indio,10200000
Laguna del Jocotal,127
Laguna del Otún,44600
Laguna del Santo Cristo,130
Laguna del Sauce,124
Laguna del Silencio,14700000
Laguna del Tigre (Asososca),7350
Laguna el Espino,2270000
Laguna Ébrié,64
Lagunas (Chiclayo),150
Lagunas Arreviatadas,1840
Lagunas Encadenadas de Chascomús,151
Lagunas Encadenadas de Monte,40800
Lagunas Verdes,9550000
Lagunas de Ecuasal,4270
Lagunas de Guanacache,17400
Lagunas de Siecha,18000
Lagunas del Compadre,820000
Lagunas del Ornitólogo,94
Lagunillas (Mérida),374000
Lagunillas de Agua,1290000
Laimosemion amanapira,757
Laimosemion gransabanae,510
Laimosemion lyricauda,1020
Laimosemion nicoi,1100
Laimosemion rectocaudatus,657
Laimosemion sape,1490
Laimosemion tecminae,718
Laja (Bolivia),6710000
Lajas (Chota),146000
Lajas (Cuba),212
Lajas Adentro,520000
Lake Worth (Florida),438000000
Lakonia,926000
Lama glama,208
Lama guanicoe cacsilensis,4320
Lama guanicoe guanicoe,345000
Lambaré (Paraguay),146
Lammefjord,59
Lamoine (Maine),286000
Lamontichthys maracaibero,6
Lampayo schickendantzii,260
Lampornis amethystinus,150
Lampornis castaneoventris,166
Lampornis cinereicauda,2960
Lampornis viridipallens,6470
Lampreado,94200
Lamprolaima rhami,9340
Lamprometra palmata,2690
Lampronycteris brachyotis,10400
Lampropeltis micropholis,5150
Lampropeltis triangulum,291000
Lampropsar tanagrinus,9870
Lanceloto Malocello,1470
Landéda,105
Landó (música),30400000
Lanildut,153000
Lanio versicolor,22600
Laniocera rufescens,16600
Lantana camara,215
Lanzacohetes antitanque Tipo 4 de 70 mm,19200
Lanzagranadas Tipo 10,299000
Lanzagranadas Tipo 100,241000
Lanzagranadas Tipo 2,1020000
Lanzagranadas Tipo 89,195000
Lanús,151
Laplatacris dispar,485
Laraesima ecuadorensis,303
Laraesima pilosa,379
Laraesima scutellaris,338
Lares (Uruguay),1890000
Lari (Caylloma),40000
Larmenta,25500
Larmor-Plage,124
Larosterna inca,75600
Larrea divaricata,202
Larreynaga,293000
Larry Hernández,9980000
Larry Kusche,16400
Larus argentatus,973000
Larus atlanticus,28400
Larus belcheri,121
Larus fuliginosus,100
Larus heermanni,25700
Larus hyperboreus,112
Larus marinus,117
Larus michahellis,255000
Las 7 maravillas gastronómicas del Perú,129000
Las Barías-La Estancia,37000
Las Canoas,102
Las Carreras,120
Las Casuarinas (Santiago de Surco),187000
Las Cañas (Cerro Largo),2850000
Las Cañas (Río Negro),186
Las Charcas,3350000
Las Chinamas,122
Las Cruces (Guatemala),19900000
Las Cuartetas,102
Las Delicias (Bocas del Toro),79
Las Flores (El Salvador),146
Las Flores (Maldonado),32700000
Las Flores (Rivera),66900000
Las Flores (Salto),77900000
Las Galeras,3350000
Las Grietas,23000000
Las Guevaras (Nueva Esparta),302000
Las Guáranas,1370000
Las Hermanas Vera,17200000
Las Lomas (Asunción),2120000
Las Lomas (Azua),170000
Las Matas de Farfán,144
Las Matas de Santa Cruz,8310000
Las Mercedes (Asunción),10600000
Las Mesas (Táchira),10600000
Las Naves (Ecuador),9690000
Las Peñas (Guayaquil),543000
Las Posadas,122
Las Salinas (Barahona),1430000
Las Tablas (Bocas del Toro),123
Las Terrenas,147
Las Tetas de María Guevara,125
Las Toscas (Canelones),378000
Las Toscas (Tacuarembó),210000
Las Trincheras,3280000
Las Tunas (ciudad),4550000
Las Tunas Chicas,7960000
Las Tunas Grandes,9850000
Las Tunitas,68
Las Turas,6060000
Las Vegas (balneario de Uruguay),117
Las Voces de Huayra (álbum),7370
Las Voces de Orán,124
Las Vueltas,123
Las Víboras,1610000
Las Yayas de Viajama,98200
Las lloronas,118
Lascano (Uruguay),568000
Lasiancistrus castelnaui,573
Lasiancistrus caucanus,1590
Lasiancistrus heteracanthus,72
Lasiancistrus volcanensis,403
Lasiognathus amphirhamphus,136
Lasiurus blossevillii,24400
Lasiurus pfeifferi,7080
Lasiurus varius,143
Lasiurus villosissimus,3390
Lasius sonobei,345
Laterallus spilonotus,80
Laterallus tuerosi,1660
Laticauda colubrina,78800
Latimeria menadoensis,113
Latrodectus apicalis,5390
Latrodectus diaguita,1480
Latrodectus mactans,319000
Latrodectus variegatus,10000
Laura Robles Marcuello,35
Laura Ros,28300000
Laureles (Salto),10900000
Laureles (Tacuarembó),160000
Lauro Ayestarán,107
Le Château-d'Oléron,126
Le Conquet,754000
Le Croisic,1010000
Le Palais,105
Le Tréport,1820000
Le Verdon-sur-Mer,4430000
Leandro Lovato,119
Lebiasina bimaculata,3400
Leche de coco,106000000
Leckott Zamora,2890
Lecocarpus pinnatifidus,3390
Leda Valladares,131
Leimebamba,47100
Leiosaurus paronae,131
Lejos de ti (canción),165
Lely Morel,22600
Lemaireocereus lepidanthus,510
Lene Marie,99
Lengua a la vinagreta,813000
Lengua de res,128
Lenguas amazónicas,328000
Lenguas catuquinas,42
Lenguas chapacura-wañam,239
Lenguas mura-pirahã-matanawí,500
Lenguas nambicuaras,9020
Lenguas peba-yagua,5360
Lenguas preincaicas,81
Lenguas preincaicas de la cuenca del Marañón,1620
Lenguas záparo-yaguanas,2330
Leo Dan,504000000
Leo Tavella,237000
Leocadia Cruz Gómez,337000
Leodia sexiesperforata,3680
Leonardtown (Maryland),1710000
Leones del Escogido,125
Leonis trineura,449
Leopardus braccatus,85
Leopardus colocolo,81400
Leopardus garleppi,94
Leopardus geoffroyi,149
Leopardus guigna,138
Leopardus guttulus,25000
Leopardus jacobita,140
Leopardus munoai,6270
Leopardus narinensis,103
Leopardus pajeros,18900
Leopardus pardalis,509000
Leopardus tigrinus,135
Leopardus wiedii,174000
Leopoldo Brenes,147
Leovigildo López Fitoria,1550
Lepidammodytes macrophthalmus,474
Lepidobatrachus laevis,187
Lepidobatrachus llanensis,3540
Lepidoblepharis sanctaemartae,155
Lepidochelys kempii,980000
Lepidochelys olivacea,1220000
Lepidocolaptes affinis,38800
Lepidocolaptes souleyetii,164
Lepidonectes bimaculatus,664
Lepidophyma reticulatum,1220
Lepidorhombus whiffiagonis,129
Lepidosiren paradoxa,131
Lepidothrix coeruleocapilla,4030
Lepidothrix iris,11800
Lepidothrix nattereri,10200
Lepidothrix vilasboasi,103
Leporacanthicus heterodon,5560
Leporinus affinis,29200
Leporinus amae,1290
Leporinus bahiensis,2130
Leporinus friderici,17500
Leporinus paranensis,2800
Leporinus tigrinus,61
Leposternon bagual,411
Leptagoniates pi,1500
Leptagoniates steindachneri,1800
Leptasthenura pileata,11500
Leptasthenura xenothorax,5980
Lepthoplosternum altamazonicum,628
Lepthoplosternum beni,736
Lepthoplosternum ucamara,522
Leptinopterus tibialis,5510
Leptocereus arboreus,60
Leptocereus assurgens,57
Leptocereus sylvestris,789
Leptocometes spinipennis,398
Leptodactylus bufonius,4400
Leptodactylus discodactylus,101
Leptodactylus elenae,2570
Leptodactylus furnarius,16200
Leptodactylus fuscus,57100
Leptodactylus gracilis,27200
Leptodactylus latinasus,7310
Leptodactylus luctator,4600
Leptodactylus pentadactylus,117
Leptodeira annulata,140
Leptodeira frenata,9250
Leptodeira septentrionalis,20200
Leptodoras acipenserinus,1420
Leptodoras myersi,5600
Leptodoras oyakawai,5460
Leptonotus vincentae,372
Leptonycteris curasoae,16700
Leptonycteris yerbabuenae,29000
Leptophis ahaetulla,58500
Leptorhamdia schultzi,571
Leptoscyphopsis paradoxus,216
Leptostylopsis atromaculatus,275
Leptostylopsis basifulvus,435
Leptostylopsis chlorescens,404
Leptostylopsis cristatus,506
Leptostylopsis duvali,497
Leptostylopsis humerofulvus,258
Leptostylopsis milleri,485
Leptostylopsis monticola,652
Leptostylopsis perfasciatus,437
Leptostylopsis puntacanaensis,420
Leptostylus albagniri,417
Leptostylus arciferus,520
Leptostylus bicolor,1250
Leptostylus calcarius,195
Leptostylus castaneovirescens,177
Leptostylus corpulentus,390
Leptostylus dubitans,297
Leptostylus faulkneri,286
Leptostylus fernandezi,655
Leptostylus fuligineus,263
Leptostylus heticus,195
Leptostylus illitus,312
Leptostylus jolyi,414
Leptostylus latifasciatus,268
Leptostylus lazulinus,203
Leptostylus leucanthes,242
Leptostylus lividus,793
Leptostylus metallicus,544
Leptostylus nigritus,271
Leptostylus paulus,232
Leptostylus plumeoventris,408
Leptostylus pseudocalcarius,205
Leptostylus sleeperi,547
Leptostylus xanthopygus,235
Leptotila battyi,132
Leptotila megalura,3190
Leptotila ochraceiventris,74
Leptotila pallida,26500
Leptotila plumbeiceps,84
Leptura amamiana,507
Leptura amamiana watanabei,248
Leptura annularis modicenotata,527
Leptura aureopubescens,179
Leptura dimorpha,6920
Leptura doii,307
Leptura kusamai,58300
Leptura kusamai keiichii,340
Leptura ochraceofasciata chujoi,610
Leptura ochraceofasciata ochrotela,587
Leptura subtilis,7670
Leptura yakushimana,541
Leptura yokoyamai,64800
Lepturges breviceps,269
Lepturges comminus,1020
Lepturges janus,291
Lepturges macilentus,273
Lepturges maculosus,426
Lepturges onorei,275
Lepturges tenuis,855
Lestodelphys halli,10200
Lestoros inca,7
Lethem,1470000
Leticia (Tarma),60
Leucocarbo bougainvillii,5940
Leucocarbo carunculatus,3480
Leucocarbo georgianus,81
Leucocarbo ranfurlyi,1650
Leucophaeus modestus,33100
Leucophaeus scoresbii,11800
Leucoraja naevus,14200
Leucostethus argyrogaster,523
Leucostethus fugax,68
Leucothrinax,22000
Levantamiento indígena de Totonicapán de 1820,159
Levanto (Chachapoyas),34600
Levichelifer fulvopalpus,380
Lewes (Delaware),11300000
Lexington Park (Maryland),89300000
Ley de Minería de Honduras (1999),182000
Ley para el Comercio en Navidad de 2004,333000
Leyda Suarez,120000
Leyenda de Yuruparí,39900
Leyenda de los soldados Pururauca,734
Leyenda de los volcanes,6140000
Leyenda del soldado transportado de 1593,3190
Leyendas de Nicaragua,15000000
Leyendas mayas,4150000
Leyendas sobre el origen del Imperio inca,666000
Leyes (músico),102000000
León Benarós,17400
León Gieco,982000
Libertad por un beso,114
Libiac,27800
Libros Vagabundos,15300000
Libélulas de Cuba,179000
Licey al Medio,116
Licor de cocuy,98500
Licor de henequén,7810
Licuado,10800000
Liga Concepcionera de Fútbol,82
Liga Ecuatoriana de Fútbol Playa,130000
Liga Encarnacena de Fútbol,106
Liga Evolución Femenina Sub-19 de 2023,411000
Liga Federal,169000000
Liga Guaireña de Fútbol,130
Liga Ignaciana de Deportes,16400
Liga Unitaria,795000
Liga de Fútbol de Zona Oeste,99
Liga de la Independencia India,2410000
Liga para Elevar la Conciencia Política de las Tropas Japonesas,48100
Ligüiqui,29200
Lila Downs,4660000
Liliana Vitale,1510000
Lilián Saba,75
Limangus,42700
Limatambo,581000
Limfjord,431000
Limia perugiae,6190
Limnomedusa macroglossa,145
Limonal,1510000
Limonar (Cuba),108
Limones (Chiriquí),627000
Limonium brasiliense,119
Limulus polyphemus,142
Linckia laevigata,103000
Linckia multifora,17100
Lincolnville (Maine),746000
Linconia (colonia),23600
Linda Ronstadt,5200000
Lino Bugallo,20300
Lino Palacio,5760000
Linzor,345000
Liolaemus absconditus,568
Liolaemus alticolor,146
Liolaemus chacoensis,145
Liolaemus chillanensis,1260
Liolaemus cuyumhue,1340
Liolaemus darwinii,6900
Liolaemus ditadai,123
Liolaemus duellmani,899
Liolaemus gardeli,187
Liolaemus goetschi,1300
Liolaemus gracilis,6740
Liolaemus gununakuna,156
Liolaemus halonastes,730
Liolaemus huacahuasicus,1340
Liolaemus kingii,165
Liolaemus lemniscatus,8590
Liolaemus magellanicus,7190
Liolaemus messii,178
Liolaemus multimaculatus,3890
Liolaemus punmahuida,842
Liolaemus rabinoi,953
Liolaemus salinicola,1130
Liolaemus tandiliensis,1140
Liolaemus thermarum,978
Liolaemus xanthoviridis,1030
Liomys pictus,4840
Liomys salvini,43
Lipaugus streptophorus,26300
Liquiliqui,424000
Lisandro Aristimuño,144000
Lislique,161000
Lissodelphis peronii,200
Litaneutria pilosuspedes,243
Lithobates berlandieri,20200
Lithobates chichicuahutla,9810
Lithobates johni,58
Lithobates macroglossa,1280
Lithobates omiltemanus,1230
Lithobates pueblae,5120
Lithodoras dorsalis,2900
Lithraea molleoides,199
Lito Vitale,721000
Litoral central de Vargas,113
Little Boy,4000000000
Little Corn Island (Nicaragua),3760000
Littorina littorea,187000
Littorina obtusata,28700
Liturgusa cayennensis,664
Liuba María Hevia,58000
Livingston (Izabal),583000
Lizarella Valiente,136
Lizzonia,149
Llajta Sumac,1400
Llajtaymanta,396000
Llajua,130
Llallagua,586000
Llama (Chota),5760000
Llamellín,105000
Llamerada,122
Llameritos de Chumpi,188
Llano Jorge,25200000
Llano Marín,72
Llanos,28000000
Llanos Altos Centrales,3690000
Llanos Centrales Venezolanos,144
Llanos de Chiquitos,93
Llanura chacopampeana,14100
Llanura de Barlovento,102000
Llica,58
Llipa,114000
Llorona,9070000
Lluveras,160000
Lluvia negra,78200000
Lluvia negra (concepto),3800000
Lluychush,1580
Lluzhapa,77
Lo de Carranza,22800000
Lobatera,192000
Lobatus costatus,12000
Lobisón,27000
Lobo Núñez,126
Lockhart Stadium,1810000
Locrio,342000
Locro,1800000
Loctudy,500000
Loddigesia mirabilis,19500
Lokma,10500000
Lola Beltrán,133
Lola Cueto,123
Lolotique,221000
Lolotiquillo,64300
Loma Andresera,1520
Loma Asia,9880000
Loma Cebolleta,27800
Loma Diego de Ocampo,110
Loma El Medio,42000000
Loma La Pailita,198000
Loma Miranda,5350000
Loma Ochiputur,1330
Loma Plata,7820000
Loma Pytá (Asunción),379000
Loma Quita Espuela,33200
Loma Resbalón,49600
Loma de Abelardo,504000
Loma de Hierro,1680000
Loma de Los Chorros,1010000
Loma de Paja,513000
Loma de Sinigüis,1540
Loma de Tiscapa,137000
Loma de la Cruz,29000000
Loma de los Mates,4430000
Loma del Buche,353000
Lomadas de Otumpa,2010
Lomas de Amancaes,135
Lomas de Lúcumo,29800
Lomas de Sargentillo,121
Lomas de Ventanilla,1020000
Lomas de Villa María del Triunfo,1180000
Lomito,6340000
Lomitos de Valladolid,115000
Lomo saltado,6600000
Lonchophylla handleyi,111
Lonchophylla hesperia,9120
Lonchophylla mordax,4120
Lonchorhina fernandezi,2130
Lonchurus lanceolatus,1190
Longaniza,8490000
Lontra felina,68800
Lontra longicaudis,144
Lontra provocax,24700
Lophius budegassa,22800
Lophius piscatorius,127
Lophornis helenae,189
Lophornis pavoninus,75
Lophornis verreauxii,149
Lophostoma aequatorialis,4380
Lophostoma yasuni,2420
Loquita mía,123
Lorena Astudillo,108
Lorenzo Barcelata,161000
Lorenzo Geyres,46700
Lorenzo Negrete,1530000
Lorenzo de Monteclaro,332000
Loreto (Bolivia),105
Loricaria lentiginosa,915
Loricariichthys acutus,6560
Loricariichthys microdon,6090
Loricariichthys stuebelii,1040
Los 4 de Córdoba,124
Los Alcarrizos,1780000
Los Alonsitos,71700
Los Andariegos,170000
Los Arabos,270000
Los Arrayanes,126
Los Arroyeños,10600
Los Ausoles,99000
Los Cacaos,1090000
Los Cacicazgos,707000
Los Calchakis,44900
Los Canquises,16000000
Los Cantores de Quilla Huasi,43400
Los Cantores del Alba,1200000
Los Cardencheros de Sapioriz,4410
Los Castillos (Los Roques),283000
Los Catamarqueños,81
Los Cerritos (Venezuela),472000
Los Cerros de San Juan,11600000
Los Chalchaleros,126
Los Chirijos,248000
Los Dioses Gemelos,132
Los Dos Caminos,101000000
Los Fermines,168000
Los Florideños,55700
Los Fronterizos,132
Los Girasoles (Distrito Nacional),574000
Los Guandules (Distrito Nacional),69
Los Guaraníes,4150000
Los Guatuzos,101
Los Guayos,202
Los Hermanos Ábalos,125
Los Hidalgos,68
Los Huanca Hua,117000
Los Huayra,126
Los Jairas,97200
Los Jovillos,32800
Los Jovitos,54200
Los Kjarkas,2190000
Los Laureles (Asunción),680000
Los Llanos (República Dominicana),114
Los Mameyes,88
Los Manseros Santiagueños,260000
Los Margaritos o Ingleses de Mochumí,92
Los Milagros,100
Los Mina,129
Los Mirlos,1070000
Los Mixcos (Guatemala),91
Los Montoneros de Méndez,87
Los Musiqueros,105
Los Musiqueros Entrerrianos,124
Los Naranjos (Caracas),881000
Los Negritos de Huallanca,11100
Los Negritos de Yauyos,123
Los Nevados,5320000
Los Nocheros,748000
Los Nocheros de Anta,7490
Los Nombradores,64800
Los Olimareños,108000
Los Palacios (Pinar del Río),129
Los Palanquines,124000
Los Palos Grandes,45000000
Los Pinos (Ciudad de La Habana),103
Los Pinos (Uruguay),126
Los Planes de Renderos,434000
Los Prados (Distrito Nacional),1730000
Los Restauradores (Distrito Nacional),426000
Los Ríos (República Dominicana),64900000
Los Talas (Uruguay),113
Los Tekis,125
Los Titanes (Uruguay),1070000
Los Toribianitos,121
Los Tres Ojos,125
Los Trovadores,1390000
Los Trovadores de Cuyo,427000
Los Trovadores del Norte,643000
Los Tucu Tucu,2130000
Los Tupamaros,502000
Los Wembler's de Iquitos,122
Los de Salta,124
Los del Suquía,460000
Los futuros murguistas,7280
Los hermanos Simón,124
Los viajes de Gulliver (película de 2010),120
Los Ángeles (Ecuador),212000000
Loving Darks,648000000
Loxodontomys micropus,142
Loxosceles boneti,1580
Loxosceles huasteca,394
Loxosceles malintzi,108
Loxosceles misteca,882
Loxosceles mulege,221
Loxosceles tehuana,101
Loxosceles yucatana,122
Loxosceles zapoteca,670
Lubec (Maine),694000
Lubolo,71
Lucas Braulio Areco,28500
Lucas Vázquez de Ayllón,132
Lucerito (álbum),626000
Lucha Moreno,40000000
Lucha Reyes (cantante mexicana),125
Lucha Sosa,13100000
Lucha Villa,123
Lucho Bermúdez,526000
Lucho de Sedas,201
Luciano (álbum),42500000
Luciano D'Alessandro,25800000
Luciano Pereyra,4530000
Luciel Izumi,95000
Lucihormetica cerdai,230
Lucihormetica grossei,1580
Lucihormetica luckae,146
Lucihormetica osunai,340
Lucila Campos,122
Lucio Fontana,6330000
Lucio Muniz,1350000
Luciopimelodus pati,3880
Lucre (Quispicanchi),33200
Ludorina,1150
Luetkenotyphlus brasiliensis,49
Luis Aguilar,80700000
Luis Bolívar,36800000
Luis Cordero (Ecuador),13700000
Luis Domingo Berho,8220
Luis Felipe Manrique Flores,57
Luis Gamarra,104
Luis García Rojas,56100000
"Luis Ignacio ""Nacho"" Prado",465000
Luis María Batallé,396000
Luis Miguel,482000000
Luis Miguel: la serie,116000000
Luis Pérez Meza,121
Luis Silva (cantante),161
Luis Vega (cantante),16900000
Luis Váez de Torres,75
Luis de Bolaños,13300000
Luis de Mendoza,140000000
Luján de Cuyo (vino),1460000
Lumbaquí,99
Lumpiá,954
Luna Monti,8890000
Luna liberiana,83300
Lupe Mejía,97
Luperón (República Dominicana),141
Lupita Palomera,179
Luribay,200000
Lurocalis rufiventris,148
Lusby (Maryland),716000
Luteuthis dentatus,631
Luther Burger,16400000
Lutjanus fulgens,9840
Lutreolina crassicaudata,11300
Lutreolina massoia,1820
Luya,4120000
Luya (Chiclayo),65900
Luz de América,203
Luz mala,199
Lycalopex culpaeus andinus,5280
Lycalopex culpaeus culpaeus,224
Lycalopex culpaeus lycoides,1620
Lycalopex culpaeus magellanicus,5590
Lycalopex culpaeus reissii,225
Lycalopex culpaeus smithersi,1440
Lycalopex griseus,81400
Lycalopex gymnocercus,75000
Lycalopex sechurae,11000
Lycium ameghinoi,68
Lygodium venustum,11700
Lygophis elegantissimus,1110
Lygromma anops,499
Lymanopoda dietzi,5
Lymanopoda orientalis,602
Lynchius flavomaculatus,58
Lynchius nebulanastes,971
Lynchius parkeri,1600
Lyncodon patagonicus,13800
Lysapsus limellum,2970
Lysiteles boteus,527
Lysiteles magkalapitus,187
Lysiteles miniatus,293
Lysiteles okumae,332
Lysiteles sorsogonensis,253
Lysiteles suwertikos,306
Lysiteles umalii,354
Lágrima Ríos,180
Lámud,217000
Lázaro Caballero,194
Lézardrieux,310000
Lídice (Panamá),219000
Línea 3 (Metro de Panamá),124
Línea 757 (Suburbanos Canelones),2650
Línea Anderson-Porras,194000
Línea D10 (Montevideo),11500
Línea P761 (Canelones),61
Línea XA1 (Canelones),1780
Línea XA2 (Canelones),1610
Línea de andesita,81500
MAREA,51100000
MAYA-1 (cable submarino),210
MICGénero,9950
MS Berge Istra,4880
MS European Gateway,70
MS Explorer,334000000
MS Hans Hedtoft,3750
MS Herald of Free Enterprise,3930000
MS Jupiter,53600000
MS München,105000000
MS Oranje,12500000
MS Oslofjord,79
MS Petrozavodsk,154000
MS Prinsendam,103
MS Sleipner,826000
MS World Discoverer,170
MV A Regina,5890000
MV Alta,52300000
MV Bianca C.,1930000
MV Captayannis,3340
MV Cita,7110000
MV Darlwyne,482
MV Derbyshire,806000
MV Dunedin Star,72000
MV Emsstrom,418
MV Gwendoline Steers,1350
MV Joyita,97
MV Kaitawa,1930
MV Le Joola,66500
MV Loch Seaforth,60800
MV Oliver Cromwell,329000
MV Plassy,51600
MV Rabaul Queen,28900
MV Ranga,9480000
MV Suilven,110
MV Teratai Prima,12000
Maarten Gerritsz Vries,16200
Mabaruma,323000
Mabuya hispaniolae,644
Mabí,45800
Maca (Caylloma),51300
Macaria acasiaria,411
Macaria garupa,685
Macaria rigidata,202
Macario (película),2010000
Macas (Ecuador),124
Macedonia de frutas,7520000
Maceta de Isla Fernando,191000
Maceta de Nube Verde,148
Machaca Fest,385000
Machacado con huevo,1780000
Machaeropterus eckelberryi,3750
Machaonia havanensis,1770
Macharetí,138000
Machias (Maine),140
Machiques,559000
Machurucuto,56500
Macizo Norpatagónico,133
Macizo Tamu,10400
Macizo de Atlantis,89
Macizo de Tamá,159
Macizo de la Hotte,4750
Macolor macularis,25600
Macrina Mateo Martínez,52400
Macroagelaius imthurni,1600
Macrobrachium quelchi,649
Macrodontogobius wilburi,4220
Macromantis hyalina,2370
Macrophyllum macrophyllum,430000
Macrotes commatica,173
Macrotes netrix,593
Macrotus waterhousii,122
Macruronus magellanicus,17400
Macuash,9000
Macuelizo (Nicaragua),193000
Macumba,5990000
Macuro,213000
Macuruco,3110
Macuto (Venezuela),905000
Madame Lynch (Asunción),317000
Madeleine Renom,471000
Madison (Connecticut),132
Madrevieja de El Carmen,65600
Madrigal (Caylloma),34300
Madruga (Cuba),608000
Magariños (Paraguay),96400
Magdalena (Bolivia),23600000
Magdalena (El Progreso),60
Magdalena León (cantante),293000
Magdalena Milpas Altas,244000
Magdalena Sánchez,113
Maggie Cullen,133
Magneuptychia pax,924
Magnolia guatemalensis,22500
Magnánimo (1754),16600
Mahdia (Guyana),91
Mahuayani,21500
Maia Castro,27700000
Maihueniopsis clavarioides,111
Maihueniopsis darwinii,4010
Maihueniopsis minuta,83
Maillé Brézé (1931),7840
Maimón,978000
Maito,4670000
Majagua,844000
Majarete,253000
Majibacoa,92
Majo Aguilar,8990000
Majuga frita,77
Makaira nigricans,491000
Mal Abrigo,196
Mala Visión,183
Malacatancito,225000
Malacatiupán,36900
Malacatán,470000
Malacocephalus okamurai,635
Malacoptila rufa,40800
Malacoscylus auricomus,218
Malarrabia,124
Malasada,64
Malbec,28900000
Malchinguí,283000
Malecón Simón Bolívar,522000
Maleza,7240000
Malla (Bolivia),34200000
Mallku,488000
Mallophyton chimantense,512
Malthonea aurescens,212
Malthonea cumbica,195
Malthonea itaiuba,246
Malthonea keili,204
Malthonea minima,294
Malthonea obyuna,289
Malthonea phantasma,98
Malthonea spinosa,192
Malvín,889000
Mama Coca,115
Mama Cocha,4870000
Mama Ocllo,384000
Mama Quilla,864000
Mama Rayhuana,1910
Mamacoca,53100
Mamacuna,22500
Mamara,809000
Mambo de Machaguay,125
Mamerto Sánchez Cárdenas,138000
Mammuthus columbi,158000
Mamporal,80
Manacus vitellinus,201
Managua,55100000
Managua (Cuba),12300000
Manatí (Cuba),142
Manazuru (1934),4850
Manañamca,9
Manaós (tribu),533
Mancha de basura del Atlántico Norte,77500
Manchester-by-the-Sea,238000000
Manchón-Guamuchal,209
Mandinga (mitología),70
Mandioca frita,12100000
Mangahurco,156000
Manglaralto (parroquia),161000
Manglares Churute,64500
Manglares de Río Negro-Río San Sol,418000
Manglares de Tehuantepec-El Manchon,689
Manglares de arrecifes de Belice,119
Manglares de la Mosquitia,93
Manglares de la costa de Belice,68500
Manglares de la costa seca del Pacífico Norte,67700
Manglares del golfo de Fonseca,93600
Manglares del norte de Honduras,139000
Manglares del norte de Honduras y Guatemala,94500
Mangora apaporis,251
Mangrullo (Cerro Largo),21400
Mangrullo (San José),83700
Manguaré,36100
Manicaragua,263000
Manicatex,13600
Manicuare,123
Manigua,131
Manizales Grita Rock,38500
Manjar blanco,214
Mannophryne lamarcai,112
Mannophryne molinai,1150
Mannophryne riveroi,95
Manoguayabo,444000
Manolo Juárez,1790000
Manorá (Asunción),175000
Manos del Uruguay,70800000
Manticos,73600
Mantua (Cuba),817000
Mantudos,23600
Manual de cocina del Instituto Crandon,11400
Manuel Acosta Villafañe,106
Manuel Antonio Mesones Muro (Ferreñafe),38200
Manuel Azlor y Urriés,13200
Manuel Bueso Pineda,131000
Manuel E. Amador Terrero (Veraguas),95
Manuel Ibáñez Frocham,5970
Manuel Iturralde-Vinent,17600
Manuel Lobo,41000000
Manuel Pailós,91
Manuel Tames (Cuba),109
Manuel Zárate,65
Manuela Villalba,80
Manureva,120
Manzana de la Rivera,16800000
Manzanillo (Cuba),143
Mao (República Dominicana),4690000
Mapa en Relieve de Guatemala,123
Mapacho (película),5780
Mar de Frisia,745000
Mar de Groenlandia,176
Mar de Irlanda,79600000
Mar de Irminger,70
Mar de Iroise,294000
Mar de Labrador,140
Mar de Noruega,55300000
Mar de Scotia,51600000
Mar de la Zona Austral,7870000
Mar de las Hébridas,110
Mar de los Sargazos,217000
Mar de Åland,31700000
Mar del Archipiélago,26000000
Marcelo Berbel,355000
Marcelo Cué (cerro),63300
Marcelo Díaz (músico),1550000
Marcelo Yzurieta,5090
Marcha camión,47200000
Marcha de la Muerte de Bataán,7600
Marcha del Orgullo LGBT de Asunción,25200
Marcha hacia el Chaco,1650000
Marcha hacia el Este,71
Marchas de la muerte de Sandakan,1940
Marcial Humberto Guzmán Saballos,6340
Marco Antonio García y Suárez,29800000
Marco Antonio Nacif Salinas,33600
Marcona,196
Marcos Ybañez,69
Mare nostrum,149
Maremán (tepuy),83
Mares nórdicos,152
Margarita Caballero,12600000
Margarita Palacios,96
Margarobyas lawrencii,164
Margarornis bellulus,2760
Margit Frenk,51300
Marguerite Rostan,56
Mari Sano,65
Maria Asumpta,44500
Mariachi,122
Mariachi Amigo,118
Mariachi Vargas de Tecalitlán,925000
Mariachi tradicional,26100000
Mariana Alandia,68
Marinera ayacuchana,16600
Marinera norteña,1410000
Marinera y Pandilla Puneña,117
Marino Armas Nieves,337000
Mario Arnedo Gallo,199000
Mario Bofill,568000
Mario Millán Medina,121
Mario Videla,99
Mario Álvarez Quiroga,1510000
Maripa,573000
Mariposario Pilpintuwasi,4440
Mariposario Tambopata,5560
Mariscal Estigarribia (Asunción),551000
Mariscal López (Asunción),2310000
Mariscala,464000
Marisora magnacornae,671
Marisora roatanae,668
Marizapa,19300
Marián Farías Gómez,660000
Markama,613000
Marmosa alstoni,8740
Marmosa andersoni,2770
Marmosa chachapoya,208
Marmosa demerarae,5200
Marmosa lepida,8030
Marmosa mexicana,18600
Marmosa murina,190
Marmosa paraguayana,184
Marmosa quichua,1230
Marmosa robinsoni,6430
Marmosa rubra,138
Marmosa tyleriana,1680
Marmosa waterhousei,3680
Marmosa xerophila,61
Marmosops bishopi,159
Marmosops cracens,1040
Marmosops fuscatus,5490
Marmosops parvidens,2870
Maroa (Venezuela),238000
Maroubra,139
Marpissa pikei,1620
Marques (barca),66700000
Marraqueta,134
Marshfield Hills,7620000
Marsupiales de Venezuela,532000
Marta Ballina,114
Martha Gularte,151000
Marthasterias glacialis,37200
Martin Frobisher,116
Martina García Cruz,6120000
Martini (vermú),108000
Martí (Cuba),7100000
Martín Castro (payador),27300
Martín José de Artigas,3640000
Martín Tinajero,318000
Martín de Ayamonte,59
Maruch Méndez,51
Maruja Herrera,692000
Maruja Hinestroza de Rosero,2660
Mary Jiménez,23600000
Mary Rose,822000000
María Albina,5380000
María Dolores Pradera,1460000
María Duval (actriz mexicana),221000
María Elena Marqués,117
María Elena Sandoval,6120000
María Fernanda Juárez,11800000
Masacre de Homfreyganj,332
Masacre de Nankín,36700
Masacre de Panjiayu,446
Masacre de Pingdingshan,383
Masacre del Resguardo Gran Rosario,36000
Masacre del colegio St. Stephen,36800
Masagua,4880000
Masahuat,252000
Masala y Maíz,4250000
Masato,9040000
Mascarada tradicional costarricense,46000
Masma (Jauja),38300
Masoller,111
Mata atlántica,134
Matagalpa FC,368000
Matamba,118
Matanza de Jaragua,6850
Matanzas,14000000
Mataquescuintla,139
Mate (infusión),11600000
Mate (recipiente),20700000
Matthew's Ridge,56000000
Matófono,64
Mauricio Fernandini,121
Mauricio Litman,27900
Mauro Núñez,8150000
Maurolicus muelleri,21900
Mausoleo de José Manuel Balmaceda,6410
Mausoleo de los Mártires de Artemisa,7840
Mavaca,27000
Mavi Díaz,514000
Maya (1932),6100000
Mayapax,33200
Mayarí,201
Mayor Martín Urbieta,134000
Mayor Pablo Lagerenza,92
Mayordomo (empresa),1370000
Mayra Copas,612000
Maytenus vitis-idaea,3970
Mayáhuel,23600
Mazama americana,219
Mazama bricenii,3340
Mazama chunyi,3300
Mazama nemorivaga,127
Mazama pandora,12300
Mazama temama,16300
Mazama tienhoveni,239
Mazamari,461000
Mazamorra,1410000
Mazatenango,3740000
Mazorijes,441
Mazurca,344000
Maíces ecuatorianos,138
Maíz azul,59100000
Maíz morado,17900000
Mañasu,6020
Mecaphesa discreta,295
Mecaphesa edita,57
Mecaphesa facunda,272
Mecaphesa gertschi,729
Mecaphesa hiatus,220
Mecaphesa imbricata,491
Mecaphesa inclusa,398
Mecaphesa insulana,327
Mecaphesa juncta,352
Mecaphesa kanakana,231
Mecaphesa naevigera,215
Mecaphesa nigrofrenata,237
Mecaphesa oreades,179
Mecaphesa perkinsi,514
Mecaphesa persimilis,209
Mecaphesa prosper,303
Mecaphesa reddelli,253
Mecaphesa revillagigedoensis,253
Mecaphesa rufithorax,321
Mecaphesa semispinosa,117
Mecaphesa spiralis,482
Mecaphesa velata,319
Medalla al Mérito Domingo Martínez de Irala,6360
Media Luna (Cuba),215
Mediación de Lavalle,112
Mediación de Trautmann,7800
Medialuna ancietae,1240
Mediterráneo (empresa),114
Mediterráneo americano,21700000
Mediterráneo español,114
Mediterráneo occidental,13700000
Megacyllene asteca,632
Megacyllene costaricensis,738
Megacyllene ellifranziana,400
Megacyllene nevermanni,824
Megacyllene punensis,5880
Megadytes glaucus,97
Megaleporinus obtusidens,5390
Megaleporinus piavussu,115
Megaleporinus trifasciatus,6610
Megaloblatta,113
Megalocnus,24600
Megalonema xanthum,819
Megaoryzomys,33000
Megapiranha paranensis,88
Megaptera novaeangliae,915000
Megascops centralis,162
Megascops clarkii,26400
Megascops koepckeae,7240
Megascops roboratus,5130
Megascops roraimae,148
Megascops seductus,2590
Megasoma joergenseni joergenseni,3030
Megasoma occidentalis,12900
Megasoma pachecoi,2810
Megasoma thersites,3480
Megastictus margaritatus,8030
Megastomatohyla mixe,1070
Megastomatohyla mixomaculata,718
Megastomatohyla nubicola,800
Megastomatohyla pellita,710
Megatherium,575000
Megatrygon microps,6150
Meiacanthus abditus,716
Meiacanthus crinitus,737
Meiacanthus ditrema,2420
Meiacanthus vittatus,2600
Meizonyx,5010
Mejicanos,4110000
Mejoramiento Social,25900000
Mejorana (baile),161000
Mejorana (canto),331000
Mejía (Arequipa),2420000
Mekhala,58
Melanerpes pygmaeus,25800
Melanerpes superciliaris,186
Melania Pérez,144
Melanis electron,48
Melanoides tuberculata,127000
Melanolagus bericoides,3500
Melanomys zunigae,1160
Melanophryniscus atroluteus,2280
Melanophryniscus cupreuscapularis,1380
Melanophryniscus diabolicus,558
Melanophryniscus estebani,2960
Melanophryniscus langonei,673
Melanophryniscus nigricans,49
Melanophryniscus stelzneri,7450
Melanophryniscus stelzneri spegazzinii,436
Melanophryniscus stelzneri stelzneri,7740
Melanorivulus crixas,383
Melanorivulus dapazi,849
Melanorivulus decoratus,6130
Melanorivulus egens,55
Melanorivulus illuminatus,594
Melanorivulus javahe,557
Melanorivulus karaja,738
Melanorivulus kayabi,672
Melanorivulus kayapo,990
Melanorivulus leali,535
Melanorivulus litteratus,962
Melanorivulus modestus,5920
Melanorivulus paracatuensis,424
Melanorivulus paresi,5170
Melanorivulus parnaibensis,45
Melanorivulus pictus,7060
Melanorivulus pinima,55
Melanorivulus rossoi,668
Melanorivulus rubromarginatus,402
Melanorivulus rutilicaudus,641
Melanorivulus salmonicaudus,810
Melanorivulus scalaris,50
Melanorivulus violaceus,4930
Melanorivulus vittatus,5970
Melanorivulus zygonectes,1010
Melbourne (Florida),335000000
Melchor de Mencos,320000
Melcocha,442000
Melena del Sur,52400000
Melissodes comptoides,783
Melissodes confusa,894
Melissodes coreopsis,3390
Melissodes rivalis,387
Mella (Cuba),1690000
Mella (Independencia),2230000
Mellisuga helenae,43000
Mellita quinquiesperforata,8960
Melocactus lemairei,130
Melocactus matanzanus,35700
Melongena bispinosa,18500
Melopyrrha nigra,6380
Melozone cabanisi,7370
Menafra (Uruguay),29100
Mendizábal (Uruguay),249000
Mendoza (Perú),99900000
Mendoza (Uruguay),66800000
Mendoza Chico,64
Mene de Mauroa,135
Menemerus bivittatus,142
Menesia akemiae,705
Menesia discimaculata,163
Menesia makilingi,338
Menesia transversonotata,216
Menonitas en Paraguay,482000
Menonitas en Perú,124
Mensaje de Navidad de Su Majestad (Reino Unido),107000
Mentodus rostratus,946
Menudo (comida),99300000
Mephitis macroura,103
Mera (Ecuador),138
Mercado Binacional República Dominicana-Haití,104000
Mercado de Abasto de Asunción,121
Mercado de Artesanías El Parián,33800
Mercedes La Ceiba,1140000
Mercedes Sosa,15200000
Mercedes Umaña,543000
Merceditas (canción),175000
Merganetta armata armata,145
Merganetta armata colombiana,3370
Meridiano V,7580000
Meridiano de Buenos Aires,1210000
Meseta misionera,42500
Meseta patagónica,230000
Mesocapromys angelcabrerai,137
Mesocapromys auritus,55
Mesocapromys nanus,5720
Mesocapromys sanfelipensis,1520
Mesoclemmys dahli,8570
Mesoclemmys gibba,14800
Mesoclemmys heliostemma,1400
Mesoclemmys raniceps,150
Mesoclemmys zuliae,135
Mesodesma donacium,13800
Mesophylla macconnelli,11900
Mesoplodon europaeus,24000
Mesoplodon ginkgodens,8940
Mesoplodon grayi,189
Mesoplodon hectori,184
Mesoplodon layardii,7490
Mesoplodon peruvianus,13700
Mesosa hirsuta albihirsuta,902
Mesosa hirsuta brevihirsuta,264
Mesosa hirsuta konishii,367
Mesosa japonica,4820
Mesosa mediofasciata,565
Mesosa nomurai,724
Mesosa pardina,4760
Mesosa pictipes,772
Mesosa pictipes miyamotoi,275
Mesosa pictipes nakabayashii,7
Mesosa pictipes yayeyamai,257
Metachirus nudicaudatus,77
Metallura baroni,86
Metallura eupogon,112
Metallura phoebe,88
Metallura theresiae,4510
Metalurgia tradicional en México,244000
Metaphryniscus sosai,525
Metapán,1040000
Metasepia pfefferi,27300
Metaxytherium,55
Metendothenia ogasawarensis,287
Metriopelia ceciliae,184
Metriopelia morenoi,170
Metynnis argenteus,16400
Metynnis polystictus,1170
Mexachernes calidus,340
Mexachernes carminis,413
Mexichthonius pacal,287
Mexichthonius unicus,432
Mexicáyotl,99
Mezquita de Colón,1680000
Mi Amigo,551000000
Mi Morena,247000000
Mi tierra (canción de Wendy Sulca),36000
Micaela Chauque,51700
Miches,149
Michishio (1937),2110
Mico argentatus,21100
Mico melanurus,15400
Mico rondoni,7250
Miconia squamulosa,5500
Micoureus constantiae,105
Micrastur buckleyi,12500
Micrastur mintoni,3570
Micrastur plumbeus,22600
Micrastur ruficollis,197
Micrastur semitorquatus,59100
Micrathena funebris,1390
Micrathena glyptogonoides,834
Microcaecilia iwokramae,491
Microcavia australis,14000
Microcavia jayat,72
Microcavia maenas,170
Microcavia niata,128
Microcavia salinia,2270
Microcavia shiptoni,1360
Microcavia sorojchi,234
Microchera chionura,3250
Microchera cupreiceps,6740
Microchirus theophila,858
Microglanis nigrolineatus,3240
Microglanis zonatus,1110
Microkayla iatamasi,399
Microkayla wettsteini,520
Microlenecamptus nakabayashii,6
Microlophus albemarlensis,11100
Microlophus bivittatus,109
Microlophus theresiae,5950
Microlophus thoracicus,1880
Micromesistius poutassou,80500
Micronycteris microtis,14000
Microphotina vitripennis,513
Microsciurus alfari,155
Microsciurus flaviventer,3050
Microsciurus mimulus,1690
Microsciurus santanderensis,72
Microspathodon dorsalis,4740
Microspingus alticola,116
Microstoma microstoma,173000
Micrurus alleni,18100
Micrurus altirostris,12400
Micrurus clarki,89
Micrurus corallinus,29900
Micrurus diastema,133
Micrurus dissoleucus,2870
Micrurus lemniscatus,126
Micrurus narduccii,1940
Micrurus psyches,80
Micrurus ruatanus,2710
Miguelito Díaz,126
Migues,893000
Miki González,123
Mikuma (1935),39600
Milagro (Ecuador),36500000
Milanesa,21200000
Milanesa napolitana,8770000
Milbridge,305000
Milcao,132
Milford (Connecticut),151
Milla de Oro de Caracas,120000
Millepora alcicornis,32900
Millepora complanata,147
Millsboro,128
Milonga (evento),914000
Milonga (música),6860000
Milonga-candombe,118
Milt Holland,658000
Milton Aguilar,6930000
Milton Cortez,5780000
Mimectatina divaricata fulvovariegata,403
Mimectatina divaricata similaris,372
Mimectatina divaricata yayeyamana,405
Mimectatina fuscoapicata,235
Mimectatina longipennis,740
Mimectatina meridiana ohirai,5
Mimectatina singularis,605
Mimectatina variegata,732
Mimoides ilus,1770
Mimomanes,15400
Mimon crenulatum,6330
Mimosa farinosa,25500
Mimus gundlachii,16300
Mimus longicaudatus,35000
Mimus macdonaldi,4360
Mimus melanotis,36900
Mimus parvulus,23600
Mimus patagonicus,126
Mimus thenca,13700
Mimus trifasciatus,14600
Mina Las Bambas,492000
Mina Naranjal,607000
Mina Tayopa,2020
Mina Tipo 99,38100000
Mina de Pueblo Viejo,9480000
Mina de carbón Carmichael,58400
Minas (Cuba),126
Minas Capillitas,37000
Minas de Matahambre,176000
Minas de Nambija,28300
Minegumo (1938),123
Minekaze,73
Minera Alumbrera,73700
Minera Panamá,2660000
Minerva Ayón,45
Minería en Honduras,9210000
Minería en Panamá,5770000
Minería en la Nueva España,142
Minestrone,136
Minga Porá,296000
Miniaturas olmecas,143
Minthostachys verticillata,11600
Minuano,1670000
Minyobates steyermarki,151
Mionectes roraimae,17700
Mirador Sur,49400000
Miraflores (Bocas del Toro),257000
Miraflores (Guayaquil),15400000
Miramar (Bocas del Toro),131000
Miramar (Distrito Nacional),754000
Miranda (Carabobo),124
Miringua,36300
Miroscyllium sheikoi,2540
Mirounga angustirostris,224000
Mirounga leonina,369000
Misa de Gallo,141
Misiones en la Amazonía de Ecuador,519000
Misión San Leonardo,4730000
Misión jesuítica de Jesús de Tavarangüé,141
Misión jesuítica de La Santísima Trinidad de Paraná,34400
Misión jesuítica de San Cosme y Damián,35800
Misión jesuítica de San Ignacio Guazú,13100
Misión jesuítica de Santa María de Fe,2050000
Misión jesuítica de Santiago Apóstol,100
Miske,63
Miski Takiy,144000
Miss Bolivia 2019,46700000
Miss Bolivia 2021,51200000
Miss Bolivia Mundo 2015,142
Miss Santa Cruz 2014,8100000
Miss Santa Cruz 2017,29100000
Misumenops conspersus,419
Mitología nahua de la Huasteca,17400
Mitología olmeca,1010000
Mitología pipil,32700
Mitología tolteca,688000
Mitología venezolana,871000
Mitostigma castillonii,168
Mitra mitra,144
Mitrephanes phaeocercus,156
Mitrospingus oleagineus,63
Mitu salvini,17300
Mitu tomentosum,5290
Mitu tuberosum,82
Mixco Viejo,434000
Mixotoxodon,24700
Miyuki (1929),73400
Mnasitheus chrysophrys,561
Mnemiopsis leidyi,173000
Moa (Cuba),142
Mobula alfredi,131
Mobula hypostoma,17500
Mobula japanica,9970
Mobula mobular,98000
Moca (República Dominicana),139
Mocache,465000
Mocce Antiguo,6270
Mocha (Ecuador),18700000
Mochumí,104000
Moco Moco,193
Mocuana,32800
Mocupe,82100
Mol (unidad maya),94200
Molcajete,200
Molleja,1630000
Mollete,864000
Mollisquama parini,4660
Molossops neglectus,11100
Molossops temminckii,6810
Molossus ater,20400
Molossus aztecus,10400
Momotus mexicanus,195
Momoy,631000
Mompiche,329000
Mona (leyenda),14700000
Monachus monachus,134
Monaeses habamatinikus,417
Monarca (1794),66
Monasa nigrifrons,18000
Moncagua,97
Monción,141
Mones Quintela,27700
Mongolia en la Segunda Guerra Mundial,330000
Monitor Huáscar,249000
Monjas (Jalapa),496000
Mono blanco,114000000
Monodelphis brevicaudata,4810
Monodelphis dimidiata,11300
Monodelphis domestica,229000
Monodelphis iheringi,4440
Monodelphis kunsi,2960
Monodelphis scalops,454
Monodelphis sorex,39200
Monodelphis unistriata,79
Monomorium bidentatum,525
Monopolio peruano del salitre,15800
Monorriel de Santo Domingo,85
Monotaxis grandoculis,162
Monsefú,427000
Monserrate,150
Montalbán (Carabobo),288000
Montalvo (Ecuador),10500000
Montanoa ovalifolia,2230
Montauk (Nueva York),513000
Montaña de Erapuca,8670
Montaña de Palmarito,245000
Montaña de Puca,963000
Montaña de Sorte,1120000
Montañas de Aracanguy,315
Montañas de Huapí,1240000
Montañas de la península de la Guajira,29600
Montañas del Pacífico Medio,6300000
Montañas submarinas de Santa Elena,37400
Montañita,124
Montañés (1794),144
Monte Ayanganna,60
Monte Bove (Argentina),44
Monte Caburaí,19100
Monte Cervantes,112
Monte Coca,21200000
Monte Lirio,1710000
Monte María (Villa Nueva),35300000
Monte Plata,147
Monte San Juan,100
Monte blanco del delta inferior del río Paraná,26500
Monumento Natural Lagunas Cabarete y Goleta,2560
Monumento Seis Columnas,104
Monumento a los defensores de la frontera,134000
Monumento al Che (Holguín),63200
Monumento al Mate,7180000
Monumento al Tamboril,111
Monumento de la Paz de Hiroshima,187
Monumento nacional Cañón de Somoto,169
Monumento nacional Guayabo,142000
Monumento natural Abra de Río Frío,340000
Monumento natural Formaciones de Tepuyes,4860
Monumento natural Grutas del Palacio,317000
Monumento natural Isla Barro Colorado,210000
Monumento natural Islote Municipal,41200
Monzón (Huamalíes),118
Morales (Bolívar),11300000
Morales (Izabal),1470000
Mormopterus minutus,6610
Mormopterus phrudus,1210
Morococcyx erythropygus,17100
Moros y cristianos (gastronomía),740000
Morphnus guianensis,36100
Morpho didius,145000
Morro de Gaira,14700
Morroa,264000
Mortadela,5890000
Mortagne-sur-Gironde,1060000
Morus bassanus,363000
Morus capensis,259000
Morus serrator,130000
Morón (Cuba),152
Morón (Venezuela),5650000
Mosoccancha,6370
Mosquitoquí,28300000
Mote,48000000
Motelo al kion,53
Motozintla de Mendoza,118
Motul de San José,102
Motupe,711000
Motupillo,71300
Motín de Tungchow,3470
Mourella caerulea,1230
Mouriri apiranga,116
Mousse de maracuyá,7570000
Movimientos pro-Municipios de Guatemala,122
Moyogalpa,258000
Moyuta,302000
Mozo danza,729000
Mozonte,263000
Moñái,12700
Mparmpa Petros,1960
Mucho Lote 2,53700000
Mucuchíes,179000
Mucuchíes (perro),26200
Mucurubá,66500
Muelle de las Mulas,256000
Muelle de los Bueyes,124
Muelona,123
Muestra Gastronómica de Santiago de Anaya,45100
Muestra Internacional de Danza Contemporánea en Guadalajara,107
Mugil cephalus,347000
Muirchú,8970
Muisne,532000
Mulinia edulis,9860
Muliza,112
Muluc,130
Mummucina masculina,282
Municipalidad de Alajuela,655000
Municipalidad de Cartago,880000
Municipio Acevedo,4710000
Municipio Almirante Padilla,127
Municipio Andrés Bello (Miranda),1260000
Municipio Angostura,118
Municipio Arismendi (Sucre),133
Municipio Baralt,417000
Municipio Baruta,141
Municipio Bejuma,225000
Municipio Bolívar (Aragua),2610000
Municipio Brión,125
Municipio Buroz,117
Municipio Cabimas,144
Municipio Camatagua,131
Municipio Carirubana,221000
Municipio Guajira,6680000
Municipio Heres,500000
Municipio La Cañada de Urdaneta,145000
Municipio Lagunillas (Zulia),266000
Municipio Lander,468000
Municipio Libertador (Aragua),916000
Municipio Libertador (Carabobo),143
Municipio Libertador de Caracas,144
Municipio Los Guayos,126
Municipio Los Salias,199000
Municipio Los Taques,114
Municipio Machiques de Perijá,125
Municipio Mara,8690000
Municipio Maracaibo,141
Municipio Mario Briceño Iragorry,174000
Municipio Mariño (Sucre),125
Municipio Miranda (Carabobo),2540000
Municipio Miranda (Falcón),2200000
Municipio Miranda (Zulia),126
Municipio Montalbán (Carabobo),228000
Municipio Naguanagua,595000
Municipio Ocumare de la Costa de Oro,123000
Municipio Padre Pedro Chien,35100
Municipio Paz Castillo,16300000
Municipio Pedro Gual,328000
Municipio Piar (Bolívar),334000
Municipio Puerto Cabello,13500000
Municipio Páez (Apure),372000
Municipio Páez (Miranda),1450000
Municipio Rosario de Perijá,185000
Municipio Roscio,250000
Municipio San Carlos,127
Municipio San Casimiro,138
Municipio San Cristóbal (Táchira),1500000
Municipio San Diego (Carabobo),1090000
Municipio San Fernando (Apure),849000
Municipio San Francisco (Zulia),1930000
Municipio San Joaquín (Carabobo),500000
Municipio San Sebastián (Aragua),275000
Municipio Valencia (Carabobo),10200000
Municipio Valmore Rodríguez,137000
Municipio Zamora (Aragua),120
Municipio Zamora (Miranda),2700000
Municipio de Aceguá,298000
Municipio de Arbolito,77
Municipio de Arévalo,99
Municipio de Bañado de Medina,53800
Municipio de Cardona,3990000
Municipio de Casupá,91100
Municipio de Centurión,422000
Municipio de Cerro de las Cuentas,86
Municipio de Chapicuy,20700
Municipio de Ciudad de la Costa,113
Municipio de Ciudad del Plata,107
Municipio de Dolores,18000000
Municipio de Ecilda Paullier,35900
Municipio de Fraile Muerto,425000
Municipio de Fray Marcos,1130000
Municipio de Guichón,146000
Municipio de Isidoro Noblía,97
Municipio de Ismael Cortinas,77800
Municipio de José Batlle y Ordóñez,94300
Municipio de José Enrique Rodó,148000
Municipio de José Pedro Varela,126
Municipio de Las Cañas,50300000
Municipio de Libertad,50800000
Municipio de Lorenzo Geyres,4910
Municipio de Mariscala,57700
Municipio de Minas de Corrales,204000
Municipio de Palmitas,470000
Municipio de Piedras Coloradas,85200
Municipio de Plácido Rosas,126000
Municipio de Porvenir,4620000
Municipio de Quebracho (Cerro Largo),34700
Municipio de Quebracho (Paysandú),25500
Municipio de Ramón Trigo,72
Municipio de Rodríguez,83
Municipio de Río Branco,45000000
Municipio de Sarandí Grande,448000
Municipio de Solís de Mataojo,60800
Municipio de Tambores,8380000
Municipio de Tranqueras,90
Municipio de Tres Islas,6320000
Municipio de Tupambaé,93
Municipio de Vichadero,30700
Municipio del Distrito Metropolitano de Quito,150
Municipios de Cuba,13400000
Municipios de El Salvador,34200000
Municipios de la República Dominicana,7260000
Muqui (mitología),130
Muraena clepsydra,2920
Muraena melanotis,4680
Mural Orígenes,196
Murciélagos de Paraguaná,4890
Murgas en Carnaval de Negros y Blancos de Pasto,129
Muricopsis necocheana,487
Muriel Cruz,7490000
Muro de las Lágrimas,6860000
Murra,93
Murree,5150000
Muruhuay,122
Musa (La Molina),4300000
Musashi (1942),598000
Museo Bellapart,142
Museo Casa de La Respuesta,42800000
Museo Comunitario Isla Maciel,137
Museo Corbeta Esmeralda,175
Museo Diocesano de San Ignacio Guazú,3720
Museo Fray Juan Bernardo,790000
Museo Histórico Mariscal Andrés A. Cáceres,158000
Museo Histórico y de Armas de Arica,281000
Museo Ixchel del Traje Indígena,180
Museo Marítimo del Cantábrico,288000
Museo Memorial de la Paz de Hiroshima,132000
Museo Mercedes Sierra de Pérez,1450000
Museo Miraflores,170
Museo Municipal de Chancay,143
Museo Nacional de Arte de Guatemala,16200000
Museo Naval Casa Grau,285000
Museo Naval del Perú,161
Museo Paleontológico El Hato,1750
Museo Popol Vuh,417000
Museo Regional de Arqueología de La Democracia,115
Museo Regional de Chichicastenango,13200
Museo Regional del Sureste de Petén,22400
Museo Salinas Siglo XXI,771000
Museo Textil de Oaxaca,739000
Museo Yavarí,22900
Museo casa natal de Calixto García,126
Museo de Arte Sacro (Asunción),164
Museo de Artes e Industrias Populares,86
Museo de Artistas Argentinos Benito Quinquela Martín,15200
Museo de Historia Natural Carlos de la Torre y Huerta,157000
Museo de Historia Natural de Gibara,140
Museo de Historia Natural de Pinar del Río,142000
Museo de Historia Natural de Sancti Spíritus,50100
Museo de Sitio Andrés Avelino Cáceres,51900
Museo de Sitio del Campo de la Alianza,4650000
Museo de Trajes Regionales Sergio Castro,46400
Museo de la Bomba Atómica de Nagasaki,59400
Museo de la Canción Yucateca,68000
Museo de la Guerra del Pacífico,7730000
Museo de las Aves de México,9860000
Museo de las Balsas de Totora,13300
Museo de los Combatientes del Morro de Arica,7270
Museo de sitio Chorro de Maíta,134
Museo del Axolote y Centro de Conservación de Anfibios,162
Museo del Carnaval (Barranquilla),184
Museo del Holocausto (Ciudad de Guatemala),160
Museo del Mar (Uruguay),151
Museo del Tequila y el Mariachi,373000
Museo del Tiempo (Uruguay),128
Museos El Ceibo,117
Musha Carabajal,202
Mussurana bicolor,168
Mustelus asterias,108
Mustelus californicus,15300
Mustelus canis,45000
Mustelus dorsalis,95
Mustelus griseus,22600
Mustelus henlei,9600
Mustelus higmani,101
Mustelus lenticulatus,7330
Mustelus lunulatus,15000
Mustelus manazo,9630
Mustelus mento,7990
Mustelus minicanis,135
Mustelus mustelus,225000
Mustelus norrisi,5060
Mustelus palumbes,3300
Mustelus punctulatus,15400
Mustelus ravidus,3250
Mustelus schmitti,126
Mustelus sinusmexicanus,40300
Mustelus whitneyi,128
Mustelus widodoi,2500
Mutatá,232000
Mutca,2
Mutisia acuminata,85
Mutsu (1921),78
Myadestes elisabeth,3720
Myadestes melanops,159
Myadestes unicolor,28000
Mycetophyllia aliciae,2660
Mycteria americana,217
Mycteroperca fusca,6830
Myctophum asperum,3050
Myersiohyla aromatica,852
Myersiohyla chamaeleo,578
Myersiohyla inparquesi,982
Myersiohyla loveridgei,829
Myersiohyla neblinaria,871
Myiarchus flavidior,2910
Myiarchus magnirostris,86400
Myiothlypis griseiceps,146
Myiothlypis roraimae,16200
Myleus pacu,129
Myliobatis aquila,189
Myliobatis californica,109
Myloplus zorroi,692
Mylossoma duriventre,133
Myocastor coypus,144
Myoglanis koepckei,751
Myoprocta pratti,6820
Myotis aelleni,61
Myotis albescens,18100
Myotis atacamensis,5040
Myotis chiloensis,104
Myotis dinellii,69
Myotis izecksohni,3230
Myotis keaysi,8260
Myotis lavali,7980
Myotis levis,15500
Myotis nigricans,76000
Myotis oxyotus,5060
Myotis riparius,20000
Myotis ruber,32900
Myotis simus,24700
Myrcia polyneura,1050
Myrcianthes pungens (O. Berg) D. Legrand,4060
Myrmeciza longipes,12200
Myrmecophaga caroloameghinoi,109
Myrmecophaga tridactyla,232000
Myrmecophila tibicinis,140
Myrmelastes caurensis,1580
Myrmelastes humaythae,3220
Myrmelastes rufifacies,1600
Myrmelastes saturatus,3740
Myrmoborus lophotes,8860
Myrmoborus lugubris,31700
Myrmoborus melanurus,34600
Myrmochanes hemileucus,8680
Myrmoderus eowilsoni,3070
Myrmothera berlepschi,5210
Myrmothera dives,52
Myrmothera simplex,20100
Myrmothera subcanescens,1760
Myrmotherula ambigua,2400
Myrmotherula assimilis,19300
Myrmotherula behni,4420
Myrmotherula cherriei,10100
Myrmotherula iheringi,150
Myrmotherula klagesi,3700
Myrmotherula multostriata,6450
Myrmotherula sclateri,12800
Myroxylon pereirae,156000
Myrtle Beach,147
Mysateles garridoi,1030
Mysateles gundlachi,10
Mysateles melanurus,1360
Mysateles meridionalis,704
Mysateles prehensilis,10800
Myscelus epimachia,4890
Mystic (Connecticut),11500000
Mytilus chilensis,70700
Mytilus galloprovincialis,612000
Máchica,54700
Máquina 501,203
Máscaras mexicanas,218
Máximo Bistrot,395000
Máximo Gómez (Cuba),11300000
Máximo Laura,59900000
Médanos de Capanaparo,116
Médanos de Zapara,3890
Méduse (fragata),151000
Mórrope,166000
Møns Klint,405000
Música afroperuana,156
Música andina del Perú,16000000
Música criolla y afroperuana,158
Música cuzqueña,1080000
Música de marimba mexicana,11400000
Música folclórica de México,126
Música indígena (Venezuela),137
Música llanera,9620000
Música planeca,916000
Música sabanera,147
Música tropinorteña,124
NORAD Tracks Santa,604000
Nabasanuka,21000
Nacarid Escalona,7190
Nacatamal,790000
Nachi (1928),149000
Nacho (cantante),149
Nacho Prado y Daniel Campos,511000
Nación Misquita,25500
Naco (Honduras),661000
Nadine Sierra,122
Nagara (1922),870000
Nagarote,398000
Nagato (1920),94800
Nagua,4130000
Naguanagua,3940000
Nahemi Uequin,163
Nahual,1860000
Nandayus vorohuensis,331
Nando (Uruguay),3540000
Narragansett (Rhode Island),121
Nascopie,13200
Naso (género),694000
Naso annulatus,162
Naso brachycentron,9800
Naso brevirostris,47900
Naso caesius,9060
Naso hexacanthus,14600
Naso lituratus,79600
Naso minor,741000
Naso thynnoides,136
Naso tonganus,4230
Naso unicornis,199
Naso vlamingii,207
Nassauvia serpens,1300
Nasua narica,156000
Nasua nasua,561000
Nasuella olivacea,10200
Natalia Barrionuevo,873000
Natalia Lafourcade,5000000
Natalia Pastorutti,123
Naufragio del Sewol,25700
Naufragio del vapor América,182
Nautilus belauensis,16100
Nautilus macromphalus,13500
Nautilus pompilius,142
Nautilus stenomphalus,160
Nave infernal,57
Navidad,556000000
Navidad Solamericana,516
Navidad en México,504
Navidad en la Estación Espacial Internacional,1170000
Nazacara de Pacajes,51200
Nazareth (Asunción),860000
Neacomys vargasllosai,607
Nebrius ferrugineus,31500
Necochea,4740000
Necoclí,132
Necora puber,126
Necromys benefactus,61
Necromys lactens,1200
Necromys lilloi,1190
Necromys obscurus,3000
Necrophila japonica,2330
Nectocaecilia petersii,728
Nectomys palmipes,1100
Neftalí Ayungua Suárez,729
Negrito pastor,1940000
Neiba,659000
Nejapa (El Salvador),621000
Nelly Omar,122
Nelly Vázquez,107
Nelson Henríquez,1120000
Nemateleotris,83400
Nemateleotris decora,23900
Nemateleotris helfrichi,10800
Nemateleotris magnifica,189
Nembrotha kubaryana,215
Nemoria acora,43100
Nemoria acutularia,0
Nemoria adaluzae,41200000
Nemoria adjunctaria,77
Nemoria agenoria,2960
Nemoria anae,7270
Nemoria antipala,900
Nemoria carolinae,40600
Nemoria characta,64800000
Nemoria conflua,724
Nemoria consimilis,7960
Nemoria conspersa,3140
Nemoria defectiva,214000
Nemoria dentilinea,157
Nemoria erina,507
Nemoria nigricincta,465
Nemoria nigrisquama,58
Nemqueteba,31200
Nenette Pepin Fitzpatrick,179
Nenohi (1933),4530
Nentón,141
Neoathyreus lanuginosus,90
Neoblakea,18300
Neoblattella guianae,617
Neocalyptis angustilineata,90
Neocalyptis lacernata,253
Neocalyptis nematodes,103
Neochactas garciai,254
Neocheiridium corticum,584
Neochelidon tibialis,61
Neoclinus blanchardi,5770
Neoclytus jibacoense,212
Neoclytus peninsularis,5120
Neoclytus personatus,5910
Neoclytus pubicollis,430
Neoclytus rufitarsis,614
Neoclytus smithi,8600
Neoclytus steelei,344
Neocnus,19800
Neocrex colombiana,1470
Neoctantes niger,14400
Neoeptesicus furinalis,1150
Neogale africana,10900
Neogale felipei,2220
Neogale frenata,16800
Neomonachus schauinslandi,31300
Neomorphus radiolosus,4140
Neomorphus rufipennis,12400
Neomyxus leuciscus,1560
Neopelma sulphureiventer,119
Neopetalia punctata,742
Neoregnellia,848000
Neoscona domiciliorum,4450
Neoscopelus macrolepidotus,3190
Neosparton aphyllum,984
Neotama mexicana,59
Neotango,111
Neotomys ebriosus,131
Neoxolmis rubetra,2220
Neoxolmis salinarum,156
Nepeña,178000
Nephelornis oneilli,60
Neptunia (Uruguay),478000
Neptuno (1754),245000
Neptuno (1795),74900
Nerita versicolor,6970
Nerocila acuminata,2220
Nerocila congener,965
Nerocila fluviatilis,1040
Nerocila japonica,1460
Nerocila philippensis,162
Nerodia,357000
Nerophis ophidion,82
Nerses Ounanian,65
Nesodactylus,9050
Nesorohyla kanaima,340
Nesoryzomys darwini,2560
Nesoryzomys fernandinae,157
Nesoryzomys indefessus,1480
Nesoryzomys indefessus narboroughi,163
Nesoryzomys swarthi,141
Nesotriccus maranonicus,1440
Nesotriccus ridgwayi,4320
Neusticomys monticolus,2130
Nevadas extraordinarias en la ciudad de Buenos Aires,32800
Nevado (perro),4480000
Nevado Charquini,25000
New Bedford (Massachusetts),109000000
New Bern (Carolina del Norte),396000
New London (Connecticut),150
New Rochelle,73500000
New Smyrna Beach,27600000
Newbury (Massachusetts),131
Newport (Rhode Island),59700000
Newport News,152000000
Nezumia aequalis,5230
Nezumia parini,1660
Nezumia sclerorhynchus,2820
Ngen,6680000
Ngen-ko,1110000
Ngen-kulliñ,879
Ngen-kura,59
Ngen-kürüf,1190
Ngen-kütral,63
Ngen-lawén,322000
Ngen-mapu,97
Ngen-mawida,60
Ngen-rëpü,729000
Ngen-winkul,69
Ngenechén,11800
Niantic (Connecticut),97
Nicasio Pajarito González,8940
Niccoloso da Recco,43400
Niceforonia peraccai,688
Niceto Pérez (Cuba),419000
Nico Pérez,16100000
Nicolás García Jerez,2080000
Nicolás Segundo Gennero,7630
Nicomedes Santa Cruz,211
Nicrophorus montivagus,1130
Nicté,289000
Nicté-Ha (leyenda),38900
Nigüenta,103
Nijolė Šivickas,3160
Nilo Soruco,44700
Nimchim,795
Nindirí,274000
Ninia pavimentata,1910
Nipe-Sagua-Baracoa,79
Niphona arrogans mindanaona,106
Niphona lumawigi,296
Niphona philippinensis,241
Niquero,262000
Nochebuena,32400000
Noctilio albiventris,14500
Noctilio leporinus,36800
Noirmoutier-en-l'Île,706000
Nombre de Dios (Colón),30100000
Nombre de Jesús (El Salvador),82500000
Nomenclatura urbana del Centro Histórico de Popayán,5690
Nonnula brunnea,29900
Nonnula ruficapilla,136
Nord Stream,67400000
Nord Stream 2,151000000
Nothoprocta taczanowskii,12400
Nothopuga,36700
Nothura boraquira,4810
Nothura chacoensis,3390
Nototriton guanacaste,752
Nototriton lignicola,1800
Nototriton limnospectator,693
Nototriton major,3860
Nototriton matama,381
Nototriton mime,371
Nototriton picadoi,2190
Nototriton picucha,459
Nototriton richardi,103
Nototriton saslaya,607
Nototriton stuarti,922
Nototriton tapanti,92
Nototriton tomamorum,591
Novalima,4940000
Novena de Aguinaldos,120
Novillo (Ecuador),623000
Nudo de Pasco,79
Nuestra Señora de Atocha,1190000
Nuestra Señora de Nagasaki,124
Nuestra Señora de Schoenstatt,310000
Nuestra Señora de la Asunción (1772),58400
Nuestra Señora de la Laguna,82
Nuestra Señora de la Limpia y Pura Concepción,751000
Nuestra Señora de las Mercedes (1786),86800
Nuestra Señora de los Dolores,142
Nuestra Señora del Juncal,400000
Nuestra Señora del Topo,6840000
Nueva Arica,20100000
Nueva Asunción,139
Nueva Bolivia,401000000
Nueva Carrara,3620000
Nueva Concepción,84500000
Nueva Cádiz,46000000
Nueva Esparta (El Salvador),119
Nueva Esperanza (Colón),130
Nueva Esperanza (El Salvador),132
Nueva Fuerabamba,17500
Nueva Gerona,8620000
Nueva Granada (El Salvador),48700000
Nueva Guadalupe,111000000
Nueva Guinea (Nicaragua),135
Nueva Loja,128000000
Nueva Mestre,6710000
Nueva Paz,103
Nueva Pompeya (Buenos Aires),1760000
Nueva Providencia (Colón),3860000
Nueva Santa Rosa,406000000
Nueva Trinidad,83
Nueve Viento,25100000
Nueve-Hierba,91
Nuevitas,989000
Nuevo 1.º Ejército,10100000
Nuevo Arraiján,846000
Nuevo Belén de Bajirá,146
Nuevo Chagres,122
Nuevo Cuscatlán,2060000
Nuevo Edén de San Juan,8140000
Nuevo León (Guatemala),175000000
Nuevo Mocupe,32100
Nuevo Partido Socialista,78
Nuevo Progreso (San Marcos),114
Nuevo Puente Pueyrredón,651000
Nuevo Rocafuerte,1010000
Nuevo San Carlos (Retalhuleu),888000
Nuevo San Juan,620000000
Nuevo Santiago,530000000
Nuevo cancionero,177
Nullibrotheas allenii,344
Nullotitan glaciaris,1140
Numancia (1864),21900
Numenius phaeopus,374000
Numenius tahitiensis,19200
Nunca menos (canción),215000000
Nuria Schlenker,4140
Nycerella delecta,618
Nyctanassa carcinocatactes,150
Nyctanolis pernix,1410
Nyctibius jamaicensis,33300
Nyctibora acaciana,335
Nyctibora bohlsi,9
Nyctibora stygia,267
Nycticeius cubanus,110
Nyctidromus anthonyi,3820
Nyctiellus lepidus,6880
Nyctimantis rugiceps,1940
Nyctinomops aurispinosus,3380
Nyctinomops laticaudatus,163
Nyctinomops macrotis,29500
Nyctiphrynus rosenbergi,2450
Nymphargus balionotus,1440
Nymphargus chancas,720
Nymphargus cochranae,158
Nymphargus griffithsi,1440
Nymphargus mariae,1190
Nymphargus megacheirus,1100
Nymphister kronaueri,1380
Nyssodrysternum bolivianum,450
Nyssodrysternum cotopaxi,633
Nyssodrysternum drumonti,297
Nyssodrysternum fulminans,275
Nystalus obamai,6330
Nystalus radiatus,9110
Néstor Silva (activista),45600
O Amigo da Onça,11900000
ORP Grom (1937),13100
Oaxaca FilmFest,100
Obelisco (Ciudad de Guatemala),131
Obrium arciferum,499
Obrium asperatum,199
Obrium balteatum,159
Obrium cantharinum shimomurai,398
Obrium circunflexum,176
Obrium cruciferum,215
Obrium dimidiatum,321
Obrium giesberti,771
Obrium hattai,371
Obrium latecinctum,229
Obrium mimicum,188
Obrium nakanei,179
Obrium obliquum,642
Obrium obscuripenne takakuwai,330
Obrium peninsulare,615
Obrium piperitum,1090
Obrium planicolle,582
Obrium semidiffusum,132
Obrium semiformosanum abirui,150
Obrium takahashii,606
Obrium takahashii fukidai,262
Observatorio Vulcanológico de Hawái,5610
Ocamo,80800
Ocasional Talento,2760000
Ocean City,1600000000
Ocean City (Maryland),160000000
Ocean Park (Uruguay),60100000
Ocean Researcher V,297000000
Oceanites barrosi,56
Oceanites gracilis,24400
Oceanites oceanicus,109000
Oceanites pincoyae,2170
Oceanodroma cheimomnestes,926
Oceanodroma matsudairae,2130
Oceanodroma microsoma,135
Oceanodroma socorroensis,1520
Oceanodroma tristrami,4390
Oceanía del Polonio,30500
Ocenebra erinacea,5060
Ochetorhynchus phoenicurus,17300
Ochpaniztli,72
Ochraethes brevicornis,745
Ochraethes sommeri,1070
Ochraethes tulensis,575
Ochraethes viridiventris,606
Ochthoeca nigrita,15200
Ochthoeca piurae,142
Ochthoeca superciliosa,5300
Ochuro,10800
Ocobamba (Apurímac),101000
Ocongate,196000
Ocotal (Nicaragua),861000
Ocotea aciphylla,133
Ocotea acutifolia,156
Ocra (Perú),46
Ocrepeira albopunctata,243
Ocros (Áncash),258000
Octavia (banda),2960000
Octavio José Calderón y Padilla,1530000
Octodon ricardojeda,368
Octodontomys gliroides,9640
Octomys mimax,17000
Octopus bimaculatus,24100
Octopus briareus,28300
Octopus tehuelchus,6550
Octopus vulgaris,3810000
Ocucaje,398000
Ocumare de la Costa,616000
Ocumare del Tuy,644000
Ocupación británica de las islas Malvinas (1833),146
Ocupación de Bocas del Toro de 1836,11900
Ocupación del Perú durante la guerra del Pacífico,2200000
Ocupación japonesa de Borneo,94
Ocupación japonesa de Indochina,40400
Ocupación japonesa de Kiska,3020
Ocupación japonesa de Malasia,185000
Ocupación japonesa de Nueva Guinea,54100
Ocupación japonesa de las Indias Orientales Neerlandesas,32000
Ocupación japonesa de las Islas Gilbert,13600
Ocupación japonesa de las Islas Salomón,34600
Ocurí (Potosí),125000
Ocyalus latirostris,7570
Océano Atlántico,146
Océano Pacífico,31700000
Ocós,118000
Ocú,845000
Odocoileus cariacou gymnotis,810
Odocoileus cariacou tropicalis,577
Odocoileus goudotii,4690
Odocoileus margaritae,73
Odocoileus ustus,8190
Odocoileus virginianus,146
Odontaster validus,73
Odontesthes cuyanus,494
Odontonema lindavii,1010
Odontophorus melanonotus,12400
Odontophorus stellatus,17900
Odontophrynus achalensis,42
Odontophrynus americanus,11500
Odontophrynus barrioi,3100
Odontophrynus cordobae,3200
Odontophrynus occidentalis,3100
Odontoscion xanthops,1270
Oecomys roberti,63
Oecomys speciosus,130
Oecomys sydandersoni,1440
Oedipina altura,1180
Oedipina capitalina,440
Oedipina carablanca,133
Oedipina chortiorum,253
Oedipina complex,4570
Oedipina kasios,512
Oedipina koehleri,588
Oedipina maritima,71
Oedipina motaguae,422
Oedipina nica,2410
Oedipina nimaso,259
Oedipina paucidentata,519
Oedipina petiola,114
Oedipina poelzi,109
Oedipina quadra,114
Oedipina tomasi,482
Oedipina tzutujilorum,289
Oedipina uniformis,168
Oedipomidas oedipus,87
Oenocarpus simplex,4710
Ofensiva de Invierno (1939-1940),11700
Ofensiva de los Cien Regimientos,103000
Ofu y Olosega,58300
Ogcocephalus darwini,202
Ogcocephalus parvus,92
Ogilbia galapagosensis,651
Oiceoptoma nigropunctatum,405
Oideterus elegans,189
Oideterus inaequalis,217
Oideterus tibiaprocerus,4
Oite (1924),175000
Ojos azules (canción),27800000
Ojotsk,51500
Old Harry Rocks,56800000
Old Lyme,22700000
Oligoryzomys nigripes,12700
Oligosarcus amome,714
Oligosarcus hepsetus,3920
Oligosarcus jacuiensis,679
Olinalá (artesanía),198
Olindias sambaquiensis,5570
Olintepeque,278000
Olocuilta,400000
Olopa,507000
Olopita,21200
Omar Yali,610000
Ombúes de Lavalle,123000
Ometepe,1390000
Omoadiphas,6610
Omolabus laesicollis,469
Omolabus ligulatus,148
Oncideres captiosa,453
Oncideres cephalotes,1630
Oncideres colombiana,1100
Oncideres crassicornis,614
Oncideres dejeanii,744
Oncideres impluviata,1560
Oncideres laceyi,959
Oneirodes alius,550
Oneirodes anisacanthus,656
Oneirodes basili,430
Oneirodes bradburyae,692
Oneirodes carlsbergi,1160
Oneirodes cordifer,343
Oneirodes cristatus,554
Oneirodes flagellifer,535
Oneirodes luetkeni,796
Oneirodes macronema,701
Oneirodes macrosteus,799
Oneirodes parapietschi,448
Oneirodes pietschi,4420
Oneirodes plagionema,456
Oneirodes posti,471
Oospila agnetaforslundae,435
Oospila astigma,98
Oospila cristae,342
Oospila ehakernae,314
Oospila flavilimes,464
Oospila leucostigma,397
Oospila loreenae,256
Oospila nigripunctata,278
Oospila permagna,306
Oospila similiplaga,344
Oospila subaurea,282
Operaciones Temeraria y Persecución,61900
Operaciones aéreas en la Guerra del Chaco,39900
Operaciones encubiertas durante la guerra del Pacífico,127
Operación Amoy,13900000
Operación Cartwheel,15400
Operación Cerberus,191000
Operación Cottage,49
Operación Dexterity,34200
Operación Esfuerzo Activo,27200000
Operación FS,5410000
Operación Ferdinand,161
Operación Hailstone,73
Operación I-Gō,192000000
Operación Isla de Hainan,17000
Operación Jinzhou,10100
Operación Ke,337000000
Operación Kikusui,2510
Operación Kita,1950000
Operación Mo,16700000
Operación RY,3060000
Operación Rimau,778
Operación Swatow,1010
Operación Ten-Gō,16200000
Operación Tiderace,401
Operación Veneratio,20500
Operación Venganza,12000000
Ophioblennius steindachneri,140
Ophiodes fragilis,73
Ophioscion strabo,1410
Ophioscion typicus,883
Opisthacanthus brevicauda,585
Opisthocomus hoazin,226
Opisthodactylus kirchneri,716
Opisthoproctus soleatus,28100
Opisthoteuthis californiana,4660
Opsiphanes cassina,6560
Opuntia echios,192
Opuntia sulphurea,103
Opus Cuatro,5070000
Oratorio (Guatemala),800000
Oratorio de Concepción,881000
Orcinus orca,142
Orcococha (Huancavelica),2850
Orcopampa (Arequipa),141000
Orcotuna,138000
Orden Manuel Fernando Zárate,94
Orden de batalla de la Batalla de Arawe,257
Oreaster reticulatus,27700
Oreocallis grandiflora,81
Oreochromis aureus,858000
Oreodera kawasae,86
Oreonax flavicauda,12400
Oreonympha nobilis,11700
Oreophrynella cryptica,573
Oreophrynella dendronastes,1100
Oreophrynella huberi,709
Oreophrynella macconnelli,120
Oreophrynella nigra,1480
Oreophrynella seegobini,685
Oreophrynella vasquezi,744
Oreophrynella weiassipuensis,631
Oreopsar bolivianus,6680
Oreotrochilus cyanolaemus,7170
Oreotrochilus melanogaster,79
Oressochen jubatus,9610
Orestias gymnota,428
Organización Territorial de la República Dominicana,3180000
Organización del Tratado de Cooperación Amazónica,438000
Organización territorial de Caldas,95
Organización territorial de Costa Rica,117
Organización territorial de Cuba,5850000
Organización territorial de Ecuador,11800000
Organización territorial de El Salvador,9800000
Organización territorial de Guatemala,7470000
Organización territorial de Honduras,4560000
Organización territorial de Nicaragua,4230000
Organización territorial de Panamá,2460000
Organización territorial de Paraguay,4630000
Organización territorial de Risaralda,84
Organización territorial de Santander (Colombia),104
Orgoroso,85800
Origen de la biodiversidad en la Amazonia,141
Orinduik,75
Orinoco (álbum),498000
Orlando Vera Cruz,32400000
Orleans (Massachusetts),235000000
Ormia depleta,5460
Ormond Beach,14000000
Ornimegalonyx,33000
Ornithion semiflavum,7930
Orochelidon andecola,167
Oroclinal de Bolivia,2860
Orogenia brasiliana,3930
Oropesa (Cusco),322000
Orphinus japonicus,56
Orphinus parainfasciatus,194
Orphinus terminalis,683
Orquesta Avilés,115
Orquesta Guayacán,161
Orquesta Sinfónica de Oruro,34100
Orquesta Taínos de Mayarí,2260
Orquesta Típica Yukalpetén,12600
Orquesta típica,155
Orquesta típica (documental),141
Ortalis garrula,188
Ortalis guttata,41900
Ortalis ruficauda,46700
Ortalis vetula,81000
Ortalis wagleri,24600
Orthogeomys grandis,156
Orthogeomys heterodus,1610
Orthogeomys hispidus,68
Orthopsittaca manilatus,27900
Ortiz (Venezuela),56300000
Oscaecilia bassleri,1140
Oscaecilia ochrocephala,144
Oscaecilia osae,677
Oscar Cardozo Ocampo,121
Oscar Matus,1410000
Oscilación del Atlántico Norte,127
Oscilación del Sur,1960000
Oscilación multidecadal atlántica,2450
Osedax mucofloris,2990
Osedax rubiplumus,140
Osicala,215000
Osiris Rodríguez Castillos,27100
Oso hormiguero gigante arborícola,8890
Osobuco,130
Osornophryne antisana,1260
Osornophryne guacamayo,125
Ossancora fimbriata,7790
Osteocephalus cabrerai,2920
Osteocephalus fuscifacies,2560
Osteocephalus mimeticus,1080
Osteocephalus verruciger,2190
Osteoglossum bicirrhosum,102000
Osteoglossum ferreirai,200
Osteopilus septentrionalis,33100
Ostorhinchus angustatus,10400
Oxybelis aeneus,25200
Oxybelis fulgidus,49600
Oxybelis wilsoni,1700
Oxycheilinus lineatus,82
Oxycheilinus orientalis,7250
Oxycheilinus unifasciatus,6690
Oxyepoecus bruchi,781
Oxyepoecus daguerrei,1020
Oxyepoecus inquilinus,953
Ozeaneum Stralsund,169000
Ozopactus,20900
Ozotoceros bezoarticus,220
Ozotoceros bezoarticus arerunguaensis,2400
Ozotoceros bezoarticus celer,2960
Ozotoceros bezoarticus uruguayensis,2000
PS General Slocum,810000
Pa'l Norte,883000
Pa'l Norte 2012,47500
Pa'l Norte 2014,49900
Pa'l Norte 2016,173000
Pa'l Norte 2021,97600
Pa'l Norte 2022,114000
Pa'l Norte 2024,238000
Pa'l Norte 2025,323000
Pabellón criollo,1090000
Pablo Antonio Vega Mantilla,424000
Pablo Ervin Schmitz Simon,58
Pablo Routin,46300
Pablo Sciuto,101
Pablo de Alvarado y Bonilla,2550000
Paccaritambo,39700
Paccha (ciudad),495000
Pachacuti (mitología inca),141
Pachacámac,512000
Pachamama,7310000
Pachamanca,123
Pachapaqui,31200
Pachay,563000
Paches era,83200
Pachycymbiola brasiliana,2530
Pachygonidia odile,375
Pachypops fourcroi,1600
Pachypops trifilis,702
Pachyptila belcheri,170
Pachyptila crassirostris,11900
Pacto de Cañuelas,86
Pacto de Tregua entre Bolivia y Chile de 1884,132
Pacucha,174000
Padcaya,245000
Padilla (Bolivia),17900000
Padre Las Casas (República Dominicana),14800000
Pagodroma nivea,17500
Pagophilus groenlandicus,197
Pagrus major,87
Pagrus pagrus,213
Paiguás,6670
Pailón del Diablo,226000
Paimpol,2160000
Paisaje protegido Laguna de Castillos,113
Paisaje protegido Localidad Rupestre de Chamangá,93
Paisaje protegido Paso Centurión y Sierra de Ríos,113
Paisaje protegido Quebrada de los Cuervos y Sierras del Yerbal,133
Paisaje protegido Valle del Lunarejo,5460
Paititi,545000
Pajas Blancas (Montevideo),380000
Palacio de la Magdalena (Lima),669000
Palacio de los Capitanes Generales (Guatemala),166
Palacios (cerro),37800000
Palaeochersis talampayensis,3630
Palaeolama,25200
Palanda,8870000
Palatogobius paradoxus,3760
Palca (La Paz),421000
Palcamayo,73900
Palencia (Guatemala),8020000
Palenque (Ecuador),123
Palenque (Venezuela),47
Paleosuchus palpebrosus,128000
Paleosuchus trigonatus,59100
Palermo (Montevideo),9810000
Palestina (Ecuador),31100000
Palestina (Guatemala),36700000
Palestina de Los Altos,134
Palm Bay (Florida),282000000
Palm Coast,380000000
Palma Loma,7210000
Palmar (Uruguay),1970000
Palmar de las Islas y Salinas de San José,111000
Palmarejo,488000
Palmares de la Coronilla,47600
Palmarito (Maracay),83600
Palmarito (Mérida),119000
Palmas Bellas,78
Palmira (Cuba),2510000
Palmira (Venezuela),120
Palmira (parroquia),89
Palmitas (Uruguay),111
Palo Seco (Venezuela),16400000
Palo Solo,195000000
Palo de Letras,144
Palo de Mayo,58500000
Paloma (localidad),94
Palomo (música mexicana),333000
Palos Blancos (Bolivia),134
Palín (municipio),140
Pamir (velero),5210
Pampa (geobotánica),1580
Pampa curvipennis,6330
Pampa de Achala,214
Pampa de Gastre,115
Pampa de Higos Urco,2630
Pampa de Olaen,25200
Pampa de Tate,591000
Pampa pampa,63800000
Pampa rufa,139
Pampamarca (Aymares),24300
Pampas,137
Pampash,22400
Pampero,2460000
Pamplona (comida),96
Pampushky,59100
Pan bon,122
Pan con helado,123
Pan con pejerrey,123
Pan de Azúcar (ciudad),43500000
Pan de Guajaibón,11200
Pan de Pascua,124
Pan de agua,198
Pan de muerto,200
Pan de tres puntas,16600000
Pan de ánimas,126000000
Pan sobao,198
Panabaj,28500
Panaquire,74
Panchimalco (El Salvador),137
Panchlora azteca,983
Panchlora cahita,432
Panchlora cribrosa,347
Panchlora festae,292
Panchlora irrorata,659
Panchlora lancadon,165
Panchlora latipennis,81
Panchlora mexicana,1940
Panchlora minor,2740
Panchlora montezuma,266
Panchlora nigricornis,808
Panchlora nigriventris,328
Panchlora nivea,14600
Panchlora tolteca,418
Panchlora zendala,189
Pancho Sierra,9490000
Pandemia de COVID-19 en Amazonas (Brasil),2920000
Pandero jarocho,17900
Pandeyuca,125
Pandolce,240000
Panela,219
Panesthia angustipennis,126
Panopea globosa,185
Panqueques,7390000
Panquitas de life,2940
Pantaleón y las visitadoras (película de 1975),4810
Pantaleón y las visitadoras (película de 1999),114
Pantanal,121
Pantanal (telenovela),113
Pantanal boliviano,124
Pantanal paraguayo,131000
Pantanos de Huanchaco,9050
Pantasma,317000
Panthera onca,149
Panthera onca arizonensis,127
Panthera onca augusta,15800
Panthera onca centralis,8640
Panthera onca georgica,49400
Panthera onca goldmani,9150
Panthera onca hernandesii,25900
Panthera onca mesembrina,8490
Panthera onca onca,4310000
Panthera onca palustris,25300
Panthera onca peruviana,13900
Panthera onca veraecruscis,1990
Pantomallus martinezi,336
Panzaje,50
Papa a la huancaína,819000
Papa rellena,34200000
Papallacta,845000
Papel Pampa,11600000
Papilio astyalus,3810
Papilio homothoas,769
Papiliolebias hatinne,570
Papá Doble,250000000
Papá Roncón,16500
Paquisha,128
Paquisha (cantón),250000
Paquita la del Barrio,6080000
Parabothus coarctatus,716
Paracanthurus hepatus,115000
Paracas,7310000
Paracentropyge multifasciata,192
Paracentrotus lividus,203000
Paracetopsis atahualpa,441
Parachaetodon ocellatus,4310
Paracheilinus walton,490
Parachelifer persimilis,269
Parachelifer scabriculus,486
Parachernes darwiniensis darwiniensis,469
Parachernes darwiniensis maculosus,364
Parachernes pulchellus,282
Paracotos,171000
Parada Cabrera,4610000
Parador Tajes,197000
Paraguachí,127000
Paraguarí,1790000
Paraguay Marathon Club,125
Parahormetica cicatricosa,514
Parajubaea torallyi,13000
Parallé,979000
Paralonchurus goodei,1850
Paralonchurus rathbuni,856
Paraloricaria agastor,752
Paraloricaria vetula,1360
Paralouatta,20200
Paralouatta marianae,946
Paralouatta varonai,111
Paralticus amboinensis,907
Paraluteres prionurus,12200
Paramakatoi,73100
Paramomitrion paradoxum,102
Parancistrus nudiventris,2160
Paranisopodus araguaensis,3
Paranisopodus hovorei,407
Paranisopodus peruanus,273
Paranisopodus thalassinus,159
Paraphrynus aztecus,491
Paraphrynus carolynae,104
Paraphrynus chacmool,338
Paraphrynus mexicanus,1610
Paraphrynus williamsi,455
Parastagmatoptera flavoguttata,87
Paravaejovis spinigerus,7900
Parawithius monoplacophorus,7
Paraíso (República Dominicana),139
Paraíso de Chabasquén,13300
Paraíso de Osorio,2860000
Pareques fuscovittatus,870
Pareques perissa,33900
Parevander xanthomelas,1190
Pariacaca (dios),20500
Pariamarca,104
Parika,1360000
Parque Cuscatlán,615000
Parque Don Quijote,76
Parque Ecológico La Poma,82
Parque El Renacimiento,112
Parque España (Tegucigalpa),9770000
Parque Franklin Delano Roosevelt,140
Parque Guasú Metropolitano,62100
Parque Independencia (República Dominicana),55000000
Parque Jaime Duque,146
Parque José Enrique Rodó,144
Parque José Martí (Holguín),143000
Parque Julio Grave de Peralta,543000
Parque Lenin,134
Parque Lineal Itaipú,81500
Parque Metropolitano Biblioteca El Tintal,7320
Parque Metropolitano Cayetano Cañizares,4610
Parque Metropolitano El Country,580000
Parque Metropolitano El Recreo,175000
Parque Metropolitano San Cristóbal,1520000
Parque Metropolitano Timiza,110
Parque Metropolitano de Arocagua,7670
Parque Mirador de los Nevados,804000
Parque Monumento Nacional Bariay,14100
Parque Municipal Fila De La Guacamaya,9630
Parque Municipal Summit,1790000
Parque Nacional Aarón de Anchorena,149
Parque Nacional Laguna Negra,3500000
Parque Nacional Pico Cristal,1920000
Parque Nacional Volcán Irazú,241000
Parque Primero de Mayo,66600000
Parque Recreativo Omar Torrijos,139
Parque RecreoDeportivo El Salitre,20300
Parque Regional Botánico del Cantón Sucúa,94
Parque Rodó,3980000
Parque Rubén Bravo,71
Parque Saburo Hirao,32200
Parque Salus,412000
Parque Samanes,906000
Parque San Andrés,113
Parque Santander (Bogotá),16600000
Parque Sauzalito,58500
Parque Sierra San Javier,13300000
Parque Simón Bolívar (Andes),658000
Parque Tercer Milenio,126
Parque Valle del Sol,60700000
Parque Zoológico Nacional (República Dominicana),162
Parque Zoológico Nacional de El Salvador,169
Parque arqueológico Piedra Pintada,74100
Parque de la 93,86800000
Parque de la Fraternidad Americana,195000
Parque de la Independencia (Bogotá),145
Parque de la Marimba,12400000
Parque de la Paz (Nagasaki),490000
Parque de la Vida,501000000
Parque de las Leyendas,128
Parque de los Periodistas,12700000
Parque de los Tiempos,350000000
Parque de recreación Cuevas del Indio,28800
Parque del Bicentenario,149
Parque del Café,87400000
Parque del Chicó,135000000
Parque del Plata,135000000
Parque ecológico El Boquerón,218000
Parque ecológico Kurt Beer,22100
Parque ecológico San Lorenzo,123
Parque estatal Nickerson,7360
Parque eólico Paraguaná,5020
Parque eólico de Gibara,109
Parque histórico natural Vuelta de Obligado,2390000
Parque internacional La Amistad,24300000
Parque marino Francisco Coloane,128
Parque marino Motu Motiro Hiva,2110
Parque marino de la Gran Barrera de Coral,573000
Parque metropolitano Bosque de San Carlos,101
Parque metropolitano El Lago,5060000
Parque metropolitano El Tunal,52800
Parque metropolitano La Florida,628000
Parque metropolitano Laguna de Guaranao,676
Parque metropolitano de La Habana,119
Parque nacional Acadia,456000
Parque nacional Aguaro-Guariquito,185
Parque nacional Alejandro de Humboldt,663000
Parque nacional Altos de Campana,2270000
Parque nacional Amboró,111000
Parque nacional Ansenuza,153000
Parque nacional Antisana,227000
Parque nacional Archipiélago de Los Roques,153000
Parque nacional Arequita,40600
Parque nacional Arrecife de Puerto Morelos,224000
Parque nacional Arrecifes de Cozumel,299000
Parque nacional Barbilla,151
Parque nacional Baritú,19500
Parque nacional Braulio Carrillo,541000
Parque nacional Caazapá,151000
Parque nacional Cabo Polonio,346000
Parque nacional Caguanes,11800
Parque nacional Cahuita,459000
Parque nacional Cajas,175
Parque nacional Calilegua,160
Parque nacional Camino de Cruces,4880000
Parque nacional Campos del Tuyú,55700
Parque nacional Canaima,183
Parque nacional Cape Breton Highlands,16400
Parque nacional Capiro y Calentura,153
Parque nacional Carrasco,6040000
Parque nacional Caura,38600
Parque nacional Cayambe-Coca,179
Parque nacional Celaque,164
Parque nacional Cerro Azul,37000000
Parque nacional Cerro Azul Meámbar,13800
Parque nacional Cerro Corá,273000
Parque nacional Cerro El Copey-Jóvito Villalba,2630
Parque nacional Cerro Hoya,427000
Parque nacional Cerro Saroche,9190
Parque nacional Cerro Yapacana,5780
Parque nacional Chaco,7510000
Parque nacional Chagres,230000
Parque nacional Chirripó,194
Parque nacional Chorro El Indio,283000
Parque nacional Ciervo de los Pantanos,163000
Parque nacional Ciénaga de Lanier,1720
Parque nacional Ciénagas del Catatumbo,11000
Parque nacional Coiba,325000
Parque nacional Copo,7630000
Parque nacional Cordillera Azul,17800000
Parque nacional Cotacachi-Cayapas,88900
Parque nacional Cotopaxi,1650000
Parque nacional Cueva de la Quebrada del Toro,268000
Parque nacional Cueva de las Maravillas,152
Parque nacional Cusuco,182
Parque nacional Darién,629000
Parque nacional Defensores del Chaco,431000
Parque nacional Delta del Orinoco-Mariusa,162
Parque nacional Desembarco del Granma,23700
Parque nacional Dinira,25300
Parque nacional Dr. José Gregorio Hernández,881000
Parque nacional Duida-Marahuaca,3150
Parque nacional El Boquerón,184
Parque nacional El Guache,220000
Parque nacional El Guácharo,31800
Parque nacional El Imposible,19000000
Parque nacional El Palmar,3320000
Parque nacional El Rey,179
Parque nacional El Rosario,152
Parque nacional El Tamá,169
Parque nacional El Ávila,189
Parque nacional Enrique Olaya Herrera,506000
Parque nacional Estero Milagro,79
Parque nacional Esteros de Farrapos e Islas del Río Uruguay,139
Parque nacional Forillon,11700
Parque nacional Galápagos,2740000
Parque nacional General Juan Pablo Peñaloza,403000
Parque nacional General de División Omar Torrijos Herrera,172
Parque nacional Gros Morne,31600
Parque nacional Grupo Tortuga,5610000
Parque nacional Grutas de Lanquín,6920
Parque nacional Guaramacal,14900
Parque nacional Guatopo,171
Parque nacional Henri Pittier,300000
Parque nacional Ichigkat Muja-Cordillera del Cóndor,101
Parque nacional Isla Bastimentos,96600
Parque nacional Isla Contoy,112000
Parque nacional Isla Gloucester,26900
Parque nacional Isla Repulse,5680
Parque nacional Isla del Coco,174
Parque nacional Isla del Príncipe Eduardo,156
Parque nacional Isla e islote de Lobos y su entorno sumergido,144
Parque nacional Islas Lindeman,11900
Parque nacional Islas Molle,220000
Parque nacional Islas Whitsunday,152
Parque nacional Islas de Santa Fe,6920000
Parque nacional Jaragua,801000
Parque nacional Jaua-Sarisariñama,5100
Parque nacional Jeannette Kawas,29000
Parque nacional José Armando Bermúdez,814000
Parque nacional José del Carmen Ramírez,3290000
Parque nacional Juan Castro Blanco,10700000
Parque nacional Juan Crisóstomo Falcón,21700
Parque nacional Kaieteur,18900
Parque nacional Kouchibouguac,163
Parque nacional La Cangreja,170
Parque nacional La Güira,395000
Parque nacional La Mensura-Pilotos,24500
Parque nacional La Muralla,135
Parque nacional La Tigra,185
Parque nacional Lago Puelo,610000
Parque nacional Laguna Blanca,13600000
Parque nacional Laguna Lachuá,32600
Parque nacional Laguna de La Restinga,273000
Parque nacional Laguna de Tacarigua,25400
Parque nacional Laguna del Tigre,2310000
Parque nacional Lanín,162
Parque nacional Las Victorias,2450000
Parque nacional Llanganates,156000
Parque nacional Los Aposentos,408000
Parque nacional Los Haitises,348000
Parque nacional Los Médanos de Coro,140000
Parque nacional Los Quetzales,672000
Parque nacional Los Volcanes,184
Parque nacional Macarao,180
Parque nacional Machalilla,312000
Parque nacional Madidi,179
Parque nacional Mariusa,6990
Parque nacional Mburucuyá,76700
Parque nacional Mochima,362000
Parque nacional Montaña Negra,6440000
Parque nacional Montaña Santa Bárbara,161
Parque nacional Montaña de Comayagua,337000
Parque nacional Montaña de Yoro,117000
Parque nacional Monte Cristi,177
Parque nacional Monte León,11300000
Parque nacional Montecristo,542000
Parque nacional Montecristo Trifinio,22600
Parque nacional Morrocoy,806000
Parque nacional Médanos del Chaco,164
Parque nacional Naciones Unidas,8580000
Parque nacional Nahuel Huapi,1270000
Parque nacional Nalga de Maco,6110
Parque nacional Noel Kempff Mercado,148000
Parque nacional Otishi,16300
Parque nacional Palo Verde,159
Parque nacional Parima-Tapirapeco,3330
Parque nacional Patuca,60000
Parque nacional Península de Paria,186
Parque nacional Pico Bonito,7880000
Parque nacional Pico Pijol,149
Parque nacional Pico de Potrerillo,8630
Parque nacional Piedras Blancas,4240000
Parque nacional Podocarpus,511000
Parque nacional Port Royal,2800000
Parque nacional Portobelo,790000
Parque nacional Pre-Delta,163
Parque nacional Punta Izopo,153
Parque nacional Quebrada del Condorito,113000
Parque nacional Rincón de la Vieja,179
Parque nacional Riscos de Momostenango,131
Parque nacional Río Negro-Sopladora,15000
Parque nacional Río Pilcomayo,273000
Parque nacional Río Viejo-San Camilo,1100000
Parque nacional Sajama,180
Parque nacional San Diego y San Felipe de las Barras,132
Parque nacional San Esteban,187
Parque nacional San José la Colonia,7030000
Parque nacional San Miguel,70200000
Parque nacional San Rafael,40000000
Parque nacional Sangay,253000
Parque nacional Santa Fe,76700000
Parque nacional Santos Luzardo,184
Parque nacional Saslaya,125
Parque nacional Serranía La Neblina,35600
Parque nacional Sierra Martín García,3630000
Parque nacional Sierra Nevada (Venezuela),189
Parque nacional Sierra de Bahoruco,92900
Parque nacional Sierra de La Culata,181
Parque nacional Sierra de Perijá,178
Parque nacional Sipacate-Naranjo,162
Parque nacional Snowdonia,99700
Parque nacional Soberanía,6350000
Parque nacional Sumaco Napo-Galeras,167
Parque nacional Tapantí,50900
Parque nacional Tapo-Caparo,4480
Parque nacional Teniente Agripino Enciso,3370
Parque nacional Terepaima,37900
Parque nacional Tierra del Fuego,186
Parque nacional Tikal,178
Parque nacional Tinfunqué,1590
Parque nacional Tingo María,186
Parque nacional Tirgua,158
Parque nacional Toro Toro,20600000
Parque nacional Tortuguero,827000
Parque nacional de Isla Grande,179
Parque nacional de Santa Teresa,17000000
Parque nacional de Valle Nuevo,81900000
Parque nacional de la Chapada de los Guimarães,150
Parque nacional de la Costa de Pembrokeshire,29500
Parque nacional de la Cultura Agropecuaria,3610000
Parque nacional de la Sierra de Agalta,12400
Parque nacional del Este,187
Parque nacional del Manu,11600000
Parque nacional del Monte Roraima,1250000
Parque nacional del Pantanal Matogrossense,172
Parque nacional del Río Abiseo,143
Parque nacional lago Enriquillo e isla Cabritos,6340
Parque nacional marino Golfo de Chiriquí,30400
Parque nacional natural Sierra Nevada de Santa Marta,896000
Parque nacional submarino La Caleta,172
Parque nacional y área natural de manejo integrado Kaa Iya del Gran Chaco,162
Parque nacional y área natural de manejo integrado Otuquis,11600
Parque nacional Ñacunday,20500
Parque natural Bahía de Naranjo,615000
Parque natural Chicaque,84600
Parque natural Laguna de Gómez,5250000
Parque natural Montaña de los Pozuelos,101000
Parque natural de Pucallpa,132
Parque natural metropolitano,11800000
Parque natural municipal Ribera Norte,2460000
Parque natural regional Santurbán Mutiscua-Pamplona,1830
Parque natural regional cerro páramo de Miraflores,119
Parque provincial Cruce Caballero,340000
Parque provincial Cumbres Calchaquíes,93
Parque provincial Isla Caraguatay,87
Parque provincial Loro Hablador,100
Parque provincial Los Ñuñorcos,832
Parque provincial Pampa del Indio,236000
Parque provincial Piñalito,6480
Parque provincial Teyú Cuaré,6630
Parque provincial Urugua-í,22300
Parque provincial de la Araucaria,40600
Parque provincial del Moconá,124
Parque regional Lomas de Arena,144
Parque regional municipal Actún Kan,2250
Parque temático Bosque Macuto,9580
Parque urbano El Virrey,1050000
Parque y reserva natural Chancaní,14500
Parque zoológico Loefling,5780
Parque zoológico de Santiago de Cuba,155
Parque zoológico metropolitano del Zulia,9130
Parque Ñu Guasu,174000
Parques de Ciudad Guayana,902000
Parques nacionales de Costa Rica,155
Parques nacionales de Cuba,8760000
Parques nacionales de Guatemala,8030000
Parrillada,17300000
Parroquia 5 de Julio,16800000
Parroquia Abdón Calderón,274000
Parroquia Almirante Luis Brión,5950
Parroquia Atahualpa (Santa Elena),119
Parroquia Ayacucho,631000
Parroquia Baruta,374000
Parroquia Bolívar,69
Parroquia Caucagüita,71
Parroquia Chicaña (Zamora Chinchipe),25200
Parroquia Cumbaratza (Zamora Chinchipe),34300
Parroquia Dalla Costa (Sifontes),157
Parroquia El Cafetal,84
Parroquia El Porvenir,1360000
Parroquia Fernández Salvador,2370000
Parroquia Fila de Mariches,8020
Parroquia Francisco Aniceto Lugo,26200
Parroquia García Moreno,3210000
Parroquia Guadalupe (Zamora Chinchipe),77
Parroquia Huertas,2850000
Parroquia Ikabarú,3330
Parroquia Imataca,9090
Parroquia Imbana (Zamora Chinchipe),92
Parroquia Jesús María (Ecuador),96
Parroquia José Vidal Marcano,64
Parroquia Juan Bautista Arismendi,31300
Parroquia Juan Millán,272000
Parroquia La Dolorita,25100
Parroquia La Palmita (Municipio Panamericano),3830
Parroquia Las Minas,5060000
Parroquia Leonardo Ruiz Pineda,58
Parroquia Leoncio Martínez,82
Parroquia Letamendi,56700
Parroquia Los Encuentros (Zamora Chinchipe),79000
Parroquia Luis Beltrán Prieto Figueroa,80200
Parroquia Malvas,94100
Parroquia Manuel Piar,63600
Parroquia Manuel Renaud,6840
Parroquia Mariscal Antonio José de Sucre,179000
Parroquia Monseñor Argimiro García,10300
Parroquia Monte Olivo,157000
Parroquia Nueve de Octubre,4380000
Parroquia Olmedo,674000
Parroquia Pablo Arenas,280000
Parroquia Padre Barral,579000
Parroquia Pascuales,262000
Parroquia Pedro Carbo,275000
Parroquia Roca,6350000
Parroquia Rocafuerte,336000
Parroquia Rómulo Gallegos (Delta Amacuro),15800
Parroquia Sabanilla (Zamora Chinchipe),94
Parroquia San Carlos (Zamora Chinchipe),188000
Parroquia San Isidro (Bolívar),287000
Parroquia San José (Delta Amacuro),109
Parroquia San José del Sur,6930000
Parroquia San Juan (Chimborazo),108
Parroquia San Luis (Chimborazo),105
Parroquia San Rafael (Delta Amacuro),92
Parroquia Santa Elena de Uairén,18400
Parroquia Santos de Abelgas,2780
Parroquia Simón Bolívar,2760000
Parroquia Sucre (Guayaquil),508000
Parroquia Tarqui,371000
Parroquia Taura (Ecuador),41900
Parroquia Timbara (Zamora Chinchipe),24800
Parroquia Tutupali (Zamora Chinchipe),15300
Parroquia Urbana Candelaria,137000
Parroquia Urbana El Socorro,470000
Parroquia Urdaneta,929000
Parroquia Vergel (Zamora Chinchipe),25900
Parroquia Virgen del Valle,4820000
Parroquia Ximena,526000
Partido de San Nicolás (Cuba),2850000
Partido de los Transportistas,90500000
Partula gibba,2470
Paruima,55400
Paruwrobates andinus,89
Paso Campamento,83
Paso Canoas,10600000
Paso Carrasco,25100000
Paso Cementerio,33800000
Paso El Caballo,218000000
Paso Espinosa,47
Paso Farías,19200000
Paso Hospital,674000000
Paso Palomeque,558000
Paso Portezuelo del Cajón,39800
Paso Santa María,546000000
Paso Yobái,149000
Paso de Calais,1870000
Paso de Pache,1240000
Paso de Porculla,80
Paso de San Francisco,411000000
Paso de San Luis,357000000
Paso de la Cadena,286000000
Paso de los Mellizos,4270000
Paso de los Novillos,670000
Paso de los Vientos,119
Paso del Cerro,121000000
Paso del Noroeste,117
Paso del Parque del Daymán,67800
Paso huanquilla,3500
Pasochoa,267000
Passalus interruptus,1760
Passiflora triloba,55400
Pastafrola,1720000
Paste,700000000
Pastel de choclo,15800000
Pastel de lengua de buey,61000
Pastel de papa,124
Pasteles,201
Pastelitos criollos,125
Pastinachus sephen,15800
Pastor chiribaya,114000
Pastores (Sacatepéquez),195000
Patacamaya,134
Patacón (gastronomía),6990000
Patagioenas araucana,186
Patagioenas goodsoni,8390
Patagioenas oenops,4900
Patagotitan mayorum,102000
Patalene humerata,128
Patarashca,121
Patas de pollo,133
Patasca,432000
Patascoy,26600
Patay,76
Pateando al Perro,93
Pateobatis fai,52
Pati,153000000
Patia cordillera,48100
Patia rhetes,466
Patiria chilensis,65
Patricio Jiménez,129
Patrick Watkins,27300000
Patrocinio Díaz,70
Patzún,309000
Paucará (Huancavelica),120
Paul Tibbets,139
Pauxi koepckeae,114
Pauxi pauxi,106000
Pavipollo,72900
Pavonia sepium,26000
Pawkar Raymi,125
Paxám,253000
Payada,267000
Payo Solá,122
Payoa,30600
Paz Martínez,78000000
Paz del Chaco,20500000
Paz sin fronteras,37900000
Peabody (Massachusetts),134
Peace in the Valley,119
Pebanista yacuruna,4420
Pecio ZenCity,1390
Pecten (animal),593000
Pecten maximus,426000
Pedaliodes roraimae,327
Pedro Arnal de Castro,414000
Pedro Betancourt (Cuba),122
Pedro Brand,146000000
Pedro Carbo (ciudad),1500000
Pedro Cresta,1870000
Pedro Cunill Grau,96100
Pelagia noctiluca,373000
Pelagodroma marina,33200
Pelecanoides garnotii,33000
Pelecanoides georgicus,62
Pelecanus erythrorhynchos,189000
Pelecanus occidentalis urinator,7290
Pelecanus thagus,35300
Pelechuco (municipio),98
Pellona flavipinnis,6170
Pellón sampedrano,1500
Pelochrista notocelioides,251
Peltodoris atromaculata,16000
Peltophryne empusa,1190
Peltophryne florentinoi,974
Peltophryne fluviatica,614
Peltophryne fustiger,1230
Peltophryne gundlachi,131
Peltophryne peltocephala,2230
Peltophryne taladai,975
Pendleton,208
Penelope albipennis,123
Penelope barbata,25300
Penelope bridgesi,10600
Penelope jacquacu,113
Penelope obscura,395000
Penelope superciliaris,116
Penicula advena,18500
Penobscot (Maine),2950000
Pentaclethra macroloba,129000
Pentherichthys atratus,397
Península Llao Llao,242000
Península Valdés,2460000
Península Valiente,63
Península de Araya,136
Península de Azuero,176000
Península de Burica,35900
Península de Challapata,6980
Península de Cosigüina,15900
Península de Fairpoint,328000
Península de Florida,9130000
Península de Guanahacabibes,30700
Península de Jutlandia,167
Península de La Guajira,606000
Península de La Punta,17500000
Península de Macanao,181
Península de Nicoya,413000
Península de Osa,884000
Península de Papagayo,145
Península de Paracas,344000
Península de Paraguaná,370000
Península de Paria,397000
Península de Samaná,144
Península de San Carlos,14700000
Península de Santa Elena,3920000
Península de Santa Elena (Santa Elena),7490000
Península de Wirral,606000
Península de Yampupata,2570
Península de Zapata,1500000
Península del Ferrol,120
Península escandinava,430000
Península gaspesiana,1960
Pepe Aguilar,24400000
Pepe Cáceres,2110000
Pepe Vásquez,1320000
Peperomia alata,59200
Peperomia dolabriformis,11400
Pepillo Salcedo,186000
Pepsis mexicana,106
Pequeño Belt,97
Peraglyphis eida,47
Peralta (República Dominicana),132
Percichthys hondoensis,193
Percichthys laevis,1290
Percichthys melanops,2230
Percnostola arenarum,104
Percy Jackson y el mar de los monstruos,151
Perené (Perú),360000
Pereskia zinniiflora,1290
Perezia magellanica,69
Perico (Cuba),1500000
Pericycos philippinensis,433
Perissocephalus tricolor,11000
Perissolestes magdalenae,637
Peristedion,29400
Peropteryx kappleri,6810
Peropteryx leucoptera,122
Peropteryx macrotis,22500
Peropteryx trinitatis,2810
Perque,1430000
Perquín,137
Perro Pampa Argentino,4820000
Perro cimarrón uruguayo,133
Perro de La Pastora,59
Perro negro (fantasma),13400000
Perro pila argentino,202
Perro polar argentino,657000
Perro sin pelo del Perú,33700000
Perro yagán,8790
Perros en el folclore y la mitología mesoamericanos,47600
Perros-Guirec,1930000
Perrovaca,95
Perrunichthys perruno,2310
Perseverano,68400
Perth Amboy,207
Peruphasma schultei,32600
Perú Cola,110
Perú Negro,202000000
Pescado a la veracruzana,123
Pescado pango,19100
Pesé,2350000
Peta Robles Izquierdo,9820
Petaquilla,53000
Petatán,50300
Petencito (Centro de Educación Ambiental y Vida Silvestre),1110
Petilipinnis grunniens,752
Petracola,9730
Petromyzon marinus,302000
Petrona C. de Gandulfo,198
Petropávlovsk-Kamchatski,29900
Pettirossi (Asunción),782000
Petunia patagonica,137000
Petén (ecosistema),391000
Peña Colorada,126
Peña el Hombre,98
Peñaherrera (Cotacachi),105000
Peñate,98
Peñón Blanco (Aragua),31500
Peñón de Cayaguanca,13300
Peñón de Entrerríos,666000
Peñón de Gabante,3540
Peñón de las Guacas,90300
Phacellodomus dorsalis,7380
Phaea andrewsi,27600000
Phaea aurantia,30300
Phaea bryani,1240000
Phaea carnelia,4560000
Phaea chemsaki,479
Phaea copei,14900
Phaea elegantula,12100
Phaea erinae,472
Phaea eyai,269000000
Phaea haleyae,4320
Phaea hatsueae,141000
Phaea hirsuticollis,306
Phaea howdenorum,153000000
Phaea johni,5300
Phaea juanitae,3280000
Phaea kaitlinae,252
Phaea laurieae,8550000
Phaea lingafelteri,466
Phaea maccartyi,9390000
Phaea mariae,245000000
Phaea marthae,225000
Phaea maxima,6300
Phaea mehli,2450000
Phaea nigromaculata,11100
Phaea noguerai,250000
Phaea paralella,4150000
Phaea phthisica,515
Phaea quadrimaculata,16100
Phaea rufiventris,15600
Phaea sharonae,1300
Phaea sherylae,304
Phaea signaticornis,1220
Phaea tavakiliani,166
Phaea tenuata,2500000
Phaea turnbowi,185
Phaea vitticollis,2960000
Phaea wappesi,112000000
Phaecasiophora obraztsovi,478
Phaecasiophora roseana,539
Phaeochroa cuvierii,15700
Phaethon lepturus,82600
Phaethornis aethopygus,1310
Phaethornis augusti,4840
Phaethornis koepckeae,6590
Phaethornis striigularis,114
Phainoptila melanoxantha,5090
Phalacrocorax brasilianus,129000
Phalacrocorax harrisi,25000
Phalacrocorax magellanicus,65600
Phalacrocorax neglectus,89
Phalacrocorax penicillatus,113000
Phalacrocorax perspicillatus,39900
Phallusia fumigata,8520
Phallusia mammillata,18200
Phalonidia acrota,298
Phalonidia alassosaccula,312
Phalonidia albicaput,268
Phalonidia argyraspis,130
Phalonidia baccatana,102
Phalonidia bassii,275
Phalonidia charagmophora,338
Phalonidia chlorolitha,257
Phalonidia cholovalva,170
Phalonidia claudia,287
Phalonidia diamphidia,232
Phalonidia diaphona,275
Phalonidia dotica,10500
Phalonidia ecuadorensis,189
Phalonidia electra,323
Phalonidia embaphion,169
Phalonidia fariasana,114
Phalonidia hapalobursa,375
Phalonidia haplidia,113
Phalonidia holgina,52
Phalonidia karsholti,339
Phalonidia kathetospina,430
Phalonidia lacistovalva,282
Phalonidia lochites,166
Phalonidia loipa,186
Phalonidia lojana,179
Phalonidia mayarina,52
Phalonidia mesomerista,106
Phalonidia nonaxyra,243
Phalonidia ochracea,820
Phalonidia olivogrisea,54
Phalonidia parapellax,424
Phalonidia parvana,167
Phalonidia praemorsa,267
Phalonidia remissa,5100
Phalonidia rufoatra,223
Phalonidia sarovalva,220
Phalonidia scolopis,122
Phalonidia synucha,0
Phalonidia thryptica,291
Phalonidia walkerana,224
Phanaeus lecourti,285
Phanaeus splendidulus,1100
Pharaxonotha esperanzae,533
Pharomachrus pavoninus,21200
Phegornis mitchellii,18100
Pheidole acutidens,775
Pheidole argentina,28000
Pheidole symbiotica,499
Pheidonocarpa,30700
Phellinocis erwini,406
Phelpsiella,18600
Phenacorhamdia nigrolineata,917
Pheugopedius eisenmanni,3490
Pheugopedius schulenbergi,3710
Phidippus adonis,2280
Phidippus arizonensis,7090
Phidippus asotus,62
Phidippus californicus,5140
Phidippus carneus,144
Phidippus carolinensis,12000
Phidippus johnsoni,18900
Phidippus octopunctatus,4440
Philander andersoni,8930
Philander canus,18700
Philander deltae,1230
Philander mcilhennyi,78
Philander opossum,48100
Philander quica,3370
Philodromus albicans,1610
Philodromus arizonensis,1530
Philodromus cavatus,719
Philodromus chamisis,362
Philodromus coachellae,361
Philodromus cubanus,294
Philodromus infectus,1020
Philodromus jimredneri,672
Philodromus longiductus,401
Philodromus marginellus,1070
Philodromus mexicanus,1240
Philodromus orarius,372
Philodromus pericu,336
Philodromus pratariae,867
Philodromus pratarioides,657
Philodromus psaronius,308
Philodromus pseudanomalus,577
Philodromus separatus,396
Philodryas aestiva,9270
Philodryas olfersii,207
Philodryas trilineata,183
Philus lumawigi,343
Phlebolobium,8040
Phlogophilus harterti,132
Phobetron hipparchia,4000
Phoca largha,351000
Phoca vitulina,465000
Phocarctos hookeri,35100
Phocides yokhara,369
Phocoena dioptrica,165
Phocoena spinipinnis,12800
Phoebastria immutabilis,48100
Phoebastria irrorata,29900
Phoebetria palpebrata,16200
Phoenicircus,38200
Phoenicircus carnifex,4550
Phoenicircus nigricollis,11000
Phoenicoparrus andinus,41300
Phoenicoparrus jamesi,29400
Phoenicopterus chilensis,265000
Phoenicopterus ruber,528000
Phoenicopterus ruber glyphorhynchus,188
Pholas dactylus,84
Phoneutria fera,99
Phoneutria nigriventer,146
Phonipara canora,10600
Phractocephalus yaguaron,707
Phrynonax poecilonotus,14700
Phrynops geoffroanus,17400
Phrynopus,64
Phrynopus bracki,974
Phrynopus tribulosus,733
Phrynus cozumel,406
Phrynus operculatus,908
Phrynus parvulus,1340
Phrynus whitei,4680
Phulia nymphula,973
Phycis phycis,94800
Phyllobates terribilis,134
Phyllobates vittatus,32600
Phyllodactylus lepidopygus,1510
Phyllodactylus paralepis,408
Phyllodactylus transversalis,1570
Phylloderma stenops,16100
Phyllomedusa atelopoides,169000
Phyllomedusa baltea,61
Phyllomedusa bicolor,193000
Phyllomedusa boliviana,8550
Phyllomedusa camba,3580
Phyllomedusa coelestis,5350
Phyllomedusa duellmani,12500
Phyllomedusa ecuatoriana,53900
Phyllomedusa iheringii,9200
Phyllomedusa neildi,3590
Phyllomedusa perinesos,1270
Phyllomedusa sauvagii,36900
Phyllomedusa tarsius,97
Phyllomedusa tetraploidea,2890
Phyllomedusa tomopterna,25300
Phyllomedusa trinitatis,3980
Phyllomedusa vaillantii,7130
Phyllomedusa venusta,7060
Phyllomyias urichi,52
Phyllomyias zeledoni,5600
Phyllonycteris poeyi,3740
Phyllops falcatus,2470
Phylloscartes flaviventris,14100
Phylloscartes flavovirens,3340
Phylloscartes nigrifrons,6950
Phyllotis alisosiensis,350
Phyllotis amicus,1470
Phyllotis anitae,870
Phyllotis bonariensis,7710
Phyllotis pehuenche,715
Phyllotis vaccarum,8120
Phyllovates chlorophaea,2290
Phymaturus antofagastensis,1240
Phymaturus mallimaccii,1110
Phymaturus payuniae,2300
Phymaturus spurcus,980
Physalaemus biligonigerus,6540
Physalaemus gracilis,10300
Physalaemus santafecinus,2180
Physalia physalis,324000
Physalia utriculus,43600
Physalis nicandroides,67
Physeter macrocephalus,268000
Physocyclus dugesi,1020
Phytolacca dioica,314000
Phytotelmatrichis osopaddington,778
Phytotoma raimondii,6010
Piabucina elongata,929
Piano (tambor),195
Piaractus brachypomus,105000
Piaractus mesopotamicus,85700
Picacho La Peña,96
Picacho de la Virgen,147000
Picacho del Diablo,383000
Picada (cocina rioplatense),11200
Picadillo,121
Picaflor tarmeño,115
Picante (guiso),123
Picantería,500000
Picarón,96
Pichanaqui,124
Pichari,133
Picnogónidos de Uruguay,841
Pico Agua Blanca,102000000
Pico Alto Grande,173
Pico Austria,22200000
Pico Bolívar,7450000
Pico Bonpland,42000
Pico Calderas,4280000
Pico Cambural,10100
Pico Campanario,1100000
Pico Cendé,100
Pico Chorote,5490
Pico Coaba,1090000
Pico Cogollal,10400
Pico Cristal,144
Pico Duarte,148
Pico Duri,20000000
Pico El Buitre,1990000
Pico El Cenizo,917000
Pico El Encantado,15400000
Pico El Fraile,1690000
Pico El Gavilán,2180000
Pico El León,124
Pico El Perol,74600
Pico El Púlpito,672000
Pico El Rematadero,11500
Pico El Rosal,413000
Pico El Toldo,2930000
Pico El Toro,126
Pico El Turmal,60
Pico El Zorro,8570000
Pico Espejo,213
Pico Geremba,693
Pico Granate,409000
Pico Guacamaya (Aragua),15900
Pico Guirigay,7910
Pico Humboldt,2760000
Pico Jabón,13900000
Pico La Calleta,11500000
Pico La Concha,23800000
Pico La Florida,17300000
Pico La Mesa,96700000
Pico La Torre,44800000
Pico Las Pailas,50800
Pico Los Nevados,8680000
Pico Malpica,208000
Pico Miranda,11300000
Pico Mucuñuque,175
Pico Naiguatá,213
Pico Ortiz,10300000
Pico Pan de Azúcar (Venezuela),136
Pico Pan de Sal,27900000
Pico Phelps,959000
Pico Piedras Blancas,106
Pico San Juan,60300000
Pico San Pedro,142
Pico Tetari,2100
Pico Turimiquire,3880
Pico Turquino,210000
Pico Vigirima,4040
Pico Zanjón Hondo,22700
Pico da Neblina,2990000
Pico de Cajingo,451
Pico de Horma,49
Pico de La Calavera,768000
Pico de La Puerta,86
Pico de las Siete Lagunas,410000
Pico del Salvaje,13200000
Picoazá,87
Picota (música),992000
Picsi,415000
Picumnus cinnamomeus,29000
Picumnus nigropunctatus,903
Picumnus pumilus,150
Picumnus sclateri,26400
Picumnus spilogaster,8130
Picumnus squamulatus,5550
Picumnus steindachneri,129
Piedemonte argentino,432000
Piedra Alta,170
Piedra Blanca (República Dominicana),11700000
Piedra Pintada (Uruguay),703000
Piedra Sola,93700000
Piedra de Aserrí,125000
Piedra de Huamanga,538000
Piedra del Cocuy,205000
Piedra del Peñol,1180000
Piedra del Toro,27400000
Piedra fundacional de Posadas,139
Piedras Coloradas,705000
Piedras de Afilar (Uruguay),349000
Pierella hyalinus,1360
Pies Descalzos (manga),642000
Piestus chullachaqui,173
Piezorina cinerea,7750
Pifo,2130000
Pila ampullacea,26400
Pilar (Paraguay),31200000
Pilea macrantha,11700
Pilea macrocystolithica,506
Pilea myriantha,3460
Pilea myriophylla,1440
Pilea nerteroides,539
Pilea pittieri,2130
Pilea puracensis,233
Pilea purpurea,58900
Pilea quercifolia,18500
Pilea ramosissima,8580
Pilea rhombifolia,13700
Pilea rojasiana,764
Pilea rugosissima,9510
Pilea salentana,203
Pilea scandens,114000
Pilea skutchii,1830
Pilea subamplexicaulis,5040
Pilea tatamensis,396
Pilea tatei,3950
Pilea tetrapoda,703
Pillán,128
Pilosocereus tweedyanus,935
Pilsen Trujillo,652000
Pilón (Cuba),221
Pimampiro,410000
Pimampiro (parroquia),128000
Pimelodella buckleyi,1650
Pimelodella gracilis,8080
Pimelodella montana,3880
Pimelodella ophthalmica,536
Pimelodella peruensis,1290
Pimelodus albicans,12300
Pimelodus argenteus,14300
Pimelodus atrobrunneus,564
Pimelodus coprophagus,883
Pimelodus maculatus,96
Pimelodus paranaensis,6270
Pimentel (Chiclayo),1670000
Pimentel (República Dominicana),1140000
Pimientos rellenos,13100000
Pimocha,194000
Pinamar (Uruguay),95
Pinar del Río,7360000
Pinaroloxias inornata,129
Pincahuacho,77
Pinchollo,46300
Pini (mitología),419000
Pinna carnea,125
Pinole,3430000
Pinozá (Asunción),147000
Pinquillo,29900
Pintadito,158000
Pintag,128
Pinto (cerro),23800000
Pinzón de Darwin,398000
Pionites leucogaster,33500
Pionites melanocephalus,123
Pionono,4170000
Pionus chalcopterus,202
Pionus fuscus,34900
Pionus maximiliani,52000
Pipa parva,155
Pipanacoctomys aureus,8630
Piper Alpha,123
Piper aduncum,322000
Pipirrana,154000
Pipistrellus subflavus,52100
Pipián (gastronomía),137
Pipraeidea melanonota,194
Pipreola formosa,13900
Pipreola pulchra,10500
Piptochaetium napostaense,3650
Piranga olivacea,200000
Piranga rubriceps,6990
Pirapó (Paraguay),256000
Pirarajá,95900
Piratería en Venezuela,40900000
Piratería en el ámbito Atlántico,148000
Pirayú (Paraguay),383000
Piraí Vaca,144000
Pirekua,107
Piresiella,10500
Piriac-sur-Mer,538000
Piribebuy,140
Piriápolis,150
Piriápolis Fútbol Club,135000
Pirámide de la Serpiente Emplumada,319000
Pirón (comida),56300
Piscina cálida del Pacífico occidental,136
Pisco (aguardiente),1590000
Pisco del Perú,18600000
Pisco sour,11700000
Piscobamba,148000
Piscomantis peruana,239
Pishtaco,121
Pishtako,66500
Pistola Hamada,12700
Pistola Sugiura,2870
Pistola ametralladora Tipo 2,166
Piteado,193
Pithecia aequatorialis,7880
Pithecia hirsuta,8160
Pithecia inusta,1460
Pithecia irrorata,10800
Pithecia isabela,3470
Pithecia milleri,100
Pithecia monachus,28400
Pithecia pithecia,223000
Pithecia vanzolinii,116
Pithecopus azureus,3840
Pithecopus palliatus,1520
Pithys castaneus,113
Pittasoma rufopileatum,2480
Pitumarca,141
Pituophis lineaticollis,63
Pixelatl,122
Pizarro (1851),181000
Pizza en México,266000000
Piñango,623000
Piñas,21200000
Piñata,29400000
Piñera (Uruguay),566000
Piñeyro,1330000
Pk2,3750000
Placa Woodlark,4850
Placa de Cocos,5510000
Placa de Farallón,106
Placa de Galápagos,581000
Placa de Gonâve,4060
Placa de Groenlandia,1100000
Placa de Izanagi,8100
Placa de Juan de Fuca,35600
Placa de Manus,303000
Placa de Maoke,132
Placa de Nazca,1360000
Placa de Panamá,60000000
Placa de Rivera,151
Placa de las Carolinas,109
Placa del Arrecife Balmoral,2580
Placa del Arrecife de Conway,5260
Placa del Explorador,14200000
Placa del Pacífico,8150000
Placa del mar de las Molucas,84
Placa norteamericana,1250000
Placetas,108
Plagiodontes dentatus,608
Plagiodontes multiplicatus,459
Plagiodontes patagonicus,470
Plagiodontes rocae,749
Plagiodontia aedium,175
Plagioscion auratus,2920
Plagioscion montei,1400
Plagioscion squamosissimus,22700
Plagioscion surinamensis,4160
Plagioscion ternetzi,3180
Plagiotremus azaleus,1840
Plan Delta,100
Plan Piloto,54000000
Plan Turquino,108
Plan Z (Japón),40400000
Plan de Guerra Naranja,22400000
Planctolpium arboreum,617
Planos Inclinados Pinares de Mayarí,793
Planta de Níquel René Ramos Latour,151
Planta de tratamiento de aguas residuales de Puchukollo,85
Planta termoeléctrica Josefa Camejo,3420
Plantago moorei,18300
Plantas indeseables en Cuba,59300
Plantas invasoras en Cuba,340000
Plata yvyguy,24700
Plataforma Deltana,99
Plataforma continental de Chile,10400000
Plataforma continental patagónica,135000
Plataforma de la Sonda,9850000
Platalina genovensium,9200
Platanal (Cotuí),16400
Platanichthys platana,4050
Platanitos,182
Platax pinnatus,46400
Plateau Blake,4240000
Platemys platycephala,11500
Platería en el Virreinato del Perú,86
Platonia insignis,199
Platycaulis renifolia,265
Platydoras armatulus,12200
Platydoras costatus,185
Platynota calidana,276
Platynota capella,290
Platynota colobota,280
Platynota helianthes,1820
Platynota obliqua,1460
Platynota offuscata,98
Platynota restitutana,272
Platyrinchus cancrominus,59
Platyrinchus platyrhynchos,176
Platyrrhinus lineatus,14600
Platyspiza crassirostris,149
Platytroctes apus,1480
Playa (La Habana),11800000
Playa Azul (Uruguay),46500000
Playa Bayahíbe,181
Playa Blanca (Guatemala),43400000
Playa Blanca (Holguín),124
Playa Brava (Atlántida),223000
Playa Brava (Maldonado),147
Playa Bávaro,3030000
Playa Caletones,27400
Playa Caribe,61600000
Playa Carrillo,182
Playa Chihuahua,51500000
Playa Colorada,9000000
Playa Conchal,1570000
Playa Corinthia,266000
Playa Daiquirí,1390000
Playa Don Lino,175
Playa Dorada (Guatemala),13800000
Playa Dorada (Puerto Plata),144
Playa El Agua,319000000
Playa El Americano,123
Playa El Amor (Isla de Coche),9880000
Playa El Doradillo,187
Playa El Espino,4100000
Playa El Garrapatero,95800
Playa El Murciélago,1740000
Playa El Yaque,178
Playa Esmeralda,147
Playa Espadilla,279000
Playa Esterillos,329000
Playa Girón,2890000
Playa Grande (Costa Rica),62900000
Playa Grande (Uruguay),42200000
Playa Grande (Venezuela),72900000
Playa Hermosa,102000000
Playa La Balconada,160000
Playa La Colorada,176
Playa La Restinga,806000
Playa La Sirena,18200000
Playa Los Caracas,44500000
Playa Macao,6960000
Playa Maigualida,18700
Playa Malvín,325000
Playa Mansa (Maldonado),566000
Playa Mayabeque,163
Playa Montelimar,175
Playa Montoya,10400000
Playa Morales,38500000
Playa Pajas Blancas,1680000
Playa Parant,32600
Playa Parguito,174000
Playa Pascual,8090000
Playa Penino,47000
Playa Pesquero,155
Playa Pocitos,1270000
Playa Puerto Cruz,78100000
Playa Punta Arenas,188
Playa Punta Yeguas,343000
Playa Ramírez,24200000
Playa Rincón,47900000
Playa Salinas,33700000
Playa San Lorenzo,28700000
Playa Santa Catalina,18500000
Playa Santa Lucía de Cuba,10700000
Playa Shell,22200000
Playa Varadero,5770000
Playa Verde (Maldonado),12000000
Playa Yuraguanal,10400
Playa de Ballenita,201000
Playa de la Agraciada,496000
Playa de los Frailes (Ecuador),139
Playa del Buceo,174
Playa del Gas,85
Playas del Coco,185
Plaza Cultural la Santamaría,986000
Plaza España (Asunción),6970000
Plaza España (Guatemala),71600000
Plaza Gutiérrez (Cotacachi),191000
Plaza Independencia (Asunción),114
Plaza Uruguaya,6170000
Plaza de Caisán,68700
Plaza de Toros de Manizales,421000
Plaza de la Constitución (Ciudad de Guatemala),9380000
Plaza de la Marqueta,91
Plaza de la Revolución (municipio),9440000
Plaza de la Revolución Mayor General Calixto García,92
Plaza de toros César Rincón,853000
Plaza de toros de Santo Domingo,1700000
Plectrochilus diabolicus,380
Plectrohyla acanthodes,1410
Plectrohyla ameibothalame,1150
Plectrohyla arborescandens,1540
Plectrohyla avia,1160
Plectrohyla bistincta,2160
Plectrohyla calthula,952
Plectrohyla calvicollina,594
Plectrohyla cembra,648
Plectrohyla charadricola,988
Plectrohyla chryses,1240
Plectrohyla chrysopleura,1060
Plectrohyla crassa,1890
Plectrohyla cyanomma,719
Plectrohyla cyclada,982
Plectrohyla dasypus,66
Plectrohyla ephemera,582
Plectrohyla exquisita,1500
Plectrohyla glandulosa,998
Plectrohyla guatemalensis,2660
Plectrohyla hartwegi,1640
Plectrohyla hazelae,750
Plectrohyla insolita,780
Plectrohyla ixil,1200
Plectrohyla labedactyla,664
Plectrohyla lacertosa,815
Plectrohyla matudai,1730
Plectrohyla mykter,859
Plectrohyla pachyderma,859
Plectrohyla pentheter,1160
Plectrohyla pokomchi,761
Plectrohyla psarosema,638
Plectrohyla psiloderma,105
Plectrohyla pycnochila,775
Plectrohyla quecchi,105
Plectrohyla robertsorum,971
Plectrohyla sabrina,648
Plectrohyla sagorum,1240
Plectrohyla siopela,652
Plectrohyla tecunumani,814
Plectrohyla teuchestes,787
Plectrohyla thorectes,1100
Plegadis ridgwayi,28500
Plesiobatis daviesi,4990
Plesiotrygon nana,1750
Pleurodema bufoninum,63
Pleurodema cinereum,55
Pleurodema cordobae,63
Pleurodema kriegi,55
Pleurodema nebulosum,82
Pleurodema somuncurense,65
Pleurodema thaul,205
Pleurodema tucumanum,1520
Pleurophora patagonica,909
Pliciloricus dubius,520
Plinthocoelium chilensis,419
Plinthocoelium cobaltinum,504
Plinthocoelium koppei,303
Pliolagostomus,5210
Plobannalec-Lesconil,316000
Ploumanac'h,1010000
Plouër-sur-Rance,406000
Pluchea chingoyo,1730
Plumapathes,14100
Plumeria rubra,201
Pluton (1932),116000
Plutón (1897),31
Pluvianellus socialis,175
Plymouth (Carolina del Norte),103
Plácido Rosas,104
Plátano pícaro,44000
Plátanos rellenos,11800000
Pléneuf-Val-André,849000
Plérin,1600000
Poc chuc,116
Pocasset (Massachusetts),105
Pocho (cocodrilo),15700
Pochuta,76
Pocoata,169000
Poconé,1020000
Poderoso (1755),212000
Podiceps gallardoi,186
Podocarpus oleifolius,17400
Podocnemis erythrocephala,7380
Podocnemis unifilis,212
Poecilostreptus cabanisi,2320
Poecilotriccus luluae,4800
Poecilotriccus russatus,29000
Poesía en voz alta,11300000
Pogona Gym Asuncion,4190
Pogonogaster tristani,840
Pogonotriccus chapmani,121
Pogonotriccus venezuelanus,137
Pogonus luridipennis,1910
Polanco Norte,52
Polanco del Yi,901000
Polar (cerveza),5020000
Polar Ice,193
Polca,2510000
Polenta,20000000
Policarpo Patiño,49
Poligráfico de Holguín José Miró Argenter,1060
Polioptila clementsi,123
Polioptila facilis,1920
Polioptila lembeyei,3270
Pollachius virens,67
Polo (República Dominicana),29300000
Polo (música),512000000
Polo Giménez,151
Polo Petroquímico Dock Sud,203
Polo de inaccesibilidad del Pacífico,219
Polulo,85
Polvorazo (militar),489
Polvorosa (galleta),27000
Polycera marplatensis,594
Polyceridae,57800
Polygala darwiniana,2110
Polylepis besseri,88
Polylepis canoi,77800
Polymita picta,29700
Polymixia nobilis,10600
Polyphida lumawigi,431
Polyphida monticola,397
Polyrhaphis michaeli,482
Polyrhaphis peruana,596
Polígono Central,8320000
Política de los Tres Todos,1030000000
Pomabamba,470000
Pomacanchi,104000
Pomacanthus annularis,34500
Pomacanthus arcuatus,25500
Pomacanthus imperator,248
Pomacanthus navarchus,105
Pomacanthus paru,58300
Pomacanthus semicirculatus,197
Pomacanthus sexstriatus,11700
Pomacanthus xanthometopon,26100
Pomacanthus zonipectus,6790
Pomacea lineata,14400
Pomacea maculata,31800
Pomacea urceus,2530
Pomacochas,96100
Pomadasys incisus,172
Pomadasys panamensis,118
Pomalca,131
Pomatoschistus microps,35700
Pombero,122
Pompano Beach (Florida),25500000
Pompey (Chacas),1350
Ponche de Iquitos,86
Ponche de los libertadores,28900
Poncho Baja,27500000
Poncho al viento,168
Poncho salteño,99300
Poneloya,137
Pongo de Manseriche,194
Pongo de Rentema,7010
Pontoporia blainvillei,49800
Poospiza rufosuperciliaris,2710
Popol Vuh,226
Popoyo,417000
Poptún,449000
Porco,25200000
Porfirio Conde Ramírez,353000
Porfirio Vásquez,100
Pornic,4200000
Pornichet,2180000
Poroma,396000
Porophyllum punctatum,5150
Pororoca,547000
Porphyrospiza carbonaria,899
Porro (música),6910000
Port Chester,126
Port Jefferson (Nueva York),64600000
Port Kaituma,136000
Port Orange,200
Port St. Lucie (Florida),38300000
Port Washington (Nueva York),472000000
Port-en-Bessin-Huppain,134
Porta Hotel Antigua,131
Portezuelo (Uruguay),150
Portezuelo de Chaxas,170000
Porteño (cerro),161
Portobelo (ciudad),8240000
Portsmouth (Nuevo Hampshire),150
Porvenir (Bolivia),4370000
Porvenir (Uruguay),2170000
Posoltega,234000
Posorja,653000
Postrer Río,71
Potaje,1560000
Potamites erythrocularis,1120
Potamotrygon amandae,3120
Potamotrygon humerosa,1480
Potamotrygon leopoldi,183
Potamotrygon limai,171
Potamotrygon motoro,100000
Potamotrygon schuhmacheri,123
Potamotrygon scobina,161
Potamotrygon tatianae,878
Potamotrygon wallacei,131
Potamotrygon yepezi,164
Potarita,2430
Potonico,75200
Potos flavus,195000
Potosí (Nicaragua),11000000
Potosí (Venezuela),22900000
Poty Lazzarotto,136
Pourquoi-Pas? (1908),12500000
Pouteria campechiana,120000
Pox,15800000
Poza Honda,6750000
Pozo Colorado,7340000
Pozo Hondo (Independencia),699000
Pozo Hondo (Uruguay),459000
Pozol,809000
Pozole,132
Prados del Este (Caracas),990000
Praticolella berlandieriana,635
Predios e Instalaciones que Manejan Vida Silvestre,37400
Pregonero (Venezuela),350000
Premio Guadalajara,59800000
Premio Mayahuel de Plata,6350
Premio Nacional Amautas de la Artesanía Peruana,4400
Premios Hétores,1760
Premnas biaculeatus,33600
Premnoplex pariae,12900
Premnoplex tatei,134
Prensa en la guerra del Pacífico,9940000
Presa Barro Blanco,199
Presa Cacoyugüín,74
Presa Gibara,16100
Presa Mayarí,28600
Presa Nipe,9360
Presa Nuevo Mundo,90
Presidente (cerveza),200
Presidente Franco,112000000
Presidio Modelo,212
Prestige,422000000
Presto (Bolivia),186
Preussen (1902),2150000
Priacanthus hamrur,33500
Primer Combate de Loreto,568000
Primer Triunvirato (Argentina),735000
Primer combate naval de Antofagasta,163
Primer viaje de Colón,165
Primera batalla de la Rinconada del Pocito,5860
Primera expedición a Chiloé,61000
Primera expedición a Kamchatka,15500
Primera expedición de Cevallos a Río Grande,105000
Primera expedición española a las Salomón,92
Primera invasión al Occidente de Cuba,162
Primera toma de Las Tunas,202000
Primero de Enero (Cuba),77800000
Primolius couloni,25800
Princesa Zulia,844000
Princess Kathleen,18600000
Princess Victoria,228000000
Principessa Mafalda,232000
Prinzapolca,187000
Prinzessin Victoria Luise,414000
Priodontes maximus,212
Prionace glauca,219
Prionurus laticlavius,4900
Prionurus maculatus,54
Prionurus microlepidotus,2830
Prionurus scalprum,7860
Prisioneros de guerra japoneses en la Unión Soviética,120
Prisioneros en la guerra del Pacífico,601000
Prisión de Pavoncito,23800
Pristella maxillaris,36300
Pristidactylus achalensis,2780
Pristidactylus casuhatiensis,77
Pristidactylus fasciatus,991
Pristimantis abakapa,525
Pristimantis academicus,573
Pristimantis actites,28600
Pristimantis acuminatus,139
Pristimantis adiastolus,817
Pristimantis adnus,1510
Pristimantis albertus,1080
Pristimantis ameliae,468
Pristimantis amydrotus,855
Pristimantis ashaninka,837
Pristimantis attenboroughi,1490
Pristimantis aureoventris,993
Pristimantis auricarens,380
Pristimantis avius,1050
Pristimantis balionotus,1700
Pristimantis boconoensis,280
Pristimantis boulengeri,3710
Pristimantis briceni,806
Pristimantis buckleyi,146
Pristimantis cabrerai,1480
Pristimantis cantitans,780
Pristimantis caryophyllaceus,1980
Pristimantis chalceus,1810
Pristimantis conspicillatus,4920
Pristimantis cruentus,4060
Pristimantis cryophilius,1050
Pristimantis cuneirostris,1260
Pristimantis curtipes,183
Pristimantis danae,1980
Pristimantis dendrobatoides,382
Pristimantis devillei,154
Pristimantis erythros,953
Pristimantis fenestratus,2730
Pristimantis gaigei,2690
Pristimantis geminus,399
Pristimantis gentryi,910
Pristimantis guaiquinimensis,745
Pristimantis hoogmoedi,8170
Pristimantis imitatrix,1730
Pristimantis imthurni,416
Pristimantis incomptus,7290
Pristimantis jamescameroni,152
Pristimantis jester,529
Pristimantis katoptroides,2020
Pristimantis kichwarum,113
Pristimantis koehleri,855
Pristimantis latidiscus,2090
Pristimantis llojsintuta,736
Pristimantis longicorpus,636
Pristimantis lymani,1930
Pristimantis marahuaka,884
Pristimantis minutulus,1090
Pristimantis muchimuk,415
Pristimantis museosus,1110
Pristimantis mutabilis,201
Pristimantis nubisilva,149
Pristimantis paquishae,603
Pristimantis pariagnomus,484
Pristimantis rosadoi,7420
Pristimantis walkeri,155
Pristimantis yuruaniensis,648
Pristobrycon aureus,60
Procellaria aequinoctialis,34000
Procellaria cinerea,22000
Prosopis pugionata,1090
Prosopis sericantha,1940
Prosthechea garciana,129
Proteropithecia neuquenensis,488
Protesta de las Calderas,113
Protestas en Panamá de 2023,4720000
Prothema leucaspis,183
Protium crassipetalum,1610
Protocolo Castro-Guizado,8090
Protocolo Pedemonte-Mosquera,59
Protocolo de Río de Janeiro,167
Protographium agesilaus,10
Protographium dioxippus,662
Provincetown,4210000
Provincia Germán Busch,153000
Provincia Oriental,115
Provincia Sajama,135
Provincia de Abancay,3210000
Provincia de Acobamba,114
Provincia de Acomayo,247000
Provincia de Aija,109
Provincia de Alajuela,5130000
Provincia de Alonso de Ibáñez,1800000
Provincia de Amazonas (Brasil),114
Provincia de Ambo,1410000
Provincia de Andahuaylas,2090000
Provincia de Angaraes,199000
Provincia de Anta,4070000
Provincia de Antabamba,93
Provincia de Antonio Raimondi,870000
Provincia de Arequipa,37200000
Provincia de Artemisa,134
Provincia de Ascope,304000
Provincia de Asunción,23200000
Provincia de Aymaraes,240000
Provincia de Azua,137
Provincia de Azuay,148
Provincia de Bahoruco,399000
Provincia de Barahona,150
Provincia de Bocas del Toro,1730000
Provincia de Bolognesi,2790000
Provincia de Bolívar (Ecuador),8550000
Provincia de Bolívar (Perú),13400000
Provincia de Bongará,69300
Provincia de Calca,119
Provincia de Camagüey,144
Provincia de Camaná,143
Provincia de Canas,124
Provincia de Canchis,129
Provincia de Cangallo,456000
Provincia de Carangas,140000
Provincia de Carchi,148
Provincia de Carhuaz,434000
Provincia de Carlos Fermín Fitzcarrald,39400
Provincia de Cartago,7470000
Provincia de Casma,563000
Provincia de Castilla,62700000
Provincia de Castrovirreyna,223000
Provincia de Cercado (Oruro),237000
Provincia de Chanchamayo,726000
Provincia de Charcas (Potosí),345000
Provincia de Chayanta,98300
Provincia de Chepén,162000
Provincia de Chimborazo,3250000
Provincia de Chincha,3700000
Provincia de Chincheros,322000
Provincia de Chumbivilcas,136
Provincia de Chupaca,411000
Provincia de Churcampa,132
Provincia de Ciego de Ávila,141
Provincia de Cienfuegos,1660000
Provincia de Coclé,1100000
Provincia de Colón,23800000
Provincia de Concepción (Perú),17200000
Provincia de Condesuyos,123
Provincia de Condorcanqui,123
Provincia de Cornelio Saavedra,106
Provincia de Corongo,112
Provincia de Cotabambas,310000
Provincia de Cotopaxi,3000000
Provincia de Guanacaste,4240000
Provincia de Guantánamo,1100000
Provincia de Hato Mayor,1660000
Provincia de Heredia,10900000
Provincia de Huánuco,149
Provincia de Imbabura,2470000
Provincia de Independencia,108
Provincia de Islay,481000
Provincia de Jauja,139
Provincia de Jaén y Maynas,62200
Provincia de Julcán,213000
Provincia de Junín,11100000
Provincia de La Altagracia,1640000
Provincia de La Convención,126
Provincia de La Habana,8490000
Provincia de La Mar,83
Provincia de La Romana,56100000
Provincia de La Unión,145000000
Provincia de La Vega,93
Provincia de Ladislao Cabrera,77800
Provincia de Lambayeque,121
Provincia de Las Tunas,1550000
Provincia de Lauricocha,186000
Provincia de Limón,142
Provincia de Linares (Bolivia),1340000
Provincia de Loja,26500000
Provincia de Los Ríos,64700000
Provincia de Los Santos,54400000
Provincia de Lucanas,123
Provincia de Luya,296000
Provincia de Manabí,4100000
Provincia de Marañón,1700000
Provincia de Mariscal Luzuriaga,128
Provincia de María Trinidad Sánchez,4330000
Provincia de Matanzas,120
Provincia de Mayabeque,595000
Provincia de Mejillones,2040000
Provincia de Modesto Omiste,111
Provincia de Monseñor Nouel,805000
Provincia de Monte Cristi,1010000
Provincia de Monte Plata,28200000
Provincia de Morona Santiago,1330000
Provincia de Napo,3040000
Provincia de Napo Pastaza,124
Provincia de Nasca,128
Provincia de Nor Carangas,100
Provincia de Nor Chichas,40300
Provincia de Nor Lípez,55600
Provincia de Obando (Cauca),41000
Provincia de Ocros,149000
Provincia de Orellana,146
Provincia de Oriente (Cuba),7830000
Provincia de Oriente (Ecuador),141
Provincia de Otuzco,395000
Provincia de Pacasmayo,682000
Provincia de Pachitea,266000
Provincia de Pallasca,183000
Provincia de Palpa,689000
Provincia de Panamá,45100000
Provincia de Panamá Oeste,6800000
Provincia de Parinacochas,219000
Provincia de Paruro,392000
Provincia de Pastaza,1460000
Provincia de Pataz,494000
Provincia de Paucartambo,460000
Provincia de Pedernales,1430000
Provincia de Peravia,134
Provincia de Pichincha,9080000
Provincia de Pinar del Río,192
Provincia de Pisco,5400000
Provincia de Pomabamba,245000
Provincia de Poopó,83000
Provincia de Popayán,3510000
Provincia de Puerto Plata,58700000
Provincia de Puntarenas,140
Provincia de Páucar del Sara Sara,135
Provincia de Quijarro,167000
Provincia de Quispicanchi,239000
Provincia de Rafael Bustillo,118000
Provincia de Recuay,331000
Provincia de Rodríguez de Mendoza,136
Provincia de Sabaya,46700
Provincia de Samaná,957000
Provincia de San Cristóbal,22300000
Provincia de San José,123
Provincia de San José de Ocoa,863000
Provincia de San Juan (República Dominicana),143
Provincia de San Pedro de Macorís,778000
Provincia de San Pedro de Totora,99
Provincia de Sancti Spíritus,1260000
Provincia de Santa Cruz de la Sierra (periodo republicano),113
Provincia de Santa Elena,35800000
Provincia de Santiago (República Dominicana),17400000
Provincia de Santiago Rodríguez,131
Provincia de Santiago Zamora,10400000
Provincia de Santiago de Chuco,355000
Provincia de Santiago de Cuba,17000000
Provincia de Santo Domingo,75500000
Provincia de Santo Domingo de los Tsáchilas,1120000
Provincia de Satipo,700000
Provincia de Saucarí,88
Provincia de Sebastián Pagador,148000
Provincia de Sihuas,204000
Provincia de Sucre,15400000
Provincia de Sucumbíos,995000
Provincia de Sud Carangas,90
Provincia de Sud Lípez,27600
Provincia de Sánchez Carrión,2430000
Provincia de Sánchez Ramírez,10400000
Provincia de Tayacaja,311000
Provincia de Tomás Barrón,353000
Provincia de Trujillo (Perú),132
Provincia de Trujillo (Venezuela),14800000
Provincia de Tungurahua,2180000
Provincia de Urubamba,821000
Provincia de Utcubamba,324000
Provincia de Valverde,11100000
Provincia de Veraguas,1580000
Provincia de Vilcashuamán,128
Provincia de Villa Clara,21600000
Provincia de Virú,362000
Provincia de Yarowilca,115000
Provincia de Yauli,381000
Provincia de Yungay,127
Provincia de Zamora Chinchipe,1240000
Provincia del Cañar,141
Provincia del Guayas,6770000
Provincia del Litoral (Bolivia),2440000
Provincia del Santa,266000000
Provincia franciscana del Santísimo Nombre de Jesús en Guatemala,40800
Provincias Unidas del Río de la Plata,184
Provincias de Argentina,68000000
Provincias de Costa Rica,25200000
Provincias de Cuba,15800000
Provincias de Ecuador,40700000
Provincias de la República Dominicana,10800000
Proyecto FAMOUS,28400000
Proyecto Galeno,92
Proyecto Haquira,34800
Proyecto Numancia,93
Proyecto Puente Monte Caseros-Bella Unión,74200
Proyecto de conexión terrestre a través del Río de la Plata,63
Proyecto de departamentización de Chiquitanía y Guarayos,485
Proyecto de puerto en las costas de Rocha,467000
Proyecto de reanálisis de huracanes atlánticos,3170
Proyecto de represa de Garabí,87
Proyecto de represas en el Paraná Medio,98
Proyecto de reserva natural costero marina Arroyo Los Gauchos,2010
Proyecto hidroeléctrico Corpus Christi,3370
Proyecto hidroeléctrico Panambí,87
Proyecto hidroeléctrico Potrero del Clavillo,82
Proyecto puente Treinta y Tres Orientales,4160000
Príncipe de Asturias (1794),89
Príncipe de Asturias (1914),639000
Próspera,7150000
Psalidodon dissensus,485
Psalidodon powelli,497
Psalidodon rutilus,1980
Psalidodon xiru,360
Psalidognathus sallei,617
Psalidognathus vershinini,430
Psarocolius bifasciatus,14100
Psectrogaster amazonica,5590
Pselliophorus,108000
Pselliophorus luteoviridis,932
Pseudacanthicus leopardus,15800
Pseudacanthops caelebs,385
Pseudacris cadaverina,3910
Pseudacris clarkii,95900
Pseudacris streckeri,147
Pseudalsophis biserialis,2490
Pseudanthias squamipinnis,116
Pseudasthenes cactorum,84
Pseudasthenes patagonica,2120
Pseudasthenes steinbachi,1480
Pseudastur albicollis,34100
Pseudastur occidentalis,98
Pseudeurostus hilleri,885
Pseudis minuta,11400
Pseudis platensis,71
Pseudobagrus aurantiacus,5180
Pseudobatos productus,5480
Pseudoboa neuwiedii,77
Pseudobombax ellipticum,135000
Pseudobulweria rostrata,9030
Pseudocheilinus hexataenia,42000
Pseudoeurycea ahuitzotl,685
Pseudoeurycea altamontana,69
Pseudoeurycea amuzga,1060
Pseudoeurycea anitae,154
Pseudoeurycea aquatica,83
Pseudoeurycea aurantia,669
Pseudoeurycea cochranae,1380
Pseudoeurycea conanti,162
Pseudoeurycea firscheini,940
Pseudoeurycea gadovii,1520
Pseudoeurycea juarezi,158
Pseudoeurycea leprosa,122
Pseudoeurycea lineola,2370
Pseudoeurycea longicauda,1400
Pseudoeurycea lynchi,149
Pseudoeurycea melanomolga,1020
Pseudoeurycea mixcoatl,724
Pseudoeurycea mixteca,83
Pseudoeurycea mystax,943
Pseudoeurycea nigromaculata,52
Pseudoeurycea obesa,857
Pseudoeurycea orchileucos,728
Pseudoeurycea orchimelas,756
Pseudoeurycea papenfussi,2490
Pseudoeurycea robertsi,1960
Pseudoeurycea ruficauda,1010
Pseudoeurycea saltator,87
Pseudoeurycea scandens,179
Pseudoeurycea smithi,2940
Pseudoeurycea tenchalli,895
Pseudoeurycea teotepec,836
Pseudoeurycea tlahcuiloh,761
Pseudoeurycea tlilicxitl,724
Pseudoeurycea unguidentis,1020
Pseudoeurycea werleri,99
Pseudognaphalium paramorum,633
Pseudogonatodes quihuai,30
Pseudohemiodon devincenzii,468
Pseudoloricaria laeviuscula,1220
Pseudomiopteryx infuscata,477
Pseudopaludicola boliviana,2620
Pseudopaludicola falcipes,47
Pseudopercis semifasciata,4550
Pseudopimelodus mangurus,56
Pseudoplatystoma corruscans × P. reticulatum,5410
Pseudoplatystoma magdaleniatum,104
Pseudoplatystoma punctifer,7680
Pseudoplatystoma reticulatum,11700
Pseudoplatystoma tigrinum,14600
Pseudopogonogaster mirabilis,492
Pseudorca crassidens,144
Pseudorinelepis genibarbis,63
Pseudoseisura gutturalis,8940
Pseudosparna amoena,398
Pseudosparna aragua,121
Pseudosparna dimitrisi,423
Pseudosparna iolandae,384
Pseudosparna luteolineata,435
Pseudosparna mantis,303
Pseudosparna marilenae,413
Pseudosparna pallida,470
Pseudosparna pichincha,37
Pseudosparna swifti,4
Pseudosparna triangulata,444
Pseudostegophilus,19000
Psidium friedrichsthalium,970
Psilopsiagon aymara,16100
Psittacara euops,5520
Psittacara mitratus,23700
Psittacara strenuus,7090
Psophia crepitans,27600
Psophia leucoptera,117
Psychotria poeppigiana,16400
Psychotria viridis,180
Ptarí,8470
Pterobunocephalus depressus,903
Pterocactus fischeri,1890
Pterocactus reticulatus,1180
Pterocactus tuberosus,7350
Pterodroma alba,72800
Pterodroma brevipes,26200
Pterodroma defilippiana,86
Pterodroma deserta,6280
Pterodroma gouldi,9710
Pterodroma heraldica,5310
Pterodroma inexpectata,96
Pterodroma leucoptera,103
Pterodroma longirostris,23200
Pterodroma mollis,14600
Pterodroma neglecta,92
Pterodroma pycrofti,84
Pterodroma solandri,7070
Pterodroma ultima,15600
Pteroglossus aracari,255000
Pteroglossus erythropygius,22400
Pteroglossus inscriptus,114
Pteroglossus sanguineus,3410
Pterois volitans,148
Pteromylaeus bovinus,66
Pteronotus davyi,72
Pteronotus gymnonotus,6850
Pteronotus macleayii,4480
Pteronotus paraguanensis,7340
Pteronotus parnellii,28400
Pteronotus personatus,16200
Pteronotus quadridens,4050
Pteronura brasiliensis,319000
Pterophyllum leopoldi,18300
Pterophyllum scalare,375000
Pteropus mariannus,11200
Pteropus tokudae,2980
Pterostichus asahinus,431
Pterostichus awashimaensis,355
Pterostichus falcispinus,229
Pterostichus shinbodakensis,464
Pterostichus tateishiyamanus,339
Pterygiosperma tehuelches,9
Pterygoplichthys ambrosettii,2590
Pterygoplichthys gibbiceps,35200
Pterygoplichthys punctatus,12300
Pterygoplichthys weberi,103
Pterygoplichthys xinguensis,47
Pterygoplichthys zuliaensis,515
Ptiliogonys caudatus,11200
Ptilometra,4270
Ptilometra australis,1170
Ptiloxena atroviolacea,3610
Ptychohyla dendrophasma,1080
Ptychohyla legleri,944
Ptychohyla macrotympanum,922
Ptychohyla panchoi,3510
Ptychohyla sanctaecrucis,877
Pucalá,103000
Pucarani,250000
Pucará (Cajamarca),100
Pucará (Junín),220000
Pucayacu (parroquia),34300
Puchero,125
Pudella carlae,2610
Pudella mephistophila,94
Pueblo Barceló,3620000
Pueblo Hondo,9400000
Pueblo Nuevo (Baralt),351000
Pueblo Nuevo (Ferreñafe),98
Pueblo Nuevo (Nicaragua),44400000
Pueblo Nuevo (Rocha),9110000
Pueblo Nuevo Viñas,2920000
Pueblo Nuevo de la Sierra,32400000
Pueblo Solís,100
Pueblo Viejo (Azua),211
Pueblo de Arriba,141000000
Pueblo de Barro,28900000
Pueblo joven (Perú),96
Puebloviejo,106
Puente Aioi,6900
Puente Antonio Reina Antoni,733000
Puente Barraca Peña,215000
Puente Bosch,10100000
Puente Cuscatlán (El Salvador),340000
Puente Ezequiel Demonty,4200
Puente General Artigas,1580000
Puente General Rafael Urdaneta,125
Puente Héroes del Chaco,311000
Puente Internacional Aguas Verdes-Huaquillas,20900
Puente Internacional Agustín P. Justo-Getúlio Vargas,11500
Puente Internacional Alamor,116
Puente Internacional Alba Posse-Porto Mauá,2700
Puente Internacional La Balsa,808000
Puente Internacional Macará,156
Puente Internacional San Ignacio de Loyola,699000
Puente Internacional San Roque González de Santa Cruz,955000
Puente Internacional de la Paz,19800000
Puente Internacional del río Mamoré,22600
Puente Libertador General San Martín,2460000
Puente Nicolás Avellaneda,854000
Puente Nombre de Jesús,121
Puente Nuevo Edén de San Juan,3980000
Puente Pexoa (canción),11900
Puente Pueyrredón,655000
Puente Replot,4130
Puente San Marcos Lempa (El Salvador),163
Puente Transbordador Nicolás Avellaneda,14300
Puente Victorino de la Plaza,638000
Puente de Las Américas (Uruguay),157
Puente de Oneida,342000
Puente de la Amistad (Bolivia-Brasil),6710000
Puente de la Integración,167
Puente de la Noria,3770000
Puente de Öland,32200
Puente de Øresund,165
Puente del Gran Belt,198
Puente del Pequeño Belt,219000
Puente internacional de Rumichaca,334000
Puente natural Bitirí,975
Puerta del Diablo,5020
Puerta del Noreste,80
Puerto Argentino/Stanley,197
Puerto Arlen Siu,35100
Puerto Asís,139
Puerto Ayora,148
Puerto Baquerizo Moreno,140
Puerto Barrios,61000000
Puerto Bolívar (Ecuador),29900000
Puerto Carrillo,30100000
Puerto Casado,32500000
Puerto Ciruelo,70
Puerto Colombia (Aragua),10900000
Puerto Corinto,134
Puerto Cortés,149
Puerto Cumarebo,167000
Puerto Curupayty,58
Puerto El Bluff,128
Puerto El Carmen de Putumayo,1160000
Puerto El Triunfo,33700000
Puerto Escondido (Zulia),152000
Puerto Galilea,2000000
Puerto Gonzalo Moreno,4280000
Puerto Guaraní,7940000
Puerto Hondo,13100000
Puerto Huarmey,134
Puerto Inglés,113
Puerto La Cruz,150
Puerto La Esperanza (Paraguay),88
Puerto La Victoria,88
Puerto Limón (Ecuador),37200000
Puerto López (Ecuador),36500000
Puerto Mihanovich,34100
Puerto Misahuallí,144
Puerto Morazán,3420000
Puerto Naranjahai,80
Puerto Nuevo (Buenos Aires),139
Puerto Obaldía,128
Puerto Ocopa,78
Puerto Ordaz,124
Puerto Padre,136
Puerto Pañuelo,6500000
Puerto Pilón,1060000
Puerto Pinasco,167
Puerto Piña,37600000
Puerto Pérez,69600000
Puerto Píritu,409000
Puerto Quetzal,9950000
Puerto Quito,95100000
Puerto Rico (Pando),1950000
Puerto San Fermín,3810000
Puerto San Jorge,81900000
Puerto San José,204000000
Puerto Sandino,1200000
Puerto Santo,183000000
Puerto Siles,763000
Puerto Triunfo (Paraguay),111
Puerto Viejo (Azua),362000
Puerto Viejo (Uruguay),22200000
Puerto Villamil,2200000
Puerto de Balboa,11700000
Puerto de Buenos Aires,171000000
Puerto de Concepción del Uruguay,21100000
Puerto de Concordia,21200000
Puerto de Dock Sud,1080000
Puerto de Esmeraldas,9920000
Puerto de La Guaira,12900000
Puerto de Manta,32000000
Puerto de Maracaibo,28600000
Puerto de Matarani,437000
Puerto de Montevideo,154
Puerto de Nueva Palmira,12400000
Puerto de Piriápolis,685000
Puerto de Puerto Cabello,145
Puerto de Punta Brava,3160000
Puerto de los Botes,17200000
Puerto del Buceo,139
Puerto marítimo de Guayaquil,142
Puffinus assimilis,29700
Puffinus bailloni,8540
Puffinus baroli,15400
Puffinus boydi,170000
Puffinus bryani,89100
Puffinus elegans,163000
Puffinus heinrothi,2550
Puffinus mauretanicus,46700
Puffinus myrtae,1480
Puffinus newelli,129
Puffinus opisthomelas,9640
Puffinus puffinus,552000
Puffinus subalaris,13300
Puimayen,108000
Pukllay,409000
Pulpo del sur,23800000
Pulque,2540000
Pulsatrix koeniswaldiana,179
Pulsatrix perspicillata,137000
Pululahua,283000
Pululo,70
Pulán,1030000
Puma concolor anthonyi,99
Puma concolor cabrerae,113
Puma concolor concolor,128
Puma concolor costaricensis,121
Puma concolor couguar,101
Puma concolor puma,2310000
Puna (Bolivia),112
Punchao (Huánuco),27000
Pungala (parroquia),45300
Punomys lemminus,975
Punta Ardita,75
Punta Atico,61
Punta Ballena,146
Punta Burica,129
Punta Caimanes (Guatemala),30900
Punta Caimán,5670000
Punta Cana,96200000
Punta Carnero (Ecuador),134
Punta Carnsore,603
Punta Carretas,137
Punta Cocalito,75
Punta Colorada (Uruguay),892000
Punta Colorado,16200000
Punta Culebras,93
Punta Espinillo,389000
Punta Galindo,3340000
Punta Gallinas,10500000
Punta Gorda (Colonia),1370000
Punta Gorda (Montevideo),127
Punta Hornillos,745000
Punta Iguana,5450000
Punta Juan Andrés,31600000
Punta La Chira,315000
Punta La Litera,908000
Punta Lara,20000000
Punta Laurel,6620000
Punta Lomas,6520000
Punta Lomitas,383000
Punta Loyola,125
Punta Macolla,26300
Punta Mala (Panamá),166
Punta Mona,109
Punta Negra (Uruguay),170
Punta Paitilla,520000
Punta Pescador,3800000
Punta Peña (Bocas del Toro),299000
Punta Peñas,143000000
Punta Piedras,134
Punta Playa,145
Punta Rasa,14100000
Punta Riel,3380000
Punta Robalo,145000
Punta Rubia,24700000
Punta Rucia,149
Punta Sabaneta,570000
Punta San Juan,128000000
Punta Tombo,692000
Punta Tucacas,534000
Punta de Carretera,154
Punta de Leiva,1410000
Punta de Manabique,206
Punta de Palma,133
Punta de Piedra,62200000
Punta de Piedras,215
Punta del Diablo,21400000
Punta del Este,352000000
Punta del Indio,14300000
Puntas de Arroyo Negro,3790000
Puntas de Cinco Sauces,302000
Puntas de Maciel,117000
Puntas de Valdez,191
Puntas de Valentín,21300000
Puntas del Parao,45000
Punto caliente de Tristán de Acuña,24200
Punto panameño,123
Punín (parroquia),85700
Pupusa,135
Pupusería,485000
Puquio (ciudad),178000
Purushilá,2010000
Puré de achakana,50900
Pusa hispida,119
Pusikaqcha,282
Putis,405000
Pututo,44300
Puyo,12200000
Puña,176000
Puñal (municipio),75
Pygmodeon boreale,339
Pygmodeon buscki,336
Pygmodeon excelsum,366
Pygmodeon staurotum,262
Pygmodeon xyleus,339
Pygocentrus nattereri,313000
Pygochelidon cyanoleuca,126
Pygoderma bilabiatum,10800
Pygoplites diacanthus,68700
Pygoscelis antarcticus,130000
Pygoscelis papua,477000
Pygoscelis papua ellsworthi,2330
Pygoscelis papua papua,526000
Pyrilia aurantiocephala,3040
Pyrilia barrabandi,10400
Pyrilia haematotis,30400
Pyrilia pulchra,13900
Pyrinia abditaria,143
Pyrinia acutipennis,241
Pyrinia angulimargo,100
Pyrinia antoniata,96
Pyrinia arxata,110
Pyrinia augustata,116
Pyrinia callioparia,301
Pyrinia castana,142
Pyrinia derasata,90
Pyrinia distincta,180
Pyrinia fletifera,297
Pyrinia fulvatoides,262
Pyrinia lebonaria,96
Pyrinia niligenata,132
Pyrinia oroyata,209
Pyrinia pastazzata,381
Pyrinia punctilinea,296
Pyrinia selecta,239
Pyrinia substriata,177
Pyrinia tarapotata,8
Pyrinia tenuilinea,179
Pyrinia vanidosa,104
Pyrinia yerma,48
Pyrinia zizana,113
Pyrocephalus dubius,10900
Pyrocephalus nanus,17800
Pyrocephalus rubinus,148
Pyrophorus,52700
Pyrrhopyge hadassa,4940
Pyrrhulina laeta,1880
Pyrrhulina obermulleri,755
Pyrrhulina rachoviana,1430
Pyrrhulina spilota,2280
Pyrrhura calliptera,15500
Pyrrhura egregia,16500
Pyrrhura emma,14200
Pyrrhura hoematotis,8580
Pyrrhura hoffmanni,16500
Pyrrhura lucianii,9380
Pyrrhura orcesi,173
Pyrrhura picta eisenmanni,5620
Pyrrhura rhodocephala,9380
Pyrrhura roseifrons,15700
Pyrrorhiza neblinae,472
Pyura chilensis,48500
Pájaro-León,59
Páramo Campanario,280000
Páramo El Banco,2940000
Páramo El Serrucho,6890
Páramo El Zumbador,21100
Páramo La Culata,153000
Páramo de Agua Blanca,839000
Páramo de Costa Rica,4380000
Páramo de Guerrero,1540000
Páramo de Santurbán,123000
Páramo de Sonsón,219000
Páramo de Sumapaz,322000
Páramo de Talamanca,123000
Páramo del Almorzadero,48800
Páramo del Batallón,289000
Páscal,3530
Pátapo,89000
Pável Lébedev-Lástochkin,330
Píritu (Portuguesa),252000
Písac (Perú),5230000
Písac (sitio arqueológico),145
Pítipo,133000
Q'ero taki,2690
Q'umarkaj,194
Qati qati,515000
Qhapaq Qolla,200
Qhapaq negro,283000
Quebracho (Cerro Largo),141000
Quebracho (Paysandú),107
Quebrada Agua de Maíz,753000
Quebrada Baruta,40900
Quebrada Bonita Adentro,217000
Quebrada Canuja,1410
Quebrada Caroata,61
Quebrada Chacaíto,37800
Quebrada El Ávila,2590000
Quebrada Honda (Caracas),456000
Quebrada Honda (Perú),3700000
Quebrada Honda (Unare),8640
Quebrada Huaycoloro,17700
Quebrada La Boyera,14800
Quebrada La Guairita,92
Quebrada La Salitrosa,56
Quebrada Las Delicias,2820000
Quebrada Limas,61
Quebrada Los García,11300000
Quebrada Marcarragra,228
Quebrada Maripérez,38600
Quebrada Sebucán,80
Quebrada Sorocaima,9460
Quebrada Tacagua,7700
Quebrada Tenerife,319000
Quebrada de Chalán,102
Quebrada de Humahuaca,124
Quebrada de Jaspe,87000
Quebrada de Los Sosa,976000
Quebrada de Quilcayhuanca,8320
Quebrada de San Lorenzo,127
Quebrada de la Cébila,9750
Quebrada del Portugués,108
Quebrada del Yatán,4510
Queguayar,20500
Quelepa,226000
Quema de toritos,118
Quemado de Güines,122
Quena,175
Quenacho,353000
Queniquea,136
Quequeña,109000
Quequén,590000
Quercus peduncularis,18600
Quercus sapotifolia,68
Quero (Paucartambo),8550
Quesada (Jutiapa),133
Quesillo,5490000
Quesintuu y Umantuu,1320
Queso Chubut,108
Queso bola,203
Queso cremoso,54300000
Queso de cabeza,66400000
Queso y dulce,98000000
Quesos de Colombia,28200000
Quesos de México,27800000
Quetzalcóatl,1750000
Quetzaltenango,14800000
Quexquémitl,74
Quezalguaque,219000
Quezaltepeque (Chiquimula),132
Quezaltepeque (El Salvador),891000
Quiabaya,76400
Quiberon,2390000
Quichca Machos,2260
Quiindy,372000
Quijada (percusión),160000
Quilalí,369000
Quilca,127
Quilcatacta,5190
Quilotoa,1050000
Quimbiri,13600
Quime,420000
Quinametzin,35300
Quincemil,93
Quincy (Massachusetts),62800000
Quinsaloma,380000
Quintana (Uruguay),13400000
Quinteto Santa Fe,161000
Quinteto Tiempo,100
Quinto Sol,108
Quinua (Perú),4520000
Quique Sinesi,44300
Quiquijana,145
Quiquirimichi,81
Quiroga (Cotacachi),204000
Quisanche,7450
Quisapincha,121
Quiscalus nicaraguensis,4430
Quispillaccta,23400
Quispiña,17100
Quisqueya (municipio),306000
Quitasueño (República Dominicana),92200
Quitirrisí,45600
Quiulladanza,7220
Quivicán,182000
Quo Vadis (barco pesquero),7560
Quyquyhó,136
Quíbor,135
RIOJA-1,54300000
RIOJA-2,64200000
Rafael Brito,121
Rafael Flores Montenegro,75
Rafael Freyre (Cuba),384000
Rafael Mansilla,2060000
Rafael Manzanares Aguilar,86
Rafael Perazza,90
Rafael Santa Cruz (artista),15300000
Rafaela de Vera Mujica y López Pintado,11900
Rafuche,2550
Raigón (Uruguay),199000
Rainha Doña Amélia,1990000
Raja clavata,215000
Raja montagui,80
Rajas,9520000
Rajella barnardi,3990
Rajella leopardus,638
Rallus elegans,208000
Rally del Chaco,120
Raly Barrionuevo,126
Rambala,222000
Rambla Artigas,681000
Rambla Batlle Pacheco,94
Rambla Costanera (Ciudad de la Costa),250000
Rambla Williman,223000
Rambla de Montevideo,141
Ramiro Gallo Peneyda,111
Ramiro Llona,42900
Ramnogaster arcuata,46
Ramnogaster melanostoma,2500
Ramona Galarza,674000
Ramorinoa,59
Ramosomyia viridifrons,1750
Ramphastos brevis,39000
Ramphastos sulfuratus,146
Ramphastos tucanus,63100
Ramphastos vitellinus,132000
Ramphocaenus melanurus,36800
Ramphocaenus sticturus,105
Ramphocelus melanogaster,13300
Ramphocelus passerinii,30200
Ramphocelus sanguinolentus,33900
Ramón Ayala (cantante mexicano),120
Ramón Ayala (cantautor argentino),49200
Ramón Catramboni,30
Ramón Echenique,453000
Ramón Santana (municipio),129
Ramón Sixto Ríos,123
Ramón Trigo,87
Ranchera,10700000
Rancho Arriba,44000000
Rancho Humo,108
Ranchuelo,868000
Ranitomeya ventrimaculata,21800
Rapsodia en agosto,579000
Rasguido doble,198
Rasquí,20400
Ravelo,4020000
Ravioli,32600000
Rayo (1751),197000
Rayo (torpedero),16500
Rayán (Asunción),124000
Raza Carora,442000
Raíces Incas,7940000
Raúl Carnota,82800
Raúl Shaw Moreno,620000
Raúl Ybarnegaray,66
Real Carlos (1787),73
Recurvirostra andina,13800
Red Yaguareté,443000
Redoba,47600
Redon,9870000
Refugio de Vida Silvestre Manglares Estuario Río Esmeraldas,13000
Refugio de Vida Silvestre y Marino Costera Pacoche,14700
Refugio de fauna,15000000
Refugio de fauna de Cuare,129
Refugio de vida silvestre Bosques Nublados de Udima,3300
Refugio de vida silvestre Cuero y Salado,124000
Refugio de vida silvestre El Zarza,106000
Refugio de vida silvestre Laquipampa,10300
Refugio de vida silvestre Manglares El Morro,124
Refugio de vida silvestre Pasochoa,27400
Refugio nacional de vida silvestre Tamarindo,89100
Refugio nacional de vida silvestre mixto Jairo Mora Sandoval Gandoca-Manzanillo,1340
Refugio privado El Cachapé,866
Refusilo Grupo Vocal,440
Regiones de Cuba,129
Regiones geográficas del Ecuador,5210000
Regiones para el desarrollo económico y social,47300000
Regiones socioeconómicas de Costa Rica,132
Región Brunca,127
Región Central (Costa Rica),56000000
Región Centro-Oeste de Brasil,20300000
Región Chorotega,252000
Región Costa,156000000
Región Huetar Norte,190000
Región Insular de Venezuela,2060000
Región Metropolitana de Guatemala,100
Región Occidental del Paraguay,9020000
Región Oriental del Paraguay,123
Región Pacífico Central,28400000
Región de Acequias,129
Región de Alto Tacutu-Alto Esequibo,2600
Región de Cuyuní-Mazaruní,909
Región de Islas Esequibo-Demerara Occidental,4050
Región de Pomerón-Supenaam,703
Región de Potaro-Siparuní,499
Región del Darién,1150000
Región euromediterránea,39300
Región natural Formación Lara-Falcón,498000
Regla (Cuba),22300000
Reglamento de división de poderes de 1811 de Argentina,57800
Rehundido de la plata,8310
Reicheltia halsteadi,1240
Reijin,223000
Reina Cristina (1890),123
Reina Hispanoamericana,124
Reina Hispanoamericana 2018,435000
Reina Regente (1888),280000
Reinado Internacional del Café 2026,858000
Reinado Nacional del Turismo,125
Reinaldo Rojas Consuegra,44800
Reithrodon typicus,1330
Reithrodontomys creper,5740
Reithrodontomys microdon,7420
Reithrodontomys tenuirostris,6110
Relaciones transatlánticas,104000
Relieve de Uruguay,125
Relieve de Venezuela,43700000
Reloj de flores (Guatemala),193
Relámpago del Catatumbo,122
Remansito,126
Remo Pignoni,17500
Remolcador 13 de Marzo,160
Renato Borghetti,614000
René Eduardo,99
Repique (tambor),605000
Represa Edgard de Souza,80
Represa Lago del Fuerte,601000
Represa de Aguas Blancas,2130000
Represa de Bariri,71
Represa de Barra Bonita,100
Represa de Baygorria,25000
Represa de Canoas I,89
Represa de Canoas II,66
Represa de Capivara,104000
Represa de Caruachi,10900
Represa de Chavantes,143000
Represa de Foz de Areia,88
Represa de Foz de Chapecó,13500
Represa de Gatún,44000
Represa de Ibitinga,24400
Represa de Ilha Solteira,111
Represa de India Muerta,123
Represa de Itaipú,240000
Represa de Itá,2190000
Represa de Jupiá,14200
Represa de Jurumirim,112000
Represa de Machadinho,40300
Represa de Nova Avanhandava,122
Represa de Palmar,313000
Represa de Paso Severino,138
Represa de Paute,45000
Represa de Ponte Nova,1040000
Represa de Promissão,46500
Represa de Rosana,382000
Represa de Salto Caxias,22000
Represa de Salto Grande,1510000
Represa de Salto Grande (Brasil),262000
Represa de Salto Osório,55200
Represa de Salto Santiago,149000
Represa de Salto Segredo,36900
Represa de Taquaruçu,8870
Represa de Três Irmãos,128
Represa de Urugua-í,6840
Represa de Yacyretá,142000
Represa del Sisga,36000
Reptiles de Costa Rica,14700000
Republicano (Asunción),709000
Repujado de la plata,140
República de Chile (Cuba),132000000
República de Entre Ríos,56900000
República de Tucumán,12600000
República de Tule,882000
Repúblicas del Pacífico,87300000
Reque,3540000
Requesón,2530000
Requinto jarocho,81400
Rescate de Roger Mallinson y Roger Chapman,87
Reserva Ecológica Caletones,3030
Reserva Ecológica Limones-Tuabaquey,85
Reserva Forestal Montes de la Virgen,88
Reserva Forestal Thomas van der Hammen,9390
Reserva Natural Municipal Santa Catalina,1520000
Reserva Natural Provincial Santa Catalina,725000
Reserva Natural Urbana Arroyo Itá,266000
Reserva Río Palenque,77
Reserva Yaguaroundí,130
Reserva biológica Bosque Nuboso Monteverde,107000
Reserva biológica Cerro Plateado,121
Reserva biológica Colonso Chalupas,127
Reserva biológica El Cóndor,123
Reserva biológica El Quimi,9430
Reserva biológica Indio Maíz,250000
Reserva biológica Itabó,12000
Reserva biológica Limoncocha,48900
Reserva biológica Manuel Alberto Brenes,115
Reserva biológica Montecano,1740
Reserva biológica del Bicentenario de la República-Pájaro Campana,93
Reserva científica natural lagunas Redonda y Limón,106
Reserva comunal Asháninka,92
Reserva comunal Chayu Nain,152
Reserva comunal El Sira,125
Reserva comunal Machiguenga,189
Reserva comunal Tuntanaín,870
Reserva de Biosfera La Amistad,384000
Reserva de Flora y Fauna Dr. Rodolfo Talice,3990
Reserva de biosfera Bañados del Este,88
Reserva de biosfera Delta del Río Paraná,122
Reserva de biosfera Estación Biológica del Beni,13000
Reserva de biosfera Laguna Blanca,627000
Reserva de biosfera del Bosque Mbaracayú,8330
Reserva de la biosfera Agua y Paz,1600000
Reserva de la biosfera Ciénaga de Zapata,12200
Reserva de la biosfera Yabotí,19100
Reserva de la biosfera de Río Plátano,65500
Reserva de la biosfera de Río San Juan,2010000
Reserva de la biosfera isla de Ometepe,19300
Reserva de la biosfera maya,890000
Reserva de la biosfera transfronteriza Trifinio-Fraternidad,7080
Reserva de la cordillera de Talamanca,121000
Reserva de lobos marinos del puerto de Mar del Plata,373000
Reserva de producción de fauna Chimborazo,136
Reserva de producción de fauna Cuyabeno,49900
Reserva de producción de fauna Manglares El Salado,39500
Reserva de producción de fauna Marino Costero Puntilla Santa Elena,9260
Reserva de recursos manejados San Rafael,75600
Reserva de recursos manejados Yvytyrusú,3570
Reserva del Río Guajalito,5530
Reserva dunícola Faro Querandí,2050
Reserva ecológica Arenillas,123
Reserva ecológica Baitiquirí,2130
Reserva ecológica Ciudad Universitaria (Buenos Aires),154
Reserva ecológica Cofán-Bermejo,11400
Reserva ecológica Costanera Este Ciudad Universitaria,30500
Reserva ecológica Costanera Sur (Buenos Aires),369000
Reserva ecológica Los Illinizas,124000
Reserva ecológica Mache-Chindul,19700
Reserva ecológica Manglares Cayapas-Mataje,15200
Reserva ecológica Manglares Churute,31100
Reserva ecológica de Vicente López,839000
Reserva ecológica educativa de San Fernando,2840000
Reserva forestal Golfo Dulce,445000
Reserva forestal de Imataca,11900
Reserva geobotánica Pululahua,225
Reserva marina El Pelado,690000
Reserva marina Galera San Francisco,422000
Reserva marina Isla Santa Clara,3270000
Reserva marina Puerto Cabuyal - Punta San Clemente,3660
Reserva marina de Galápagos,861000
Reserva municipal Ramallo,45800
Reserva nacional Dorsal de Nasca,125
Reserva nacional Mar Tropical de Grau,952000
Reserva nacional Pampa Galeras-Bárbara d'Achille,7440
Reserva nacional Pizarro,89
Reserva nacional San Fernando,31200000
Reserva nacional de Calipuy,142
Reserva nacional de Junín,2640000
Reserva nacional de Lachay,142
Reserva nacional de Paracas,1930000
Reserva nacional de Salinas y Aguada Blanca,251000
Reserva nacional de vida silvestre amazónica Manuripi,9470
Reserva nacional del Titicaca,1040000
Reserva natural Bahía San Blas,895000
Reserva natural Cabo Blanco,138
Reserva natural Cerro Apante,11100
Reserva natural Cerro Arenal,972000
Reserva natural Cerro Wawashang,2340
Reserva natural Chocoyero-El Brujo,15600
Reserva natural El Durazno,104
Reserva natural Guardia del Juncal,27700
Reserva natural Laguna de Apoyo,9390000
Reserva natural Laguna de Tiscapa,140
Reserva natural Lagunas de San Vicente,116
Reserva natural Miraflor,134
Reserva natural Monte Alto,99
Reserva natural Morombí,4310
Reserva natural Otamendi,71400
Reserva natural Pehuen Có-Monte Hermoso,4660
Reserva natural Península de Chiltepe,12200
Reserva natural Puerto Mar del Plata,133
Reserva natural Punta Patiño,341000
Reserva natural San Buenaventura de Atitlán,16400
Reserva natural Sierra del Tigre,129
Reserva natural Tisey-La Estanzuela,19900
Reserva natural Tomabú,87
Reserva natural Vaquerías,45500
Reserva natural Volcán Yalí,17200
Reserva natural de Ciudad Evita,98
Reserva natural de la defensa Puerto Península,1580000
Reserva natural de uso múltiple Isla Botija,3940
Reserva natural del Pilar,106
Reserva natural educativa Colonia Benítez,243000
Reserva natural integral Punta Lara,118
Reserva natural integral y mixta Laguna de Rocha,28600
Reserva natural silvestre Isla de los Estados y Archipiélago de Año Nuevo,76600
Reserva natural urbana Parque del Este,94
Reserva paisajística Nor Yauyos-Cochas,39400
Reserva paisajística Subcuenca del Cotahuasi,8440
Reserva parque nacional Archipiélago de Mingan,1810
Reserva provincial La Angostura,153
Reserva provincial Santa Ana,2850000
Reserva urbana de la defensa Campo de Mayo,1140000
Reserva étnica Awá,17000
Reservas de biosfera de Paraguay,262000
Reservas de biosfera en Ecuador,135
Reservas de biósfera en Venezuela,99
Reservas de la biosfera de Guatemala,462000
Residencias Santa Cruz de Aragua,86
Resistencia (guerra del Pacífico),4640000
Resistencia Sport Club,137
Resistencia en el Puente de Nenjiang,1560
Restauración (República Dominicana),180
Retalhuléu (municipio),130
Reurbanización El Silencio,115
Reventador,483000
Reversopelma,6430
Revólver Tipo 26,32400000
Rey Curré,230000000
Rey del Acebo,1080000
Reyes (Bolivia),124
Reyna Lucero,2950000
Reynaldo Armas,2340000
Rhadinaea stadelmani,534
Rhadinella anachoreta,83
Rhadinella hannsteini,88
Rhadinella lachrymans,471
Rhadinella montecristi,667
Rhadinella pilonaorum,651
Rhadinella posadasi,482
Rhaebo blombergi,2550
Rhaebo colomai,150
Rhaebo olallai,138
Rhamdia quelen,85100
Rhamdia xetequepeque,985
Rhammatocerus schistocercoides,127
Rhamphichthys hahni,1370
Rhaphiptera boliviana,190
Rhea americana,1860000
Rhea mesopotamica,45200
Rhea pennata,144000
Rhea pennata garleppi,2700
Rhea pennata pennata,146000
Rhegmatorhina berlepschi,10200
Rhegmatorhina cristata,15700
Rhegmatorhina gymnops,2080
Rhegmatorhina hoffmannsi,7930
Rheomys raptor,1180
Rheomys thomasi,50
Rheomys underwoodi,118
Rhincodon typus,633000
Rhinella achalensis,1810
Rhinella achavali,1370
Rhinella acutirostris,139
Rhinella altiperuviana,266
Rhinella amabilis,7190
Rhinella arborescandens,749
Rhinella arenarum,221
Rhinella arequipensis,868
Rhinella azarai,6350
Rhinella bernardoi,10400
Rhinella ceratophrys,135
Rhinella chrysophora,766
Rhinella dapsilis,2130
Rhinella dorbignyi,6810
Rhinella festae,8050
Rhinella fissipes,1460
Rhinella gallardoi,9830
Rhinella gnustae,583
Rhinella justinianoi,716
Rhinella lilyrodriguezae,91
Rhinella limensis,87
Rhinella manu,78
Rhinella marina,395000
Rhinella nattereri,10200
Rhinella nesiotes,1230
Rhinella nicefori,1550
Rhinella poeppigii,2780
Rhinella proboscidea,145
Rhinella rubropunctata,129
Rhinella rumbolli,1460
Rhinella schneideri,212
Rhinella spinulosa,10300
Rhinella spinulosa papillosa,747
Rhinella stanlaii,1130
Rhinella tacana,1300
Rhinella tenrec,6660
Rhinella vellardi,1260
Rhinochimaera africana,5790
Rhinochimaera atlantica,7820
Rhinoclemmys diademata,180
Rhinoclemmys punctularia,169
Rhinoderma darwinii,23100
Rhinodoras armbrusteri,531
Rhinodoras boehlkei,1520
Rhinophrynus dorsalis,16600
Rhinophylla alethina,56
Rhinophylla fischerae,3000
Rhinophylla pumilio,132
Rhipidomys couesi,113
Rhipidomys modicus,690
Rhizoprionodon lalandii,9780
Rhizoprionodon longurio,7750
Rhizoprionodon oligolinx,5310
Rhizoprionodon porosus,13200
Rhizoprionodon taylori,8420
Rhizoprionodon terraenovae,20500
Rhizostoma pulmo,144000
Rhodochlora albipuncta,262
Rhodochlora basicostalis,174
Rhodochlora endognoma,631
Rhodochlora exquisita,220
Rhodochlora gaujoniaria,936
Rhodochlora mathani,481
Rhodochlora niepelti,201
Rhodochlora roseipalpis,391
Rhodochlora rothschildi,804
Rhodochlora rufaria,338
Rhodochlora tornistriga,372
Rhodochlora trifasciata,164
Rhodochlora ustimargo,362
Rhodopis vesper koepckeae,171
Rhodopis vesper vesper,195
Rhogeessa io,4590
Rhogeessa minutilla,2560
Rhogeessa tumida,4040
Rhopalochernes chamberlini,966
Rhopalophora baracoana,434
Rhopalophora casignata,605
Rhopalophora eximia,277
Rhopalophora miniatocollis,571
Rhopalophora peruana,513
Rhopalophora rufipennis,64
Rhopalophora rugicollis hovorei,557
Rhopalophora santacruzensis,357
Rhopalophora serripennis,400
Rhopalophora venezuelensis,420
Rhopalophora yucatana,667
Rhopalurus junceus,198
Rhus copallinum,25100
Rhycherus filamentosus,2600
Rhynchocyclus pacificus,72
Rhynchodoras xingui,10
Rhynchohyalus natalensis,3390
Rhyncholestes raphanurus,8940
Rhynchonycteris naso,191
Rhynchorhina mauritaniensis,937
Rhynchortyx cinctus,13000
Rhynchotus maculicollis,91
Rhytidicolus,7870
Rhytiodus argenteofuscus,1610
Rhyzodiastes exsequiae,412
Rhyzodiastes parumcostatus,333
Riacho Ipiranga,988000
Riachuelo (Uruguay),810000
Riberalta,139
Ribes cucullatum,4500
Ricardo Aguirre,18400000
Ricardo Brugada (Asunción),282000
Ricardo Cepeda,6770000
Ricardo Francisco Figueroa,118
Ricardo Menéndez,122
Ricardo Sierra Vásquez,4890000
Ricaurte (parroquia),106
Rift de Asunción,81600
Riftia pachyptila,33100
Rincón (Uruguay),35100000
Rincón de Artigas,1070000
Rincón de Pacheco,6610000
Rincón de Pereira,17800000
Rincón de Tres Cerros,2780000
Rincón de Valentín,30700000
Rincón de las Gallinas,15000000
Rincón del Bonete,508000
Rincón del Bonete (localidad),568000
Rincón del Pino,13700000
Rineloricaria caracasensis,895
Rineloricaria daraha,665
Rineloricaria magdalenae,1580
Rio Urqu Jawira (Aroma),497
Riolama,89000
Riosucio (Chocó),453000
Rioverde,17300000
Risso (Uruguay),116
Ritacuba Blanco,34100
Rito de los voladores,109000
Ritual de Las Aguadoras,125
Rivas (Nicaragua),13000000
River Plate Fresh Meat Company,20600000
Riverhead (Nueva York),8950000
Riviera Beach,86600000
Riviera Maya Jazz Festival,654000
Roa australis,5370000
Roa excelsa,19000
Roa modesta,677000
Roald Amundsen,2420000
Roatán,4630000
Roberto L. Pettit (Asunción),108
Roberto Medina (músico),317000
Roberto Rimoldi Fraga,44200
Roberto Rodríguez Fernández,102
Roberto Rodríguez Luna,23400000
Roberto Ruiz (artesano),73
Roca León Dormido,1650000
Rock al Parque,117
Rock de Bolivia,119
Rockland (Maine),11500000
Rockport (Maine),3840000
Rockport (Massachusetts),7460000
Rocoto relleno,2100000
Rocío Dúrcal,132
Rodas (Cuba),8300000
Rodolfo Aguilar Delgado (Chiriquí),47400
Rodolfo Camacho Viera,780000
Rodolfo Larumbe,38700
Rodolfo Martínez (cantante),1720000
Rodolfo Rincón Sosa,1
Rodolfo Villena Hernández,211000
Rodolfo Zapata,121
Rodrigo Luque,109
Rodrigo Otazu,252000
Rodríguez (Uruguay),205
Rogativa por la Paz del Cauca,1480
Rogelio Ortiz,4960000
Rolando José Álvarez Lagos,142
Romancing the Stone,3340000
Romeo Gavioli,177
Romerías de Mayo,123
Romina Rocamonje,5360
Rompope,2410000
Ron,534000000
Ron Cacique,1410000
Ronaldo Campos de la Colina,531000
Roncador,85
Ronda de ases,230000
Rondibilis amanoi,517
Rondibilis elongata,583
Rondibilis elongata minor,337
Rondibilis insularis,962
Rondibilis japonica,581
Rondibilis lateralis,477
Rondibilis lineata,2360
Rondibilis mindanaonis,207
Rondibilis octomaculata,372
Rondibilis parvula,354
Rondibilis rufipes,590
Rondibilis saperdina,812
Rondos (Lauricocha),30400
Rondón (plato),128
Ropa vieja,125000000
Roraima (tepuy),125
Roraimia adusta,11200
Rosa Borrás,116
Rosa Brítez,175
Rosa Luna,526000000
Rosa Real Mateo de Nieto,55
Rosa Zárate (ciudad),5780000
Rosa de Castilla,213
Rosaleda (Paraguay),55700
Rosalia batesi,14700
Rosalinda Cauich Ramírez,59
Rosario Mining Company,105
Rosario Rico Toro,8060000
Rosario de Mora,183
Roscoff,1650000
Roscón de Reyes,1880000
Rosenda Bernal,96
Rosetta (restaurante),107
Rosita Quintana,115
Rosmeri Marval,116000
Rosquilla de sidra,147
Rostros de bebé,273000000
Rosy Arango,447000
Rothschildia jacobaeae,5070
Roxy Fest,22700000
Royan,11100000
Roystonea regia,431000
Roystonea violacea,92
Ruana,3220000
Ruanoho decemdigitatus,1060
Ruben Rada,1580000
Rubio (Venezuela),1130
Rubito Larramendia,2520
Rubus bogotensis,6830
Rubus megalococcus,1230
Rubén Cantú (Veraguas),34900
Rubén Darío Salcedo,1510000
Rubén Durán (músico),375000
Rubén Ferrero,120
Rubén Miño (músico),106
Rubén Patagonia,200
Rubén Silva,11900000
Rubén Verna,344000
Rucanacoto,444
Rudy Chernicoff,8120
Rugiloricus cauliculus,334
Ruinas de la Iglesia de Santa Lucía de Jeto,121000
Rulyrana flavopunctata,1680
Rulyrana saxiscandens,1210
Rumex peruanus,1220
Rumi Maki,109
Rummy Olivo,137000
Run Run,122
Runtu charapa pangu,73
Ruphay,137000
Ruta D075 (Paraguay),6140
Ruta D088 (Paraguay),527
Ruta D089 (Paraguay),844
Ruta D090 (Paraguay),48
Ruta D091 (Paraguay),294
Ruta D092 (Paraguay),9780
Ruta D093 (Paraguay),10100
Ruta D095 (Paraguay),551
Ruta Interbalnearia,592000
Ruta de Gallegos,119
Ruta del Cabo,90700000
Ruta del Sol (Ecuador),46200000
Ruta del cacao (Venezuela),8330000
Ruth Underwood,5770000
Rynchops niger,243000
Ryō Un Maru,78
Ryūhō (1942),10900
Río Aguarico,171
Río Aguán,164
Río Albarregas (Venezuela),98
Río Alejandro,56
Río Almendares,256000
Río Alto Beni,8770000
Río Alto Ichilo,53200
Río Amambaí,591000
Río Amarillo (Honduras),37800000
Río Amazonas,29300000
Río Anauco,35900
Río Apa,32700000
Río Apere,99100
Río Apuaé,2400000
Río Apure,2400000
Río Apón,688000
Río Aquidabán,51400
Río Aquidauana,1540000
Río Aranjuez,7280000
Río Arauca,4520000
Río Arenal,155
Río Ariari,163
Río Ariguanabo,46700
Río Ariguaní,262000
Río Arimao,27300
Río Ariporo,408000
Río Arma,205000000
Río Aro,56100000
Río Aroa,860000
Río Arque,502000
Río Arquía (Eje cafetero),1670
Río Artibonito,23500
Río Arzobispo,3620000
Río Atabapo,161
Río Atirro,63
Río Ayopaya,103
Río Azero,69
Río Azul (América Central),80500000
Río Babahoyo,178
Río Bacuranao,20900
Río Barama,11800
Río Barima,112
Río Barra Grande (Santa Catarina),18000000
Río Barranca,13900000
Río Bayamo,684000
Río Bayano,144000
Río Bebedero,3920000
Río Belice,161
Río Belén,50000000
Río Beni,7340000
Río Bermejo (Santa Cruz),123
Río Blanco (Costa Rica),133
Río Blanco (Ecuador),50600000
Río Blanco (San Marcos),84000000
Río Bobonaza,31800
Río Bogotá,49100000
Río Bombuscaro,143
Río Boopi,15100
Río Bravo (Suchitepéquez),136
Río Bravo (Zulia),172000
Río Buey (Bolivia),182000
Río Buey (Cuba),234000
Río Bunyakuru Creek,77
Río Burro-Burro,94
Río Cabagán,8
Río Cabriales,149000
Río Cacequi,1580000
Río Cacoyugüín,1340
Río Cahabón,174
Río Caimito,1460000
Río Caine,3590000
Río Caituma,348
Río Cajón,41500000
Río Camajuaní,216000
Río Camarán,37800000
Río Campoalegre,4840000
Río Cancosa,7690
Río Candelaria,13400000
Río Cangrejal,183
Río Canoas,40500000
Río Canímar,17300
Río Caonao,9480
Río Capanaparo,166
Río Caquena,9990
Río Caquetá,166
Río Caribe,52400000
Río Caroní,168
Río Carrao,1140000
Río Carrizal,2510000
Río Casanare,5810000
Río Cascajal,365000
Río Catamayo,153
Río Catuche,13100
Río Caucagua,46
Río Caura,154
Río Caurimare,81
Río Cautillo,2290000
Río Cauto,489000
Río Cauto (municipio),192000
Río Caxambu,78
Río Cayapas,169000
Río Cayo Guam,591000
Río Cañón Verde,18100000
Río Cebollatí,277000
Río Celeste,21600000
Río Chagres,305000
Río Chalana,329000
Río Chama,14100000
Río Chamelecón,140000
Río Changuinola,269000
Río Chané,422000
Río Chapare,337000
Río Chapecó,264000
Río Chavón,157000
Río Chico (Venezuela),26600000
Río Chimoré,303000
Río Chipiriri,11400
Río Chira,504000
Río Chiriquí,8320000
Río Chiriquí Viejo,325000
Río Chirripó Atlántico,132
Río Chirripó Norte,144000
Río Chirripó Pacífico,68100
Río Chixoy,163
Río Chocón Machacas,12500
Río Choluteca,1400000
Río Chone,1200000
Río Chontamayo,150
Río Choqueyapu,84000
Río Chuao,364000
Río Chucunaque,24300
Río Churún,52700
Río Coca,28000000
Río Coclé del Norte,148
Río Coco,43400000
Río Cojímar,172000
Río Colorado (Costa Rica),150
Río Colorado (Santa Cruz),17100000
Río Comandaí,20000
Río Conceição (Río Grande del Sur),673000
Río Confuso,19200000
Río Contramaestre,259000
Río Copey,740000
Río Coruto,1940000
Río Cotacajes,10800
Río Coto Colorado,313000
Río Coxipó,75
Río Coyolate,17000
Río Cravo Sur,572000
Río Cricamola,138
Río Cuareím,1070
Río Cuchi,543000
Río Cuenca,52700000
Río Cuero,50200000
Río Cuiabá,30900000
Río Cuilco,59800
Río Cuja,73
Río Cunucunuma,3860
Río Curaray,194000
Río Curundú,129000
Río Cusiana,41200
Río Cuyaguateje,8740
Río Cuyamel,280000
Río Cuyuní,21500
Río Dajabón,161
Río Damují,8500
Río Danto,40700000
Río Daule,993000
Río Desaguadero (Titicaca),164000
Río Duaba,138
Río Duda,114000000
Río Dulce (Guatemala),123
Río El Limón,65200000
Río El Limón (Samaná),1130000
Río El Pez,72100000
Río El Pimiento,13800000
Río El Valle,285000000
Río Erebato,3450
Río Escalante (Venezuela),1670000
Río Escondido (Nicaragua),9630000
Río Esequibo,293000
Río Esmeraldas,6590000
Río Estrella,222000000
Río Faxinal (Río Grande del Sur),24600
Río Fiúza,2150000
Río Frío (Costa Rica),181
Río Fucha,127000
Río General,946000000
Río Gibara,244000
Río Goascorán,51700
Río Golfito,923000
Río Grande (Bolivia),52000000
Río Grande (Minas Gerais),155000000
Río Grande (Veraguas),108
Río Grande (río de Coclé),700000
Río Grande (río de Panamá),164000000
Río Grande de Lípez,170
Río Grande de Matagalpa,532000
Río Grande de Tarija,7830000
Río Grande de Tárcoles,235000
Río Grande de Zacapa,1520000
Río Grande de la Costa,146
Río Guacimal,96
Río Guainí,1500000
Río Guaire,180000
Río Guajacabo,130
Río Gualcarque,55200
Río Guamá,1990000
Río Guanapalo,5240
Río Guanape,64
Río Guanare,461000
Río Guanipa,325000
Río Guantánamo,2700000
Río Guarinó,1420000
Río Guariquito,18800
Río Guarita,2110000
Río Guariviara,9440
Río Guaso,55700
Río Guatiquía,54300
Río Guatire,1850000
Río Guaurabo,5540
Río Guaviare,2240000
Río Guayabero,123
Río Guayape,147
Río Guayas,4290000
Río Guayllabamba,393000
Río Guaymincay,2040
Río Guendá,868
Río Gutiérrez (Río Negro),23500000
Río Guáitara,62700
Río Guárico,158
Río Güepí,92
Río Güeveapa,19000000
Río Güey,6040000
Río Haina,346000
Río Hamza,683000
Río Hanabanilla,155
Río Hanábana,87
Río Hatiguanico,3000
Río Heath,77
Río Henohaya,173
Río Higuamo,58200
Río Higuera,8860000
Río Higuito,93
Río Holmul,10100
Río Hondo,10700000
Río Hondo (Los Santos),968000
Río Hondo (Zacapa),276000
Río Humuya,110000
Río Ibare,140
Río Ibicuy,354000
Río Ibicuí da Cruz,46700
Río Ibicuí-Mirim,1400
Río Ibirapuitã,144
Río Ica,14300000
Río Icamaquã,15500
Río Ichilo,159000
Río Ichu,897000
Río Icán,9220
Río Igara Paraná,43400
Río Iguazú,4470000
Río Igurey,2100
Río Ijuizinho,32
Río Ijuí,125
Río Inhandava,7250
Río Inírida,958000
Río Ipire,57
Río Iracema,73
Río Irani,18000000
Río Ireng,303000
Río Iruyáñez,139
Río Isabela,38600000
Río Isana,310000
Río Isiboro,50100
Río Isluga,136
Río Issineru,363
Río Itaú,74
Río Itiyuro,94
Río Itonomas,93
Río Itu,65
Río Iténez,124000
Río Ivaí,1970000
Río Ivinhema,1040000
Río Ivirgarzama,172000
Río Ivón,5680000
Río Ixcán,166
Río Jacutinga,2460000
Río Jaguari (Río Grande del Sur),2170000
Río Jaguarizinho,5400
Río Jaibo,32300
Río Jaimanitas,110000
Río Jamboé,3040000
Río Jatibonico del Norte,27100
Río Jatibonico del Sur,34300
Río Jaurú,546000
Río Jejuí Guazú,27100
Río Jesús María,113
Río Jiboa,152
Río Jicatuyo,18400
Río Jigüe,19500
Río Jimenoa,75600
Río Jiquiabo,2310
Río Jobabo,183000
Río Jubones,157
Río Kaka,88
Río Katari,494000
Río Konawaruk,3120
Río Kuyuwini,3400
Río La Miel,34200000
Río La Pasión,162
Río La Paz,152000000
Río La Quiaca,148
Río La Villa,131000000
Río Laca Jahuira,135
Río Laja (Bolivia),342000
Río Lajeado Macuco,144000
Río Las Vacas,13500000
Río Lauca,411000
Río Lempa,391000
Río Leque,194
Río Leán,63000000
Río Limpio (Pedro Santana),87
Río Los Esclavos,160
Río Luis (Veraguas),89
Río Luyanó,170000
Río Mabay,18300
Río Macaco Branco,4900000
Río Macaguanigua,738
Río Macal,164000
Río Macarao,85600
Río Machángara,174
Río Madera (Amazonas),189
Río Madidi,318000
Río Madre Vieja,143
Río Madre de Dios,55500000
Río Mahaica,240000
Río Mahaicony,141000
Río Mahoma,100
Río Mahomita,101
Río Majagua,94
Río Mamoní,162
Río Mamorecillo,106
Río Mandinga,67
Río Manduvirá,49700
Río Maniqui,6670000
Río Mantaro,171
Río Mantua,106
Río Manupare,6030
Río Manuripi,43900
Río Manzanares (Venezuela),123
Río Mao (República Dominicana),6390000
Río Marañón (Holguín),38400
Río María Aguilar,33300000
Río María Linda,93
Río Masparro,23300
Río Mataje,164
Río Matanza-Riachuelo,174
Río Matasnillo,161
Río Matina,1330000
Río Maure,814000
Río Mayabeque,804000
Río Mayarí,434000
Río Mayo (Colombia),36500000
Río Mazaruní,2430
Río Mendihuaca,179000
Río Meta,180
Río Micay,145
Río Milagro,151
Río Mira (Colombia-Ecuador),50600000
Río Miranda,113000000
Río Mizque,200000
Río Moa (Cuba),389000
Río Mocotíes,28900
Río Monday,17700000
Río Monte Lindo,47300000
Río Mopán,246000
Río Moroco,60
Río Morona,1560000
Río Motagua,171
Río Motatán,53200
Río Moyja,147
Río Moyle,148000
Río Máximo,324000000
Río Nacaome,221000
Río Nahualate,15700
Río Najasa,52000
Río Nangaritza,141000
Río Napo,2360000
Río Naranjo,9210000
Río Naya,1730000
Río Negro (Amazonas),11200000
Río Negro (Bolivia-Paraguay),107
Río Negro (Centroamérica),136
Río Negro (Pando),1130000
Río Negro (Presidente Hayes),238000
Río Negro (Santa Cruz),116
Río Negro (Uruguay),28000000
Río Negro (localidad de Paraguay),42800000
Río Neverí,154000
Río Nipe,66
Río Nizao,208000
Río Nuevo Guadalquivir,4620000
Río Ocoa,126
Río Ocosito,145
Río Oirá,378000
Río Olimar,156
Río Orckojahuira,23200
Río Orituco,216000
Río Orosi,609000
Río Orthon,130
Río Ortiz Basualdo,63
Río Ostúa,27100
Río Otoro,227000
Río Ovejas,20900000
Río Ozama,164
Río Pacairigua,8370
Río Pacora,338000
Río Pacuare,202000
Río Palo Blanco,11200000
Río Pampas,56800000
Río Panches,24100
Río Pando,8570000
Río Pao,99
Río Papaloteca,53100
Río Paraguay,184
Río Paraguá,34900000
Río Paranapanema,36900
Río Paranaíba,40000000
Río Paraná,19000000
Río Paray,202000000
Río Parismina,57600
Río Parrita,474000
Río Paso Hondo,4720000
Río Passo Fundo,122000000
Río Pastaza,178
Río Patuca,202000
Río Patía,469000
Río Paucerna,6550
Río Paute,2150000
Río Pauto,279000
Río Paz,149000000
Río Pelotas,125
Río Pepirí Guazú,136
Río Peñas Blancas,33700000
Río Pilaya,145
Río Pilcomayo,801000
Río Pinheiros,13300000
Río Piojeras,2730
Río Piquirí,160
Río Piracicaba (São Paulo),19600000
Río Piribebuy,300000
Río Pisco,9920000
Río Pizote,79500
Río Platanar,374000
Río Plátano,13000000
Río Pocosol,66
Río Polochic,91600
Río Pomeroon,160000
Río Portuguesa,173
Río Potaro,161
Río Potiribu,14800
Río Poxté,1470
Río Puca,860000
Río Puruni,4040
Río Putani,30900
Río Putumayo,172
Río Quibú,25400
Río Quijos,306000
Río Quinimarí,6620
Río Quinto,40500000
Río Quiquibey,89
Río Quizer,292000
Río Rancho Grande,25100000
Río Reventazón,94100
Río Risaralda,162
Río Rita,113000000
Río Rocha,121000000
Río Rosario (Colonia),18800000
Río Rupununí,466
Río Sabogal,193000
Río Sacambaya,14300
Río Sacaya,9920
Río Sagua La Chica,58300
Río Sagua La Grande,310000
Río Sagua de Tánamo,201000
Río Sajama,364000
Río Salado (Buenos Aires),136
Río Salado (Cuba),318000
Río Salado (Paraguay),5360000
Río Salamá,1020000
Río Samalá,21400
Río Samaná Sur,1160000
Río San Agustín,45200000
Río San Antonio (Misiones),8490000
Río San Carlos (Costa Rica),53600000
Río San Carlos (Paraguay),128
Río San Diego (Cuba),27800000
Río San Francisco (Azuay),644000
Río San Francisco (Bogotá),165
Río San Francisco (Jujuy),5870000
Río San Isidro (Bolivia),139
Río San Jorge,170
Río San José (Uruguay),60500000
Río San Juan (Nicaragua),22600000
Río San Juan (Nueva Esparta),1090000
Río San Juan (Perú),86200000
Río San Juan (Uruguay),60300000
Río San Juan (municipio),56800000
Río San Juan del Oro,140
Río San Luis,396000000
Río San Martín,59200000
Río San Mateo,57200000
Río San Pablo,69900000
Río San Pedro (Cuba),12100000
Río San Pedro (Guatemala-México),45100000
Río San Pedro (Potosí),9320000
Río San Pedro (Venezuela),58900000
Río San San,1260000000
Río Santa Bárbara,186000000
Río Santa Cruz (Santa Catarina),19000000
Río Santa Lucía (Uruguay),27700000
Río Santa Lucía Chico,14600000
Río Santa María (Brasil),407000000
Río Santa María (Panamá),72100000
Río Santa Rosa,235000000
Río Santiago (Esmeraldas),100
Río Santo Cristo,44000000
Río Sapo,11700000
Río Sapoá,116
Río Saramaguacán,53
Río Sarapiquí,478000
Río Sarare,67800
Río Sarare (Portuguesa),15500
Río Sarstún,169
Río Savegre,157000
Río Secure,102
Río Seleguá,1210
Río Sereno (Chiriquí),186000
Río Sevilla,52700000
Río Sierpe,1100000
Río Silala,159
Río Sinú,1080000
Río Siparuní,479
Río Siquirres,464000
Río Sixaola,182
Río Suches,38600
Río Suchiate,365000
Río Sucio (Costa Rica),6070000
Río Sucio (El Salvador),4020000
Río Sucuriú,139
Río Suerte,69700000
Río Sumapaz,170
Río Sumpul,164
Río Surutú,122
Río Suzana,6520000
Río Suárez,22700000
Río São José dos Dourados,14000000
Río São Lourenço,152
Río Tabasará,29400
Río Taboão,6640000
Río Tacuarí,486000
Río Tacutu,21700
Río Tahuamanu,138000
Río Tallija,4880
Río Tamampaya,4460
Río Tamanduateí,207000
Río Tambopata,528000
Río Tana (Cuba),378000
Río Taquari (Mato Grosso del Sur),26000
Río Tarará,171000
Río Tarija,12100000
Río Tarqui,1090000
Río Tatasi,4800
Río Tebicuary,180
Río Tebicuarymí,26100
Río Tela,273000000
Río Telire,136
Río Tembey,15600
Río Tempisque,206000
Río Teribe,36500
Río Tieté,8590000
Río Tigre (Venezuela),16600000
Río Tijamuchi,6820
Río Tinto (Honduras),2590000
Río Tiribí,130
Río Tiwanaku,210000
Río Tiznados,139
Río Toa,159
Río Toachi,206000
Río Tocome,52
Río Tocuyo,295000
Río Tomebamba,353000
Río Tomo,88
Río Tonosí,197000
Río Torbes,1310000
Río Toro (Costa Rica),17100000
Río Toro Amarillo,20200000
Río Torola,112000
Río Toropi,728000
Río Tortuguero,1620000
Río Touro Passo,301000
Río Tres Amigos,152000000
Río Tuichi,29700
Río Tuira,155
Río Tumbes,174
Río Tunjuelo,73700
Río Tupuru,230
Río Turbio (Venezuela),161
Río Turrialba,1410000
Río Turvo,2950000
Río Tuy,123
Río Térraba,173000
Río Tínima,6500
Río Ucayali,2300000
Río Uchusuma,96
Río Ulúa,531000
Río Unare,175000
Río Upano,232000
Río Upata,226000
Río Upía,144
Río Uribante,67600
Río Uruguay,73000000
Río Usumacinta,566000
Río Vencálico-Acóteco,247
Río Ventuari,62000
Río Verde (Mato Grosso do Sul),188
Río Verde (Paraguay),139
Río Verde (localidad de Paraguay),90500000
Río Vichada,169
Río Viejo (Colombia),60800000
Río Villalobos,91
Río Virilla,169
Río Volcán,36800000
Río Warunta,86
Río Wawa,11700000
Río Yabazón,1860
Río Yabú,69400
Río Yacuambi,121000
Río Yacuma,198000
Río Yaguachi,344000
Río Yaguarón,205000
Río Yanuncay,387000
Río Yapacaní,281000
Río Yaque del Norte,247000
Río Yaque del Sur,219000
Río Yara,99
Río Yariapo,6930
Río Yata,527000
Río Yayabo,146
Río Yguazú,162
Río Yocoima,21400
Río Yorkin,115
Río Ypané,267000
Río Yumurí,175000
Río Yuna,562000
Río Yuruari,117
Río Zamora (Ecuador),14200000
Río Zapaleri,6830
Río Zapotal,367000
Río Zapote (Upala),145
Río Zarumilla,162
Río Zaza,2860000
Río Zuata,16500
Río da Várzea,140
Río das Antas (Santa Catarina),1240000
Río de Los Cántaros,1180000
Río de Oro (Catatumbo),95
Río de la Palma,319000000
Río de la Plata,142000000
Río del Medio (Aragua),1230000
Río del Norte,621000000
Río do Peixe (Santa Catarina),7080000
Río do Peixe (São Paulo),36200000
Río grande de San Miguel,155
Río Ñacunday,107000
Río Ñancahuazú,11300
Ríos de Baracoa,917000
S-117,1430000000
SAC (cable),31800000
SAIL (cable submarino),19800
SAm-1,64
SJC (cable),88
SMS Blücher,173000
SMS Cöln (1909),45
SMS Dresden (1908),118
SMS Dresden (1918),122
SMS Gneisenau (1908),10700
SMS Großer Kurfürst (1875),93
SMS Karlsruhe (1912),169000
SMS König Wilhelm (1868),12900
SMS Lützow,48200
SMS Mainz,64
SMS Moltke (1911),15600
SMS Nürnberg (1906),81
SMS Pommern,31800
SMS Rostock,223000
SMS Yorck,42000
SND Arena,6640000
SOFA (evento),19200000
SS Afric,69
SS Antilles,11200000
SS Athenia,50900
SS Baldur,616000
SS Bayardo,35800
SS Belgic,6500000
SS Bokhara,49400
SS Bombo,847000
SS Bärenfels (1921),3550
SS City of Brussels,109
SS City of New York,472000000
SS City of Paris (1888),3230000
SS Columbus (1924),1230000
SS Constitution,150
SS Coptic,993000
SS Cotopaxi,429000
SS Delhi,158000000
SS Dominator,3040000
SS Doric (1883),135
SS Duchess of York (1928),316000
SS Elbe,58
SS Fatshan,2230
SS Fort Mercer,1240000
SS Franz Fischer,5990000
SS Galileo Galilei,1250000
SS Hispania,1180000
SS Imo,78
SS Ivernia (1899),138
SS Jebba,16200
SS Katowice,4010000
SS Leopoldville,63800
SS Mahratta (1891),11300
SS Mohegan,86400
SS Monterey (1897),166000
SS Naronic,5290
SS Norge,59
SS Nubian,3360000
SS Oceana,9670000
SS President Coolidge,131
SS President Hoover,169
SS Princess Sophia,4400000
SS River Burnett,649000
SS Runic (1949),17600
SS Sapona,180
SS Stella,43800000
SS Torrington,202000
SS Volturno,705000
SS Yarmouth,1730000
SV Concordia,101
Sabal palmetto,224
Sabana Buey,712000
Sabana Cruz,17300000
Sabana Grande (Caracas),11400000
Sabana Grande de Boyá,170000
Sabana Grande de Palenque,967000
Sabana Iglesia,8520000
Sabana Larga,206
Sabana Larga (Comendador),44700
Sabana Perdida,3950000
Sabana Yegua,417000
Sabana de Parra,2540000
Sabana de la Mar,33700000
Sabana del Rupununí,443
Sabana inundable del Paraná,4970
Sabana mesopotámica del Cono Sur,9880
Sabaneta (Venezuela),6210000
Sabaneta de Palmas,1480000
Sabanetas,358000
Sabina Olmos,1220000
Sabores Golden,45200000
Sabulodes atropesaria,441
Sac Nicté (leyenda),213
Sacaca,1030000
Sacachispas (Uruguay),70
Sacacoyo,208000
Sacapulas,525000
Saccodon wagneri,1390
Saccopteryx antioquensis,3640
Saccopteryx bilineata,29800
Saccopteryx canescens,13800
Saccopteryx leptura,15600
Sacerdote sin cabeza,140
Sachatamia ilex,12400
Sachatamia orejuela,69
Sacoglottis guianensis,44
Sacoila argentina,2580
Sacrificio en la cultura maya,2880000
Sacrificios humanos en la cultura maya,830000
Sacrilegio (banda),127
Sacsamarca,70700
Sag Harbor,8490000
Sagittaria subulata,299000
Sagrada Familia,239
Sagrada serranía de los urus,2820
Sagua de Tánamo,216
Sagua la Grande,546000
Saguinus geoffroyi,53800
Saguinus imperator,62800
Saguinus labiatus,21600
Saguinus leucopus,129
Saguinus midas,42900
Saguinus mystax,24200
Saguinus nigricollis,24000
Saguinus tripartitus,5250
Saimiri boliviensis,101000
Saimiri oerstedii,225
Saimiri sciureus,252000
Saimiri sciureus albigena,165
Saimiri sciureus cassiquiarensis,9680
Saimiri sciureus macrodon,9380
Salar de Coipasa,133
Salar de Ollagüe,162000
Salar de Uyuni,8020000
Salcedo (República Dominicana),2280000
Salchipapa,4840000
Salinas Huito,21200
Salinas Yacht Club,1100000
Salinas de San Bernardo,5850000
Salinas del Bebedero,216
Salinoctomys loschalchalerosorum,684
Salinomys delicatus,141
Salitre (Costa Rica),4760000
Salitre (Ecuador),8450000
Salmerón (Miranda),667000
Salminus brasiliensis,125000
Salminus iquitensis,639
Salminus noriegai,577
Salsa agridulce,7850000
Salsa criolla,18800000
Salsa de chicatanas,124
Salsa de tomate,109000000
Salsa golf,46100000
Salsa huancaína,811000
Saltasaurus loricatus,7870
Saltator atriceps,165
Saltator grandis,157
Saltator maximus,190
Saltator similis,102000
Salto Aponwao,210
Salto Arapena,1410
Salto Cuquenán,972
Salto El Sapo,7090000
Salto Hueso,56
Salto Kamá,1380000
Salto Kawi,176
Salto Oshi,66400
Salto Pacheco,15100000
Salto Pará,286000000
Salto Roraima,4620000
Salto Sakaika,2010
Salto Torón,58600
Salto Yutajé,1890
Salto de Chilascó (Guatemala),9310
Salto del Guayabo,131
Salto del Penitente,137
Salto la Llovizna,433000
Salto Ángel,121
Saltos Grande y Chico,32300000
Saltos de Yacyretá-Apipé,158
Saltos del Guairá,328000
Saltos del Guairá (Paraguay),1640000
Saltos del Moconá,119
Saltstraumen,133
Saltur,62
Saludo vallenato,14500000
Salustiano Lezama,6140
Salvador Albert Schlaefer Berg,1300
Salvador Cardenal Argüello,75800
Salvador Mazza (Salta),150
Salvador Trapani,100
Salvador Vázquez Carmona,2190000
Salvador del Mundo (Asunción),16200000
Salvadora lemniscata,9510
Salvator merianae,80200
Salvia karwinskii,109
Salvia libanensis,1030
Samabaj,15600
Samaipaticereus corroanus,984
Samaipaticereus herrerae,744
Samaná,5760000
Sambo Creek,505000
Samborondón,145
Samson (barcaza grúa),2670
Samtampa,8330
San Agustín (1768),345000
San Agustín (El Salvador),22700000
San Agustín (Florida),10700000
San Agustín (La Habana),119
San Agustín (Potosí),107
San Agustín Acasaguastlán,154000
San Alejo (El Salvador),9780000
San Ana Mixtán,106000
San Andrés (Beni),5770000
San Andrés (Petén),614000
San Andrés Itzapa,205000
San Andrés Villa Seca,3540000
San Andrés de Machaca,114
San Antonio (Asunción),29400000
San Antonio (Canelones),1900000
San Antonio (Paraguay),81200000
San Antonio (Rocha),25000000
San Antonio (Salto),37800000
San Antonio (nao),92
San Antonio Aguas Calientes,4740000
San Antonio Este,512000000
San Antonio Huista,176000
San Antonio Ilotenango,138
San Antonio La Paz,146000000
San Antonio Los Ranchos,98
San Antonio Masahuat,168000
San Antonio Pajonal,335000
San Antonio Sacatepéquez,739000
San Antonio Suchitepéquez,605000
San Antonio de Guerra,144000000
San Antonio de la Cruz,86
San Antonio de los Baños,33600000
San Antonio del Golfo,108
San Antonio del Nuevo Mundo,170000000
San Antonio del Sur,396000000
San Bartolo (Totonicapán),133
San Bartolomé Jocotenango,184000
San Bartolomé Milpas Altas,229000
San Bartolomé Perulapía,53400
San Bartolomé de Pinllo,37400
San Benito (Petén),668000
San Bernardino (Suchitepéquez),131
San Blas (Asunción),3480000
San Borja (Bolivia),137
San Borja del Yí,242000
San Buenaventura (Bolivia),7040000
San Buenaventura (El Salvador),7720000
San Camilo Asentamiento 7,1820000
San Carlos (1767),2660000
San Carlos (El Salvador),143000000
San Carlos (República Dominicana),47800000
San Carlos Alzatate,108000
San Carlos Sija,243000
San Carlos de Río Negro,64500000
San Cayetano (Asunción),1130000
San Cayetano Istepeque,50300
San Celestino,122
San Clemente (Ica),662000
San Cosme y Damián,918000
San Cristóbal (Asunción),110
San Cristóbal (Bocas del Toro),1510000
San Cristóbal (Cuba),125
San Cristóbal (El Salvador),116
San Cristóbal (campamento minero),94700
San Cristóbal Acasaguastlán,128
San Cristóbal Verapaz,693000
San Diego (1600),158
San Diego (Carabobo),11800000
San Diego (Zacapa),1370000
San Diego de los Altos,43900000
San Dionisio (El Salvador),115
San Emigdio,119
San Estanislao (Paraguay),942000
San Esteban (1604),234000
San Esteban Catarina,834000
San Felipe (Retalhuleu),409000
San Fernando (Chalatenango),396000
San Fernando (Morazán),124
San Fernando (Nicaragua),122
San Francisco (1586),4310000
San Francisco (Ayacucho),11800000
San Francisco (Mocotíes),21600
San Francisco (Petén),124
San Francisco (Veraguas),1110000
San Francisco Chinameca,117
San Francisco Fútbol Club,33200000
San Francisco Javier (El Salvador),138
San Francisco Lempa,240000
San Francisco Libre,211000000
San Francisco Menéndez,122
San Francisco Zapotitlán,141
San Francisco de Asís (1767),92800
San Francisco de Jacagua,89100
San Francisco de Sigsipamba,79
San Francisco de Wayo,43600
San Francisco de Yare,563000
San Francisco de Yuruaní,102
San Francisco de las Sierras,6750000
San Fulgencio (1787),41300
San Félix (Falcón),8190000
San Gabriel (Suchitepéquez),129
San Gabriel (Uruguay),38300000
San Gerardo (El Salvador),20200000
San Gregorio de Carro,5790000
San Gregorio de Nigua,171000
San Ignacio (El Salvador),38600000
San Ignacio de Sabaneta,107
San Ildefonso (El Salvador),2800000
San Ildefonso Ixtahuacán,60100
San Isidro (Cabañas),123
San Isidro (Morazán),614000
San Isidro Labrador (El Salvador),120
San Isidro Lempa,103000
San Isidro de Galipán,15400
San Jacinto (Chiquimula),139
San Jacinto (Colombia),142
San Jacinto (Lima),103
San Jacinto del Búa,129
San Javier (Beni),114
San Javier (Uruguay),40300000
San Jerónimo (Baja Verapaz),138
San Jerónimo (Cusco),926000
San Joaquín (Beni),112
San Joaquín (Carabobo),782000
San Jorge (Asunción),15500000
San Jorge (El Salvador),81500000
San Jorge (Nicaragua),127
San Jorge (Uruguay),47500000
San José (1698),3860000
San José (El Salvador),150
San José (Petén),1790000
San José Guayabal,130
San José Las Cabezas,17900000
San José Obrero,14600000
San José de Areocuar,18900
San José de Bolívar,61700000
San José de Chimbo,122
San José de Los Remates,7720000
San José de Ocoa,924000
San José de Tarros (Honduras),102
San José de Tía,48000000
San José de Yarinacocha,106
San José de las Lajas,106
San José de las Matas,125
San José de los Molinos,7920000
San José del Golfo,132
San José la Arada,143
San Juan (Asunción),52800000
San Juan (Huasahuasi),45600
San Juan (Puerto Rico),150
San Juan (República Dominicana),59000000
San Juan (Veraguas),98
San Juan (parroquia de Puebloviejo),174000
San Juan Atitán,57500
San Juan Bautista (Huamanga),335000
San Juan Bautista (Ica),1680000
San Juan Bautista (Suchitepéquez),115000
San Juan Bautista de Ñeembucú,191000
San Juan Comalapa,880000
San Juan Ermita,15500000
San Juan La Laguna,87100000
San Juan Nepomuceno (Colombia),1390000
San Juan Nonualco,282000
San Juan Opico,693000
San Juan Ostuncalco,146
San Juan Talpa,109
San Juan Tecuaco,93700
San Juan Tepezontes,109
San Juan de Colón,45900000
San Juan de Limay,880000
San Juan de Lucanas,306000
San Juan de Macarapana,9870
San Juan de Oriente,104
San Juan de Payara,119000
San Juan de Pózul,77
San Juan de Sicilia,80
San Juan de Urabá,1440000
San Juan de los Remedios,33700000
San Juan del Paraná,17500000
San Juan del Sur,444000000
San La Muerte,285000000
San Lesmes,775000
San Lorenzo (Ahuachapán),285000
San Lorenzo (Chiriquí),729000
San Lorenzo (Ecuador),39500000
San Lorenzo (Nicaragua),15400000
San Lorenzo (San Marcos),30800000
San Lorenzo (San Vicente),28300000
San Lorenzo (Suchitepéquez),230000
San Lorenzo (Tarija),770000
San Lorenzo (municipio),118
San Lucas (Bolivia),42400000
San Lucas Sacatepéquez,831000
San Lucas Tolimán,139
San Luis (Petén),136
San Luis (Pinar del Río),3290000
San Luis (Santiago de Cuba),33900000
San Luis (Uruguay),108000000
San Luis (Venezuela),186000000
San Luis (Áncash),125
San Luis Jilotepeque,244000
San Luis La Herradura,129
San Luis Talpa,141
San Luis al Medio,87
San Luis del Carmen,98800000
San Marcos (El Salvador),76300000
San Marcos (Huari),144
San Marcos (Nicaragua),31800000
San Marcos (San Marcos),374000000
San Marcos La Laguna,36200000
San Martín (El Salvador),65700000
San Martín Jilotepeque,228000
San Martín Sacatepéquez,141
San Martín Zapotitlán,408000
San Martín de Gilapata,882
San Martín de Pangoa,201000
San Martín de Porres (Veraguas),91500
San Mateo Ixtatán,166000
San Mateo Ixtatán (zona arqueológica),2480
San Miguel (Ecuador),124
San Miguel (El Salvador),151000000
San Miguel (Putumayo),2180000
San Miguel Acatán,117000
San Miguel Centro,357000000
San Miguel Dueñas,123
San Miguel Ixtahuacán,168000
San Miguel Norte,213000000
San Miguel Oeste (El Salvador),19700000
San Miguel Tepezontes,147000
San Miguel de Aco,2090000
San Miguel de Curis,22100
San Miguel de Mercedes,100
San Miguel del Batey,184000
San Miguel del Ene,99
San Miguel del Padrón,7760000
San Miguelito (Píllaro),92600
San Nicolás (Nicaragua),24300000
San Nicolás de Bari (Cuba),698000
San Pablo (Asunción),133
San Pablo (Bolívar),15700000
San Pablo (San Marcos),72900000
San Pablo (Yaracuy),575000
San Pablo La Laguna,40500000
San Pablo Tacachico,204000
San Pablo de Lípez,111000
San Pedro (Guayaquil),91
San Pedro (Manuripi),51
San Pedro (nao),108
San Pedro La Laguna,144
San Pedro Masahuat,222000
San Pedro Perulapán,171000
San Pedro Sacatepéquez (Guatemala),150
San Pedro Sacatepéquez (San Marcos),1030000
San Pedro Soloma,339000
San Pedro de Alcántara (1788),119000
San Pedro de Cajas,31200000
San Pedro de Lóvago,164000
San Pedro de Macha,2350000
San Pedro de Quemes,8360000
San Pedro de Urabá,964000
San Pedro del Norte,124
San Pedro del Paraná,17200000
San Pedro y San Pablo,177000000
San Rafael (El Salvador),65600000
San Rafael Obrajuelo,252000
San Rafael Oriente,27000000
San Rafael Pie de la Cuesta,13700000
San Rafael de Mucuchíes,119000
San Rafael del Norte,85700000
San Rafael del Paraná,8540000
San Rafael del Piñal,170000
San Rafael del Sur,118000000
San Rafael del Yuma,1770000
San Rafael del Yuma (distrito),127
San Ramón (Beni),739000
San Ramón (El Salvador),135
San Ramón (Perú),55800000
San Raymundo,11200000
San Roque (Asunción),5370000
San Salvador,975000000
San Salvador (galeón),255000
San Salvador Este,447000000
San Salvador Norte,195000000
San Sebastián (Cuzco),146
San Sebastián (El Salvador),33200000
San Sebastián (Retalhuleu),286000
San Sebastián Coatán,120
San Sebastián Salitrillo,125
San Sebastián de Yalí,137
San Simón (El Salvador),15500000
San Simón (Táchira),2210000
San Vicente (Asunción),8000000
San Vicente (El Salvador),87200000
San Vicente (Uruguay),46300000
San Vicente Sur,140
San Vito (Coto Brus),247000
San Víctor (República Dominicana),17900000
Sanare,1550000
Sanchezia speciosa,22700
Sancho de Barahona,142000
Sancocho,4810000
Sandino (Cuba),845000
Sandra Alcázar,989000
Sandra Echeverría,2160000
Sandwich (Massachusetts),309000000
Sangalopsis altera,356
Sangalopsis coccineata,265
Sangría (bebida),4640000
Sangría Señorial,247000
Sangrías rituales en la Mesoamérica precolombina,2410
Sanjuanito,120
Sansare,575000
Santa (Perú),147
Santa Ana (1784),5050000
Santa Ana (Asunción),13700000
Santa Ana (Canelones),1660000
Santa Ana (Colonia),141
Santa Ana (El Salvador),124000000
Santa Ana (Guatemala),66600000
Santa Ana (Nueva Esparta),132
Santa Ana Huista,147000
Santa Ana del Yacuma,223000
Santa Ana-La Florida,107000000
Santa Apolonia (Guatemala),402000
Santa Apolonia (Mérida),315000
Santa Beatriz (Lima),23000000
Santa Bernardina,101
Santa Bárbara (Barinas),1570000
Santa Bárbara (Guatemala),11800000
Santa Bárbara (Suchitepéquez),183000
Santa Catalina (Cuba),8380000
Santa Catalina (La Victoria),22200000
Santa Catalina (Uruguay),124
Santa Catarina Barahona,551000
Santa Catarina Ixtahuacán,131
Santa Catarina Masahuat,122000
Santa Catarina Mita,123
Santa Catarina Pinula,1660000
Santa Catharina,1880000
Santa Clara (Chiriquí),992000
Santa Clara (El Salvador),79100000
Santa Clara de Olimar,362000
Santa Claus (Indiana),127
Santa Claus Village,26600000
Santa Cruz (La Guajira),69
Santa Cruz Analquito,83100
Santa Cruz Barillas,811000
Santa Cruz La Laguna,84700000
Santa Cruz Michapa,137000
Santa Cruz Muluá,116000
Santa Cruz Verapaz,2410000
Santa Cruz de Mora,78400000
Santa Cruz del Norte,260000000
Santa Cruz del Quiché,4090000
Santa Cruz del Sur,278000000
Santa Elena (Ecuador),41400000
Santa Elena (El Salvador),126
Santa Elena de Arenales,92
Santa Elena de la Cruz (Guatemala),15200000
Santa Eulalia (Guatemala),1070000
Santa Fe (Isla de la Juventud),2870000
Santa Fe (Sucre),122
Santa Fe (Veraguas),138
Santa Fe del Paraná (Paraguay),8600000
Santa Gema FC,84
Santa Isabel (1916),109
Santa Isabel (Península de Paria),111
Santa Isabel Ishuatán,95900
Santa Isabel de la Pedrera,266000
Santa Librada (Asunción),379000
Santa Lucía (Cuba),193000000
Santa Lucía (Ecuador),32300000
Santa Lucía (Nicaragua),255000000
Santa Lucía Cotzumalguapa,523000
Santa Lucía La Reforma,7280000
Santa Lucía Milpas Altas,345000
Santa Lucía Utatlán,148000
Santa Lucía del Este,60100000
Santa Lucía del Tuy,521000
Santa María (Asunción),17200000
Santa María (El Salvador),125
Santa María (Nicaragua),93200000
Santa María Cahabón,108000
Santa María Chiquimula,878000
Santa María Ixhuatán,135
Santa María Magdalena (1773),484000
Santa María Ostuma,121000
Santa María Visitación,112
Santa María de Heras,3830000
Santa María de Ipire,66100
Santa María de Jesús,141
Santa María de Nieva (Condorcanqui),67800
Santa María de Pantasma,138
Santa María de Tiznados,67
Santa María de Tézanos y las Ánimas (1699),995
Santa María de los Doce Apóstoles,1040000
Santa María del Rosario (Cuba),117
Santa María la Antigua del Darién,136
Santa Muerte,260000000
Santa Mónica (Maldonado),5470000
Santa Regina (Uruguay),112
Santa Rita (El Salvador),51300000
Santa Rosa (Asunción),23700000
Santa Rosa (Chiclayo),20500000
Santa Rosa (Ecuador),96100000
Santa Rosa (Guyana),11000000
Santa Rosa (La Mar),376000000
Santa Rosa (Uruguay),44600000
Santa Rosa de Cuzubamba,37400
Santa Rosa de Lima (El Salvador),132
Santa Rosa de Saccllani,934
Santa Rosa de Yacuma,189000
Santa Rosa de Yanamaru,516
Santa Rosa del Abuná,88
Santa Rosa del Aguaray,598000
Santa Rosa del Mbutuy,172000
Santa Rosa del Peñón,2740000
Santa Rosa del Sur,116
Santa Tecla (El Salvador),145
Santa Teresa (Cusco),123
Santa Teresa (Nicaragua),9480000
Santa Teresa (Rocha),9230000
Santaires,23600
Santamartamys rufodorsalis,147
Santiago (Ecuador),188000000
Santiago (Ica),119
Santiago (carabela),392000
Santiago Adamini,15600
Santiago Atitlán,144
Santiago Chalar,107000
Santiago Chimaltenango,113
Santiago Este,593000000
Santiago Gregorio Escobar,2890000
Santiago Nonualco,303000
Santiago Sur,384000000
Santiago Suárez (músico),3360000
Santiago de Cotagaita,93
Santiago de Huata,213000
Santiago de Machaca,128
Santiago de María,222000000
Santiago de Talamanca,384000
Santiago de Veraguas,143
Santiago de la Frontera,102
Santiago de las Vegas,67800000
Santo Domingo,518000000
Santo Domingo (Asunción),40500000
Santo Domingo (El Salvador),116000000
Santo Domingo (Mérida),137
Santo Domingo (Nicaragua),52200000
Santo Domingo (Táchira),3040000
Santo Domingo (Villa Clara),29600000
Santo Domingo Este,431000000
Santo Domingo Norte,228000000
Santo Domingo Oeste,78400000
Santo Domingo Suchitepéquez,335000
Santo Domingo de Guzmán (El Salvador),4850000
Santo Tomás (El Salvador),12000000
Santo Tomás (Nicaragua),145
Santo Tomás La Unión,5700000
Santo Tomás de Castilla,4240000
Santo Tomás del Norte,37700000
Santos Guayama,286000
Santos Mercado (municipio),75
Santuario Blanca Estrella de la Mar,1890000
Santuario Católico Eucarístico Diocesano San Antonio,14200
Santuario Nacional Los Manglares de Tumbes,50800
Santuario Nacional de Ampay,178
Santuario Nacional de Calipuy,18600
Santuario Suwa (Nagasaki),134
Santuario Virgen de Fátima (Ecuador),652000
Santuario de Cuicuno,8320
Santuario de Las Lajas,177
Santuario de Nuestra Señora de Cuapa,43700
Santuario de San Dionisio (Higüey),7400
Santuario de aves de Silanche,2090
Santuario de ballenas y delfines de Uruguay,165
Santuario de la Virgen de la Nube,3930000
Santuario del Cristo de los Milagros de Bayaguana,14800
Santuario histórico Bosque de Pómac,31700
Santuario histórico de Chacamarca,12100
Santuario histórico de Machu Picchu,606000
Santuario histórico de la Pampa de Ayacucho,68900
Santuario nacional Cordillera de Colán,9820
Santuario nacional Lagunas de Mejía,88400
Santuario nacional Megantoni,43700
Santuario nacional Pampa Hermosa,188000
Santuario nacional Tabaconas Namballe,15800
Santurantikuy,35100
Santísima Trinidad (1769),178000
Santísima Trinidad (Asunción),1220000
Santísimo Cristo de Telde,121
Sapahaqui,132000
Sapajus apella,132
Sapajus cay pallidus,70
Sapajus cay paraguayanus,888
Sapajus macrocephalus,106
Sapajus nigritus,126
Sapajus nigritus cucullatus,4450
Sapallanga,143
Sapchá,18200
Sapium glandulosum,119
Sapucai (Paraguay),381000
Sapzurro,131000
Saqra,266000
Saqueo de Asunción,251000
Sara Masi,17300000
Saraguro,954000
Sarandí de Navarro,212000
Sarandí del Arapey,89200
Sarape,1220000
Sarcohyla celata,675
Sarcohyla floresi,97
Sarcohyla hapsa,792
Sarcohyla miahuatlanensis,407
Sarcohyla toyota,462
Sardinella maderensis,35700
Sargocentron diadema,15500
Sarhua,134
Sarisariñama,29100
Sarita Colonia,122
Saro Vera,593000
Sarquí,17400
Sataspes,28300
Saturnino Pulla Jiménez,5860
Sauce de Batoví,224000
Sauce de Portezuelo,485000
Saucedo (Uruguay),46
Saucerottia beryllina,173
Saucerottia cyanura,5680
Saucerottia tobaci,5460
Sauces (Guayaquil),14200000
Saurauia scabrida,3460
Sauzon,267000
Savai'i,465000
Savannah,146
Savia Andina,123
Saxacalli,14700
Sayville,2200000
Sazanami (1932),6
Saúl Salinas,54
Scalenus ysmaeli,238
Scalesia affinis,174
Scapteromys hershkovitzi,637
Scapteromys tumidus,2590
Scaptia lata,2750
Scarlett Linares,122
Scarthyla goinorum,1560
Scarthyla vigilans,2160
Scarus guacamaia,75
Scarus taeniopterus,68
Scarus vetula,33400
Scavino,166
Scelidotherium,34400
Sceloporus acanthinus,961
Sceloporus carinatus,11900
Sceloporus internasalis,1320
Sceloporus lunae,17300
Sceloporus melanorhinus,80
Sceloporus siniferus,2740
Sceloporus smaragdinus,2680
Sceloporus taeniocnemis,1760
Schedorhinotermes bidentatus,386
Schedorhinotermes makilingensis,267
Schiffornis veraepacis,13000
Schinus marchandii,1450
Schismatothele,8380
Schizodon corti,1360
Schizodon succinctus,322
Schlei,108
Schreiteria macrocarpa,212
Scinax baumgardneri,720
Scinax danae,1890
Scinax granulatus,93
Scinax manriquei,1160
Scinax oreites,804
Scinax perereca,9760
Scinax quinquefasciatus,9650
Scinax squalirostris,140
Scinax sugillatus,1450
Scinax uruguayus,172
Scinax wandae,1270
Scituate (Massachusetts),146
Sciurillus pusillus,12700
Sciurus aestuans,13300
Sciurus aureogaster,16300
Sciurus deppei,124
Sciurus flammifer,1300
Sciurus gilvigularis,70
Sciurus granatensis,35700
Sciurus ignitus,8750
Sciurus igniventris,9430
Sciurus ingrami,9070
Sciurus pucheranii,5630
Sciurus pyrrhinus,2590
Sciurus richmondi,2180
Sciurus sanborni,1920
Sciurus spadiceus,7680
Sciurus stramineus,145
Sciurus variegatoides,17900
Sciurus yucatanensis,7050
Sclerocarpus uniserialis,2390
Scleronema guapa,288
Scleronema ibirapuita,503
Scleronema macanuda,1160
Scleronema milonga,466
Scleronema teiniagua,445
Scleronycteris ega,7270
Sclerostomus costatus,921
Sclerurus mexicanus,32300
Scobinancistrus aureatus,86
Scoloplax,28000
Scoloplax empousa,1030
Scomber colias,81800
Scomber scombrus,366000
Scomberesox saurus,19600
Scooby-Doo y el monstruo de México,156000
Scooby-Doo! Pirates Ahoy!,211000
Scophthalmus rhombus,43600
Scorpaenopsis possi,79
Scotinomys teguina,144
Scotinomys xerampelinus,136
Scutia buxifolia,18700
Scutopus robustus,571
Scutopus ventrolineatus,33
Scyliorhinus canicula,222000
Scyliorhinus haeckelii,79
Scymnodalatias oligodon,2850
Scymnodalatias sherwoodi,81
Scytalopus acutirostris,3900
Scytalopus affinis,19400
Scytalopus altirostris,3630
Scytalopus caracae,3290
Scytalopus chocoensis,3230
Scytalopus femoralis,97
Scytalopus frankeae,120
Scytalopus gettyae,2090
Scytalopus intermedius,9850
Scytalopus krabbei,7440
Scytalopus macropus,18100
Scytalopus meridanus,1310
Scytalopus robbinsi,2470
Scytalopus urubambae,2890
Scytalopus whitneyi,7280
Seabee,1300000
Searsport (Maine),584000
Sebald de Weert,60
Sebastes borealis,64
Sebastián Díaz Peña,23900000
Sebastián de Segurola,241000
Sebastopol (isla),503000
Seco (comida),240000000
Sectores de Guayaquil,135
Sedgwick (Maine),10100000
Sedición de Santa Rita,19300
Seguimos por lo Altoǃ,122
Segunda Campaña de Guangxi,26900
Segunda batalla del mar de Java,410000
Segunda expedición a Chiloé,55300
Segunda expedición a Kamchatka,15300
Segunda guerra sino-japonesa,8430000
Segunda toma de Las Tunas,157000
Segundo Frente (municipio),59500000
Segundo Puente sobre La Restinga,17600
Segundo Triunvirato (Argentina),93
Segundo combate naval de Iquique,82100
Segundo puente sobre el Lago de Maracaibo,525000
Segundo viaje de Colón,12800000
Seka Severin de Tudja,610
Selasphorus ardens,83
Selasphorus ellioti,153
Selección de béisbol de Chiriquí Occidente,31600
Selección de béisbol de Panamá Metro,410000
Selección de fútbol playa de Ecuador,9210000
Selección de rugby playa de Ecuador,198000
Selenicereus urbanianus,1370
Selenidera culik,2660
Selenidera reinwardtii,13300
Sellos navideños,3720000
Semana Santa en Antigua Guatemala,136
Semana Santa en Arequipa,40600000
Semana Santa en Ayacucho,14900000
Semana Santa en Guamal,321000
Semana Santa en Ipiales,3370000
Semana Santa en Lima,147000000
Semana Santa en Popayán,138
Semana de Lavalleja,718000
Semana de Turismo,243000000
Semana se trata de no más trata,448000000
Semaprochilodus taeniurus,9280
Semita (pan),688000
Semnornis frantzii,141
Semuc Champey,762000
Sena (Pando),198
Senbazuru,157000
Sendai (1924),77500
Sendero Las Escobas,697000
Senecio filaginoides,92
Senecio littoralis,98100
Senecio vaginatus,62500
Senepol,309000
Senna aphylla,173
Senna domingensis,14100
Sensembra,61
Sensuntepeque,568000
Sepia apama,27700
Sequeira (Uruguay),594000
Sequía en el Sur de Ecuador de 1968,87900
Sergio Ferrer,10600000
Sergio Galleguillo,276000
Sergio Gómez,48200000
Serie Provincial de Béisbol de Holguín,61800
Seriola dumerili,126
Seriola lalandi,188000
Serpiente Emplumada,951000
Serpiente cola negra (criatura fantástica maya),17000
Serpiente de la Visión,14000000
Serranus accraensis,669
Serranus aequidens,2620
Serranus africanus,16500
Serranía de Abibe,8510
Serranía de Ayapel,62
Serranía de Iniricarsama,3200
Serranía de La Lindosa,139
Serranía de Macuira,133
Serranía de Majé,67
Serranía de Piojó,11000
Serranía de San Jerónimo,81900
Serranía de Sunsas,69
Serranía de los Motilones,12500
Serranía del Aguaragüe,99
Serranía del Darién,103
Serranía del Empalado,1680
Serranía del Litoral central,380000
Serranía del Perijá,250000
Serrapinnus piaba,120
Serrasalmus altispinis,142
Serrasalmus compressus,140
Serrasalmus eigenmanni,4980
Serrasalmus elongatus,12000
Serrasalmus gouldingi,115
Serrasalmus hastatus,2830
Serrasalmus hollandi,124
Serrasalmus humeralis,4890
Serrasalmus irritans,80
Serrasalmus marginatus,12300
Serrasalmus nigricauda,16200
Serrasalmus rhombeus,42200
Serrasalmus sanchezi,3730
Serrasalmus serrulatus,2240
Serrasalmus spilopleura,8560
Sesori,354000
Setauket-East Setauket,2140000
Sete de Setembro (1874),179000
Setopagis whitelyi,958
Settsu (1912),135
Seven Centroamericano Femenino 2013,10800
Seven Sisters (Sussex),12600000
Seven Sudamericano Femenino 2008,5240
Seven Sudamericano Femenino 2023 (Asunción),112
Seven Sudamericano Masculino 2006,5500
Seven Sudamericano Masculino 2008,6990
Señor Difunto de Icod de los Vinos,9960
Señor de los Milagros (Arequipa),1320000
Señor y Virgen del Milagro,133
Shacsha,120
Shallotte (Carolina del Norte),27500
Shapish,42100
Shaqapas,11400
Shenrr,8
Sheryl Rubio,1810000
Shichirigahama,125
Shigure (1936),16200
Shihual,4490
Shikashika,35700
Shimakaze,2630000
Shin'yō (1943),7080
Shinano (1944),216000
Shiranui (1939),21300
Shopping del Sol,142000000
Shuangbaotai,17700
Shumba Bajo,25900
Shunroku Hata,66
Shōhō,662000
Shōkaku,405000
Siapaea,75
Sibanicú,254000
Sibayo,105000
Siberia (Cota),113
Sibilia (Quetzaltenango),133000
Sibinal,96
Sibon carri,12800
Sibon merendonensis,459
Sibon nebulatus,14100
Sibon sanniolus,721
Siboney,1490000
Sica Sica,21500000
Sicalis holmbergi,301
Sicalis luteola,41300
Sicalis mendozae,1850
Sicalis raimondii,137
Sicaya (Huancayo),185000
Sicuri,43800000
Sidestepper,728000
Sidral Mundet,556000
Sidymella sigillata,239
Siempreviva (Venezuela),123000
Sierra Baguales,37000
Sierra Carapé,197
Sierra Cristal,30900000
Sierra Geral,9710000
Sierra Imataca,142
Sierra La Culata,7870000
Sierra Madre de Chiapas,138
Sierra Maestra,31700000
Sierra Negra (Ecuador),30900000
Sierra Nevada de Mérida,2040000
Sierra de Agalta,31300
Sierra de Bahoruco,220
Sierra de Bergantín,88800
Sierra de Neiba,202
Sierra de Nipe,144
Sierra de Pacaraima,65500
Sierra de Parima,298000
Sierra de Pijol,6580
Sierra de Portuguesa,4700000
Sierra de Rinocote,720000
Sierra de Santa Cruz (Guatemala),95
Sierra de Santo Domingo (Venezuela),113
Sierra de Sol,165000000
Sierra de Sulaco,73000
Sierra de Tapirapeco,5400
Sierra de Tilarán,197
Sierra de Turquino,223000
Sierra de Uainama,357
Sierra de Unturan,1010
Sierra de la Cerbatana,51800
Sierra de la Cresta del Gallo,600000
Sierra de la Neblina,6730000
Sierra de la Plata,94900000
Sierra de las Minas,20600000
Sierra de las Ánimas,141
Sierra de los Cuchumatanes,124
Sierra de los Marrabios,984
Sierra de los Órganos (Cuba),2900000
Sierra del Canajagua,4130
Sierra del Lacandón,83900
Sierra del Merendón,129
Sierra del Mico,4610000
Sierra del Rosario,49600000
Sierra ecuatoriana,19500000
Sierras de Guasapampa,144
Sierras de Guasayán,17600
Sierras de Mahoma,36200
Sierras de Ybycuí,15600
Siete y tres,255000000
Sieyic,11700
Siga el baile,51200000
Siganus,620000
Siganus argenteus,112
Siganus canaliculatus,38300
Siganus corallinus,20600
Siganus doliatus,14200
Siganus fuscescens,171
Siganus guttatus,53300
Siganus javus,14000
Siganus lineatus,38800
Siganus puellus,8860
Siganus punctatissimus,3340
Siganus punctatus,26100
Siganus spinus,25100
Siganus sutor,122
Siganus uspi,5320
Siganus vermiculatus,11100
Siganus virgatus,23200
Siganus vulpinus,62700
Sigmodon inopinatus,5680
Sigmodon peruanus,157
Sigmodon toltecus,3550
Sigmops bathyphilum,802
Sigmops elongatum,71
Sigo siendo (Kachkaniraqmi),3940
Siguanaba,177000
Sihuas,134
Siku,77500000
Sikumoreno,4490
Silhouettea insinuans,18200
Silla de Gibara,151
Silpha longicornis,4830
Silverstoneia flotator,3280
Silvestre Tiburcio Noyola Rodríguez,9810
Silvinichthys gualcamayo,215
Silvinichthys huachi,392
Silvinichthys leoncitensis,665
Silvinichthys pachonensis,302
Silvinichthys pedernalensis,444
Silvio José Báez Ortega,290000
Sima Los Escorpiones,18500
Sima Martel,346000
Sistema Guatemalteco de Áreas Protegidas,147
Sistema Nacional de Áreas Protegidas (Uruguay),1300000
Sistema Nacional de Áreas Protegidas de Cuba,129
Sitio histórico Loma del Hierro,125000
Sitona discoideus,5040
Sittasomus griseicapillus,54200
Sittasomus griseus,28500
Siuna,120
Sivia,1200000
Sixaola (Costa Rica),133
Skagerrak,1170000
Skarnsund,68
Skottsbergia paradoxa,188
Smilisca cyanosticta,2400
Smilisca dentata,8490
Smilisca manisorum,1020
Smilodon,1450000
Smultring,84300
Snyderidia canina,561
Soberanía (Bolivia),5910000
Solanum donianum,4400
Soldado del Zigzag,245000
Soledad (álbum),41100000
Solenodon arredondoi,861
Solenodon cubanus,8160
Solenodon paradoxus,27000
Solenopsis solenopsidis,982
Solenoptera dominicensis,586
Son huasteco,1710000
Son jarocho,122
Son nica,45100000
Sonsonate,12300000
Sonsonate Centro,137
Sonzacate,115
Soná,567000
Sonís,384000000
Soorts-Hossegor,921000
Sopa de cacahuete,184
Sopa de quinua,4570000
Sopachuy,101000
Sopaipilla,632000
Sorata,1330000
Sorex saussurei,8230
Sorex sclateri,15400
Sparganopseustis elimata,405
Sparganopseustis flaviciliana,189
Sparganopseustis flavicirrata,241
Sparganopseustis garlaczi,205
Sparganopseustis geminorum,284
Sparganopseustis martinana,347
Sparganopseustis myrota,274
Sparganopseustis ningorana,246
Sparganopseustis niveigutta,169
Sparganopseustis tessellata,311
Sparganopseustis unipunctata,283
Sparganopseustis unithicta,120
Sparganothoides morata,324
Sparganothoides ocrisana,181
Sparganothoides polymitariana,356
Sparganothoides proselana,345
Sparganothoides silaceana,215
Sparganothoides teratana,123
Spatuloricaria caquetae,2430
Spectre (película),2200000
Speculanas specularis,19800
Spondias purpurea,420000
Spondyliosoma cantharus,37500
Sporetus distinctus,265
Sporophila corvina,89
Sporophila hypoxantha,38500
Sprattus sprattus,230000
Springfield Doughnut,1140000
Squaliolus aliae,141
Squalus acanthias,125
Squalus acutirostris,3340
Squalus albifrons,9910
Squalus altipinnis,3420
Squalus blainville,24000
Squalus cubensis,13600
Starnoenas cyanocephala,15200
Stefania ginesi,7670
Stegastes fuscus,23000
Stegastes rocasensis,1360
Stegostoma tigrinum,171
Steirastoma anomalum,218
Steirastoma poeyi,595
Stella Crisci,361000
Stellar Banner,200
Stellifer chaoi,70
Stellifer rastrifer,5490
Stenella clymene,106
Stenella frontalis,136000
Stenocercus pectinatus,48
Stenochrus portoricensis,63
Stenolophus karasawai,361
Stenolophus kurosai,569
Stenolpium insulanum,432
Stenoma cycnolopha,426
Stenoma futura,1080
Stenorhopalus gracilipes,286
Stenorrhina degenhardtii,165
Stephanopis erinacea,246
Stepán Makárov,578000
Stercorarius maccormicki,49300
Sterculia apetala,35800
Sterna dougallii,73100
Sterna paradisaea,455000
Sternidius batesi,291
Sternidius crassulus,257
Sternidius gracilipes,442
Sternidius nivosus,326
Sternidius rosaliae,283
Sternidius rossi,906
Sternidius subfascianus,439
Sternula albifrons,104
Sternula nereis,77
Steromapedaliodes sanchezi,447
Steuben (Maine),3530000
Stichoplastoris angustatus,427
Stichoplastoris longistylus,548
Stichoplastoris schusterae,434
Stigmatura budytoides,7450
Stilpnia larvata,27300
Stilpnia phillipsi,2230
Stiphropus sangayus,382
Stockton Springs,60900000
Stonington (Connecticut),3310000
Strabomantis anatipes,701
Strabomantis cerastes,63
Strabomantis helonotus,53
Stramonita haemastoma,27900
Strangalia auripilis,1
Strangalia beierli,7
Strangalia biannulata,554
Strangalia bicolorella,599
Strangalia cavaventra,799
Strangalia penrosei,508
Strangalia sallaei,950
Strangalia sinaloae,303
Stratford (Connecticut),26400000
Streptoprocne phelpsi,1760
Strix chacoensis,9400
Strix rufipes,31700
Strix virgata,187
Strongylaspis antonkozlovi,325
Strongylaspis dohrni,1100
Strongylaspis hirticollis,734
Strongylaspis kraepelini,566
Strongylaspis kraepelini parvula,441
Strongylaspis sericans,552
Strudel,11800000
Sturisoma,81400
Sturisoma monopelte,684
Sturisomatichthys aureus,88
Sturnira erythromos,89
Sturnira lilium,32900
Sturnira luisi,2700
Sturnira magna,9770
Sturnira nana,77
Styloleptus cubanus,214
Styloleptus nigronotatus,220
Styloleptus zorrillai,3
Styracura schmardae,3150
Subfusil Tipo 100,691000
Sublevaciones autonomistas de Borges,1000
Submarino (bebida),3720000
Submarino K-278 Komsomolets,3390
Submarino U 1 (1935),164
Submarino japonés de Primera Clase,194
Submarino soviético K-129,193
Submarino soviético K-8,165000
Subulo gouazoubira,8720
Suchitoto,133
Sudamericano Juvenil A de Rugby 2018,24200
Sudamericano Juvenil B de Rugby 2018,11800
Sudamericano Juvenil B de Rugby 2023,78
Sudamericano Juvenil B de Rugby 2025,25000
Sudamericano Juvenil M18 de Rugby 2018,1020
Sudamericano Juvenil de Rugby 1988,7120
Sudamericano Juvenil de Rugby 2003,12300
Sudamericano de Rugby 1975,14300
Sudamericano de Rugby 1985,20000
Sudamericano de Rugby B 2005,33300
Sudamericano de Rugby B 2018,78400
Sudamericano de Rugby C 2013,60500
Sudamericano de Rugby C 2017,88
Sudamericano de Rugby M21 1998,324
Sudamericano de Rugby M21 2001,325
Sumaco,368000
Sumida (1906),198000
Sumpa,74
Sumpango,146
Susupillo,8560
Susy de Pompert,2110
Suzutsuki,221000
Suzuya (1937),40600
Sué,355000
Svinesund,126
Swietenia humilis,73
Swietenia macrophylla,140
Sylvilagus andinus,93
Sylvilagus dicei,4110
Sylvilagus floridanus,301000
Sylvilagus varynaensis,77
Symphysodon,292000
Symphysodon discus,292000
Symploce japonica,1470
Symsagittifera roscoffensis,11600
Synallaxis castanea,17600
Synallaxis chinchipensis,2810
Synallaxis courseni,3300
Synallaxis erythrothorax,7000
Synallaxis hypochondriaca,2700
Synallaxis zimmeri,3440
Synapturanus danta,11100
Synbranchus madeirae,120
Synchiropus altivelis,10400
Synchiropus atrilabiatus,1030
Synchiropus bartelsi,1100
Synchiropus delandi,1620
Synchiropus grinnelli,1480
Synchiropus ijimae,4950
Synchiropus kuiteri,1040
Synchiropus laddi,6240
Synchiropus morrisoni,135
Synchiropus moyeri,3110
Synchiropus novaecaledoniae,2570
Synema batarasa,65
Synema chikunii,266
Synema fuscomandibulatum,588
Synema haenschi,297
Synema illustre,490
Synema latispinum,105
Synema lopezi,397
Synema luridum,572
Synema madidum,335
Synema nigrianum,203
Synema nigrum,13400
Synema palliatum,187
Synema parvulum,7040
Synema pusillum,781
Synema putum,262
Synema trimaculosum,871
Synema vittatum,2110
Syngnathoides biaculeatus,13400
Syngnathus typhle,35700
Synodus synodus,202
Synophis insulomontanus,95
Syntheosciurus brochus,13600
Synthliboramphus craveri,155
Synthliboramphus hypoleucus,6890
Systema Solar,1030000
Sábado Sangriento (fotografía),1200000
Sámara (Costa Rica),575000
Sánchez (municipio),30700000
Sándwich de miga,10100000
Sándwich de milanesa,14900000
Sébaco,1280000
Sórkura,6400
Sātā andāgī,67000
Tacarigua de la Laguna,166000
Tachiraptor admirabilis,221
Tachychlora amilletes,472
Tachychlora baeogonia,377
Tachychlora flavidisca,129
Tachychlora intrapunctata,70
Tachycineta bicolor,197
Tachycineta cyaneoviridis,59
Tachyeres brachypterus,20200
Tachyeres leucocephalus,117
Tachyeres patachonicus,17300
Tachyeres pteneres,10100
Tachymenoides,61
Tachyphonus surinamus,9020
Taco,280000000
Tacobamba,229000
Tactago,7570
Tactic,59800000
Tacuaras (Paraguay),342000
Tacuatí,95
Tacuba (El Salvador),971000
Tacumbú,480000
Tacuruses,100
Tacutacu,1430000
Tadarida brasiliensis,140
Tadeo Zarratea,116
Taeniotes peruanus,740
Taeniotes simplex,1200
Taeniura lymma,91100
Taeniurops meyeni,10600
Tagelus dombeii,5540
Tagetes minuta,420000
Taguasco,209000
Tahua,1350000
Taihō (1944),119000
Tailandia en la Segunda Guerra Mundial,102
Taiping (vapor),70800
Taiyo Maru (1911),9780
Taiyō (1941),69
Tajadas,2550000
Tamal,9410000
Tamandua mexicana,138
Tamandua tetradactyla,206000
Tamanique,296000
Tamboril (República Dominicana),582000
Tamborileros de Tabasco,106000
Tamborileros del Sur,35700
Tamborita (Bolivia),119
Tamborito,277000
Tambraico,85
Tang Enbo,42
Tangara johannae,22700
Tangara rufigenis,68
Tango,125
Tango ballet,142
Tango canción,159
Tango electrónico,7870000
Tango para Chicos,11000000
Tango rock,188
Tango romanza,116
Tannat (uva),1090000
Tantilla bairdi,11600
Tantilla brevicauda,3340
Tantilla cuniculator,757
Tantilla impensa,771
Tantilla jani,1590
Taoniscus nanus,144
Tapado esmeraldeño,4510
Tapalhuaca,118000
Taparito,56
Tarabuco,135
Taraco (La Paz),124000
Taragüi (yerba mate),235
Tarapoa (parroquia),49700
Tarateño Rojas,9270
Taraxacum officinale,3640000
Tardguec Francisco Ferrer,296
Tarefero,35200
Tarifa (Samborondón),131
Tarima (baile),9590000
Tarjeta navideña,30200000
Tarka,6530000
Tarkada,106
Tarmatambo (localidad),3200
Tarqueada,119
Tarragó Ros,353000
Tarsoporosus flavus,270
Tarsoporosus yustizi,349
Tarta de limón con merengue,138
Tarumania walkerae,673
Tarumá (cerro),160000
Tarvita,81
Tasajeras,51100
Tasajo,619000
Tata Cedrón,30300
Tatemado,118
Tatewari,52800
Tatia jaracatia,38800
Tato Marenco,53100
Tauca (Pallasca),34600
Tavaí,90000
Taxisco,123
Tayassu pecari,217000
Taypaliito,25300
Tazumal,409000
Taínos de La Española,2120000
Taú y Keraná,4820
Teatro Asiático-Pacífico,3780000
Teatro Bayamo,71
Teatro Brunet,258000
Teatro Eddy Suñol,16300
Teatro Lírico Rodrigo Prats,30700
Teatro Manzanillo,364000
Teatro Milanés,538000
Teatro Municipal Ignacio A. Pane,164
Teatro Sauto,169000
Teatro Tunas,3520000
Teatro Vicente Mora,4480000
Teatro de Venezuela,76200000
Teatro de Verano Ramón Collazo,169000
Teatro municipal Alberto Saavedra Pérez,155
Tebicuary (Paraguay),143
Tebicuarymí,219000
Tecapán,91
Tecate Coordenada,50200
Tecla Tofano,5890
Tecnocumbia,478000
Tecoluca,607000
Tecomapiloa,591
Tecpán Guatemala,136
Tectitán,123000
Tecuí,107
Teius suquiensis,1240
Tejate,237000
Tejidos weenhayek,7080
Teju jagua,23900
Tejutepeque,129
Tejutla (El Salvador),243000
Tejutla (Guatemala),240000
Telecristal,102
Teledromas fuscus,10800
Teleférico de Caracas,752000
Teleférico de Mérida,440000
Teleocichla centisquama,735
Teleocichla centrarchus,2000
Teleocichla cinderella,1130
Teleocichla gephyrogramma,616
Teleocichla monogramma,968
Teleocichla prionogenys,826
Telica,635000
Telica (volcán),262000
Telmatobius atacamensis,80
Telmatobius bolivianus,2490
Telmatobius brachydactylus,87
Telmatobius ceiorum,1110
Telmatobius contrerasi,2380
Telmatobius degener,844
Telmatobius edaphonastes,625
Telmatobius espadai,621
Telmatobius gigas,4850
Telmatobius hauthali,892
Telmatobius hintoni,1100
Telmatobius hypselocephalus,674
Telmatobius intermedius,3390
Telmatobius jelskii,1960
Telmatobius stephani,2860
Telmatobius truebae,935
Telmatobius ventriflavum,766
Telmatobius verrucosus,2160
Telmatobius yuracare,3970
Telmatoblechnum serrulatum,2940
Telégrafo Mercantil,87
Tembetary,151
Tembladera (Contumazá),20600
Tempestad de Halloween de 1991,5670
Templo Masónico de Palma,242000
Templo de Asunción (Paraguay),12100000
Templo de Cobán,172
Templo de Fort Lauderdale,243000
Templo del Gran Jaguar,1410000
Templo del Sol (Sogamoso),35200
Temporada de ciclones del Pacífico Sur de 2004-2005,5580
Temporada de ciclones en el Pacífico Sur de 2008-2009,6920
Temporada de ciclones en el Pacífico Sur de 2013-2014,7190
Temporada de ciclones en el Pacífico Sur de 2016-2017,8780
Temporada de ciclones en el Pacífico Sur de 2020-2021,10500
Temporada de ciclones en la región australiana de 1999-2000,3890
Temporada de huracanes del Atlántico,140
Temporada de huracanes del Atlántico de 1492-1524,87
Temporada de huracanes del Atlántico de 1525-1549,104
Temporada de huracanes del Atlántico de 1550-1574,89
Temporada de huracanes del Atlántico de 1840,4440
Temporada de huracanes del Atlántico de 1914,68
Temporada de huracanes del Atlántico de 1950,28100
Temporada de huracanes del Atlántico de 1960,24400
Temporada de huracanes del Atlántico de 1964,14600
Temporada de huracanes del Atlántico de 1965,85
Temporada de huracanes del Atlántico de 1966,16700
Temporada de huracanes del Atlántico de 1968,86
Temporada de huracanes del Atlántico de 1969,20800
Temporada de huracanes del Atlántico de 1970,95
Temporada de huracanes del Atlántico de 1971,90
Temporada de huracanes del Atlántico de 1995,92
Temporada de huracanes del Atlántico de 1996,37000
Temporada de huracanes del Atlántico de 2000,67600
Temporada de huracanes del Atlántico de 2001,39300
Temporada de huracanes del Atlántico de 2002,41700
Temporada de huracanes del Atlántico de 2003,45600
Temporada de huracanes del Atlántico de 2004,50900
Temporada de huracanes del Atlántico de 2005,209000
Temporada de huracanes del Atlántico de 2006,54300
Temporada de huracanes del Atlántico de 2007,55800
Temporada de huracanes del Atlántico de 2008,53600
Temporada de huracanes del Atlántico de 2009,52500
Temporada de huracanes del Atlántico de 2010,72500
Temporada de huracanes del Atlántico de 2011,68800
Temporada de huracanes del Atlántico de 2012,63400
Temporada de huracanes del Atlántico de 2013,61800
Temporada de huracanes del Pacífico de 1993,43800
Temporada de huracanes del Pacífico de 1994,41500
Temporada de huracanes del Pacífico de 1995,53300
Temporada de huracanes del Pacífico de 1997,78
Temporada de huracanes del Pacífico de 1998,58000
Temporada de huracanes del Pacífico de 2000,73600
Temporada de huracanes del Pacífico de 2001,57000
Temporada de huracanes del Pacífico de 2002,94
Temporada de huracanes del Pacífico de 2003,55200
Temporada de huracanes del Pacífico de 2004,58900
Temporada de huracanes del Pacífico de 2005,93
Temporada de huracanes del Pacífico de 2006,88
Temporada de huracanes del Pacífico de 2007,64800
Temporada de huracanes del Pacífico de 2008,90
Temporada de huracanes del Pacífico de 2009,58800
Temporada de huracanes del Pacífico de 2010,72500
Temporada de huracanes del Pacífico de 2011,66200
Temporada de huracanes del Pacífico de 2012,69700
Temporada de huracanes del Pacífico de 2013,102
Temporada de huracanes del Pacífico de 2014,236000
Temporada de huracanes del Pacífico de 2015,292000
Temporada de huracanes del Pacífico de 2016,103
Temporada de huracanes del Pacífico de 2017,293000
Temporada de huracanes del Pacífico de 2018,323000
Temporada de huracanes del Pacífico de 2019,349000
Temporada de huracanes del Pacífico de 2020,406000
Temporada de huracanes del Pacífico de 2021,359000
Temporada de huracanes del Pacífico de 2022,107
Temporada de huracanes del Pacífico de 2023,397000
Temporada de huracanes del Pacífico de 2024,499000
Temporada de huracanes del Pacífico de 2025,131
Temporada de huracanes en el Atlántico de 1941,7880
Temporada de tifones del Pacífico de 1900,5130
Temporada de tifones del Pacífico de 1901,1480
Temporada de tifones del Pacífico de 1927,1400
Temporada de tifones del Pacífico de 1931,1860
Temporada de tifones del Pacífico de 1939,2440
Temporada de tifones del Pacífico de 1940,3700
Temporada de tifones del Pacífico de 1941,2050
Temporada de tifones del Pacífico de 1942,1190
Temporada de tifones del Pacífico de 1943,1970
Temporada de tifones del Pacífico de 1947,2560
Temporada de tifones del Pacífico de 1980,7900
Temporada de tifones del Pacífico de 1990,128
Temporada de tifones del Pacífico de 1991,6370
Temporada de tifones del Pacífico de 2001,9390
Temporada de tifones del Pacífico de 2002,8330
Temporada de tifones del Pacífico de 2004,9170
Temporada de tifones del Pacífico de 2005,11100
Temporada de tifones del Pacífico de 2006,8330
Temporada de tifones del Pacífico de 2009,9390
Temporada de tifones del Pacífico de 2013,11300
Temporada de tifones del Pacífico de 2014,119
Temporada de tifones del Pacífico de 2015,11700
Temporada de tifones del Pacífico de 2016,8620
Temporada de tifones del Pacífico de 2017,111
Temporada de tifones del Pacífico de 2018,145
Temporada de tifones del Pacífico de 2019,13200
Temporada de tifones del Pacífico de 2020,147
Temporada de tifones del Pacífico de 2021,11500
Temporada de tifones del Pacífico de 2022,146
Temporada de tifones del Pacífico de 2025,166
Temporada navideña,44300000
Temporadas de tifones del Pacífico antes de 1850,2430
Temporadas de tifones del Pacífico en la década de 1850,1420
Temporadas de tifones del Pacífico en la década de 1860,1260
Temporadas de tifones del Pacífico en la década de 1870,1160
Temporadas de tifones del Pacífico en la década de 1880,1930
Temporadas de tifones del Pacífico en la década de 1890,1150
Temporal de 2005 en Uruguay,161
Temporal de setiembre de 2012 en Uruguay,80900
Tena (Ecuador),24700000
Tenancingo (El Salvador),118
Tenango (bordado),404000
Tenares,778000
Tenasucá,15900
Tenate,107000
Tenellus ternetzi,1820
Tenellus trimaculatus,11600
Tenencia de gobierno de Santa Fe,1810000
Tenguel,272000
Teniente Esteban Martínez,1180000
Teniente José María Fariña,258000
Tenjo,3270000
Tenryū (1919),11700
Tensión peruano-ecuatoriana de 1910,179000
Teo Galíndez,129
Teoponte (municipio),64700
Teorías sobre el asentamiento premaorí en Nueva Zelanda,188
Teotepeque,266000
Tepecoyo,186000
Tepetitán (El Salvador),110000
Tepeyóllotl,18000
Tephrocactus alexanderi,16400
Tephrocactus aoracanthus,80
Tephrocactus geometricus,137000
Teponaztli,123
Tepuihyla aecii,457
Tepuihyla celsae,434
Tepuihyla edelcae,820
Tepuihyla exophthalma,6910
Tepuihyla galani,452
Tepuihyla luteolabris,559
Tepuihyla rimarum,605
Tereré,3640000
Teresa Carvallo Rey,343000
Teresa Durán Sandoval,2520000
Teresa Parodi,1920000
Teresín Jaén,5820
Teretistris fernandinae,3810
Teretistris fornsi,3490
Termas del Arapey,407000
Termas del Daymán,213000
Termas del Guaviyú,125000
Terminal (Asunción),136
Terminal Cuenca del Plata,137
Terminal Internacional de Manzanillo,774000
Terminal Internacional de PSA Panamá,60100
Terminal Terrestre Regional de Santa Elena,160000
Termoeléctrica Lidio Ramón Pérez,18700
Terra Nova (barco),19800000
Terremoto de Ambato de 1698,147
Terremoto de Ambato de 1949,52300
Terremoto de Chiapas de 2017,414000
Terremoto de Chiapas de 2019,92000
Terremoto de Colombia de 1979,1070000
Terremoto de Costa Rica de 1991,1170000
Terremoto de Costa Rica de 2004,1430000
Terremoto de Costa Rica de 2009,1440000
Terremoto de Costa Rica de 2012,1470000
Terremoto de Cuba de 1932,127
Terremoto de Cuba de 2024,4850000
Terremoto de Ecuador de 2016,183
Terremoto de Ecuador de 2023,158
Terremoto de Ecuador y Colombia de 1906,331000
Terremoto de Ecuador y Colombia de 1958,390000
Terremoto de El Salvador de 1658,18300
Terremoto de El Salvador de 1965,162
Terremoto de El Salvador de 1982,1180000
Terremoto de El Salvador de 2014,516000
Terremoto de Guatemala de 1717,156
Terremoto de Guatemala de 1751,119
Terremoto de Guatemala de 1874,34800
Terremoto de Guatemala de 1902,152
Terremoto de Guatemala de 1913,64100
Terremoto de Guatemala de 1917,413000
Terremoto de Guatemala de 1942,135
Terremoto de Guatemala de 1976,168
Terremoto de Guatemala de 2007,238000
Terremoto de Guatemala de 2011,1070000
Terremoto de Guatemala de 2012,1120000
Terremoto de Guatemala de 2017,1400000
Terremoto de Guatemala de 2022,182
Terremoto de Honduras de 2018,156
Terremoto de Managua de 1931,71000
Terremoto de Managua de 1968,30000
Terremoto de Managua de 1972,269000
Terremoto de Mendoza de 1782,15800
Terremoto de Nicaragua de 1956,337000
Terremoto de Nicaragua de 1992,490000
Terremoto de Nicaragua de abril de 2014,156
Terremoto de Nicaragua de octubre de 2014,96200
Terremoto de Panamá de 1621,11400
Terremoto de Panamá de 1882,127
Terremoto de Panamá de 1913,60300
Terremoto de Panamá de 1934,130
Terremoto de Puerto Armuelles de 2003,138
Terremoto de Puerto Plata de 2003,140
Terremoto de Quito de 2014,161
Terremoto de República Dominicana de 1946,355000
Terremoto de Riobamba de 1797,23400
Terremoto de San Estanislao de 1822,114
Terremoto de San Salvador de 1917,555000
Terremoto de San Salvador de 1986,1040000
Terremoto de Santiago del Estero de 1817,6540
Terremoto de Trancas de 1826,1530
Terremoto del Río de la Plata de 1888,145
Terremoto en Honduras de 2009,155
Terremotos de Costa Rica de 1910,342000
Terremotos de Ecuador de 1868,28900
Terremotos de Ecuador de 1987,373000
Terremotos de El Salvador 1951,163
Terremotos de El Salvador de 2001,708000
Terremotos de Guatemala de 2025,1380000
Terremotos de Puntarenas de 2017,18900
Terremotos de Santa Marta,483000
Territorio Federal Colón,2380000
Territorio Federal Yuruari,83
Territorio Indígena Alto Chirripó,22800
Territorio Indígena Bajo Chirripó,16300
Territorio Indígena Cabecar Talamanca,31300
Territorio Indígena China Kichá,11000
Territorio Indígena Matambú,6880
Territorio Indígena Nairi-Awari,100
Territorio Indígena Ngobe-Bugle de Abrojos Montezuma,97
Territorio Indígena Ngobe-Bugle de Altos de San Antonio,3970
Territorio Indígena Ngobe-Bugle de Conte Burica,1330
Territorio Indígena Ngobe-Bugle de Coto Brus,116
Territorio Indígena Ngobe-Bugle de Osa,2560
Territorio Indígena Tayní,4000
Territorio Indígena Telire,118
Territorio Indígena Ujarrás,16700
Territorio insular Francisco de Miranda,333000
Territorios indígenas de Costa Rica,144
Tesoro de Lima,27800000
Tesoro de la Llanganatis,29600
Teta Tinaquillo,19900
Teta de Hilaria,35000
Tethya aurantium,15100
Tetragonopterus signatus,921
Tetranematichthys wallacei,1520
Tetronarce californica,8850
Tetronarce microdiscus,351
Tetronarce nobiliana,6770
Tetronarce peruana,53
Tetronarce puelcha,855
Tetzilacatl,856
Teustepe,127
Texistepeque,235000
Tezcatlipoca,862000
Thalassarche bulleri,199
Thalassarche cauta,27100
Thalassarche chlororhynchos,27200
Thalassarche eremita,23400
Thalassarche salvini,17800
Thalassiobates littoralis,321
Thalassoica antarctica,105
Thalassoma nigrofasciatum,7840
Thalassoma purpureum,14100
Thalerommata,9410
Thalía Olvino,17700
Thamnomanes saturninus,30700
Thamnomanes schistogynus,27800
Thamnophilus atrinucha,184
Thamnophilus cryptoleucus,29500
Thamnophilus divisorius,3140
The Curse of La Llorona,1510000
The Emerald Forest,202
The Green Inferno,94700000
The Inca Taky Trio,5620
The Latin Brothers,283000000
The One (cerveza),60600000
The Roots of Chicha,760000
The Roots of Chicha 2,207
The Rundown (película),529000
The Triangle (miniserie),504000
The Volcano,148
The Yellow Rose of Texas y Margaritaville,117000
Thecadactylus rapicauda,22400
Theobroma grandiflorum,143
Theobroma subincanum,95
Theraphosa blondi,234
Theridion grallator,15000
Theristicus caudatus,69800
Theristicus melanopis melanopis,39300
Thermichthys hollisi,777
Thermonotus nigripennis,284
Thevetia peruviana,215
Thimpu de trucha,13900
Thlypopsis pectoralis,41300
Thomas W. Lawson (barco),74700
Thomasomys burneoi,2430
Thomasomys kalinowskii,7720
Thomasomys oreas,1890
Thomaston (Maine),4060000
Thomisus guadahyrensis,536
Thomisus odiosus,473
Thoracocharax stellatus,9650
Thorellius cristimanus,293
Thorellius intrepidus,100
Thorichthys meeki,36100
Thorius adelos,6210
Thorius arboreus,134
Thorius aureus,3370
Thorius boreas,88
Thorius dubitus,2050
Thorius grandis,1820
Thorius infernalis,2100
Thorius insperatus,543
Thorius longicaudus,1840
Thorius lunaris,697
Thorius macdougalli,7750
Thorius magnipes,829
Thorius minutissimus,1130
Thorius minydemus,751
Thorius munificus,677
Thorius narismagnus,801
Thorius narisovalis,2210
Thorius omiltemi,870
Thorius papaloae,622
Thorius pennatulus,2660
Thorius pinicola,711
Thorius pulmonaris,806
Thorius schmidti,6390
Thorius smithi,2170
Thorius spilogaster,859
Thorius tlaxiacus,557
Thorius troglodytes,1090
Thranius ampliaticollis,163
Thranius multinotatus latipennis,489
Thranius multinotatus okinawensis,322
Thranius rufescens,812
Thranius variegatus obscurus,415
Threnetes ruckeri,14800
Thrinax radiata,42800
Thripophaga amacurensis,865
Thripophaga cherriei,5710
Thryophilus pleurostictus,124
Thunnus,1140000
Thunnus alalunga,206
Ticuantepe,468000
Tierra Oscura (Panamá),6890000
Tifón,1270000
Tifón Bopha,2940
Tifón Chataan,3510
Tifón Doksuri,5560
Tifón Etau,953
Tifón Fengshen (2002),174
Tifón Francisco (2013),40800
Tifón Man-yi,12000
Tifón Man-yi (2013),5750
Tifón Mangkhut,10000
Tifón María (2018),49400
Tifón Matsa,1030
Tifón Mawar,3370
Tifón Mawar (2005),3640
Tifón Meranti,1770
Tifón Mindulle (2016),11400
Tifón Mitag (2002),2900
Tifón Molave,4860
Tifón Mujigae,101
Tifón Nabi,9100
Tifón Nancy,51600
Tifón Nepartak,45900
Tifón Nina,189000
Tifón Noru,8950
Tifón Olga (1976),3860
Tifón Paka,4290
Tifón Phanfone,3570
Tifón Phanfone (2014),4260
Tifón Phanfone (2019),8610
Tifón Pongsona,18300
Tifón Wipha (2013),10700
Tifón Yutu,109000
Tigre gente,105
Tigres del Licey,531000
Tillandsia bryoides,11300
Tillandsia peiranoi,18400
Tillandsia ultima,196
Tilmatura dupontii,154
Timbits,112
Timotes,288000
Timpu,341000
Timushán,3640
Tina Ferreira,10000000
Tinaco,7700000
Tinamotis ingoufi,7980
Tinamotis pentlandii,14400
Tinamus major,62000
Tinamus tao,15200
Tingo,5640000
Tingo (Arequipa),2540000
Tinguipaya,63900
Tinta (Cuzco),168000
Tintorero (Venezuela),116000
Tinya,613000
Tinya palla,103
Tipitapa,989000
Tiple,207
Tipo 92 Jyu-Sokosha,7890
Tipo 93 So-Mo / Sumida,154000
Tipo 94 Te-Ke,258000000
Tipo 97 Te-Ke,245000000
Tipo A Kō-hyōteki,16300
Tipo AM,78
Tipo B3,144
Tipo KD6b,1180
Tipuani,158000
Tiputini,249000
Tiquisate,144
Tiquisio,158000
Tiroteo en el Aeropuerto de Fort Lauderdale,133
Tirpitz (1941),217000
Tirán (barco 1956),39300
Tisco,2970000
Titanattus saevus,295
Titanostrombus galeatus,1050
Titanus giganteus,214
Titikala,4430
Tito Guízar,64600
Titusville (Florida),9120000
Tityus falconensis,67
Titán (batiscafo),2420
Tiucal,76
Tiverton (Rhode Island),2020000
Tiwinza (Perú),99000
Tizana (bebida),209000
Tjeldsundet,57000
Tlahuelpuchi,118
Tlalchitonatiuh,7790
Tlalocohyla Celeste,1710
Tlalocohyla godmani,8290
Tlalocohyla loquax,8080
Tlalocohyla picta,8000
Tlalocohyla smithii,8250
Tlaltícpac,8370
Tlanchana,38100
Tlatonile,11500
Tlen Huicani,172000
Tláloc,531000
Tmarus komi,394
Tmarus levii,3260
Tmarus makiharai,275
Tmarus montericensis,450
Tmarus morosus,372
Tmarus mundulus,393
Tmarus obsecus,311
Tmarus parki,164
Tmarus pauper,399
Tmarus peregrinus,7280
Tmarus peruvianus,704
Tmarus probus,261
Tmarus productus,1030
Tmarus protobius,243
Tmarus rubinus,426
Tmarus separatus,499
Tmarus sigillatus,4030
Tmarus stolzmanni,375
Tmarus studiosus,242
Tmarus tamazolinus,292
Tmarus tinctus,416
Tmarus viridis,6880
Tmarus vitusus,102
Tmarus wiedenmeyeri,208
Tmarus yaginumai,571
Tobatí,301000
Tochtli atl,13200
Tocotín,17200
Tocuyito,117
Toledo (Cerro Largo),5390000
Tolmomyias sucunduri,707
Tolmomyias traylori,4490
Tolosa (Santa Rita),358000
Tolypeutes matacus,213
Toma de Bayamo,175
Toma de Santo Domingo (1586),128
Toma de posesión argentina de las islas Malvinas,315000
Tometes camunani,1400
Tomina,699000
Tomis beieri,4520000
Tomopeas ravus,8340
Tomoporo,60
Tomozuru,34600
Toms River (Nueva Jersey),278000
Tomás Campos (cantante),123
Tomás Gomensoro (Artigas),273000
Tomás Lipán,120
Tomás O'Gorman,172000
Tonacatepeque,372000
Tonada,1540000
Tonada de Otoño,108000
Tonal (mitología),140000
Tonalteteuctin,385
Tonatia bidens,17700
Tonatiuh,1690000
Tondero,122
Tone (1938),26200000
Tonna galea,120
Tooshe Qaltaq,13700000
Topador,125000
Topaza pella,16800
Topo Alto Libre,2000000
Topo Amapola,166000
Topo Boquerón,50900
Topo Cataurito,397
Topo Cogollal,3060
Topo Cucurucho,29800
Topo Cujicito,5610
Topo Curtidor,27700
Topo El Fogón,54500
Topo El Guayabo,32500
Topo El Pauji,4540
Topo El Roble,775000
Topo Garate,17400
Topo Golfo Triste,44
Topo La Cruz,22500000
Topo La Laguna,4750000
Topo La Reinosa,18100
Topo Paraparo,1040
Topo Tacamahaco,692
Topo el Zamuro,13800
Topoxté,100
Torcida Jovem,152
Torito (danza),1620000
Torito de Pucará,411000
Tormenta de Santa Rosa,8270000
Tormenta subtropical Alpha (2020),3170
Tormenta tropical Agatha,94800
Tormenta tropical Agatha (1992),6050
Tormenta tropical Alberto (2018),167
Tormenta tropical Aletta (1982),639
Tormenta tropical Alma,1160000
Tormenta tropical Alpha (2005),137
Tormenta tropical Amanda–Cristobal,17800
Tormenta tropical Ana (2003),77500
Tormenta tropical Ana (2009),105000
Tormenta tropical Andrea (2013),60100
Tormenta tropical Arlene (1993),112
Tormenta tropical Arlene (2005),4160
Tormenta tropical Arthur (1996),36500
Tormenta tropical Arthur (2020),78600
Tormenta tropical Barbara (2007),38900
Tormenta tropical Barry (1995),12600
Tormenta tropical Barry (2007),15700
Tormenta tropical Barry (2025),44300
Tormenta tropical Beatriz (2017),116
Tormenta tropical Bertha (2020),130
Tormenta tropical Beryl (2012),7890
Tormenta tropical Bill (2003),348000
Tormenta tropical Bonnie (2010),10800
Tormenta tropical Boris (2014),14700
Tormenta tropical Bret (1993),3710
Tormenta tropical Carlotta (2018),2820
Tormenta tropical Chris (2006),41100
Tormenta tropical Cindy (1993),6760
Tormenta tropical Dean (1995),15600
Tormenta tropical Debby (1994),1480
Tormenta tropical Debby (2012),4980
Tormenta tropical Dianmu (2016),331
Tormenta tropical Dolores (2021),178000
Tormenta tropical Erika,93800
Tormenta tropical Ewiniar (2018),226
Tormenta tropical Fay (2020),8380
Tormenta tropical Franklin (2005),25400
Tormenta tropical Fred (2021),156
Tormenta tropical Gabrielle (1995),4580
Tormenta tropical Grace (2003),18800
Tormenta tropical Henri (2003),12000
Tormenta tropical Hermine (1980),119
Tormenta tropical Hermine (2010),5400
Tormenta tropical Ivo (2019),10200
Tormenta tropical Jerry (1995),9420
Tormenta tropical Kammuri (2002),224
Tormenta tropical Karen (1995),22500
Tormenta tropical Katrina (1999),13700
Tormenta tropical Kompasu,3520
Tormenta tropical Matthew (2004),25600
Tormenta tropical Megi (2022),1640
Tormenta tropical Mekkhala (2015),457
Tormenta tropical Mirinae (2016),327
Tormenta tropical Narda (2019),7840
Tormenta tropical Nicole (2010),44100
Tormenta tropical Nida (2016),4090
Tormenta tropical Omeka,837
Tormenta tropical Pablo (1995),65600
Tormenta tropical Sebastien (1995),118000
Tormenta tropical Trudy (2014),3240
Tormenta tropical Vongfong,5680
Tornado de Bejucal de 1940,1440
Tornaviaje,62600
Tornaviaje de Filipinas,17200
Toro Pampa,5210000
Toro Submarino,2470000
Toro Toro,124
Toro mata,35000000
Torola,531000
Torondoy,81300
Torreornis inexpectata,9140
Torrey Canyon,186
Torrija,125
Torrontés,230
Torta (gastronomía mexicana),17800000
Torta frita,144
Torta pasqualina,1210000
Tortilla (pan),138000000
Tortilla de harina de trigo,204
Tortilla de maíz,39300000
Tortita (comida mexicana),7690000
Tortugas (Áncash),239000
Tosagua,124
Toshiro Konishi,36400
Tostado (sándwich),49800000
Totonicapán (municipio),144
Tour de Cine Francés,8410000
Tovar,123
Toyos (aldea),242000
Trachelyichthys decaradiatus,687
Trachemys callirostris,195
Trachemys decorata,9810
Trachemys decussata,11400
Trachemys dorbigni,25200
Trachemys venusta,30500
Trachinocephalus myops,10100
Trachinotus goodei,15900
Trachinus draco,93700
Trachops cirrhosus,29300
Trachurus mediterraneus,54400
Trachurus trachurus,440000
Trachycephalus imitatrix,1680
Trachycephalus jordani,9800
Trachycephalus macrotis,89
Trachycephalus quadrangulum,1080
Trachyderes leptomera,395
Trachyderes succincta flaviventris,457
Trachydoras nattereri,1290
Trachylepis tschudii,4000
Trachyuropoda lindquisti,428
Tragedia de Güiria,16000
Tragedia de la motonave María Elizabeth (1965),702
Traje de chiapaneca,460000
Tramen Tepui,2560
Transamazónica,96
Transpac,151
Transporte Matías Cousiño,58
Transporte Río Limay,103
Transporte por jangadas en la cuenca del Plata,74
Tranvía de Asunción,664000
Trasvase Este-Oeste,326000
Tratado Calvo-Herrán,18100
Tratado Carrillo-Obarrio,2670
Tratado Castro-Valenzuela,225000
Tratado Cañas-Jerez,145000
Tratado Cañas-Juárez,176
Tratado Cañas-Martínez,349000
Tratado Echandi-Fernández,96
Tratado Facio-Fernández,67
Tratado García-Herrera,5130000
Tratado Gutiérrez-Lloreda,6880
Tratado Gutiérrez-Terán,178000
Tratado Herrera-Mariscal,79
Tratado Liévano-Jiménez,54
Tratado Machaín-Irigoyen,4830
Tratado Molina-Marcoleta,3520
Tratado Montúfar-Correoso,9480
Tratado Muñoz Vernaza-Suárez,65
Tratado Pacheco-de la Guardia,201000
Tratado Pando-Noboa,64
Tratado Victoria-Vélez,751000
Tratado Wyke-Aycinena,2950
Tratado Zúñiga-de la Espriella,5550
Tratado de 1881 entre Argentina y Chile,718000
Tratado de Alianza Defensiva,1050000
Tratado de límites entre Bolivia y Chile de 1866,240000
Tratado de límites entre Bolivia y Chile de 1874,306000
Tratado del Cuadrilátero,194000
Tratado del Pilar,129
Tratado del Río de la Plata,9550000
Trechalea extensa,12700
Tregua de Navidad,186
Tremacebus harringtoni,972
Tremarctos ornatus,152
Tren Binacional Posadas-Encarnación,5790
Treno a las víctimas de Hiroshima,3220
Trenton (Maine),107
Trenzado de la plata,7640000
Tres Cruces y Valle de Kosñipata,102
Tres Esquinas (Caquetá),177
Tres Islas (Uruguay),142
Tres Quintas,116
Tres Ventanas,56300000
Tretioscincus bifasciatus,7050
Triakis acutipinna,124
Triakis maculata,65
Triangle (The X-Files),130
Triangle (Virginia),111
Tribunal de Crímenes de Guerra de Nankín,12900
Tributo indígena,3430000
Trichechus inunguis,70700
Trichechus manatus,219
Trichomycterus aguarague,58
Trichomycterus caliense,2110
Trichomycterus giarettai,286
Trichomycterus minus,5430
Trichomycterus varii,1070
Trichomycterus ytororo,439
Tridacna,213
Tridacna crocea,70600
Tridacna derasa,28500
Tridacna gigas,182000
Tridacna maxima,246000
Tridacna squamosa,64900
Tridens melanops,71400
Tridentopsis pearsoni,1300
Tridontomidae,9430
Trigonognathus kabeyai,7290
Trimma sheppardi,1240
Trinchera Cué,57600
Tringa melanoleuca,114
Trinidad (Cuba),288000000
Trinidad (nao),111
Trinycteris nicefori,149
Trio Salta,124
Tripa gorda,1700000
Tripedalia cystophora,11400
Triple Frontera,25400000
Triplofusus giganteus,11600
Triportheus albus,5670
Triportheus paranensis,2100
Triprion spinosus,14600
Tripterygion delaisi,11100
Tristán (dibujante),52100
Triunfo de la Cruz,46500000
Triunfo-Dorado,6680000
Triángulo Dionisio Foianini,60
Triángulo de las Bermudas,3260000
Triángulo polinésico,195000
Troglodytes cobbi,4320
Troglodytes rufulus,13700
Trogon aurantiiventris,5310
Trogon comptus,5120
Trogon mesurus,87
Trogon personatus,133
Trombas del Río de la Plata de 1988,3760
Tronca de Navidad,21200
Troncal Insular,79400
Tronco de Navidad,48200000
Trono del Jaguar Rojo,347000
Tropaeolum emarginatum,2290
Tropidodipsas sartorii,133
Tropidophis cacuangoae,14400
Trío San Javier,2970000
Tucacas,125
Tucanes de Costa Rica,129
Tucho Aguirre,6560
Tuckerton,104
Tuco,9170000
Tucumana,1600000
Tucupido,222000
Tufiño,691000
Tulcán,3450000
Tullupampay,82
Tulumajillo,17600
Tulumba,125
Tumaco,2150000
Tumatumari,28000
Tumayricapac,526
Tumba del indio desconocido,564000
Tumba negro,50200000
Tumbabiro,120
Tumbes (goleta),4560
Tumán,189000
Tunantada,1180000
Tunapuy,98
Tunda,20400000
Tundiqui,123
Tungasuca,102
Tunupa,133
Tupac Amaru-Rafan,12800
Tupaia (navegante),856
Tupambaé,144000
Tupinambis teguixin,37200
Tupiza,145
Tupã,126
Turbina corymbosa,19600
Turbo (Colombia),89400000
Turdus chiguanco,27600
Turdus eremita,42400
Turdus falcklandii,24200
Turdus fuscater,130
Turdus maranonicus,6950
Turdus murinus,47100
Turdus reevei,4430
Turdus sanchezorum,3440
Turismo en Honduras,180
Turrón de Doña Pepa,199000
Tursiops truncatus gephyreus,104
Turín (El Salvador),13300000
Tustaca,8620
Tuti,16800000
Txoko,1360000
Tylogonus pichincha,28700
Tylogonus yanayacu,339
Tylösand,669000
Tympanoctomys barrerae,11300
Tympanoctomys cordubensis,387
Tympanoctomys kirchnerorum,150
Typhlochactidae,12300
Typhlonectes compressicauda,182
Typhlonectes natans,8370
Typhlonus nasus,84
Tyranneutes stolzmanni,12400
Tyrannobdella rex,118
Tyrannus albogularis,31300
Tyrannus cubensis,12000
Tyrannus niveigularis,12400
Tyttocharax cochui,121
Tyttocharax madeirae,135
Tyttocharax tambopatensis,1020
Tzitzimimeh,8830
Tábara Arriba,281000
Técnica Dvorak,331000
Técpatl,18200
Téotl,210000
Térraba (territorio indígena),47500
Tío Grande,95
Título de Totonicapán,497000
Tónica (festival),977000
Túcume (Perú),141
Túnel Henry E. Kinney,4940
Túnel subfluvial Raúl Uranga-Carlos Sylvestre Begnis,9450
Túneles de San Antonio,101
Túneles de Tegucigalpa,602000
Túpac Amaru Inca (localidad),1270000
U 47 (1938),134000000
US FWS Dennis Winn,4890
USCG Cuyahoga,18200
USCGC Blackthorn,7660
USFS Brant,109000
USNS Sgt. Jack J. Pendleton,4600
USS Amesbury,12600
USS Apogon,59
USS Bear,22900000
USS Block Island,11000000
USS Chatham (AK-169),44900
USS Chiron,32700
USS Cochino (SS-345),2110
USS Conyngham (DD-371),5240
USS Cyclops (AC-4),177
USS Deperm (ADG-10),783
USS Force (AM-445),186000
USS Hobson (DD-464),8630
USS Indianapolis: Men of Courage,415000
USS Jade,697000
USS Kearsarge (1861),119
USS Locust (AN-22),335000
USS Mahnomen County,10300
USS Maine (ACR-1),197
USS Makassar Strait (CVE-91),2610
USS Merrimac (1894),15800
USS Oklahoma (BB-37),508000
USS Regulus (AF-57),8500
USS Sabalo (SP-225),7380
USS Scorpion (SSN-589),122
USS Tennessee (ACR-10),169
USS Thresher (SSN-593),119
USS Vixen (1803),5260
USS Walter B. Cobb,215000
USS Washington (BB-47),170
Uay,2830000
Uay chivo,7130
Uchuraccay,95400
Uchusquillo,7
Uei (tepuy),955
Ugi's,55800
Ugni myricoides,4180
Ugolino y Vadino Vivaldi,3430
Uiramutã,262000
Ulises Hermosa,14000000
Uloborus campestratus,770
Uluazapa,96
Ulvsund,23200
Umala (municipio),111000
Umbrina cirrosa,173
Umbrina coroides,108
Un título viejo,139000000
Una navidad en verano,161000000
Una noche de navidad,283000000
Una sombra al frente,133000000
Uncancylus bonariensis,666
Uncía,154000
Unguía,127
Unido de la plata,146
Universidad Amazónica de Pando,191
Universidad Central de Las Villas,163
Universidad Estatal Amazónica,769000
Universidad Militar Bolivariana de Venezuela,2040000
Universidad Nacional de Colombia sede Tumaco,517000
Universidad Nacional de Educación (UNAE),192
Universidad Politécnica Estatal del Carchi,191
Universidad Regional Amazónica Ikiam,175000
Universidad de Ciencias Médicas de Holguín,344000
Universidad de Holguín,2290000
Universidad de Matanzas,2470000
Universidad de Moa Dr. Antonio Núñez Jiménez,54800
Unión (corbeta),458000
Unión Chocó,88
Unión de Reyes,43000
Unión de Universidades del Mediterráneo,591000
Unión por el Mediterráneo,23300000
Unryū,1020000
Unu Pachacútec,4780
Unyō,28600
Up-River,55
Upata,1370000
Upeneus japonicus,20300
Upuigma,4850
Urachiche,122
Uranoscopus scaber,25000
Urbanización Eleazar López Contreras,44000
"Urbanización Las Palmas, Caracas",106
Urbanización Los Olivos,3340000
Urbano Noris,423000
Urcaguary,10
Urcuchillay,5650
Urcuquí,308000
Urdesa,3170000
Urechis caupo,85
Urera aurantiaca,6870
Urgleptes amplicollis,449
Urgleptes bicoloratus,496
Urgleptes bivittatus,422
Urgleptes cazieri,401
Urgleptes clerulus,289
Urgleptes euprepes,173
Urgleptes kuscheli,222
Urgleptes mundulus,310
Urgleptes nigridorsis,222
Uria aalge,203
Uria aalge albionis,2430
Uriarte Talavera,461000
Urimare,126
Uripa,203000
Urmiri,89500
Urochroa bougueri,13700
Urocyon cinereoargenteus,279000
Uroderma bilobatum,17200
Uroderma magnirostrum,19800
Urogymnus asperrimus,139
Uromyias agraphia,3550
Urophycis brasiliensis,14700
Urpayhuáchac,592
Urpish,18200
Urquillos,81
Urracá (Veraguas),133000
Ursus americanus,145
Urubamba (banda),290000
Uruguay (Cerro Largo),16600000
Urumaco,119000
Urusayhua,110
Usina de Aguas Corrientes,326000
Usulután,2890000
Usulután Este,1680000
Usulután Norte,1160000
Usulután Oeste,492000
Usumatlán,157000
Utila,4240000
Utricularia hispida,38600
Utricularia resupinata,5800
Uturuncu,47200
Uvachado,21600
Uyuni,8850000
VSNL Western Europe,40400
Vaca Criolla argentina,8670000
Vaca ñata,12000
Vacas Galindo (Cotacachi),35400
Vaccinium floribundum,39800
Vaccinium meridionale,37000
Vachonium cryptum,220
Vada,42400000
Vaejovis gracilis,2180
Vaho (plato),302000
Valbanera,114
Valdesia (República Dominicana),158000
Valdez (Ecuador),17700000
Valencia (Ecuador),140000000
Valente Pastor,6220000
Valentines (Uruguay),9900000
Valentín Alsina (Lanús),677000
Valentín Elizalde,130
Valeria Valle,29000000
Valeriana Huillca Condori,5780
Valeriana castellanosii,578
Valicha,420000
Valladolid (parroquia),3270000
Valle Apuá,118000
Valle Central (Costa Rica),121
Valle Edén,3520000
Valle Hermoso (Ecuador),31000000
Valle Potrerillos,1200000
Valle de Bao,121
Valle de Caracas,43000000
Valle de Comayagua,5380000
Valle de Conlara,275000
Valle de Constanza,124
Valle de El Guarco,266000
Valle de Pisco,6990000
Valle de Riscó,4610000
Valle de San Juan (República Dominicana),14000000
Valle de Sula,9420000
Valle de Tambo,8230000
Valle de Tonosí,133000
Valle de Uco,5050000
Valle de Viñales,121
Valle de Ytu,24200000
Valle de Yumurí,80400
Valle de Zongo,239000
Valle de la Pascua,16000000
Valle de la Prehistoria en Santiago de Cuba,131
Valle de la Virgen,99
Valle de los Ingenios,132
Valle de los Volcanes,11800000
Valle del Alto Utcubamba,90200
Valle del Chota,1120000
Valle del Cibao,117
Valle del General,327000000
Valle del Hilo de la Vida,15800000
Valle del Turbio,99
Valle inferior del río Negro,6320000
Vallejuelo (San Juan),223000
Vallenato,18000000
Valles de Aragua,117
Valles del Tuy,1380000
Valleuse,57400
Valona,120
Vampyressa melissa,2920
Vampyrodes caraccioli,10500
Vampyrum spectrum,35900
Vanda Pignato,32100
Vandellia cirrhosa,9670
Vanessa Hayes,111
Vannes,26800000
Vapor Itata,21400
Varadero,146
Variado costero bonaerense,6130
Variedades peruanas de maíz,141
Vatricania guentheri,176
Vega Alta (Cuba),5250000
Veinticinco de Agosto,202000000
Velasco (1881),35
Velasco Ibarra (ciudad),2810000
Velero Omega,69
Velázquez (Uruguay),7870000
Velódromo Ciudad de Tulcán,5070
Veneración a San Benito de Palermo,20700
Venezuela (Cuba),1940
Venezuela y sus tortugas,11800000
Venid pastorcillos,33200
Veniliornis chocoensis,3520
Veniliornis mixtus,8630
Veniliornis spilogaster,20100
Ventanas (Ecuador),37600000
Ventanas de Tisquizoque,20100
Ventania avellanedae,672
Ventisquero Negro,570000
Venus verrucosa,184
Vera Csík,148000
Veraguas United Fútbol Club,135000
Verapaz (El Salvador),1060
Verapaz (Guatemala),148
Vergara (Uruguay),118
Verja perimetral fronteriza República Dominicana-Haití,135
Vero Beach (Florida),40100000
Veronicella cubensis,3520
Verrucosa arenata,80
Vertebrados introducidos en el Uruguay,28900
Vertebrados terrestres del cerro Santa Ana,49600
Vertiente del océano Pacífico,752000
Vertientes,146
Verónica Condomí,10600
Verónica Enns Enns,61
Verónica Loyo,128000
Ves Tal Vez,119
Vestidos típicos del Cusco,186
Vestris,529000
Viacha,1090000
Viaje de Le Maire y Schouten,3910
Viana regina,7570000
Viburnum hondurense,640
Vicariato apostólico de Esmeraldas,13200
Vicente Alejandro González y Robleto,30000
Vicente Fernández,66400000
Vicente Noble (municipio),1200000
Vicente T. Mendoza,25600000
Vicente de Azcuénaga,147000
Vichama (dios),112
Viche (sopa),283000
Victor Feldman,10500000
Victoria (El Salvador),186000000
Victoria (nao),97700000
Victoria Olguín,58
Victoria Villasana,126
Victoria amazonica,1790000
Victoria boliviana,13100000
Victoriano Castellanos Cortés,637000
Vicugna pacos,348000
Vicugna vicugna mensalis,5580
Vidal Sáez,3040000
Viernes Santo,168000000
Viernes negro (compras),46000000
Viet Minh,182000000
Vigawantuy,65
Vigirima,136000
Vikki Carr,977000
Vilcabamba (Apurímac),91
Vilcabamba (Mariscal Luzuriaga),99
Vilcabamba (parroquia de Loja),152000
Villa 21-24,120
Villa 26,808000000
Villa Abecia,208000
Villa Aeroparque,845000
Villa Alcalá,13000000
Villa Altagracia,7470000
Villa Ansina,255000
Villa Arejo,49600
Villa Argentina,395000000
Villa Aurelia (Asunción),417000
Villa Boquerón,168
Villa Bruzual,141000
Villa Canales,81400000
Villa Central,98
Villa Charcas,1600000
Villa Choferes del Chaco,195000
Villa Cildáñez,42400
Villa Crespo y San Andrés,83
Villa El Carmen,121000000
Villa Elisa (Paraguay),146
Villa Fiorito,2310000
Villa Foresti,403000
Villa Francisca,92
Villa General Borges,7780000
Villa González,59700000
Villa Hayes,17500000
Villa Hermosa (La Romana),3340000
Villa Isabela (Puerto Plata),866000
Villa Jaragua,971000
Villa Juana,25700000
Villa Lobos (Villa Nueva),15900000
Villa Los Almácigos,126
Villa Madero (Buenos Aires),140
Villa María (Paysandú),606000
Villa María (Río Negro),17200000
Villa María (San José),84
Villa Montellano,752000
Villa Montes,37900000
Villa Morra,7820000
Villa Nueva (Guatemala),144
Villa Nueva (municipio),63100000
Villa Passano,1470000
Villa Quién,231000000
Villa Riachuelo,2260000
Villa Riva,24300000
Villa San Juan de Quilla,360000
Villa Sandino,1210000
Villa Sara,119
Villa Serrana,126
Villa Serrano,34400000
Villa Soldati (Buenos Aires),147
Villa Soriano,10600000
Villa Tapia,14500000
Villa Vaca Guzmán,2350000
Villa Vásquez,91
Villa Ygatimí,132
Villa del Carmen (Uruguay),12400000
Villa del Rosario (Paraguay),19400000
Villa del Rosario (Uruguay),7810000
Villanueva (Nicaragua),8870000
Villas Agrícolas,3820000
Villeta (Paraguay),1720000
Vilobia,7390
Vinces,74
Vinialesaurus,11900
Vino de Argentina,224
Vino de Bolivia,66900000
Vino de Uruguay,55200000
Vino de Venezuela,114000000
Vino de la costa,179
Vinos de Buenos Aires,11200000
Violín de talalate,993
Vira Vira (San Ignacio),308000
Vireo approximans,6500
Vireo gundlachii,15900
Vireo masteri,9410
Vireo sclateri,61
Vireolanius leucotis,73
Virgen de Copacabana,1960000
Virgen de Cuapa,211
Virgen de Fátima (Asunción),1360000
Virgen de Fátima (Paraguay),164
Virgen de Rio Blanco,26200000
Virgen de Urkupiña,343000
Virgen de la Asunción (Asunción),150
Virgen de la Merced,7870000
Virgen de los Ángeles (Costa Rica),3850000
Virgen del Huerto (Asunción),558000
Virgen del Paso,138000000
Virgen del Rescate,9410000
Virginia Rodríguez Rivera,11500000
Virreinato del Río de la Plata,1870000
Visis Cabá,4580
Vista Alegre (Asunción),3370000
Vitichi,106000
Vito (Antabamba),7190
Vitreorana castroviejoi,428
Viuda (mitología),101
Viudas de año viejo,3850000
Viva Puntarenas,9770000
Vivir es hoy,93
Vivían Serrano,3060000
Vizcatán,46500
Vizcaya (1894),295000
Viñales (Pinar del Río),124
Volcanes de Pocho,13100
Volcán Acatenango,790000
Volcán Alcedo,182000
Volcán Antisana,224000
Volcán Arenal,1680000
Volcán Barva,193000
Volcán Barú,459000
Volcán Cacho Negro,104000
Volcán Carihuairazo,56100
Volcán Casita,1270000
Volcán Casitagua,12600
Volcán Cayambe,177
Volcán Chato,705000
Volcán Chiles,858000
Volcán Chimborazo,899000
Volcán Chinameca,112
Volcán Chingo,113000
Volcán Chopo,62300
Volcán Concepción,4520000
Volcán Congo,176
Volcán Corazón,19000000
Volcán Cosigüina,171
Volcán Cotacachi,245000
Volcán Cotopaxi,152
Volcán Darwin,5150000
Volcán Ecuador,21300000
Volcán El Altar,1690000
Volcán El Escondido,11900000
Volcán Ilamatepec,224000
Volcán Illiniza,114000
Volcán Imbabura,375000
Volcán Irazú,187
Volcán Ixtepeque,116
Volcán La Yeguada,90500
Volcán Macuina,1290000
Volcán Maderas,1080000
Volcán Masaya,456000
Volcán Miravalles,172
Volcán Morasurco,6190
Volcán Moyuta,20300
Volcán Nevado del Ruiz,671000
Volcán Orosí,396000
Volcán Pedregal,1020000
Volcán Pichincha,156
Volcán Platanar,40000
Volcán Porvenir,103
Volcán Rincón de la Vieja,982000
Volcán Romeral,81300
Volcán Rumiñahui,190000
Volcán San Cristóbal,2810000
Volcán San Pedro (Guatemala),184
Volcán Sangay,245000
Volcán Santa María,11300000
Volcán Santiaguito,183000
Volcán Siete Orejas,375000
Volcán Sincholagua,33200
Volcán Suchitán,28600
Volcán Tacaná,191000
Volcán Tahual,5590
Volcán Tajumulco,174
Volcán Tecapa,22100
Volcán Tecuamburro,14100
Volcán Tenorio,179
Volcán Tolimán,120000
Volcán Tortuguero,1150000
Volcán Tungurahua,477000
Volcán Turrialba,403000
Volcán Wolf,1240000
Volcán de Agua,31200000
Volcán de Alzatate,14800
Volcán de Atitlán,666000
Volcán de Cerro Quemado,329000
Volcán de Chicabal,41300
Volcán de Conchagua,152000
Volcán de Culma,11400
Volcán de Fuego,21600000
Volcán de Ipala,90900
Volcán de Itá Pytã Punta,1370
Volcán de Izalco,262000
Volcán de Pacaya,740000
Volcán de San Miguel,13600000
Volcán de San Salvador,216
Volcán de San Vicente,6330000
Volcán de Sanaré,125
Volcán de Usulután,163
Volcán de Yagrumito,2740
Volcán submarino de la Dorsal del Pacífico Oriental a 8° Sur,7340
Volta do mar,349000000
Volvarina castanea,664
Volverte a ver (álbum de Luciano Pereyra),93900
Vosseledone charrua,431
Voz y sentir de Salta,2640000
Vreed en Hoop,288000
Vuelo 19,104000000
Vuelo 211 de Transportes Aéreos Guatemaltecos,30400
Vuelo 451 de Helikopter Service,8610
Vuelo 6 de Pan Am,16500000
Vuelo 607 de KLM,14600
Vuelo 826 de United Airlines,17400
Vuelta Abajo,144000000
Vuelta de Rocha,10500000
Vértice. Experimentación y vanguardia,44600
Vía Exprés Nororiente,84
Vía navegable Volga-Báltico,2030
Víctimas no japonesas del bombardeo atómico,37400
Víctor Heredia,4570000
Víctor José Zambrano,6340000
Víctor Manuel Pedemonte,115000
Vírgenes del Sol (canción),160
Vórtices viles,81
Wadakapiapué,51
Wahydra bella,3150
Wajura,4000
Waka Waka (danza),2150000
Wakaba (1934),23300
Wakapau,16700
Wakefield (Rhode Island),6730000
Waldemar Sasías,663000
Waldo Ballivián (municipio),55200
Waldoboro (Maine),626000
Walmer Castle (barco de 1855),444
Walzenaufnahmen aus Peru: 1910-1925,444
Wareham (Massachusetts),126
Warmi tukushka,3000
Wasi qatay,73
Wayra JaponAndes,5110
Waña Quta (Sajama),886
Wecroncocha,60
West Cajoot,605000
West Palm Beach,496000000
Westbrook (Connecticut),117
Westoniella,2230
Whisky (película),10500000
Widder (HSK 3),2500
Wilhelm Sievers,929000
Willem Schouten,1170000
William Spratling,236000
Willy Alfaro,983000
Willy Pozadas,3400
Wilmington (Carolina del Norte),5110000
Wilmington (Delaware),77400000
Wilsonosaura josyi,510
Wind Song,776000000
Winteria telescopa,6230
Wirapuru,7650
Wiskur Danza,586
Wititi,121
Wititis,2430000
Wiwilí,378000
Wiwilí de Jinotega,205
Wiñaymarca,21300
Woodbridge (Virginia),33800000
Woodmont (Connecticut),1610000
Wowetta,7860
XXI Cumbre Iberoamericana,254000
XXVI Cumbre Iberoamericana,50400
Xantolo,633000
Xejuyup,123
Xema sabini,125
Xenastrapotherium,13700
Xenodon rabdocephalus,13100
Xenofrea aragua,412
Xenofrea areolata,469
Xenofrea enriquezae,297
Xenofrea guttata,390
Xenofrea nana,500
Xenofrea wappesi,521
Xenoglaux loweryi,12700
Xenopipo atronitens,6830
Xenornis setifrons,4280
Xenotoca eiseni,13300
Xenotrichini,22000
Xestoblatta amedegnatae,348
Xibalbá,133
Ximenia roigii,420
Xin Xin (panda),20900000
Xiphias gladius,239000
Xiphidiopicus percussus,9730
Xiphocolaptes promeropirhynchus,25400
Xiphorhynchus beauperthuysii,506
Xiphosurus barbatus,850
Xixuthrus ganglbaueri,480
Xixuthrus heros,7340
Xixuthrus terribilis,44
Xnipec,53500
Xochipitzahua,10700
Xtabay,230000
Xu Fu,113000000
Xutixtiox,1700
Xyliphius barbatus,6560
Xyliphius lepturus,52
Xyliphius melanopterus,812
Xystrocera danilevskyi,594
Xystrocera semperi,376
Xóchitl (personaje mítico),13200
Yacimiento de Cambo,6320000
Yacimiento petrolífero Tiber,575
Yaco (Bolivia),378000
Yacuiba,2260000
Yacumama,206000
Yaguajay,285000
Yaguala,84
Yaguana,371000
Yaguaraparo,100000
Yaguareté-Abá,180
Yaguarón (Paraguay),571000
Yaguate,249000
Yaha yahui,5110
Yahagi (1943),20300
Yahui,678000
Yalebi,75
Yalve Sanga,36400
Yanaca (Aymaraes),23200
Yanacachi,132000
Yanahuara (Urubamba),113000
Yanas (Áncash),53
Yanañamca y Tutañamca,924
Yanec,155000
Yankopek,1720
Yanque,672000
Yara,155
Yarigua-á,25200000000
Yarmouth (Maine),15300000
Yarmouth (Massachusetts),131
Yaruquíes,222000
Yasy Cañy,153000
Yataity del Guairá,135
Yataity del Norte,211000
Yatsi y el espíritu del Río,1330
Yatytay,238000
Yauli (Huancavelica),133
Yauyucan,44400
Yaviza,181000
Yawar Fiesta,421000
Yayantique,99400
Yayu,72
Yby Yaú,218000
Ybycuí,256000
Ybypyté,123
Ybytymí,47500
Ycuá Satí,125
Yen militar japonés,89
Yerbatero,116
Yerra,1030000
Yesenia Barrientos,861000
Yessica Mouton,9200
Yguazú (Paraguay),522000
Yhú,180000
Yirogüee,390000
Yo soy huancaíno,119
Yo sí quiero a mi país,831000000
Yoalteuctin,557
Yocalla,97800
Yohana Vaca,338000
Yohana Vargas,1190000
Yohualtecuhtli,76
Yoi,10600000
Yolanda del Río,10200000
Yolixpa,20500
Yoloaiquín,119000
Yoloxochitl Alvarado,15700
Yoltéotl,4
Yondó,436000
York Harbor,324000000
Yoshino (1893),120000
Yotala,121
Ypacaraí,590000
Ypané,687000
Ypejhú,125000
Ypiranga (1908),101000
Yrma Lydya,22900
Yrybucuá,76
Ytay,181000
Yuca con chicharrón,124
Yucay,242000
Yucuaiquín,146000
Yukikaze (1940),89900
Yumare,121
Yunchará,122000
Yunganastes ashkapara,698
Yunganastes fraudator,744
Yunganastes pluvicanorus,547
Yungas,137
Yungasocereus inquisivensis,1500
Yungay (Perú),1910000
Yunguyo,586000
Yunque de Baracoa,62900
Yunza,680000
Yupiltepeque,121
Yuquot,40100
Yura (Arequipa),756000
Yuri Lisianski,605
Yuri Ortuño,117
Yutupis,74
Yuty,754000
Yuyo Montes,78300
Yábor,79200
Yásica Arriba,89900
Yūbari (1923),69
Yūdachi (1937),61
Yūgure (1935),24000
Yūkaze,8510
Yūnagi (1925),73500
Zabaione,217
Zacatecoluca,1830000
Zacatonal,53800
Zaculeu,143
Zaedyus pichiy,18800
Zagarzazú (Uruguay),82700
Zaino de Agua Prieta,198
Zalophus californianus,797000
Zalophus wollebaeki,77400
Zamacueca,126000
Zamba Quipildor,35600
Zambomba,122
Zambrana Abajo,9360000
Zambrano (Bolívar),3410000
Zambrano (Nicaragua),1310000
Zameus ichiharai,861
Zameus squamulosus,7000
Zamia pumila,39600
Zampoña,1020000
Zanclus cornutus,220
Zanja Pytá,135
Zanja Real,95
Zanthoxylum fagara,90500
Zapallitos rellenos,1560000
Zapallo (Ecuador),4600000
Zapateado (México),113
Zapateando Juyayay,115000
Zapateo tabasqueño,122
Zapatera (sitio arqueológico),4880
Zapatera (volcán),249000
Zapatón (territorio indígena),10200
Zapicán (Uruguay),123
Zapotal,761000
Zapotillo (Ecuador),417000
Zapotitlán (Jutiapa),111000
Zaragoza (Guatemala),42500000
Zaratornis stresemanni,9230
Zaraza,129
Zaruma,1240000
Zarumilla,709000
Zaña,293000
Zea (Mérida),118
Zea luxurians,59
Zea nicaraguensis,8600
Zeballos (Uruguay),1010000
Zeballos Cué,183000
Zebrasoma,137
Zebrasoma desjardinii,38800
Zebrasoma flavescens,213
Zebrasoma gemmatum,26900
Zebrasoma scopas,53100
Zebrasoma velifer,148
Zeeburg,382000
Zeelugt,161000
Zeferino Nandayapa,11400
Zelandia (continente),141
Zenaida galapagoensis,9100
Zenaida meloda,19700
Zentrygon chiriquensis,88
Zentrygon costaricensis,69
Zenón Martínez García,10
Zimmerius albigularis,16800
Zimmerius petersi,107
Zimmerius villarejoi,3410
Zinica,103000
Zipacón,140
Zipaquirá,147
Zompopo de mayo,17500
Zona 1 (Ciudad de Guatemala),111000000
Zona 10 (Ciudad de Guatemala),161
Zona 11 (Ciudad de Guatemala),85800000
Zona 14 (Ciudad de Guatemala),80900000
Zona 15 (Ciudad de Guatemala),86800000
Zona 19 (Ciudad de Guatemala),74700000
Zona 4 (Ciudad de Guatemala),133
Zona Clarion–Clipperton,14100
Zona Común de Pesca Argentino-Uruguaya,106
Zona Libre de Colón,21300000
Zona Rental,34900000
Zona Rosa (San Salvador),69400000
Zona cero,209000000
Zona de Exclusión Total,13800000
Zona de Planificación 1 de Ecuador,24500000
Zona de Planificación 2 de Ecuador,24300000
Zona de Planificación 3 de Ecuador,24000000
Zona de Planificación 4 de Ecuador,23400000
Zona de Planificación 5 de Ecuador,88
Zona de Planificación 6 de Ecuador,22300000
Zona de Planificación 7 de Ecuador,22000000
Zona de reserva natural y refugio de aves Isla Rasa,73
Zona del Valle del Mocotíes,31700
Zona deprimida del Salado,88
Zona metropolitana del Valle de Sula,210000
Zona protectora El Chayote,13800
Zona protectora Tivives,2290
Zona protectora de Maracaibo,54100
Zona reservada Algarrobal El Moro,5770
Zona reservada Bosque de Zárate,95
Zona reservada Chancaybaños,85
Zona reservada Cordillera Huayhuash,6330
Zona reservada Humedales de Puerto Viejo,92
Zona reservada Lomas de Ancón,66200
Zona reservada Río Nieva,498000
Zona reservada Santiago-Comaina,71
Zona reservada de Ancón,22300
Zonanthus cubensis,5350
Zonas controladas por el Partido Comunista de China,86400
Zonas de Empleo y Desarrollo Económico,29100000
Zonas de Planificación de Ecuador,125
Zonas de la Ciudad de Guatemala,58200000
Zonas protegidas de República Dominicana,2100000
Zonotrichia capensis,390000
Zoológico de La Habana,451000
Zoológico de Paraguaná,149
Zorcico,10600
Zotalemimon legalovi,453
Zudáñez,133000
Zuihō,359000
Zuikaku,846000
Zumba (Ecuador),10900000
Zumbi (ciudad),293000
Zungaro zungaro,161
Zygometra microdiscus,420
Zárate (Lima),7760000
abapó,653000
abarema lehmannii,1480
abdullah ommidvar,82
abel alarcón,2760000
abel pintos,122
abel visconti,116
abelardo bustamante,1030000
abelardo quinteros,73
abies durangensis,11200
abies guatemalensis,173
abies hickelii,148
abies religiosa,107000
abies vejarii,144
aborrajado,84100
abozao,15700
abraham freifeld umanskaia,384
abramites hypselonotus,6830
abrocoma boliviensis,105
abrotanella diemii,2010
abrotanella linearifolia,2660
abránquil,8550
absalón de los ríos,366000
abutilon palmeri,38100
acacia belairioides,934
acacia bucheri,500
acacia collinsii,21200
acacia cookii,4360
acacia greggii,151
acacia roigii,3440
acalypha adenostachya,1420
acanthicus hystrix,5090
acanthocalycium,89300
acanthocalycium klimpelianum,4000
acanthocalycium thionanthum subsp. ferrarii,741
acanthocereus subinermis,2190
acanthoderes zonata,641
acanthodoras cataphractus,3180
acanthodoras depressus,125
acanthodoras spinosissimus,2970
acanthogonatus francki,57
acanthomintha ilicifolia,59
acanthopoma annectens,805
acanthoprocta conica,284
acanthoprocta pustulata,94
acanthosyris asipapote,621
acantilados federico santa maría,206000
acarichthys heckelii,33300
acario cotapos baeza,1360
accidente del cessna 206 en colombia en 2023,7030
accipiter ventralis,82
aceitera general deheza (agd),197
aceituna de tacna,139
acemita,106
acentroscelus gallinii,7
acer saccharum subsp. skutchii,3160
acestrocephalus acutus,496
acestrocephalus boehlkei,1130
acestrocephalus nigrifasciatus,357
acestrorhynchus falcirostris,4260
acestrorhynchus maculipinna,781
achilata,70900
achira (galleta),15300
achojcha rellena,8940
achyrachaena mollis,4070
achyrocline bogotensis,58
achyrocline crassiceps,495
achyrocline saturejoides,1610
achyronychia cooperi,1590
achyropappus,12300
acitrón,87000
aconcagua,10800000
acritodon nephophilus,661
acrobrycon ortii,698
acrobrycon starnesi,486
acrocomia crispa,154
actinocheita filicina,1420
acuerdo de charaña,28600
acunaeanthus tinifolius,6360
acuífero pampa del tamarugal,91
adan kovacsics,59400
addicted to you (canción de shakira),663000
adela zamudio,822000
adelanto de navidad,113
adelastes hylonomos,571
adelphobates,46800
adelqui migliar,3530
adenomera hylaedactyla,6100
adenopappus,34100
adenothamnus validus,825
aderus obscuricolor,134
adesmia adrianii,665
adesmia ameghinoi,1820
adesmia aphylla,202
adesmia araucana,4540
adesmia argentea,189
adesmia argyrophylla,127
adesmia aromatica,4540
adesmia atacamensis,5540
adesmia australis,15000
adesmia balsamica,1810
adesmia bijuga,1930
adesmia boelckeana,176
adesmia brachysemeon,645
adesmia bracteata,2010
adesmia calycicomosa,653
adesmia candida,4630
adesmia colinensis,383
adesmia concinna,2170
adesmia confusa,3520
adesmia coquimbensis,89
adesmia cuneata,1900
adesmia curvifolia,661
adesmia cytisoides,1370
adesmia darapskyana,479
adesmia denticulata,1870
adesmia dessaueri,282
adesmia disperma,800
adesmia dumosa,2320
adesmia echinus,2200
adesmia elata,1970
adesmia eremophila,2050
adesmia exilis,1890
adesmia friesii,606
adesmia frigida,2390
adesmia fuentesii,729
adesmia glaucescens,2480
adesmia glutinosa,3500
adesmia godoyae,300
adesmia gracillima,1390
adesmia graminidea,279
adesmia guttulifera,365
adesmia hemisphaerica,767
adesmia hirsuta,3200
adesmia hispidula,1550
adesmia hystrix,3020
adesmia karraikensis,156
adesmia kieslingii,400
adesmia kingii,2440
adesmia leiocarpa,1260
adesmia littoralis,2660
adesmia loudonia,721
adesmia macrostachya,1830
adesmia maulina,405
adesmia medinae,4640
adesmia melanocaulos,349
adesmia mendozana,9840
adesmia micrantha,3060
adesmia microcalyx,1460
adesmia microphylla,199
adesmia monosperma,1350
adesmia montana,195
adesmia mucronata,4230
adesmia multicuspis,292
adesmia nanolignea,615
adesmia neglecta,1430
adesmia obscura,7110
adesmia odontophylla,496
adesmia ovallensis,443
adesmia pampeana,2720
adesmia parviflora,123
adesmia parvifolia,3270
adesmia patagonica,15600
adesmia pauciflora,2710
adesmia pearcei,1290
adesmia pedicellata,1770
adesmia peraltae,676
adesmia phylloidea,943
adesmia pirionii,403
adesmia propinqua,5910
adesmia prostrata,3860
adesmia pseudincana,229
adesmia pusilla,2790
adesmia ragonesei,431
adesmia reclinata,717
adesmia resinosa,3300
adesmia retrofracta,550
adesmia sanjuanensis,549
adesmia sessiliflora,2170
adesmia silvestrii,520
adesmia stenocaulon,552
adesmia subnuda,997
adesmia tehuelcha,1190
adesmia tenella,162
adesmia tomentosa,4400
adesmia torcaea,513
adesmia trifoliata,1890
adesmia tucumanensis,2090
adesmia tunuianica,485
adesmia verrucosa,1790
adesmia virens,2140
adesmia viscidissima,413
adesmia viscosa,3550
adesmus martinsi,2590
adesmus pulchellus,379
adetus aberrans,810
adetus abruptus,1160
adetus atomarius,182
adetus basalis,1240
adetus cacapira,3
adetus cecamirim,85
adetus clinei,14600
adetus columbianus,201
adetus mirabilis,4610
adetus obliquatus,341
adetus tayronus,72
adiantum andicola,6580
adiantum capillus-veneris,401000
adiantum chilense,109
admirabile signum,76600
adobo,50800000
adobo arequipeño,194
adobo criollo,7840000
adolfo andresen,54
adolfo berón,311000
adolfo costa du rels,86
adolfo couve,107000
adolfo cárdenas franco,2830000
adolfo echeverría,123
adolfo pacheco,6340000
adolfo quirós,497000
adolfo riestra,94
adolfo rivadeneyra,84200
adolfo urzúa rosas,73900
adriana asenjo,423000
adriana bance,48000
adriana hoffmann,4390000
adriana lucía,12100000
adriana méndez,108
adriana ocampo,5530000
adriana urbina,2540000
adriana vacarezza,36800
adriana valdés,82
adriana zuanic,3200
adriano castillo,6110000
adrián patiño,1210000
adrián santini,1840000
advance patrol,183000000
ae.c.4,1340000000
ae.m.s.1,2570
aegiphila monstrosa,1770
aegiphila panamensis,4500
aegiphila skutchii,1730
aegognathus leuthneri,857
aegomorphus auratus,566
aegomorphus bimaculatus,1220
aegomorphus corticarius,505
aegomorphus cylindricus,1860
aegomorphus excellens,480
aegomorphus flavitarsis,633
aegomorphus homonymus,485
aegomorphus irumus,146
aegomorphus lanei,649
aegomorphus langeri,271
aegomorphus magnus,388
aegomorphus nearnsi,257
aegomorphus pinima,579
aegomorphus piraiuba,236
aegomorphus robustus,1180
aequipecten tehuelchus,4470
aero boero ab-180,26400
aero boero ab-95,22000
aeroplan,145
aeródromo eulogio sánchez,10300
aethes inexpecta,334
aethes mordax,7310
aextoxicon punctatum,15300
afioco gnecco,89
afrosound,123
agalychnis buckleyi,150
agalychnis callidryas,223
agalychnis psilopygion,116
agalychnis spurrelli,194
agar delós,61400000
agarrate catalina,557000
agave americana,221
agave boscii,1170
agave bracteosa,191
agave chiapensis,24500
agave deserti,97000
agave durangensis,106
agave filifera,126
agave fourcroydes,44000
agave ghiesbreghtii,24400
agave gracielae,91
agave mapisaga,11500
agave marmorata,175000
agave palmeri,122000
agave parrasana,152000
agave potatorum,404000
agave salmiana,329000
agave stricta,237000
agave tequilana,214
agave victoriae-reginae,214
agave vilmoriniana,26300
agenda de los trece puntos,3740000
ageneiosus uranophthalmus,49
ageratella microphylla,1490
ageratina adenophora,67500
ageratina glabrata,13300
ageratum maritimum,11700
aglaeactis pamela,4440
aglomeraciones urbanas de colombia,115
agnes ovando,38300
agrostis elliottiana,2010
agua de jamaica,69200000
agua potable y saneamiento en colombia,3280000
agua salus,175
aguachile,5340000
aguada de la pólvora,48200
aguadito de pollo,328000
aguado de gallina,1080000
aguamiel,990000
aguapanela,1610000
aguardiente,200
aguardiente antioqueño,1000000
aguas de lourdes,7950000
aguas frescas,27800000
aguasanta erminy,43
aguilares (argentina),1060000
aguinaldo,23200000
agujero de la capa de ozono,533000
agustina gutiérrez,106
agustín aspiazu,71200
agustín carabajal,295000
agustín cruz tinoco,295000
agustín fernández sánchez,55
agustín garaventa,10200
agustín moya,2760000
agustín orrequia,6280
agustín ronconi,29800
aida gainsborg vda. de aguirre,1520
airampoa corrugata,1320
airampoa soehrensii,1070
aire (danza),153
ajiaco (colombia),1300000
ajiaco (perú),120
ajiaco criollo,344000
ajicero criollo,7330
ajillo,16200000
ajocomino,281000
ají (guiso),128
ají catalán,1710000
ají de achakana,5280
ají de fideo,199
ají de lengua,9170000
ají de lentejas,10900000
ají de papalisa,19400
ají de racacha,30100
ají panca,8550000
akinetón retard,49800
akletos goeldii,6840
akletos melanoceps,4750
akodon affinis,135
akodon bogotensis,2130
akodon dayi,1180
akodon fumeus,1780
akodon mimus,13300
akodon simulator,1670
akodon subfuscus,1130
akodon toba,1560
akodon varius,4820
al este bodega y viñedos,115
alalay,117
alamania (orquídea),925000
alambres (gastronomía),123
alameda bolognesi,266000
alamesa,137000000
alan reale,79
albanella chávez,2050
albertina martínez burgos,415000
alberto baeza flores,1800000
alberto barros,131
alberto blest gana,178000
alberto carrizo olivares,129000
alberto castillo (actor),10800000
alberto de villegas,10300000
alberto fuguet,143
alberto gamboa,6190000
alberto hurtado,16300000
alberto lagos,82
alberto ledo,58
alberto merlo,5490000
alberto montt,128
alberto orrego,1270000
alberto oviedo,13300000
alberto pacheco balmaceda,441000
alberto paz soldán,354000
alberto plaza,122
alberto quintero (actor),290000
alberto ried silva,103000
alberto risopatrón,26200
alberto rodríguez (músico),156
alberto rojas jiménez,14800000
alberto rojas moscoso,1170000
alberto rojo,126000000
alberto romero (escritor),1460000
alberto rubio riesco,478000
alberto ruiz lavadenz,10600
alberto saavedra pérez,4410000
alberto santana,33300000
alberto urdaneta forero,26000
alberto valenzuela llanos,1380000
alberto vega salvadó,88
alberto villalpando,772000
alberto zamarbide,121
alberto zeiss,1040000
albidella nymphaeifolia,570
albina elguín,2380
albizia berteriana,5790
albóndigas,8180000
alcides arguedas,131
alcira cardona torrico,8530
alcitrón,73
alcohólika,124000
aldo alcota,14200
aldo francia,117
aldo martínez,12500000
aldo parodi,1200000
alebrije,3220000
alegría (dulce),58400000
alejandra araya,119
alejandra basualto,65
alejandra conde,7830000
alejandra costamagna,128
alejandra cárdenas,117
alejandra dorado,89
alejandra ghersi perozo,5690
alejandra herrera silva,6720000
alejandra moffat,95
alejandra mustakis,30800
alejandra panozo,61
alejandra pérez núñez,7970000
alejandra ruddoff,2420
alejandra ugarte,74
alejandra urrutia,2530000
alejandra wolff,1230000
alejandro amenábar,149
alejandro arroyo ríos,6300000
alejandro bernales,765000
alejandro brittes,20600
alejandro castillo tirado,2550000
alejandro castro (activista),696000
alejandro cohen,20500000
alejandro fauré,495000
alejandro fernández almendras,92
alejandro goic (actor),20100
alejandro gonzález gonzález,115000000
alejandro guarello,26500
alejandro jodorowsky,2110000
alejandro lavquén,7630
alejandro lipschutz,89
alejandro lira,8940000
alejandro michel talento,2260000
alejandro moreno jashés,49
alejandro méndez amunátegui,39200
alejandro otero (actor),912000
alejandro pietromarchi,9870
alejandro rojas téllez,2480000
alejandro ruiz olmedo,2180000
alejandro sieveking,136
alejandro silva (músico),1400000
alejandro suárez (cineasta),126000
alejandro trejo,9740000
alejandro venegas,102
alejandro walker valdés,1110000
alejandro zambra,141
alejo calatayud,357000
alerce milenario,81600
alerta (emisora de radio),2300000
alex bowen,36600000
alex zisis,108000
alexis caiguan,3890
alexis venegas,4390000
alfarería de chililico,197
alfarería de quinchamalí,216
alfaroa mexicana,54
alfeñique,445000
alfonso alcalde,14800000
alfonso calderón,103
alfonso córdoba,29200000
alfonso del granado,15700000
alfonso gómez-lobo,5490000
alfonso letelier,422000
alfredo aramburú,103
alfredo del diestro,137000
alfredo domínguez romero,95
alfredo genovese,7610000
alfredo gómez morel,117
alfredo jaar,1210000
alfredo jocelyn-holt,529000
alfredo lamadrid,742000
alfredo lavergne,79100
alfredo lobos,6610000
alfredo molina,24500000
alfredo oropeza,1170000
alfredo rada,3130000
alfredo remus,480000
algarrobina,212
alguashte,111000
alicanto,477000
alicia eugenia marticorena garri,2490
alicia fenieux,5940
alicia galaz,457000
alicia gironella de’angeli,71
alicia morel,2250000
alicia puccio,301000
alicia rodríguez (actriz chilena),244000
alicia santaella,109000
alicia vega,29200000
alicia villarreal (artista visual),35900
alinea berengerae,412
alinea pergravis,345
aliño completo,222
allenrolfea patagonica,3140
allium atrorubens,132
allium fimbriatum var. denticulatum,23300
allium fistulosum,669000
allium glandulosum,16700
allobates brunneus,56
allobates femoralis,23100
allobates niputidea,3850
almamula,79900
almirante latorre (chile),457000
almirez,429000
alnus jorullensis,20500
aloja (bebida),736000
alomia alata,2880
alonso de ercilla,841000
alonso de góngora marmolejo,170000
alonso de ovalle,2020000
alonso gonzález de nájera,1530000
alonso quintero contreras,66
alophia,27000
alouatta arctoidea,97
alouatta caraya,177000
alouatta sara,27100
aloysia citrodora,208
aloysia ovatifolia,2270
aloysia trifida,63
alsodes australis,15900
alsodes barrioi,3190
alsodes cantillanensis,82
alsodes gargola,1500
alsodes kaweshkari,713
alsodes montanus,4050
alsodes monticola,2460
alsodes norae,1650
alsodes pehuenche,2490
alsodes tumultuosus,1520
alsodes verrucosus,149
alsodes vittatus,2000
alstroemeria achirae,774
alstroemeria angustifolia,107
alstroemeria apertiflora,1220
alstroemeria aulica,613
alstroemeria bilabiata,462
alstroemeria cantillanica,496
alstroemeria chorillensis,549
alstroemeria citrina,4750
alstroemeria crispata,163
alstroemeria decora,105000
alstroemeria diluta,2150
alstroemeria fiebrigiana,1150
alstroemeria garaventae,140
alstroemeria glaucandra,322
alstroemeria graminea,14500
alstroemeria hookeri,10100
alstroemeria huemulina,781
alstroemeria ibitipocae,344
alstroemeria igarapavica,261
alstroemeria jocunda,146
alstroemeria kingii,1900
alstroemeria lactilutea,279
alstroemeria leporina,137
alstroemeria longaviensis,372
alstroemeria magna,13900
alstroemeria magnifica,165
alstroemeria malmeana,764
alstroemeria maxima,133
alstroemeria modesta,29000
alstroemeria mollensis,67
alstroemeria monantha,11300
alstroemeria nidularis,812
alstroemeria paupercula,1010
alstroemeria pelegrina,193
alstroemeria plantaginea,6530
alstroemeria poetica,1680
alstroemeria polpaicana,345
alstroemeria polyphylla,4500
alstroemeria pubiflora,1830
alstroemeria pudica,50000
alstroemeria pulchra,15400
alstroemeria punctata,9090
alstroemeria versicolor,15100
altazores,1950
alternanthera pungens,46600
altiplano cundiboyacense,216000
altiplano nariñense,6770
altiplano norte de antioquia,83
alto de la línea,123
alto de las palmas,115000000
alto de santa elena,35100000
alto del vino,289000000
alto tío diego,21100000
alto yoyo,25100000
alumbrado navideño de medellín,257000
aluvión de antofagasta,86900
aluvión de buill,109
aluvión de la quebrada de macul,5310
aluvión de lo barnechea de 2009,1840
aluvión de valparaíso de 2009,10800
aluvión de villa santa lucía,160
alux,2030000
alvaradoa amorphoides,126
alvaro ceppi,59
alyz henrich,11400
amadeo castro,38
amadeo monges,10
amador cárdenas,3080000
amalia heller,60
amanda dudamel,272000
amanda gutiérrez,9900000
amani (caballo),85400
amanita galactica,7760
amaralia hypsiura,1500
amaranthus fimbriatus,10800
amaranthus quitensis,26100
amaranthus spinosus,624000
amarga,14300000
amargo (bebida),39500000
amargo de angostura,829000
amarillo (canción de shakira),30700000
amaro labra,314000
amazilia rosenbergi,101
amazilia tzacatl,117000
amazon watch,3830000000
amazona amazonica,778000
amazona tucumana,14400
amazona vinacea,37900
amazonia,140
amazonia legal,9460000
amazonía de surinam,9210000
ambrosia (gastronomía),64100
ambrosia peruviana,43100
ambrosio letelier salamanca,10100
ambrosio rabanales,19700
ameerega boliviana,78
ameerega macero,2070
ameghinoa patagonica,419000
amelia abascal,118000
amelia solar de claro,110
amerfolk,57
america vera zavala,65
amerika'n sound,43000
amerindios (banda),68900
ammi majus,552000
ammocryptocharax elegans,3160
ammocryptocharax minutus,991
amo jesús,109
amo jesús de el tambo,371000
amo jesús de la catedral de popayán,20300
amo jesús de puelenje,1500
amo jesús de timbío,5710
amo jesús de yanaconas,6790
amo jesús nazareno,617000
amolinia heydeana,435
amomyrtus meli,93
amor festival,312000000
amorbia colubrana,300
amorbia exsectana,404
amorbia exustana,195
amorpha californica,82400
amparo noguera,1530000
ampelion rubrocristatus,14000
amphiphyllum,2000000
amphisbaena angustifrons,2320
amyris polymorpha,3300
américa pop,199
ana cepinska,109
ana consuelo gómez,7560000
ana cortés,27000000
ana cristina céspedes,2000000
ana del rosario montrosis,505
ana kai tangata,113
ana luisa devés,37000
ana marcela gutiérrez peñaloza,496000
ana maría barrenechea grünwald,1610
ana maría estrada,70700000
ana maría ortiz,73500000
ana maría simón pazmiño,57
ana maría vicuña,54
ana mercedes hoyos,2120000
ana reeves,134
ana rosa tornero,203000
ana veydó,3960
ana vásquez-bronfman,14100
ana y jaime,64000000
anabel angus,127
anabell rivero,84600
anablepsoides atratus,6060
anablepsoides christinae,8160
anablepsoides elongatus,9010
anablepsoides intermittens,1520
anablepsoides iridescens,602
anablepsoides peruanus,725
anadia bogotensis,3970
anadoras regani,2440
anahí,7210000
anaperochernes ambrosianus,409
anarthrophyllum macrophyllum,559
anas andium,12000
anas georgica,137
anata (festividad andina),17900
anata (instrumento),60700
anaís castro,427000
ancas de rana,632000
anchimallén,10200
ancistrops strigilatus,10300
ancistrus dolichopterus,139
ancistrus heterorhynchus,734
ancistrus maculatus,26800
ancistrus variolus,947
ancizar castrillón,87
ancohuma,118
ancud,2610000
ancud (comuna),958000
ancuta,1390000
andalicán,29000
andes fueguinos,188
andes húmedos,75
andesina,89
andigena laminirostris,107000
andinoacara pulcher,220
andinobates altobueyensis,903
andinobates bombetes,5270
andinobates daleswansoni,1560
andinobates dorisswansonae,1600
andinobates minutus,1770
andinobates tolimensis,1190
andrea camponovo,86000
andrea destongue,666
andrea díaz,47500000
andrea forfori,73
andrea garcía-huidobro,645000
andrea goic,52
andrea herrera,45500000
andrea hoffmann,97
andrea jeftanovic,33500
andrea labarca,2570000
andrea maturana,87
andrea romero rojas,16500000
andrew bargsted,32600
andreína caro,397000
androdon aequatorialis,155
androlepis skinneri,3480
andré ubilla,483000
andrés bazán frías,817000
andrés bobe,108000
andrés cepeda (cantante),921000
andrés chazarreta,256000
andrés claro,103000000
andrés couve,112
andrés godoy,8780000
andrés gómez (actor chileno),505000
andrés kalawski,12300
andrés landero,120
andrés mallo,49
andrés nusser,87
andrés olivos,8340000
andrés pardo tovar,44
andrés pizarro,9920000
andrés pérez (director de teatro),14400000
andrés reyes cristi,368000
andrés rillón,6100
andrés steinfort mulsow,694
andrés uc dzul,25000
andrés velasco (actor),1950000
andrés waissbluth,15700
anelaphus flavofasciatus,153
anemopsis californica,38600
"anfiteatro washington ""canario"" luna",8940
angaripola,14400
angol,145
angostura de paine,565000
angostura inglesa,138
angélica delfina vásquez cruz,171000
angélica neumann,74
aniceto molina,120
anilocra abudefdufi,5350
anilocra montti,471
animal city,1830000000
anisado,224
anisocoma acaulis,2170
anitza,321000
ankatu alquinta,3260
annie fuenmayor,20400
annona cherimola,250000
annona glabra,415000
annona muricata,1240000
anoda cristata,30500
anolis concolor,67
anolis eulaemus,1510
anolis gorgonae,122
anolis lemurinus,10600
anolis maculigula,962
anolis pentaprion,2140
anolis pinchoti,20000
anomia simplex,28100
anostomus longus,603
anoura cultrata,8820
anoura latidens,10500
anselmo blanlot holley,2510
antahuara,28200
antara,396000000
antares de la luz,2360000
ante (bebida),49
anthemis cotula,198
anthocephala berlepschi,3560
anthocephala floriceps,144
anthony galindo,5440000
anthurium andraeanum,362000
anthurium huixtlense,1850
anthurium venosum,3270
anticiclón boliviano,6530
anticiclón del pacífico sur,167000
anticucho,113
anticura,75900
antigua tasca de cuchilleros,178
antihuala,70000
antillanca,198
antimurga bcg,4690
antipasto,130
antología (canción),168
antonella moscatelli,281000
antonia bosman,273000
antonia lehmann,2020000
antonia olivares,75
antonia saelzer,3670
antonia santa maría,124
antonieta rodríguez,3880000
antonio acevedo hernández,89
antonio bentué,17900
antonio campaña,106
antonio campos di girolamo,457000
antonio coll y pi,2800000
antonio de undurraga,72
antonio díaz villamil,800000
antonio gonzaga,20400000
antonio huneeus,48600
antonio lópez hernández (artesano),198000
antonio maría peñaloza,1980000
antonio olave palomino,64
antonio pecorara,39800
antonio prieto (cantante),152
antonio quintana,41300000
antonio rendic,162000
antonio restucci,24600
antonio skármeta,284000
antonio tarragó ros,248000
antonio vico camarero,56700
antonio ávila jiménez,10900000
antuco (centro de esquí),14400
antártica (comuna),88
aníbal cárcamo,1010000
aníbal guzmán miranda,2310000
aníbal reyna,503000
aníbal velásquez hurtado,320000
aotus azarae,15400
aotus boliviensis,25000
aotus brumbacki,3920
aotus griseimembra,15000
aotus jorgehernandezi,80
aotus lemurinus,129
aotus nigriceps,12800
aotus zonalis,11100
aphanocarpus steyermarkii,554
aphanosperma sinaloense,887
aphelandra aurantiaca,14300
aphelandra scabra,11100
aphrastura spinicauda subantarctica,1790
aphyocharax agassizii,3710
aphyocharax alburnus,4150
aphyocharax nattereri,6920
aphyocharax pusillus,4710
aphyolebias claudiae,647
aphyolebias obliquus,875
aphyolebias wischmanni,928
api (bebida),77800000
apiastrum angustifolium,58
aplanchado,69
apol,5100000
apolinar camacho,734000
apolinar hernández balcazar,39000
apolonia dorregaray veli,703
apomatoceros alleni,405
aponte (nariño),258000
apoquindo,148
aporocactus martianus,2770
aporreadillo,127
apteronotus albifrons,59300
apthapi,121000
aquilegia chrysantha,43900
aquilegia elegantula,9380
ara glaucogularis,113
ara rubrogenys,129
araceli vitta,14100
arachis benensis,92900
arachis chiquitana,1510
arachis cruziana,1830
arachis hassleri,1030
arachis herzogii,757
arachis inflata,9970
arachis ipaensis,54000
arachis kempff-mercadoi,714
arachis krapovickasii,36100
arachis monticola,20800
arackar licanantay,206
arak pacha,27800
aramecina,146000
aramides wolfi,3440
aramides ypecaha,24900
arapaima,132
arapaima gigas,713000
arapaima leptosoma,12200
arapaima mapae,124
aratinga alticola,13400
araucano (licor),46900
arbutus arizonica,27700
arbutus bicolor,138
archibaccharis serratifolia,3300
archipines exsanguis,253
archipiélago de chiloé,187
archivo musical de chiquitos,102
arco musical,59600000
arco percutor,321000
arctium minus,270000
arctostaphylos glauca,148000
arenales de cochiraya,4850
arepa,9030000
arepa de choclo,130
arepa de huevo,9010000
arepa de trigo,200
arepa rellena,128
arepera,184
argemone platyceras,137
argenis rea,32700
argenteohyla siemersi,2420
argonectes longiceps,1670
argonectes robertsi,1160
argopecten,174000
argopecten purpuratus,203
argopecten ventricosus,17500
ari's burger,8210000
arianda sodi,4280
aricoris erostratus,424
aridius montuosus,371
ariel ameijenda,13000
ariel dorfman,184
ariel florencia richards,118
ariel levy,103
ariel mateluna,72500
ariel ramírez,11400000
ariel sosa,8020000
ariel villazón torrico,11000
ariocarpus bravoanus,18600
ariocarpus fissuratus,215
ariocarpus furfuraceus,63600
ariocarpus kotschoubeyanus,110000
ariocarpus trigonus,47400
aripuca,82000
aristida californica,55500
aristida pubescens,85900
aristolochia bicolor,56300
aristolochia bridgesii,2130
aristolochia chilensis,25900
aristolochia foetida,41800
aristolochia monticola,25400
aristolochia pringlei,11300
aristotelia chilensis,301000
aristotelina,10900
aristóteles españa,98
arjona tuberosa,7100
arlette torres,1410000
armand mattelart,277000
armando alba zambrana,209000
armando carvajal,3480000
armando fenoglio,73000
armando lira,4720000
armando moock,64
armando rojas castro,8610000
armando rubio huidobro,327000
armando scannone,138
armando valerio,4770000
armando zegrí,4640
armatocereus ghiesbreghtii,989
armatocereus rauhii,1830
armenia (bogotá),127
arminda alba,105
armónico (instrumento musical),205
arnicastrum guerrerense,359
arnulfo mendoza,77
aron hernández,158
arpa jarocha,124
arpa llanera,1070000
arpa paraguaya,122
arpilleras,216000
arracacia tolucensis,2540
arrachera,6360000
arranquemos del invierno,24600
arrieros mulas y fondas,73
arrollado de huaso,193
arrope,216
arrope de chañar,211
arroyo canelón chico,63500
arroyo carrasco,121
arroyo de las vacas,2630000
arroyo de mataojo,74
arroyo juan gonzález grande,5880000
arroyo miguelete,135
arroyo pando,1270000
arroyo solís chico,568000
arroyo solís grande,1160000
arroyo tarariras,201000
arroyo tropa vieja,327000
arroz a la tumbada,358000
arroz atollado,202
arroz blanco (gastronomía),21000000
arroz chaufa,3360000
arroz con coco,75900000
arroz con frijoles,32800000
arroz con mariscos,51100000
arroz con pato,121
arroz con pollo a la chorrera,348000
arroz de fríjol cabecita negra,59800
arroz de lisa,38100000
arroz de morelos,10200000
arroz negro (cocina mexicana),7270000
arroz poblano,10300000
arroz zambito,109000
art tripp,18000000
artefactos quimbaya,109
artemio alisio,5710
artemisia absinthium,1030000
artemisia filifolia,28500
artesanía cuzqueña,216
artesanía de chile,25400000
artesanía del lago titicaca,385000
artesanía en crin de rari,58100
artesanía movima,3710
artesanías de guerrero,8950000
artesanías en aguascalientes,9500000
artesanías rarámuris,173000
artesanías y arte popular de puebla,181
artesanías y arte popular en la ciudad de méxico,12400000
arthrostylidium reflexum,821
artibeus watsoni,6720
artorima,49
arturo benavides santos,1940000
arturo borda,1730000
arturo bührle,4640
arturo domínguez,11000000
arturo fontaine aldunate,7530
arturo gatica,119
arturo giolito,80
arturo hevia,40
arturo mario,85
arturo matte alessandri,68700
arturo moya grau,755000
arturo pacheco altamirano,1230000
arturo pérez del castillo,62
arturo torres rioseco,122000
arundo donax,817000
arusí,104
arvejada,26500
arán de las casas,650000
as (gastronomía),167000000
asadito colorado,199
asado con cuero,14500000
asado de cerdo,45100000
asado de puerco,16400000
asado negro,36000000
asaltantes con patente,93800
aschistodon conicus,285
ascidiogyne,2560
asclepias asperula,130
asclepias eriocarpa,155
asclepias erosa,16300
asociación de artesanos de tobati,120
asociación interétnica de desarrollo de la selva peruana,72200
asociación uruguaya de candombe,103000
asoleado,399000
aspidosperma megalocarpon,5880
asplenium praemorsum,144
asterogyne spicata,3710
asterogyne yaracuyense,96
asterophysus batrachus,7380
asthenes berlepschi,137
asthenes harterti,5230
astragalus acutirostris,1980
astragalus amphioxys,1860
astragalus bernardinus,1440
astragalus berterianus,732
astragalus bustillosii,843
astragalus crymophilus,731
astragalus cryptanthus,30000
astragalus crypticus,4580
astragalus cryptobotrys,367
astragalus curvicaulis,74
astragalus cuyanus,394
astragalus daleae,4690
astragalus darumbium,628
astragalus darwinianus,425
astragalus dillinghamii,152
astragalus douglasii,28900
astragalus edmonstonei,309000
astraptes chiriquensis,5860
astrid fugellie,3410
astrocaryum mexicanum,10700
astrophytum capricorne,131000
astrophytum myriostigma,440000
astyanax abramis,9950
astyanax atratoensis,935
astyanax caucanus,2410
astyanax chaparae,1020
astyanax daguae,1090
astyanax filiferus,90
astyanax gisleni,173
astyanax megaspilura,558
astyanax microlepis,15200
astyanax stilbe,49
asunción de maría,27400000
asunta limpias de parada,6380
atacama large millimeter array,1020000
atacamatitan chilensis,2330
atacamita,110
atajo (banda),7900000
ate (dulce),43400000
ateleia chiangii,546
ateleia chicoasensis,282
ateleia glabrata,2930
ateleia gummifera,2220
ateleia hexandra,1270
ateleia salicifolia,2570
ateleia sousae,1200
ateles fusciceps,61500
ateles hybridus,30500
ateles paniscus,120
atelocynus microtis,21900
atelognathus ceii,114
atelognathus salai,894
atelopus angelito,103
atelopus ardila,99
atelopus arsyecue,179
atelopus chocoensis,1350
atelopus elegans,18300
atelopus gigas,8120
atelopus nahumae,1700
atelopus nicefori,2060
atelopus pictiventris,10400
atelopus spurrelli,159
atelopus tricolor,12600
atilio boveri,8120
atkinsia cubensis,231
atlapetes blancae,6940
atlapetes flaviceps,8340
atlapetes fuscoolivaceus,1890
atlapetes melanocephalus,21700
atlapetes rufinucha,9460
atlas agroclimático de chile,6620
atlas lingüístico y etnográfico de colombia,38900
atocha (bolivia),913000
atol shuco,124
atole,8470000
atractus crassicaudatus,3920
atrichoseris platyphylla,1960
atriplex hymenelytra,6980
atriplex lampa,11100
atriplex polycarpa,15500
atriplex sagittifolia,16900
atriplex semibaccata,29800
atriplex vallenarensis,127
atta,54800000
atta laevigata,40300
atta mexicana,573000
attalea rostrata,5650
attilaea abalak,448
atápakua,2780
augusto cicaré,7300
augusto céspedes,904000
augusto lobos,1590000
augusto orrego luco,40500
augusto schuster,1360000
augusto winter,14400000
auki auki (danza),200
aulacomya atra,15000
aulacorhynchus haematopygus,24200
aulacorhynchus prasinus,209
auliscomys boliviensis,2630
auqui auqui,501000
aurora alquinta,9760
aurora mira,60600000
aurélia de sousa,1070000
austrocactus spiniflorus,1480
austrofundulus myersi,98
austrolebias nonoiuliensis,7300
austrolebias robustus,7040
austrolebias toba,50
austrolebias wichi,685
austroomphaliaster nahuelbutensis,839
automeris jucunda,125
automolus melanopezus,6140
automolus paraensis,2380
autonomía indígena originario campesina,145
autopista del aconcagua,290000
avalancha de salgar de 2015,201
avalanchas de el carmen de atrato,1840
avalanchas en colombia de 2022,41600
avelino sanhueza,19100
avellanita bustillosii,1420
avena fatua,201
avenida arica,86
avenida césar canevaro,124000
avenida de los héroes de san ramón,655000
avenida defensores del morro,479000
avenida francisco bolognesi (lima),129
avenida guardia chalaca,95
avenida ignacio carrera pinto,984000
avenida miguel grau (barranco),571000
avenida miguel grau (iquitos),89
avenida miguel grau (lima),4690000
avenida miguel grau (piura),104
avenida reducto,716000
avenida sáenz peña (callao),511000
avenida sáenz peña (chiclayo),69000
avenida teniente luis cruz martínez,271000
avenida tobalaba,116
aventura culinaria,40700000
aves argentinas,8250000
aves de argentina,66900000
avicularia affinis,87
awatiñas,127
axayácatl (insecto),1580
axel kaiser,201
ay çöreği,738000
ayacachtli,12600
ayayema,52
aylostera spinosissima,12100
aymar aristiguieta,743
ayotl,53100
ayoyotes,27400
azara celastrina,6910
azara dentata,169
azara integrifolia,420000
azara petiolaris,4370
azara uruguayensis,2410
azul azul,3450000000
azurduy (municipio),436000
aída poblete,130000
añapa,62
año nuevo purépecha,489000
añoranzas (chacarera),124
añoranzas negras,283000
baar fun fun,38400000
bacalao a la vizcaína,603000
bacalao en salazón,654000
bacanora (licor),384000
bacardí,220
baccharis brachyphylla,3520
baccharis concava,158
baccharis conferta,12000
baccharis erosoricola,177
bactra cultellana,227
bactra fuscidorsana,374
bactris cubensis,4490
bactris mexicana,100
bactris mexicana var. trichophylla,43
badnjak,1640000
bagna cauda,121
bahía acosta,7680000
bahía aguirre,5110000
bahía ainsworth (chile),111000
bahía allen gardiner,90000
bahía almirante brown,1410000
bahía barrister,32200
bahía beaufort,380000
bahía blanca (bahía),137000000
bahía buen suceso,97
bahía cambaceres,31700
bahía cook,24400000
bahía corbeta papudo,3380
bahía courcelle seneuil,1540
bahía de arauco,294000
bahía de barbacoas,2840000
bahía de buenaventura,2260000
bahía de calamar,1600000
bahía de cartagena de indias,1550000
bahía de caulín,13600
bahía de concepción,8550000
bahía de coquimbo,1210000
bahía de corral,138
bahía de cucao,84
bahía de cupica,112
bahía de samborombón,75200
bahía de san sebastián,22600000
bahía de santa marta,7670000
bahía de tumaco,197000
bahía de ushuaia,139
bahía de valparaíso,1590000
bahía del carnero,626000
bahía dislocación,15300
bahía ensenada zaratiegui,12500
bahía euston,12300
bahía golondrina (bahía),387000
bahía gretton,2020
bahía harberton,137
bahía honda (colombia),9520000
bahía hondita,31100000
bahía hope,11800000
bahía inútil,99
bahía isthmus,78000
bahía laguna verde,22000000
bahía lapataia,139
bahía latitud,9090000
bahía laura (chile),2560000
bahía lort,26600
bahía málaga,6970000
bahía oglander,766
bahía orange,76100000
bahía otway,23100
bahía packsaddle,2550
bahía relegada,226000
bahía rice,66
bahía ronne,31600
bahía san antonio,54600000
bahía san francisco,26200000
bahía san pedro,24300000
bahía schapenham,358
bahía solano (colombia),1560000
bahía stokes,710000
bahía tarn,176000
bahía tekenika,3810
bahía thetis,53
baila la chola,680000
baile chino,54200000
baile de la conquista,31000000
baile de los indios promesanos,1230
baile de morenos de paso,104
baile del venado,125
bailecito,8190000
baja med,177
bajiplanicie guajira,339
bajo quinto,94900000
bajo sexto,48500000
bakerolimon plumosa,434
balam,17300000
balantiopteryx infusca,150
balbisia,19700
balbisia aphanifolia,118
balbisia gracilis,139
balbisia integrifolia,1050
balbisia meyeniana,740
balbisia miniata,555
balbisia peduncularis,2850
balcarce (empresa),722000
balché (bebida),13100
balderrama,123
baldo araya uribe,7350
baldomero lillo,309000
baldramina flores,7870
baleada,3500000
ballet folclórico de chile,880000
ballet folclórico nacional,869000
ballet folklórico nacional (argentina),659000
ballet folklórico oro lenca,18500
balmaceda,5290000
balsa de cuero de lobo,90300
balsa muisca,44600
balsamocarpon brevifolium,64
baltazar castro,4820000
bam bam miranda,8590000
bambero,62600
banara wilsonii,1900
banda bordemar,20300
banda de bronces,13600000
banda intercontinental poopó,16300
bandeja paisa,10400000
bandola,1200000
bandolín tachirense,5950
bandolón,25200
bangsia aureocincta,3920
bangsia melanochlamys,3810
baozi,119
bar británico,80
bar cinzano,1790000
bar el hacha,81
bar facal,294000
bar los yuyos,80
bara brith,3860000
barbacoa (méxico),38500000
barbosella prorepens,107
bares de buenos aires,21600000
bario steindachneri,2180
barkeria barkeriola,1140
barkeria melanocaulon,138
barkeria naevosa,141
barkeria obovata,3210
barkeria scandens,3950
barkeria strophinx,577
barkeria uniflora,146
barniz de pasto,1140000
barquilla (helado),182000
barredero (localidad),104000
barrera de hielo filchner-ronne,2000
barrera de hielo jorge vi,132000
barrera de hielo larsen,32200
barrera de hielo príncipe gustavo,52700
barrera de hielo wilkins,18400
barrera desértica del caribe,12800
barrio chino de lima,28800000
barrio nuevo mundo (bolivia),53900000
barrio rampla,231000
barrio sur (montevideo),12300000
barroco andino (banda),139
bartlettina sordida,7890
bartolomé arzáns de orsúa y vela,87
bartolomé leal,2090000
baryancistrus niveatus,2980
basilisco chilote,4790
basiliscus vittatus,42800
bassia scoparia,265000
bate (bebida),36400000
batiburrillo,126
batolito costero de chile central,14300
batolito patagónico,3470
batrachyla antartandica,2820
batrachyla fitzroya,1230
batrachyla nibaldoi,948
batrachyla taeniata,4840
batuco,1100000
batá,214000
batán (piedra de moler),19200
bauhinia jenningsii,1750
bautismo de jesús,13500000
bañados de figueroa,62
bañados de izozog,6490
bañados de izozog y el río parapetí,85
bañados de tichela,268000
baños cochamó,186000
baños termales campanario,256000
beatlemania (banda),488000
beatrice di girolamo,995000
beatriz aurora,110
beatriz daza,1440000
beatriz gonzález (artista),180
beatriz leyton,563000
beatriz méndez leclere,4140
beatriz pichi malen,12200
beaucarnea recurvata,538000
beautiful liar,71800000
bebidas de el salvador,67700000
beby aponte (cantante),91
begonia aeranthos,3980
begonia boliviensis,201000
begonia cucullata,211
begonia wageneriana,128
behaimia cubensis,705
beilschmiedia berteroana,155
bejaria cubensis,1490
belocaulus angustipes,61
bembos,1060000
bendición del mar,121
benedicto chuaqui,5010
benigno núñez,1720000
benigno ávalos,216000
benito cerati,399000
benjamín vicuña,4680000
benjamín vicuña solar,135000
benjamín vicuña subercaseaux,98
berberidopsis granitica,743
berberis glomerata,57
berberis laurina,73
berberis microphylla,870000
berberis negeriana,1070
berenice chávez,2000000
bernabé santelices,42400
bernarda seitz,10700
bernardino bravo lira,912000
bernardita vattier,1230
bernardo arancibia flores,195000
bernardo baraj,108
bernardo palau cabrera,597000
bernardo quesney,13000
berta quiero,6570000
bertha koessler-ilg,2530
bertha puga,66
bertilda samper acosta,3530
beschorneria yuccoides,24600
beso de moza,191
beto cuevas,2270000
betsaida (banda),101000
bicentenario de bolivia,16200000
bicentenario del proceso de emancipación oriental (uruguay),21400
bidens laevis,87700
bienes nacionales protegidos,9630000
bienmesabe (postre peruano),13400
bienmesabe (postre),122
big cola,536000000
billieturnera helleri,530
biophytum latifolium,2300
bipinnula fimbriata,3620
birria,21800000
bistec a lo pobre,1930000
bizcochitos de grasa,936000
bizcocho (uruguay),8250000
bizcocho chancay,16700
bizcocho de mármol,781000
bizcocho dominicano,15200000
blaberus boliviensis,2210
blanca del río,353000000
blanca merino,7810000
blanca navidad (tiempo),80200000
blanca santa cruz ossa,868000
blanca tejos muñoz,29500
blanca wiethüchter,173
blanco orejinegro (raza bovina),203
blaptica aurorae,133
blaptica daguerrei,122
blaptica dureti,111
blaptica fernandezi,1590
blaptica haywardi,369
blaptica ibarrai,581
blaptica interior,4150
blaptica pereyrai,204
blaptica vianai,441
blechnum serrulatum,15000
blepharocalyx salicifolius,18800
bletia florida,14100
bletia purpurata,186
bletia purpurea,17100
bletia reflexa,4420
bloque depresivo,504000
blue ballet,116
boana appendiculata,8180
boana platanera,205
boana pugnax,6750
boana pulchella,19100
bobby hutcherson,1850000
boca del guafo,9700
bocachico en cabrito,12200
bocadillo (dulce),137
bocas de ceniza,1010000
bocol,140000
body shot,136
boechera perennans,5330
bogotá international film festival,1570000
boissonneaua jardini,17800
boitatá,260000
bola de oro (postre),9180000
bolanchao,10700
bolanosa coulteri,994
bolborhynchus ferrugineifrons,5930
bolillo (pan),3940000
bolillo con relleno,4020000
bolita de masa,6960000
bolitoglossa adspersa,2200
bolitoglossa biseriata,152
bolitoglossa capitana,959
bolitoglossa chica,2640
bolitoglossa equatoriana,2950
bolitoglossa guaneae,645
bolitoglossa hiemalis,893
bolitoglossa hypacra,637
bolitoglossa leandrae,643
bolitoglossa medemi,1330
bolitoglossa nicefori,2030
bolitoglossa pandi,1160
bolitoglossa phalarosoma,817
bolitoglossa ramosi,159
bolitoglossa savagei,162
bolitoglossa silverstonei,910
bolitoglossa tamaense,962
bolitoglossa vallecula,920
bolitoglossa walkeri,2070
bolivia (grupo femenino),119
bolivia en el festival de la oti,60100
bollo,133
bollo (envuelto),561000
bollo de pescado,123
bollo pelón,17000
bolón de verde ecuatoriano,253000
bomarea multiflora,20100
bomarea ovallei,5080
bomarea salsilla,164
bombacha de campo,1300000
bombo legüero,151000
bommeria pedata,6080
bon o bon,1050000000
bondiola,2980000
bonny alberto terán,18700
boraro,280000
bordados artesanales bolivianos,118000
bordando por la paz,397000
borgoña (bebida),198
boris quercia,120
boro din,7820000
boroa,714000
boronía,31800
borzicactus fieldianus,57
borzicactus icosagonus,1510
borzicactus longiserpens,620
borzicactus neoroezlii,526
borzicactus plagiostoma,650
borzicactus tenuiserpens,512
bosque (revista),63200000
bosque andino,10300000
bosque andino patagónico,96000
bosque chiquitano,185000
bosque de algarrobos de tiataco,63
bosque de calabacillo,4550
bosque de porvenir,3710000
bosque de várzea,1220000
bosque el nixticuil,22100
bosque esclerófilo,126000
bosque fósil de punta pelluco,1870
bosque las petras,4710000
bosque maulino,103
bosque panul,48300
bosques de argentina,40200000
bosques de chile,37400000
bosques de pino-encino de la sierra madre del sur,344000
bosques de pino-encino del eje neovolcánico mexicano,99
bosques húmedos del chocó-darién,9350
bosques lluviosos del oeste de ecuador,28400
bosques montanos de la cordillera real oriental,1380000
bosques montanos de los andes venezolanos,2870000
bosques montanos de santa marta,1530000
bosques montanos del noroeste de los andes,93
botas de montar,9290000
botas de potro,921000
botas tribaleras,131
botijuela,48400
botota fox,196000
bouvardia longiflora,8740
brachiaria platyphylla,8210
brachyclados caespitosus,1010
brachyclados lycioides,906
brachyhypopomus walteri,6390
brachymyrmex oculatus,1690
brachymyrmex tristis,2940
brachyotum sertulatum,459
brachyotum strigosum,1340
brachyplatystoma capapretum,3130
brachystigma wrightii,860
bradypus variegatus gorgon,5570
brahea armata,150000
brahea brandegeei,4770
brahea calcarea,152
brahea decumbens,5170
brahea edulis,191
bramón (venezuela),112000
brasero tipo teatro,436000
brasiliopuntia brasiliensis,15200
brasilotyphlus braziliensis,665
brassavola glauca,15600
brassica juncea,121
brassica nigra,921000
brassica rapa,5230000
braulio arenas,951000
brazo del noroeste,2100000
brenda ibáñez,53
bresh (fiesta),494000
brevas con arequipe,213000
brickellia atractyloides,3720
brickellia californica,20400
brickellia eupatorioides,6740
brickellia oligadena,489
brickellia veronicifolia,4090
brickelliastrum fendleri,1100
bridgesia incisifolia,48
brigada de propaganda feminista,36200
brittanichthys axelrodi,2620
brittanichthys myersi,1210
brocchinia acuminata,3650
brocchinia cowanii,349
brocchinia delicatula,2230
brocchinia gilmartiniae,903
brocchinia hechtioides,3070
brocchinia hitchcockii,446
brocchinia melanacra,804
brocchinia micrantha,3100
brocchinia prismatica,411
brocchinia tatei,68
brocheta de suri,83
brochis splendens,190
bromelia alsodes,1360
bromelia pinguin,39300
bromus arizonicus,3400
bromus catharticus,119
bromus mango,51
bromus setifolius,5970
bromus valdivianus,4300
brotogeris cyanoptera,30100
brotogeris sanctithomae,162
brownea leucantha,2190
brownie (perro),11400000
browningia altissima,163
browningia amstutziae,623
browningia chlorocarpa,1140
browningia columnaris,1900
browningia utcubambensis,483
brugal,2740000
brugmansia arborea,212
brujos de chiloé,64000
bruna truffa,121
bruno grossi,20500000
bruñido de la plata,2610000
brycon falcatus,5850
brycon pesu,2400
bryconamericus caucanus,1880
bryconamericus guaytarae,666
bryconamericus guizae,506
bryconamericus huilae,556
bryconamericus iheringii,5330
bryconamericus mennii,1220
bryconamericus pyahu,870
bryconamericus tolimae,1970
bryconamericus ytu,53
bryconella pallidifrons,1130
bryconexodon juruenae,885
bucco capensis,32200
bucida buceras,96400
bucquetia glutinosa,2220
budare,406000
buddleja incana,61000
buddleja parviflora,87
buddleja scordioides,4190
buddleja sessiliflora,10300
buena vista (iténez),25600
buenaventura luna,6480000
buenos aires festival internacional de cine independiente,1050000
buenos aires rojo sangre,21100000
buenos aires trap,123
buin zoo,157
bullerengue,124
bulnesia chilensis,4490
bulo bulo,6270000
bulumia,6850000
bum bum tam tam,109
bun (papas fritas),150
bunde (colombia),121
bunde chocoano,105
bunde tolimense,29400
bunocephalus aleuropsis,862
bunocephalus coracoideus,10400
bupu (bebida),205
burilado de la plata,19800
burrito (comida),49200000
burro percherón,125
bursera chemapodicta,2240
bursera graveolens,395000
bursera microphylla,57500
bursera simaruba,208000
buseca,140
buteogallus schistaceus,18400
buteogallus solitarius,28800
butia odorata,48800
butia yatay,66400
butyriboletus loyo,99
byrsopteris formosa,1130
bárbara clara,123000000
bárbara gonzález barrera,5250000
bárbara luna,89800000
bárbara sánchez,14000000
bélgica castro,6850000
c-funk,326000000
caapóra,323
caballero pobre,200
caballito nicoyano,17200
caballo (folclore),12900000
caballo bayo (comida),331000
caballo chileno,11100000
caballo marino chilote,5640
cabaraya,6000
cabecera municipal,70
cabeza guateada,10300
cabildo de humahuaca,122
cabildo indígena,1150000
cabin in the wata,72
cabo corrientes (colombia),95
cabo de la aguja,19000000
cabo de la vela,42000000
cabo del espíritu santo,100
cabo froward,90100
cabo manglares,2150000
cabrito,115
cabrito a la norteña,408000
cabrito al pastor,120
caburé (comida),35800
cacahuate,5540000
cacahuate japonés,200
cacahuazintle,120000
cacajao calvus,37400
cacajao melanocephalus,21500
cacalachtli,933
cacao (bebida),34700000
cacao grijalva,269000
cachagua,536000
cachapa,1150000
cachapoal (localidad),45200
cacharpaya,122
cacharrada,6950
cachimbo (danza),122
cachito de jamón,476000
cachiyuyo (chile),30000
cacho tejera,74400
cacho tirao,61600
cachua,181000
cacique (guaro),119000
cacique yatel,10400
cadejo,670000
cadena de salas y gómez,5910000
caecilia antioquiaensis,563
caecilia bokermanni,881
caecilia caribea,8580
caecilia corpulenta,953
caecilia degenerata,872
caecilia disossea,57
caecilia gracilis,4660
caecilia guntheri,1330
caecilia isthmica,746
caecilia leucocephala,1710
caecilia marcusi,730
caecilia nigricans,2370
caecilia occidentalis,3700
caecilia orientalis,3830
caecilia pachynema,1480
caecilia perdita,3090
caecilia subdermalis,645
caecilia subnigricans,1040
caecilia tentaculata,3150
caecilia tenuissima,1340
caecilia thompsoni,2600
caenolestes convelatus,138
caenolestes fuliginosus,6590
caesalpinia paipai,102
cafetería la giralda,72
café brasilero,134
café cubano,188
café de chiapas,26700000
café de chile,459000000
café de colombia,212000000
café de ecuador,134
café de garcía,55400000
café de guatemala,90900000
café de hansen,32300000
café de honduras,130000000
café de los angelitos,1750000
café de machu picchu-huadquiña,3160
café de marco,117000000
café de olla,54400000
café de paraguay,140
café de villa rica,40800000
café domínguez,78
café el estaño 1880,75500
café el estribo,2630000
café el japonés,238000000
café el nacional,101
café en méxico,191000000
café germinal,276000
café iglesias,132000000
café martínez,139
café marzotto,28800
café punta del cielo,216
café san bernardo,18100000
café tortoni,456000
café treve,345000
cahuamanta,112
cahuelche,8200
caituy de achao,5900
caja (instrumento musical andino),323000
caja vallenata,719000
cajeta de celaya,275000
cajita rítmica afroperuana,1660
cajuela de café,9790000
cajón (percusión),214
cajón de rumba,909000
cajón de tapeo,9240000
cajón del maipo,1990000
calabacitas con puerco,1880000
calado de la plata,6870000
calafate (mito),230000
calafquén,195000
calalú,23200
calanthe calanthoides,2460
calapurca,28400
calatambo albarracín,2010
calavera de alfeñique,432000
calavera literaria,900000
calbuco,1730000
calceolaria alba,151
calceolaria bogotensis,2930
calceolaria integrifolia,110
calchona,24500
calcu,7100000
caldo avá,7480000
caldo de bolas,15500000
caldo de carachama,26300
caldo de carachi,118
caldo de cardán,9620
caldo de costilla,20200000
caldo de hongos de cazahuate,1340
caldo de indianilla,2930
caldo de mondongo,5420000
caldo de pollo,94900000
caldo de queso,63500000
caldo de salchicha,29200000
caldo de torrejas,968000
caldo michi,3220000
caldo siete mares,495000
caldo tlalpeño,125
caldo verde (cocina peruana),24800000
caldo xóchitl,31100
caldosa,432000
calendas de san fernando,43300
calentado,3770000
caleta mataura,606
caleta sangüesa,12900
caleta wulaia,70
caleu,214000
caleuche,140
caliboro,39100
california macrophylla,752000
calipso (música),1890000
calipso de el callao,296000
calle prat,11500000
calle serrano (valparaíso),124
calliandra eriophylla,18900
calliandra falcata,18900
calliandra houstoniana,11700
calliandra parvifolia,29000
calliandra rubescens,5600
calliandropsis nervosus,691
callicebus aureipalatii,2700
callicebus brunneus,4990
callicebus donacophilus,4320
callicebus dubius,3000
callicebus lucifer,4420
callicebus medemi,1900
callicebus miltoni,174
callicebus modestus,4810
callicebus olallae,149
callicebus ornatus,11000
callicebus pallescens,3110
callicore hesperis,150
callimico goeldii,43200
callisia monandra,2290
calochortus albus,72
calomys boliviae,159
calomys callosus,12500
calomys hummelincki,1260
calomys musculinus,11900
calopogon tuberosus,158
calyptocephalella,75500
calyptocephalella canqueli,558
calyptocephalella gayi,73000
calyptranthes arenicola,1870
calyptranthes flavoviridis,729
calyptranthes pozasiana,472
calyptranthes rostrata,5200
calyptronoma plumeriana,122
calystegia macrostegia,9750
camahueto,44700
camanchaca,436000
camarones al mojo de ajo,4850000
camba florencio,177000
cambarellus,133000
cambio climático en colombia,37700000
cambódromo,266000
camelina sativa,1280000
cameraria microphylla,7500
camila canabal,204000
camila gutiérrez,12000000
camila valenzuela,8250000
camilo (cantante),10500000
camilo antileo,16600
camilo fernández,16900000
camilo huinca,107000
camilo josé vergara,121
camilo montes rodríguez,3050000
camilo salinas,8670000
camissonia bistorta,2640
camissonia californica,16000
camiña,641000
camotillo (dulce),101
campaña del juguete,217
campeonato mundial de baile de tango,324000
campephilus robustus,26600
campinarana,77800
campomanesia adamantium,16000
campylorhynchus albobrunneus,114
canal abra,63400000
canal acwalisnan,485
canal albatross,1690000
canal baker,54700000
canal ballenero,91200
canal beagle parte oriental,101000
canal bárbara,127000000
canal cockburn,509000
canal covadonga,1760000
canal de chacao,7670000
canal de relaves colón-carén,440
canal del laberinto,12900000
canal elías,37900000
canal escape,203000000
canal esteban,50800000
canal evans,24100000
canal farrel,5830000
canal fitz roy,264000
canal hernán gallego,1040000
canal icy,66100000
canal ignacio,68100000
canal inocentes,47600000
canal ladrillero,77500
canal machado,39100000
canal martínez,221000000
canal maule (marino),44900
canal moraleda,423000
canal morla vicuña,5100
canal o'brien,6570000
canal ocasión,154000000
canal ofqui,6660
canal picton,384000
canal pomar,748000
canal puyuhuapi,34600
canal santos,1710
canal señoret,24200
canal smyth,102
canal tenglo,32800
canal trinidad,63800000
canal valdés,14600000
canal vidal gormaz,14700
canal white,71
canal whiteside,325000
canales chilotes,1130000
canastón,124000
cancato,48500
canchánchara,69900
canción con todos,330000000
candombe,1640000
candombe beat,307000
candy dubois,68
canela palacios,4420000
canelazo,488000
cangrejada,138000
cangrejo reventado,41200
canihual,11000
canna glauca,304000
canoa kawésqar de corteza,167
cantalicio rojas gonzález,28100
cantata a pepe pancho,5770
cantharolethrus luxerii,104
canto a lo poeta,35000000
cantones de bolivia,488000
cantos de arreo y ordeño,152
capador,188000
capeado,808000
capias,568000
capilla de los negros,3680000
capilla de mármol,222
capilla del cristo de la buena muerte (popayán),78
capirotada (postre),123
capitan del espacio,147
capito dayi,8840
capito hypoleucus,6990
capito quinticolor,63
capitán (cóctel),119
capixaba (acre),103
caporales,128
caporales san simón,346000
capparis odoratissima,18000
capsella bursa-pastoris,216
capsicum baccatum,212
capsicum baccatum var. pendulum,16900
capsicum pubescens,685000
capurganá,193000
capón,697000
capón relleno,134000
caquena,39300
caracasdoc,3200
caramanduca,5140
carantanta,34400
caraparí,159000
carapulcra,124
carbonada,474000
carbunclo (mitología),6170
cardamine hirsuta,383000
carelmapu,143
carex athrostachya,4520
carex leptalea,12700
caribea litoralis,54200
carimañola,2180000
caritas sonrientes,722000
carla guelfenbein,55400
carla ortiz,23300000
carla sandoval,8180000
carla stagno,349000
carlo colombara (chef),96
carlomagno pedro martínez,291000
carlos alarcón,19600000
carlos alberto jaramillo muñoz,47
carlos aldunate lyon,95
carlos altamirano valenzuela,1340000
carlos arraíz,176000
carlos arturo arias vicuña,863000
carlos aránguiz,81
carlos azócar,461000
carlos balart,1360000
carlos bongcam wyss,498
carlos borcosque,19700
carlos botto vallarino,7620
carlos cabezas rocuant,7830
carlos carabajal,933000
carlos cariola,321000
carlos castañón barrientos,99500
carlos celis atria,78
carlos cociña,82
carlos concha (actor),3270000
carlos de rokha,133
carlos droguett,447000
carlos díaz escudero,54
carlos díaz león,103
carlos embry,75
carlos felipe álvarez,20300000
carlos franz,39900000
carlos geywitz,9
carlos gonzález (ilustrador),241000
carlos grandjot,1320
carlos guillermo haydon,127
carlos gutiérrez quiroga,4040000
carlos helo,1570000
carlos irigoyen ruiz,375000
carlos isamitt,11400
carlos iturra,456000
carlos julio ramírez,122
carlos labbé,70
carlos larraín,121
carlos león alvarado,52
carlos mancinelli,508000
carlos matamala,656000
carlos matus,3610000
carlos medel,2950000
carlos medinaceli quintana (escritor),9360
carlos mesa,947
carlos miranda,116000000
carlos montbrun ocampo,76
carlos montenegro,51900000
carlos montilla,5010000
carlos muñoz pizarro,66
carlos núñez cortés,4320000
carlos ortúzar,109
carlos palenque,11600000
carlos patricio díaz,8390000
carlos pezoa véliz,121
carlos peña gonzález,29300000
carlos páez vilaró,211000
carlos quezada,9370000
carlos rocabado,113
carlos romero bonifaz,85
carlos rozas larraín,49600
carlos ruiz rodríguez,68700000
carlos ruiz-tagle,1260000
carlos seoane,2690000
carlos serrate,224000
carlos silva vildósola,207000
carlos sáez morales,5980000
carlos tarque,122
carlos tromben,22800
carlos vicuña fuentes,1490000
carlos vives,53000000
carlos von moltke,65
carlos walker martínez,9980000
carlos washington rivero,855000
carlos wiedner,60300
carludovica palmata,65600
carmen aldunate,125
carmen arriagada,749000
carmen barros,13300000
carmen berenguer,18900000
carmen beuchat,153
carmen bravo,46500000
carmen brito,10300000
carmen bueno cifuentes,87
carmen castillo (cineasta),148000
carmen cereceda,430000
carmen de alonso,44700000
carmen gloria lópez,14900000
carmen gloria valle,12800000
carmen luisa letelier,80
carmen marai,408000
carmen maría montiel,3000000
carmen pinto,26900000
carmen prieto,15000000
carmen romero quero,1680000
carmen silva-corvalán,91
carmen tapia,91
carmen valbuena,70
carmiña gallo,68800
carnaval con la fuerza del sol,20400000
carnaval cultural de valparaíso,106
carnaval de artigas,956000
carnaval de ayacucho,9060000
carnaval de barranquilla,22300000
carnaval de cajamarca,8370000
carnaval de el callao,136
carnaval de gualeguay,121
carnaval de guamote,135000
carnaval de huejotzingo,414000
carnaval de humahuaca,356000
carnaval de juliaca,848000
carnaval de la paz,123
carnaval de maturín,306000
carnaval de mazatlán,2460000
carnaval de mérida,8090000
carnaval de negros y blancos,118
carnaval de oruro,9980000
carnaval de papalotla (tlaxcala),99800
carnaval de riosucio,102000
carnaval de rosario (uruguay),2480000
carnaval de san jerónimo xayacatlán,7040
carnaval de san miguel,41200000
carnaval de san pablo,122
carnaval de santa cruz de la sierra,122
carnaval de tacna,5230000
carnaval de tenosique,75300
carnaval de tepoztlán,125
carnaval de tlaxcala,6090000
carnaval de ucayali,131
carnaval de veracruz,15200000
carnaval del oriente colombiano,1790000
carnaval del toro pullay,2490
carnaval en argentina,91400000
carnaval en bolivia,143
carnaval en colombia,139
carnaval en uruguay,29000000
carnaval mil tambores,198
carnaval mueleño,926
carnaval multicolor de la frontera,435000
carnaval uruguayo 2016,708000
carnaval uruguayo 2017,2730000
carnavales de iztapalapa,214000
carnavalito,1440000
carne a la llanera,9610000
carne a la tampiqueña,377000
carne con chile,127
carne de chango,93
carne de chinameca,231000
carne de gato,112000000
carne en palito,21100000
carne en polvo,100000000
carne en su jugo,87400000
carne mechada (estofado),3430000
carne polaca,6760000
carne zaraza,79
carnegiella marthae,188
carnegiella myersi,5500
carnegiella schereri,149
carnitas,20000000
carol ginter,77
carol peña hernández,6350000
carol solar,35200000
carola cobo,2490000
carola saavedra,82
carolina alfonzo,76
carolina arredondo,3320000
carolina arregui,1220000
carolina caycedo,118
carolina delpiano,847000
carolina gámez,79
carolina oliva,33200000
carolina paulsen,2740000
carolina ruff,4130000
carolina saquel,8950
carolina sotomayor,3840000
carolina tejera,879000
carolina vargas,117
carolina yrarrázabal,51
carollia colombiana,13400
carpintería de ribera en la región de aysén,5570
carpodectes hopkei,3110
carpodiptera mirabilis,1730
carrera solar atacama,155000
carretera austral,9890000
carriel,96
carrulim,44400
cartagena festival internacional de música,8510000
carthamus lanatus,93700
cartonal,16900
casa de la virreina,61
casa de los azulejos,33100000
casabe de yuca,608000
casado (plato),10200000
cascabela gaumeri,144
cascabela ovata,117
cascadas de tocoihue,16900
cascahuilla,101
cascaronia astragalina,7
casigua-el cubo,209
casimiro ros,530000
casimiroa edulis,219
caso fischer contra zíngaros,743
caspiroleta,51300
cassata,2770000
cassia grandis,861000
cassinelli (bebida),125
castaibert (aviones),723
castilleja affinis,26900
castilleja scorzonerifolia,51
castilleja tenuiflora,144
castilleja venusta,106000
castilletes,120
catalina batista parra,249000
catalina bauer,86
catalina castelblanco,125000
catalina infante,115
catalina la catrina: especial día de muertos,80000
catalina martin,46600000
catalina parra,8620000
catalina pulido,2890000
catalina stuardo,112000
catalina telias,8710
catalino parra,207000
catara,545000
catarata arco iris,330000
catarata el encanto,133
catarata federico ahlfeld,959
catastro nacional de plantas y proyectos de desalinización de agua de mar en chile,4080
catedral basílica de nuestra señora de la asunción (popayán),8380
catequilla,80800
caterina nix,233000
catherine correia,112
catherine mazoyer,341000
catibía,90
catripulli,53700
catupiry,3840000
catuto,193000
catzos con tostado,4130
cau cau,101000000
cauca (pan),7890000
cauche,292000
caulanthus heterophyllus,1940
causa ferreñafana,12300
causa vinceña,3300
causeo,122
caverna de benavides,36100
caverna de umajalanta,201
cavernas del río nus,133
cayetano corona gaspariano,2040
cayeye,140000
cayucupil,113
cazuela (comida),11400000
cazuela de barro,7940000
cazuelita,345000
cazú zegers,138
caña (bebida),15500000
caña de millo,359000
caña dulce (canción),14500000
caña uruguaya,304000
cañoncitos de dulce de leche,139000
cañón de la llorona,120
cañón de saturbán,17300
cañón del chicamocha,298000
cañón del pilaya,18300
cebadina,37100
cebiche de chochos,124
cebus capucinus,143
cebus olivaceus,29700
cecilia amenábar,206000
cecilia astorga,86
cecilia barriga,3560000
cecilia bolocco,142
cecilia brunson,393000
cecilia casanova,3800000
cecilia cucurella,45600
cecilia moyoviri moye,1740
cecilia puga,1220000
cecilia quiroga,88
cecilia stoltze,7540
cecilia vicuña,1420000
cecina de loja,197
cedomir marangunic,2240
cegua,123
ceiba,146
ceiba aesculifolia parvifolia,86
ceiba pentandra,698000
celaenorrhinus aegiochus,687
celeus flavescens,48200
celeus grammicus,8650
celeus lugubris,18400
celia castro,12600000
celia leyton,104000
celsa iuit moo,2810
cementerio de los andinistas,5350
cementerio de naves espaciales,229000
cemita poblana,333000
cena de navidad (obra de teatro),128
cencerro (caballo),457000
centenario de bolivia,15300000
centenario de la independencia de méxico,7390000
central hidroeléctrica angostura,74700
central hidroeléctrica ralco,11400
central hidroeléctrica rapel,15400
centrilla sagraeana,632
centro cívico sambódromo,53700
centro de mesa,708000000
centro histórico de popayán,1210000
centro poblado,17800000
centrochir crocodili,1160
centrolene antioquiensis,897
centrolene daidalea,111
centrolene geckoidea,935
centrolene heloderma,1540
centrolene medemi,1620
centrolene notosticta,376
centrolene peristicta,776
centrolene petrophilum,111
centrolene quindianum,1120
centrolene sanchezi,135
centrolene savagei,168
centropomus nigrescens,135
cephalanthus glabratus,5510
cephalocereus apicicephalium,1190
cephalocereus euphorbioides,83
cephalocereus fulviceps,1230
cephalocereus mezcalaensis,1710
cephalocereus novus,208
cephalocereus parvispinus,292
cephalocereus polylophus,2090
cephalocereus scoparius,1640
cephalocereus senilis,94400
cephalocereus tetetzo,71
cephalocereus totolapensis,999
cephalopterus penduliger,119
cephalotes palta,1060
cera de campeche,766000
ceratophrys calcarata,6570
ceratophrys cornuta,104000
cercocarpus montanus,18200
cercomacroides parkeri,6040
cerdia virescens,853
cerdo agridulce,7950000
ceremonia de la paach,3640
cereus mortensenii,762
cergio prudencio,38500
cerrejón,394000
cerrillos (argentina),111
cerro acotango,10600
cerro armazones,218000
cerro aruntaya,7540
cerro azanaques,1570
cerro ballena,2400000
cerro brujo (honduras),315000
cerro calán,117000
cerro campanario (bolivia),107000
cerro capitán ustarez,5940
cerro cariguaidasiba,201
cerro cañapa,69
cerro challay,6490
cerro chena,311000
cerro chequesani,618
cerro chorolque,18100
cerro cunasamo,181
cerro de la popa,136
cerro del pacandé,109
cerro dragón (chile),9920000
cerro el cajón,10700000
cerro el calvario,137
cerro el roble,4010000
cerro el yunque,551000
cerro horcón de piedra,78400
cerro irapa,6960
cerro la campana (valparaíso),1770000
cerro la conejera,110000
cerro las vizcachas,337000
cerro manomó,79
cerro matoso,320000
cerro mururata,14300
cerro mutún,119
cerro naranjos,8500000
cerro oasis,11400000
cerro oke okeni,270
cerro pachjiri,1410
cerro panizos,38700
cerro paranal,413000
cerro pastos grandes,80
cerro pie de gallo,3760000
cerro pintado,6400000
cerro pirhuata,2210
cerro rico,57200000
cerro roble alto,179
cerro san felipe (oruro),110000
cerro san miguel,59800000
cerro san pedro (oruro),106
cerro santa inés,131
cerro sica sica,696000
cerro sillajhuay,1310
cerro tabaco,66
cerro talamí,3470
cerro tamaná,71
cerro tasajero,78
cerro torre,44000000
cerro tres cumbres,4640000
cerro turubó,82
cerro villa pucarani,50
cerro ziruma,101
cerro ñielol,142
cerros de challaloma y cóndor samaña,176
cerros de mavicure,145
cerros de millonhue,23700
cerros de tocorpuri,3180
cerros orientales (bucaramanga),38600
certhiaxis mustelinus,4150
cervecería boliviana nacional,500000
cervecería centro americana,139
cervecería nacional,119
cerveza antares,413000
cerveza cordillera,3070000
cerveza cristal (cuba),185
cerveza de costa rica,33400000
cerveza imperial (costa rica),1390000
cerveza paceña,299000
cerveza patagonia,193
cerveza salva-vida,10600000
cerveza schneider,1050000
cervezas de méxico,20700000
cerámica anaranjado delgado,142
cerámica anaranjado san martín,40800
cerámica awajún,15200
cerámica copador,3060
cerámica de barro negro en oaxaca,499000
cerámica de chulucanas,48500
cerámica de mata ortiz,472000
cerámica maya,205
cerámica mexicana,16300000
cerámica nicoyana,151000
cerámica plumbate,4130
cerámica pox,922000
cerámica precolombina,932000
cerámica rojo sobre bayo de la mixteca alta,1400
cerámica tohil plomiza,1400
cerámica usulután,183000
cestrum fasciculatum,14000
cestrum roseum,14600
cestrum thyrsoideum,2020
cetopsis candiru,2940
cetopsis oliveirai,2360
cevallia sinuata,2110
ceviche de camarón ecuatoriano,123
ceviche peruano,121
ch'anqa de conejo,3640
ch'iyar t'ikhi,246
ch'uch'u,1180
ch'utillos,214
chabelita fuentes,114000
chacales,3520000
chacalón,380000
chacarera,2540000
chacarero,862000
chachacomani,45400
chaco boreal,614000
chacra,7860000
chacualole,6780
chada,6080000
chaetocercus astreans,103
chaetostoma aburrensis,517
chaetostoma alternifasciatum,654
chaguay,156000
chahui,268000
chaitén (ciudad),229000
chaitén (comuna),505000
chajchas,124
chajchu,35200
chajá (postre),203000
chalalán,45500
chalarothyrsus amplexicaulis,574
chalceus macrolepidotus,15400
challapampa,177000
chalona,171000
chalupa (comida),838000
chama (pan),12800000
chamaecereus luisramirezii,134
chamaecereus silvestrii,210
chamaedorea alternans,3080
chamaedorea elegans,135
chamaedorea glaucifolia,2630
chamaedorea oreophila,2180
chamaedorea radicalis,15700
chamaedorea sartorii,80
chamaedorea tepejilote,209
chamal (banda),67500
chamanto,48400
chamoy (salsa),226
chamoyada,567000
champeta,3330000
champurrado,3840000
champús,5310000
chanchamito,97
chancho a la cruz,7220000
chancho en piedra (salsa),124
chanchona (género musical),5390
chanclas poblanas,35400
chandé (colombia),243000
chanfaina,293000
chanfainita,223000
changua,121
chantal baudaux,57100
chantal gayoso,118
chany suárez,39500
chapalele,115
chapalote,37100
chapareque,30700
chaparrita,9250000
chaparritas,1460000
chaparro (bebida alcohólica),228000
chapiquiña,78
chapo (bebida),185
chapo (comida),5840000
chapolera,45200
chaptalia nutans,180
chapulín,1930000
chaque,592000000
charanda,218
charango,2850000
charango eléctrico,196
charaña,171000
charlie zaa,763000
charo bogarín,186
charquicán,116000
charro negro (cóctel),637000
charyl chacón,119
chasca,4500000
chascotheca neopeltandra,398
chaulafán,155000
chauna chavaria,9570
chawlla thimpu,11900
chañar blanco,561000
chearoco,7370
checo (percusión),73100
checo acosta,4510000
cheiloplecton rigidum,1590
cheiridium andinum,228
chela reyes,989000
chelorchestia colombiensis,193
chelydra acutirostris,116
chemilico,109
chenopodium album,2050000
chenopodium quinoa,2030000
chepina peralta,25800
cheracebus torquatus,155
cherquenco,86600
cherufe,33800
chiangiodendron mexicanum,824
chiapa,2120000
chiasmocleis anatipes,1160
chiasmocleis bicegoi,396
chiasmocleis tridactyla,139
chibchanomys trichotis,4440
chicahuaztli,15500
chicanel,8
chicas polar,17900000
chicha criolla,7590000
chicha de cochabamba,102
chicha de jora,1530000
chicha de uva,2740000
chicha morada,11200000
chicha resbaladera,15000
chicharrón,18300000
chicharrón de la ramos,7730000
chicharrón de lagarto,226000
chicharrón de queso,125
chicheme,159000
chichimbré,1760
chichita de erquiaga,3570
chichito cabral,7100
chicho azúa,3830
chico (tambor),199
chico trujillo,33000000
chicureo,2430000
chifa (restaurante),2730000
chifrijo,128
chigüil,28400
chiit,172000
chijo,1760000
chila jatun,375000
chilaquiles,12200000
chilate,573000
chilcano (bebida),433000
chilcano (caldo),119
chile apaxtleco,69
chile cascabel,5480000
chile chilaca,409000
chile chipotle,51500000
chile continental,101000000
chile costeño,5340000
chile de agua,724000000
chile de yahualica,420000
chile de árbol,178000000
chile en nogada,1420000
chile guajillo,3960000
chile güero,130
chile habanero,31500000
chile habanero de yucatán,1220000
chile insular,7520000
chile jalapeño,35000000
chile morita,14200000
chile pasado,124
chile pasilla,1840000
chile piquín,923000
chile relleno,212
chile ríe y canta,11800000
chile seco,224
chile serrano,68700000
chile tabasco,137
chile xkatik,131
chile ánaheim,137
chileajo,228000
chileajo de vegetales,43400
chileatole,153000
chilecebus carrascoensis,74
chilenia (terreno),7650000
chilhuacle,81800
chili's,13000000
chiliguaro,139000
chililitli,592
chilindrina (pan),152
chiliochthonius centralis,477
chiliochthonius montanus,618
chilonatalus micropus,1960
chilorio,331000
chilpachole,145000
chiltepín,609000
chimbarongo,1470000
chimichurri,173
chimichurris,103
china poblana,2210000
chinchulín,74400
chinegros (danza),2220
chinelo,16900000
chinesco,85400
chino urquidi,80
chipa,4600000
chipa guazú,523000
chipaco,36200
chipilín con bolitas,7960
chipiriri,42900
chiqui aguayo,191000
chiranthodendron pentadactylon,103
chirimía,191000
chirimía (colombia),108000
chiripá (prenda),112000
chirmol,315000
chirmol de zapatero,4280
chironius scurrulus,6800
chirostoma,34700
chirriada,70
chirrinche,5480
chito faró,135000
chito zeballos,12900
chivito,1400000
chivé,75200
chlamys,398000
chlamys varia,44300
chloraea apinnula,614
chloraea bletioides,4800
chloraea crispa,169
chloraea cristata,2110
chloraea galeata,1840
chlorida obliqua,21600
chlorida transversalis,7280
chlorochrysa nitidissima,24000
chlorostilbon olivaresi,2740
chlorothraupis olivacea,9070
chochas,358000
chochoca,88300
chochos con tostado,66
choco taco,18900000
chocobanano,386000
chocolatada navideña,547000
chocolate (danza),36100000
chocolate con churros,36700000
chocolate de tablilla,176
chocolate pacari,329000
chocolate parviao,144
chocolate santafereño,192
chocoramo,189
chocotorta,2290000
choeroniscus periosus,7860
chogosta,3700
chola cuencana,230000
cholado,122
cholguán (localidad),9270
cholo valderrama,461000
chonchón,120
chondracanthus chamissoi,31200
chongos zamoranos,183000
chontacuro (comida),185000
chope piesta santísima trinidad,10200
chorisoneura apolinari,322
chorisoneura colorata,484
chorisoneura nigrostriga,374
choritos a la chalaca,121
chorizo chuquisaqueño,189
chorizo tarateño,18600
chorizo verde,57200000
chorizos de la ranchería,33700
choro (gitanismo),10
choromytilus chorus,174
chororqui,123
chorreador,154000
chorrillana,646000
chorrillero,223000
choto (comida),491000
chovena,80900
christian castillo luna,8850000
christian henríquez,121
christian laguna,42400000
christian sève,75
christopher murray garcía,10700000
chromolaena bullata,2660
chromolaena collina,4110
chromolaena perglabra,636
chryselium gnaphalioides,763
chrysobalanus icaco,98500
chrysothlypis salmoni,63
chrysuronia lilliae,2190
chthonerpeton onorei,613
chuchito,119
chuchoca,59900
chuchuhuasi (licor),4260
chucrut,1330000
chucula,89900
chucuyo,45100
chuenga,66
chuflay,123000
chugchucaras,114
chulla,134
chullo,1170000
chumbeque,71800
chuntunqui,114
chupacabras,1030000
chupalla,113000
chupe,5980000
chupe de camarones,1460000
chupilca,143
chupilca del diablo,6180
churchill (postre),474000
churro,16700000
churromanía,147
chuspa,381000
chusquea culeou,13400
chusquea cumingii,2130
chusquea deficiens,1240
chusquea egluma,217
chuta cholero,10200
chuño,985000
chuño pasi,2650
cicaré ch-1,201
cicaré ch-3 colibrí,10600
cicaré ch-6,22800
cicaré ch-7b,34300
cicaré ch-8,26700
ciceronia chaptalioides,2860
cichla ocellaris,72300
ciclón subtropical humberto de 2022,5910
ciclón subtropical lexi de 2018,406
cielito,6770000
cifra (género musical),5510000
ciguapa,106000
cincelado de la plata,550000
cinco de mayo,274
cindy coleoni,2470
cinturón aurífero de el indio,5350
cinturón de hierro de chile,8450000
circo criollo,591000
circunscripción 1 (bolivia),816000
circunscripción 2 (bolivia),758000
circunscripción 3 (bolivia),738000
circunscripción 4 (bolivia),739000
cirilo guaynora,12900
cirilo vila,622000
ciro beltrán,1300000
cirsium mexicanum,81
cirsium subcoriaceum,2460
cirsium vulgare,902000
cistanthe grandiflora,11400
cistothorus apolinari,170
citronella mucronata,206
citroën yagán,1720
ciudad de los césares,121
ciudad de piedra,159
ciudades de piedra,146
ciénaga de mallorquín,221000
ciénaga grande de santa marta,894000
clamato,2900000
clamton,13800
clara filleul,60
clarence finlayson,353000
clarín cajamarquino,8890
clase opv-80,209
claudia albertina ruiz sántiz,1500
claudia andrade ecchio,52
claudia apablaza,254000
claudia aravena,947000
claudia arce,119
claudia bitrán,126000
claudia di girolamo,2220000
claudia missana,27600
claudia peña claros,23900000
claudia rodríguez,138
claudia sandoval,13800000
claudia tavel antelo,1690
claudia tórrez,154000
claudia villegas,93
claudio arredondo,1360000
claudio bertoni,127
claudio bravo (pintor),885000
claudio carrizo,124
claudio castellón,1030000
claudio di girolamo,144
claudio espinoza,5490000
claudio gay,127
claudio guzmán,6510000
claudio miranda,19900000
claudio moreno,24400000
claudio ravanal,103
claudio reyes,140
claudio romo,109
clave (instrumento de percusión),4280000
cleistocactus brookeae,1320
cleistocactus buchtienii,79
cleistocactus candelilla,146
cleistocactus dependens,4370
cleistocactus ferrarii,1860
cleistocactus hildegardiae,562
cleistocactus hoffmannii,1120
cleistocactus samaipatanus,15400
cleistocactus tupizensis,3180
cleistocactus vulpis-cauda,2280
clematis acapulcensis,3940
clematis drummondii,38000
clemente morán,3380000
clemente riedemann,9180
clemole,36500
clepsis abscisana,3190
clepsis devexa,224
clepsis homophyla,202
clepsis lutosulana,131
clepsis miserulana,157
clepsis vitiana,160
clericó,102000
clerodendrum chinense,159
clethra mexicana,27600
clibanornis rufipectus,131
clidemia hirta,64900
clidemia petiolaris,3250
clima de bolivia,80700000
clima de chile,231000000
clima de colombia,231000000
clinopodium multiflorum,22400
clodomiro marticorena pairoa,634
clorinda corradi,8910
clowesia rosea,173
club-mate,445000000
clusia belizensis,1470
clusia brittonii,667
clusia minor,110
clusia salvinii,4030
clytoctantes atrogularis,2170
clásica y moderna,59800000
clímaco hermosilla silva,55
cobaea scandens,179000
coca cola de vidrio,177
coca colla,195
coca gómez,63
coca sek,3370000
cocada (bebida),2900000
cocada (dulce),3160000
coccothrinax argentata,196
coccothrinax borhidiana,112
coccothrinax camagueyana,624
coccothrinax crinita,197
coccothrinax readii,4520
coccothrinax salvatoris,1120
cochamó,497000
cochemiea albicans,1930
cochemiea armillata,1260
cochemiea boolii,6350
cochemiea dioica,3400
cochemiea fraileana,14900
cochemiea grahamii,14600
cochemiea insularis,67
cochemiea maritima,2700
cochemiea mazatlanensis,15900
cochemiea multidigitata,1060
cochemiea poselgeri,3400
cochemiea tetrancistra,27400
cochinita pibil,3600000
cochranella euknemos,5890
cocido boyacense,112000
cocido cundiboyacense,124
cocina nikkei,4250000
cocina ítalo-peruana,121
coco (folclore),7140000
coco legrand,3000000
coco loco,195
coco piérart,95
cocoroco,273000
cocuixtle,6570
cocuy pecayero,17300
codeguín,9170
coelemu (comuna),130
coelia bella,11100
coelia macrostachya,3180
coeligena bonapartei,16700
coeligena phalerata,3860
coeligena prunellei,5260
coelophragmus auriculatus,440
coendou sanctamartae,712
coendou vossi,1620
cohete (canción),174
cojito,166000
cola de mono,60000000
colache,122
colada morada,19100000
colchane,486000
coleogyne ramosissima,9030
coleoxestia bettellaorum,296
coleoxestia fasciola,288
colias dimera,58
coliseo miguel grau,235000
coliumo,209000
colo colo (mitología),29900000
colobanthus quitensis,45300
colobothea boliviana,97100000
colobothea colombiana,1840000000
colobothea mimetica,3460000
colobothea sublunulata,498
colobothea vaamondei,387000
colobothea wappesi,2870
"colombia, tierra querida",18000000
colombina,139
colombina parra,207000
colonche,124
colonia argentina en el estrecho de magallanes,69600
colores (álbum de j balvin),178
colors (canción de jason derulo),8930000
colossoma macropomum,232000
colostethus inguinalis,62
colostethus mertensi,1040
colura irrorata,4210
comadia redtenbacheri,5560
comadres (fiesta),12000000
comal,11300000
comando matico,451000
comarca tulenega,2590
combarbalita,21300
combo ginebra,1390000
combo xingú,76400
comelenguas,10900
comida corrida,53900000
comisión de pesca del pacífico occidental y central,234000
comisión nacional forestal,8880000
comiteco (bebida),154
comité nacional para las montañas,92
commelina erecta,143
compañía industrial agrícola san lorenzo limitada,626000
complejo el vergel,1100000
complejo fronterizo chacalluta,180000
complejo hidroeléctrico colbún-machicura,129
complejo metamórfico bahía mansa,54
complejo pitrén,9520
complejo volcánico altiplano-puna,9320
complejo volcánico ancud,2530
complejo volcánico apacheta-aguilucho,495
complejo volcánico caburgua-huelemolle,535
complejo volcánico morococala,553
completada,86
completo (gastronomía),167000000
complot antil,7580
comunas de colombia,110
concepción balmes,336000
concha (pan),194
concha zardoya,164
concierto lubolo,12800
condalia velutina,5180
conde de cotoca,14300
condoches,32000
confitería del molino,505000
confitería ideal,5420000
confitería las violetas,57800
confitería los dos chinos,109
confitería richmond,14700
confitería torres,1120000
conflicto limítrofe entre oruro y potosí,79
conflicto socioambiental por proyectos inmobiliarios en tunquén,1610
conflictos ambientales en chile,176
conga (instrumento musical),2160000
congreso (banda),33700000
coniophanes andresensis,58
conioptilon mcilhennyi,125
connie achurra,118
conophis lineatus,86
conopholis alpina,4320
conopophaga melanogaster,64
conopophaga peruviana,11600
conservatorio de la cultura gastronómica mexicana,147
conservatorio plurinacional de música,26100
constante ribalaigua,5160
constanza green,8990000
constanza meza-lopehandía,3310
constanza michelson,47200
constanza piccoli,63700
constanza piérart roa,873
consuelo lewin,266000
consuelo orb,23100
consuelo rodríguez álvarez,6370000
contrafarsa,27900
controversia de delimitación marítima entre chile y perú,34900
controversia entre chile y perú sobre el triángulo terrestre,28600
controversia sobre la negociación marítima entre bolivia y chile,43000
controversias navideñas,104
contulmo,420000
conurbación binacional desaguadero,588
conurbación binacional tulcán - ipiales,445
conurbación chillán,11900
conurbación la serena-coquimbo,97800
conurbación puerto montt-puerto varas,2960
conurbación quillota-la calera,61
conurbación rancagua-machalí,4900
conurbación san antonio,169000
convención castro-quijano,174000
convención esquivel-holguín,49600
convención fernández-holguín,266000
conventillo mediomundo,204
conversaciones chileno-bolivianas de 1950,28400
convolvulus equitans,138
convolvulus rozynskii,812
cony dacardill,924
coo,118
coordinadora de las organizaciones indígenas de la cuenca amazónica,345000
copequén,37700
copernicia baileyana,9220
copernicia fallaensis,8080
copernicia glabrescens,3530
copernicia macroglossa,9370
copernicia tectorum,5520
copetín (argentina),139
copiapoa cinerea,147
copiapoa coquimbana,13100
copiapoa humilis,131
copiapoa mollicula,75
copiapoa montana,16800
copiapoa pendulina,1420
copiapoa rupestris,6110
copiapoa schulziana,2730
copiapoa serpentisulcata,7530
copiapoa solaris,19900
copús,866000
coradir tito,116
corallorhiza wisteriana,4320
cordia lutea,63900
cordillera apolobamba,156
cordillera claudio gay,124
cordillera darwin (atacama),148
cordillera de agua negra,11800000
cordillera de altoviento,3460
cordillera de chichas,71000
cordillera de doña ana,302000
cordillera de doña rosa,445000
cordillera de hirrampe,487
cordillera de la concepción,10300000
cordillera de la costa (chile),178
cordillera de la punilla,81700
cordillera de las raíces,8750000
cordillera de litrancura,394
cordillera de los chilenos,185
cordillera de los frailes,537000
cordillera de lípez,86000
cordillera de melo,310000
cordillera de muñecas,2540000
cordillera de pirulil,101
cordillera de zarao,111
cordillera del mahuidanche,61
cordillera del melón,677000
cordillera del purgatorio,137
cordillera del sarao,102
cordillera domeyko,86800
cordillera malla-malla,71
cordillera occidental (bolivia),2210000
cordillera oriental (bolivia),2740000
cordillera paine,2220000
cordillera pelada,89000
cordillera pinto,100
cordillera polcura,12700
cordillera principal,37400000
cordillera quimsa cruz,141
cordillera real (bolivia),12900000
cordillera riesco (isla riesco),22900
cordillera riesco (santa maría-montañas),13200
cordillera sarmiento,1680000
cordillera sillillica,11300000
cordylancistrus platycephalus,5450
cordylancistrus platyrhynchus,2230
cordófonos concheros,521
cordón de chacabuco,97
cordón de manquehue,17700
cordón de puntas negras (chile),140000
corethrogyne filaginifolia,8760
coriaria ruscifolia,91
corico,104
corina smith,8730000
corita,1020000
corneta china,581000
cornus florida,2340000
coro crecer cantando,1640000
corona de los andes,115
coronel alcérreca,8440
corporación chilena de la madera,123
corporación de defensa de la soberanía,48
corporación nacional forestal,151
corraleja,207000
corredor biológico nevados de chillán - laguna del laja,6100
corregimiento de aconcagua,4780
corregimientos de colombia,1510000
corriente de humboldt,1700000
corriente del cabo de hornos,659000
corrimiento de tierra de antioquia,112000
corrimiento de tierra de risaralda,32600
corryocactus ayacuchoensis,81
corryocactus ayopayanus,494
corryocactus brachypetalus,934
corryocactus pulquinensis,611
corryocactus quadrangularis,1700
corryocactus tarijensis,1470
corso de corsos,1630000
corsódromo de gualeguaychú,87500
cortadillo (dulce mexicano),79000
cortadillo norteño,125
corticarina silvicola,679
cortinarius magellanicus,113
cortylandia,119000
corunda,615000
corviche,121
corydalus cornutus,14500
corydoras acrensis,2680
corydoras adolfoi,91300
corydoras aeneus,515000
corydoras albolineatus,13500
corydoras amandajanea,110
corydoras apiaka,63
corydoras bilineatus,138
corydoras burgessi,120
corydoras caudimaculatus,14800
corydoras cervinus,5820
corydoras desana,5270
corydoras leucomelas,162
corydoras panda,1220000
corydoras sodalis,104
corydoras sterbai,518000
corydoras urucu,121
corynabutilon ochsenii,1030
corynopuntia bulbispina,1170
corynopuntia emoryi,1210
corynopuntia grahamii,106
corynopuntia invicta,3200
corynopuntia kunzei,797
corynopuntia marenae,845
corynopuntia reflexispina,783
corynopuntia vilis,9
coryphantha compacta,149
coryphantha cornifera,124
coryphantha delaetiana,2640
coryphantha delicata,159
coryphantha difficilis,96
coryphantha echinoidea,2830
coryphantha echinus,6080
coryphantha erecta,88
coryphantha glassii,3110
coryphantha gracilis,17600
coryphantha ibarrana,281
coryphantha jalpanensis,1110
coryphantha kracikii,4570
coryphantha longicornis,82
coryphantha neglecta,6340
coryphantha nickelsiae,2570
coryphantha ottonis,81
coryphantha pallida subsp. calipensis,83
coryphantha pseudonickelsiae,837
coryphantha pycnacantha,3350
coryphantha ramillosa,11200
coryphantha retusa,8000
coryphantha sulcata,102
coryphantha tripugionacantha,9100
coryphantha werdermannii,5770
coryphantha wohlschlageri,145
coryphothamnus,75100
cosapilla,24700
cosmos scabiosoides,127
costa bryan,35200000
costa eights,77700000
costa inabordable,28000
costas fueguinas,172000
costillar (danza),4030000
costus productus,1190000
cotapata,87800
cotona,564000
cotudo (golosina),562
coya (chile),127
coyota,370000
coyote (bebida),5140000
coyul,153000
coñaripe,620000
coñipoñi,669
cranioleuca henricae,135
crataegus mexicana,226000
craugastor fitzingeri,164
craugastor longirostris,3220
craugastor raniformis,2360
crax alberti,25600
crax alector,26700
crax daubentoni,8960
crax globulosa,161
creagrutus beni,56
creagrutus guanes,696
creagrutus magdalenae,92
creagrutus nigrostigmatus,694
creamfields ba,57400
creencias y devociones argentinas,36600
crema agria,11200000
crema de fríjoles,33400000
crema de huacatay,193
crematogaster arcuata,7200
crematogaster atra,14100
cremolada,396000
crenicichla acutirostris,151
crenicichla adspersa,1350
crenicichla alta,12300
crenicichla anthurus,128
crenicichla chicha,163
crenicichla jegui,1410
crenicichla johanna,5080
crenicichla labrina,138
crenicichla lenticulata,4900
crenicichla lucius,2840
crenicichla macrophthalma,111
crenicichla menezesi,2540
crenicichla ploegi,429
crescencio salcedo,286000
crescente errázuriz,32600
crinodendron hookerianum,20200
crisis de la corbeta caldas,11800
crisis de la marea roja en chiloé de 2016,8600
crisis del archipiélago los monjes,30600
crisis entre colombia y venezuela de 2015,41900000
crisis hídrica en petorca,11700
crisis migratoria en la frontera entre chile y perú,639000
cristian figueroa,9320000
cristian layme yujra,10900
cristian mercado,41600000
cristina barros valero,758000
cristina calderón,127
cristina felsenhardt,36
cristina gallardo-domâs,21500
cristina merchán,992000
cristina pizarro,75
cristián arriagada,124
cristián campos,123
cristián carvajal,573000
cristián de la fuente,1840000
cristián galaz,93200
cristián garcía-huidobro,289000
cristián jiménez,872000
cristián mason,81
cristián pérez,135
cristián riquelme,599000
cristián sánchez garfias,54700
cristián valdés pascal,922000
cristián warnken,123000
cristo de la misericordia (garachico),8590
cristo del jubileo,5710000
cristo del planto (santa cruz de la palma),900000
cristo en agonía,6470000
cristo montt,440000
cristo negro de san alfonzo,1830000
cristóbal arteaga,2610000
cristóbal briceño,141
cristóbal lander,382000
cristóbal león y joaquín cociña,34000
cristóbal tapia de veer,17500
cristóbal urruticoechea,33500
cristóforo juárez,69200
crocodylus intermedius,91600
croqueta,5250000
croqueta de jaiba,136
crotalaria longirostrata,193
croton ciliatoglandulifer,138
croton eluteria,136
croton websteri,1860
cruasán,524000
crusea diversifolia,55
cruz del ávila,49400000
cruzada libertadora,292000
cruziohyla calcarifer,19400
cruziohyla craspedopus,14700
cryptarrhena lunata,1410
cryptaspasma lugubris,692
cryptonanus unduaviensis,34
cryptopipo litae,2850
cryptotis avia,646
cryptotis colombiana,8070
cryptotis medellinia,604
cryptotis thomasi,8700
crypturellus berlepschi,17300
crypturellus casiquiare,142
crypturellus duidae,5870
crypturellus kerriae,2200
crypturellus variegatus,100
cráter de monturaqui,4310
cráter de ulo,50400
cráter iturralde,7640
críspulo gándara,3900
ctenomys andersoni,5560
ctenomys boliviensis,121
ctenomys erikacuellarae,727
ctenomys frater,2480
ctenomys lewisi,8200
ctenomys minutus,18200
ctenomys nattereri,7220
ctenomys steinbachi,128
ctenomys yatesi,3300
cuajada,208
cuajada con melao,199
cuajitos,106000
cuarenta arroyos,3220000
cubalibre,6950000
cubanito,867000
cubará,158000
cuca (galleta),121
cucharas (instrumento musical),190
cuchivilo,53
cuchuco,122000
cuchuflí,54000
cucurucho en guatemala,1660000
cucuí,36400
cueca,10200000
cueca brava,535000
cueca nortina,166
cueca porteña,39000
cueca sola,199
cuenca de magallanes,1870000
cuenca del pacífico,13000000
cuenca del solimões,31400
cuenca endorreica puntas negras,9890
cueritos,3390000
cuesta chada,116
cuesta las chilcas,187
cuesta zapata,17900000
cuestión de tarija,569000
cueva de los pincheira,19000
cueva de pali-aike,15000
cueva del pirata,125
cueva fell,1050000
cuevas de anzota,130
cuitlauzina egertonii,842
cuitlauzina pygmaea,1160
culencó,21600
cultrún,89
cultura aconcagua,106
cultura chilena del té,237000000
cultura las mercedes,66800000
cumbal (nariño),691000
cumbia boliviana,11100000
cumbia sureña,1020000
cumbión,110
cumbres boscosas endemicas en callayuc,226
cuncumén (conjunto folclórico),202
cuniculus hernandezi,31900
cunila crenata,61
cunnington,1160000
cupania glabra,23600
cupressus arizonica,438000
cupressus guadalupensis,5630
cupressus lusitanica,203
curacas (banda),84
curado (bebida),141
curamilla,4230
curanipe,122
curanto,370000
curares amazónicos,8260000
curauma,151
curichi,90
curimatella alburna,1300
curimón,122
curiñanco,143000
curtido (alimento),195
cushma,67100
cushta,3620
cusiana,134000
cusqueño,115
cuti carabajal,169000
cuy chactado,115
cuy relleno,8320000
cuyania,31100
cuándo (danza),146000000
cyanocorax caeruleus,53200
cyanocorax cayanus,17000
cyanocorax cristatellus,12600
cyanocorax heilprini,2140
cyanoliseus patagonus patagonus,119
cyathea balanocarpa,719
cybister explanatus,801
cyclopes catellus,88
cyclospermum leptophyllum,14000
cygniella sharpii,351
cylindropuntia alcahes,2030
cylindropuntia arbuscula,165
cylindropuntia bernardina,145
cylindropuntia bigelovii,38300
cylindropuntia cedrosensis,758
cylindropuntia cholla,217000
cylindropuntia densiaculeata,178
cylindropuntia fulgida,206
cylindropuntia ganderi,159
cylindropuntia imbricata,207
cylindropuntia imbricata subsp. rosea,3840
cylindropuntia imbricata subsp. spinosior,92
cylindropuntia leptocaulis,113
cylindropuntia munzii,2170
cylindropuntia pallida,17400
cylindropuntia perrita,1030
cylindropuntia sanfelipensis,1020
cylindropuntia thurberi subsp. versicolor,1450
cylindropuntia tunicata,203
cylindropuntia waltoniorum,757
cynodon gibbus,10300
cynodonichthys elegans,5620
cynodonichthys leucurus,836
cynodonichthys magdalenae,5830
cynthia rimsky,113000
cypella trimontina,883
cyperus rotundus,152
cyphocarpus psammophilus,689
cyphorhinus thoracicus,62
cypseloides senex,38000
cyrtinus meridialis,104
cyrtocarpa edulis,5780
cyrtocarpa procera,130
cyttaria espinosae,203
cyttaria harioti,191
cántaro (instrumento musical),137
cántaro (recipiente),476000
cápsulas fénix,206
cé mendizábal,1260000
césar arredondo,118
césar caillet,232000
césar cardini,192
césar castillo,30800000
césar gonzález álvarez,25300000
césar gutiérrez leytón,9
césar jaimes,2480000
césar millas,128
césar morales (músico),141
césar sepúlveda,2550000
césar ávila,98
cíclope de la selva misquita,394
cóctel (comida),47000000
cóctel chimayó,6490
cóctel de algarrobina,216000
código de minería de chile de 1983,357000
dabaiba,91400
dacnis berlepschi,111
dacnis flaviventer,12100
dacnis hartlaubi,7780
dacnis venusta,17800
dactyloa agassizi,23600
dactylopius coccus,99100
daecpu,141000
dahlia coccinea,371000
dahliaphyllum almedae,889
daiquirí,214000
dairon cárdenas lópez,115000
dalbergia glomerata,130
dalca,715000
dalea bicolor,133
dalea pulchra,10300
dalia reyes barrios,799000
damarys ruiz,140000
damián ayma zepita,3090
damián betular,147
damián bodenhöfer,2780
damián sánchez,34300000
daniel alcaíno,145000
daniel barros grez,85500
daniel belmar,5050000
daniel calvo,113
daniel cantillana,81
daniel castro steinert,111000
daniel de la vega,82200000
daniel de la vega (director de cine chileno),124
daniel devoto,56
daniel elbittar,321000
daniel emilfork,69700
daniel espinosa,29200000
daniel gonzález-muniz,5180000
daniel kiblisky,4490
daniel marsicano,90000
daniel muñoz (actor),10500000
daniel navarrete,10300000
daniel puente encina,71
daniel riquelme,6720000
daniel rojas,81500000
daniel sagüés,40100
daniel samper ospina,448000
daniel vilches,1840000
daniela cajías,32400
daniela di giacomo,8890000
daniela montecinos,387000
daniela morales,137
daniela palavecino,543000
daniela soto-innes,181000
daniella navarro,1750000
danilo díaz,157
daniuska gonzález,42100
danny chilean,2020000
dante uzquiano,12300
danza de chivarrudos,5510
danza de los chapetones,13200
danza de los chunchos,92600
danza de los emplumados,36300
danza de los historiantes,12000
danza de los incas,1800000
danza de los macheteros,53500
danza de los negritos (el salvador),155000
danza de los negritos (perú),554000
danza de los potolos,125
danza del balsero,96000
danza del tigre y el venado,283000
dançando,62
daphnopsis racemosa,7420
daptrius chimango,24000
dare (la la la),368000000
darwinilus sedarisi,89
dasychernes inquilinus,649
dasylirion acrotrichum,14000
dasylirion gentryi,3670
dasylirion leiophyllum,10700
dasylirion longissimum,58100
dasylirion serratifolium,35200
dasyprocta azarae,29300
dasyprocta variegata,14200
dasytropis fragilis,552
david adolfo flores valladares,43
david albala,493000
david aruquipa,80
david benavente,3920000
david castro olmos,2150000
david lemaitre,5240000
david mondaca,251000
dayana amigo,13600000
dayana colmenares,105
dayana garroz,33400
de la fe,1370000000
de madera,213
de ruts,514000000
deamia chontalensis,743
declaración de independencia de la argentina,138
dedito de queso,399000
deiregyne eriophora,54
deive garcés,5530
deixa falar,168000000
deja vu (canción de prince royce y shakira),167
dekeyseria amazonica,1950
delfina bernal,752000
delfina guzmán,123
delfina maría hidalgo,55
delia crespo,1080000
delia del carril,117
delia domínguez,3330000
delia zapata olivella,165000
delicias (venezuela),38900000
delie rouge,121
delimitación natural entre los océanos pacífico y atlántico sur por la zona de fractura shackleton,663
deltochilum gigante,897
demian rodríguez,103
dendrobates auratus,309000
dendrocereus nudiflorus,2620
dendropsophus arndti,63
dendropsophus bogerti,1250
dendropsophus bokermanni,2610
dendropsophus brevifrons,2170
dendropsophus carnifex,141
dendropsophus columbianus,8650
dendropsophus ebraccatus,107
dendropsophus garagoensis,527
dendropsophus joannae,1520
dendropsophus juliani,635
dendropsophus koechlini,971
dendropsophus leali,57
dendropsophus leucophyllatus,12900
dendropsophus marmoratus,90
dendropsophus mathiassoni,73
dendropsophus melanargyreus,60
dendropsophus meridensis,1220
dendropsophus minusculus,63
dendropsophus miyatai,1680
dendropsophus padreluna,810
dendropsophus parviceps,4870
dendropsophus pauiniensis,666
dendropsophus praestans,722
dendropsophus reichlei,871
dendropsophus reticulatus,82
dendropsophus rhodopeplus,75
dendropsophus rossalleni,1450
dendropsophus rubicundulus,7700
dendropsophus stingi,63
dendropsophus subocularis,956
dendropsophus tintinnabulum,551
dendropsophus triangulum,5340
dendropsophus tritaeniatus,854
dendropsophus virolinensis,895
dendropsophus walfordi,60
dendropsophus xapuriensis,613
denisse arancibia,271000
denmoza rhodacantha,9130
denominaciones de origen de méxico,5450000
departamento de boyacá (gran colombia),24100000
departamento de carelmapu,47500
departamento de cundinamarca (gran colombia),24600000
departamento de puchacay,10200
departamento del cauca (gran colombia),28400000
departamento del magdalena (gran colombia),32500000
departamentos de bolivia,43500000
departamentos de colombia,94800000
depresión intermedia,81
depresión momposina,78600
depósito de relaves pampa pabellón,1160
dermatophyllum secundiflorum,96
dermophis glandulosus,109
dermophis parviceps,1330
deroptyus accipitrinus,34100
desaguadero (bolivia),1410000
desayuno electoral,2550000
descarnada,121
desembocadura del río biobío,66000
desfile de alebrijes en ciudad de méxico,143000
desfile de llamadas,131
desfile de los locos,112
desfile de mitos y leyendas,125
desfile del yipao,12300
deshilado de aguascalientes,15000
desideria d'caro,124000
desierto de atacama,5660000
desierto de la guajira,142
desierto de occidente,3000000
desierto del pacífico,8830000
desierto salvador dalí,352000
desierto siloli,47100
desmaria mutabilis,1180
desperados (cerveza),472000
destilería carupano,30900
deszaire,52100
deuterocohnia chrysantha,2710
deñ,10000000000
diablada de oruro,554000
diablada de píllaro,154000
diablada urus,116000
diablo huma,908000
diablos danzantes de cata,8010
diablos danzantes de corpus christi,56400
diablos danzantes de cuyagua,3990
diablos danzantes de san millán,10100
diablos danzantes de tinaquillo,4590
diablos danzantes de yare,89100
diablos de chuao,200
diaea spinosa,545000
diaethria eluina,119
diaethria euclides,1140
diagonal árida de américa del sur,89
diamela eltit,181
diamilex alexander,533
diana chacon,3300000
diana croce,3630000
diana kennedy,74000000
diana silva,64200000
dianema longibarbis,8850
dianema urostriatum,5140
dianthera candelariae,707
dianthera candicans,89
dianthera speciosa,2730
diasporus anthrax,838
diasporus gularis,1820
diccionario enciclopédico de la gastronomía mexicana,34900
dichaea glauca,7880
dichato,436000
dichondra argentea,138000
dichromanthus michuacanus,1010
dichrozona cincta,10400
dicliptera squarrosa,19100
didymaea alsinoides,1740
dieciocho chico,130
diego alonso (músico),10800000
diego arias de saavedra,2070000
diego barros arana,127
diego boggioni,23500
diego casanueva,108
diego de rosales,18300000
diego jourdan,489000
diego lorenzini,969000
diego maquieira,216000
diego muñoz,54500000
diego muñoz valenzuela,5780000
diego navarrete,10100000
diego rougier,367000
diego ruiz (actor),142
diego vargas gaete,162000
diego zúñiga,7590000
dientes de navarino,58600
diferendo de la frontera marítima entre colombia y venezuela,10400
difuntos correa,190000
digitaria eriantha,44500
diglossa gloriosissima,2850
dinema polybulbon,12800
dinora doudtchitzky,2220
dinosaurios en chile,162
dionisio cabal,496000
dionisio faulbaum,8
dioon,191
dioon spinulosum,42600
dios de los báculos,90100
diosa canales,18500000
dioscorea remotiflora,14200
diospyros nigra,585000
diospyros texana,30900
diospyros xolocotzii,139
diplobatis ommata,118
diploglossus millepunctatus,1480
diplotaxis tenuifolia,289000
dirección general del territorio marítimo y marina mercante,555000
dirección nacional de fronteras y límites del estado de chile,5110000
discada,199
discolandia,316000
discurso de navidad de 1942 de pío xii,28600
dismorphia lelex,1210
disocactus anguliger,18100
disocactus crenatus,68
disocactus eichlamii,2160
disocactus heterodoxus,334
disocactus phyllanthoides,119
disocactus schrankii,129
disputa limítrofe del desierto de atacama,4750
disputa por la plataforma continental extendida en el mar de la zona austral entre argentina y chile,12600
distenia annulicornis,672
distenia tavakiliani,7
distichlis scoparia,8700
distichlis spicata,141000
distrito de andrés avelino cáceres dorregaray,145
distrito de coronel gregorio albarracín lanchipa,54200
distrito de cáceres del perú,4510000
distrito de mariscal cáceres (camaná),50000
distrito de mariscal cáceres (huancavelica),438000
distrito del litoral (bolivia),488000
distrito fitogeográfico altoandino austral,1560
distrito fitogeográfico altoandino cuyano,62
distrito fitogeográfico altoandino quechua,129
distrito fitogeográfico patagónico subandino,66
distrito fitogeográfico subantártico del bosque caducifolio,81
distrito fitogeográfico subantártico del pehuén,55
distrito fitogeográfico subantártico magallánico,73
distrito fitogeográfico subantártico valdiviano,59
distritos de colombia,15600000
diversa,103
división electoral de chile,46
dióscoro rojas,130
dj méndez,119
djane nany,17700
doblada (comida mexicana),1030000
doce días de navidad,36400000
doce uvas,144
doctor zombi,115
dolichorhinotermes japuraensis,1
dolichorhinotermes latilabrum,388
dolichotis salinicola,7130
dolores walker,15900000
dominga neculmán,85
dominga sotomayor,402000
domingo conte,18400000
domingo cura,117
domingo melfi,103000
domingo piga,156000
domingo santa cruz wilson,58900000
domingo santa maría sánchez,32700000
domingo ulloa,7100000
dominio fitogeográfico subantártico,754
dominique manghi,14800
dominique peltier,101
dominó (chile),35800000
don alfredo (cóctel),6300000
don juan (álbum),63800000
don juan world tour,137
don julio (restaurante),45900000
don julio (tequila),16500000
don pedro (postre),124
don segundo sombra,48600000
don't bother,136000000
don't wait up,2130000000
donato román,49
donnellsmithia juncea,2720
dora puelma,56
dora riedel,528000
dorada toluqueña,87
doras higuchii,3920
doras phlyzakion,556
dorsal de chile,25800000
dorsal de galápagos,214000
dorsal de juan fernández,698000
dorsal de nazca,304000
dos en uno,200
downtown (canción de anitta),368000
doña fustes,116000
drepanochthonius horridus,568
drogatones,2010
drosera yutajensis,626
drycothaea dozieri,2210
duao,596000
dubusia carrikeri,3160
dudleya anthonyi,3010
dudleya brittonii,21100
dudleya pulverulenta,12000
duerme negrito,650000
dueto de antaño,868000
dueño del monte,31600000
dukúr bulu,236
dulce de frijol,19000000
dulce de lechosa,1730000
dulce de mamón,183
dulce de maní,202
dulce de membrillo rubio de san juan,56700
dulce de molde,66300000
dulce patria,18500000
dulcería de celaya,83400
dululba,131
duluítami,10
dumas oroño,9910
dunas de concón,145
dunav kuzmanich,5260
duodécima noche,384000
duranta erecta,495000
durvillaea antarctica,50300
dynastes satanas,26200
dysphania ambrosioides,78200
dysphania graveolens,22300
dyssodia decipiens,104
dzotobilchay,1430
débora arango,468000
décimas para un valiente,134000
día de enero,124
día de la afirmación de los derechos argentinos sobre las malvinas,404000
día de la afrocolombianidad,150
día de la antártida argentina,9890000
día de la bandera (argentina),150
día de la bandera (perú),66100000
día de la bandera mexicana,144
día de la batalla del dos de abril,72700000
día de la canción andina,13100000
día de la canción criolla,14200000
día de la confraternidad antártica,105
día de la dignidad loretana,5650
día de la dignidad nacional,41800000
día de la enfermera (argentina),32700000
día de la enfermería peruana,143
día de la fraternidad,11200000
día de la historieta,1340000000
día de la independencia de la república argentina,29600000
día de la ingeniería argentina,61800000
día de la lealtad,51200000
día de la liberación nacional,100
día de la medicina peruana,23100000
día de la raza,178000000
día de la resistencia indígena,10900000
día de la restauración de la democracia,4370000
día de la soberanía nacional,30400000
día de la tradición,202000000
día de la trashumancia y el criancero caprino,2020
día de la unidad nacional (chile),62200000
día de la visibilidad lésbica en argentina,143
día de las glorias del ejército de chile,467000
día de las glorias navales,315000
día de las lenguas originarias,3690000
día de los farolitos,395000
día de los fieles difuntos,141
día de muertos,107000000
día de san nicolás,132
día de todos los santos,119
día del activismo por la diversidad sexual,1400000
día del arquero,18900000
día del bailarín,12300000
día del bandoneón,126
día del cajón peruano,6330000
día del campesino,34700000
día del cine nacional (uruguay),119
día del ejército argentino,15600000
día del encuentro de dos mundos,16600000
día del futbolista argentino,151
día del inmigrante,154
día del lector,87600000
día del libro (argentina),320000000
día del pasillo ecuatoriano,139
día del policía federal,35700000
día del pollo a la brasa,16400000
día del respeto a la diversidad cultural (argentina),13000000
día del roto chileno,9060000
día del taco,70600000
día del trabajador del estado,94500000
día del trabajador rural,144
día del veterano y de los caídos en la guerra de malvinas,511000
día especial,1180000000
día internacional de la mujer indígena,113
día internacional de los trabajadores,129000000
día nacional de la aviación civil en argentina,4170000
día nacional de la conciencia ambiental (argentina),144
día nacional de la isla de los estados,104
día nacional de la memoria por la verdad y la justicia,10100000
día nacional de la patagonia,118
día nacional de las iglesias evangélicas y protestantes,145
día nacional del acullico,26800
día nacional del candombe,128
día nacional del ceviche,14400000
día nacional del fútbol femenino,38800000
día nacional del gaucho,6190000
día nacional del libro (uruguay),35700000
día nacional del tango,14900000
día nacional por el derecho a la identidad,102000000
días de los defensores de la democracia,125
días del patrimonio cultural de chile,25200000
días feriados de uruguay,118
dúo coirón,148
dúo rey-silva,195
easykid,10300000
ebenopsis ebano,13000
eberhard max leopold kausel,1200
eburodacrys apua,521
eburodacrys ayri,535
eburodacrys fraterna,426
eburodacrys inaequalis,596
eburodacrys moruna,343
eburodacrys putia,383
eburodacrys xirica,370
eburodacrys yolandae,320
echeveria affinis,44100
echeveria argentinensis,1660
echeveria cante,83700
echeveria chapalensis,1210
echeveria chiclensis,947
echeveria chiclensis var. backebergii,462
echeveria chiclensis var. cantaensis,505
echeveria derenbergii,53600
echeveria elegans,3730000
echeveria gibbiflora,125
echeveria harmsii,20500
echeveria leucotricha,14600
echeveria pinetorum,2640
echeveria racemosa,24600
echeveria rubromarginata,4500
echeveria runyonii,130000
echeveria saltensis,1340
echeveria setosa,105000
echeveria subalpina,13300
echeveria subrigida,10400
echinocereus adustus,4530
echinocereus berlandieri,12700
echinocereus brandegeei,5650
echinocereus cinerascens,123
echinocereus coccineus,44500
echinocereus dasyacanthus,101
echinocereus engelmannii,63500
echinocereus enneacanthus,11700
echinocereus fasciculatus,75
echinocereus grandis,129
echinocereus klapperi,114
echinocereus laui,13500
echinocereus mapimiensis,1920
echinocereus ortegae,60
echinocereus palmeri,14900
echinocereus pamanesiorum,1820
echinocereus pentalophus,42900
echinocereus polyacanthus,9050
echinocereus poselgeri,12800
echinocereus primolanatus,1660
echinocereus reichenbachii,112
echinocereus scheeri,19300
echinocereus schereri,1330
echinocereus spinigemmatus,1010
echinocereus stoloniferus,2620
echinocereus viereckii,14000
echinocereus x roetteri,3950
echinomastus johnsonii,3640
echinomastus mariposensis,158
echinopsis boyuibensis,1260
echinopsis candicans,19600
echinopsis chiloensis,16400
echinopsis cinnabarina,71
echinopsis haematantha,71
echinopsis huascha,166
echinopsis hystrichoides,597
echinopsis lateritia,3690
echinopsis mamillosa,6560
echinopsis mirabilis,102
echinopsis obrepanda,8880
echinopsis scopulicola,14000
echinopsis yuquina,521
echites yucatanensis,49
ecnomiohyla phantasmagoria,104
ecojardín-unam,913
ecología de la amazonía del perú,2890000
economía de la navidad,137
ecoparque cerro del santísimo,134
ecorregión bosque valdiviano,11900
ecorregión de agua dulce patagonia,159
ecorregión de agua dulce titicaca,6720
ecorregión del cerrado,92700
ecorregión del matorral chileno,95
ecorregión terrestre puna seca de los andes centrales,5590
ectopoglossus atopoglossus,444
ectopoglossus lacrimosus,628
ecuadendron,71
edalorhina perezi,3400
eddy gaytán,44
eddy navia,307000
edgar arandia quiroga,50800
edgar núñez,5380000
edgar patiño,1970000
edgar solíz,5640000
edgardo garrido,91
edilberto domarchi,1890
edilberto mérida rodríguez,328000
edith ruiz,113
editorial polar,30500000
edmundo arias,2020000
edmundo concha,553000
edmundo pisano valdés,28900
edo caroe,128
edson hurtado,412000
eduardo alcaraz,7010000
eduardo alfredo pinto,5350000
eduardo anguita,111
eduardo armstrong,8460000
eduardo barril,5210000
eduardo bertrán,284000
eduardo caba,11700000
eduardo clifford spencer,44
eduardo cumar,32600
eduardo de geyter,19400
eduardo de la barra (historietista),101
eduardo fuentes,58600000
eduardo garcía soto,17900000
eduardo ibeas,55600
eduardo labarca,2110000
eduardo lagos,24200000
eduardo llanos melussa,3100
eduardo mera,11700000
eduardo mitre,5060000
eduardo negro sosa,63
eduardo parra pizarro,2150000
eduardo parry peralta,79600
eduardo paxeco,90
eduardo peralta,11400000
eduardo plaza,68
eduardo poirier,533000
eduardo provasoli,43
eduardo ravani,92300
eduardo schmidt,107
eduardo soto (actor chileno),316000
eduardo topelberg,2400
eduardo valenzuela,12900000
eduardo waghorn,66
eduardo zenay,3660
edward rojas vega,54
edwin weil wohlke,1850
efectos del temporal del norte de chile de 2015 en atacama,158
egidio cuadrado,88300
eglantina zingg,17300
egon wolff,1140000
ehilin cuadros salek,71
eigenmannia antonioi,4080
eileen abad,761000
eisteddfod del chubut,114
eje cafetero,6600000
eje central de bolivia,6860000
ejes musicales de colombia,126
ekeko,655000
ekmania,19500
ekmanochloa,28200
el abra,74900000
el achiote y el huito (mitología de ecuador),73
el arriero va,1470000
el caballito (tradición petenera),103
el calvario (ciudad de guatemala),1950000
el carretón de la otra vida,277000
el cazador novato,763000
el charrito negro,117
el cocinero mexicano,23400000
el cristo de la agonía,2430000
el dorado world tour,37900000
el encuentramiento,330000000
el eropido,7
el familiar,141
el futre,95
el gato negro (café de buenos aires),132
el guatón loyola,27000
el güegüense,271000
el jefe (canción),90500000
el mono congo,123
el monteaguilino,122
el morro (el rodadero),44900
el mulato taguada contra don javier de la rosa,86
el pirulino,195000
el pollo dorado,122
el pollo loco,70500000
el presidente (cóctel),13600000
el quitapenas,417000
el real de santa maría,95
el silbón,123
el tambo (cachapoal),14200
el tatio,1350000
el tío (deidad),875000
el viaje de seth,62
el viejo almacén,12300000
el yucateco,3840000
elachistocleis panamensis,1880
elachocharax junki,866
elachocharax mitopterus,592
elachocharax pulcher,2710
elaeagia pastoensis,72
elaeis oleifera,379000
elaenia pelzelni,20700
electron platyrhynchum,103
electrophorus varii,189
elena aldunate,431000
elena montoya,55
elena moreno,56000000
elena poirier,1140000
elena reygadas,140
elena waiss,14600
elevación de chatham,59100
elevación de lord howe,105
eliana caraball,5700
eliana israel,6350000
eliana navarro,3500000
eliana simonetti,113000
elias diaz,22500000
elisa aguirre,5660000
elisa berroeta,9720
elisa eliash,8170
elisa serrana,642000
elisa zulueta,201000
eliseo herrera,122
elizabeth morris,138000000
elizabeth mosquera,2810000
elizabeth neira,2000000
elizabeth salguero,62
elizabeth subercaseaux,81500
elleanthus hymenophorus,58
elleanthus wageneri,1680
elmina moisan,73
elodie fulton,78
elote,24600000
eloy alquinta,2770
eloísa gutiérrez,624000
elpidio herrera,678000
elsa paredes de salazar,1800000
elsa raccanelli,3310
elumbé,14200
elvira hernández,12400000
elvira santa cruz ossa,315000
elvira savi,106000
embalse barahona i,103000
embalse barahona ii,95900
embalse carén,166000
embalse huechún (tiltil),1180
embraer/fma cba 123 vector,3400
emilia herrera,12500000
emiliano longo,54
emiliano luján,100
emilio doyère,2130
emilio edwards,125
emilio gaete,404000
emilio valentí,1590000
emma formas,145000000
emma jauch,292000
emma junaro,101
emma sintani,10
emma villazón,48600
emmenanthe penduliflora,4170
emmy carrero,65700
emoliente (bebida),530000
empalme (gastronomía),207000
empanada,25000000
empanada de atún,13100000
empanada de lacayote,3450
empapatadas,4260
empire (canción de shakira),7440000
empolvados,450000
empusella,1100
en la patagonia,94100000
enaer ech-02 ñamcu,225
enagua,48200000
enantia citrinella,725
enantiophylla heydeana,1470
encarnación lazarte,16400
encebollado,128
enchilada,15400000
encocado,595000
encuentro y fiesta nacional de colectividades,413000
encyclia parkeri,3270
energía (álbum),88800000
enfrijoladas,124
engracia pastora pérez yépez,4870
engystomops petersi,11200
engystomops pustulosus,25800
enoteca del cerro san cristóbal,85
enrique araya gómez,1340000
enrique bunster,75800
enrique campos menéndez,1900000
enrique cintolesi,6850
enrique finot,169000
enrique gebhard,44
enrique gómez campuzano,393000
enrique gómez correa,80
enrique heine,96
enrique lihn,143
enrique madiña,1500
enrique moro,5870000
enrique rocha monroy,1050000
enrique soro,666000
enrique vico carré,48400
enriqueta flores arredondo,106000
enriqueta ulloa,636000
ensalada chilena,17300000
ensalada césar,14500000
ensalada de nopal,131
ensalada rusa,121
ensamble jazz-fusión,130000
ensopado uruguayo,105
entepola,10300
enterolobium contortisiliquum,85800
entheus ninyas,532
entidad de población (chile),77
entidad rural (chile),83
entomatada,285000
entomocorus melaphareus,897
entrada folclórica,7420000
entrada folklórica de sopocachi,21600
entrada mayer,8540000
entrada universitaria de cochabamba,119
entre ríos (cochabamba),7890000
entremares,543000
entretenimiento durante el porfiriato,162000
enyalioides heterolepis,91
enyucado,126
eois albigrisea,215
eolian,84
epa colombia,135
epazote,1520000
ephedra chilensis,96
ephedra ochreata,97
epicauta crucera,96
epicrionops columbianus,633
epicrionops parkeri,1210
epidendrum piliferum,1920
epidendrum zipaquiranum,345
epinecrophylla erythrura,70
epinecrophylla haematonota,4830
epinecrophylla leucophthalma,4970
epiphyllum pumilum,53000
epithelantha bokei,19000
epunamun,75
equisetum giganteum,184000
equisetum hyemale,268000
erasmo bernales,27500
erasmo de la parra,210000
eremalche rotundifolia,5260
eremophilus mutisii,6430
eres (canción de shakira),132
erick berríos,207000
erick pohlhammer,8010
erigeron bonariensis,273000
erigeron karvinskianus,228000
erigeron longipes,21400
erigeron pubescens,83
erik bongcam-rudloff,7220
erika andia,70
erika de la vega,19400000
erika ewel,19800
eriocnemis isabellae,5520
eriocnemis mirabilis,7280
eriophyllum pringlei,2750
eriopis connexa,24700
eriosyce esmeraldana,11800
eriosyce heinrichiana,156
eriosyce robusta,168
eriosyce rodentiophila,3520
erke,5190000
ernesto cabeza,21900000
ernesto calzadilla,380000
ernesto carmona ulloa,253000
ernesto cavour,931000
ernesto durán castro,5610000
ernesto díaz espinoza,94
ernesto fontecilla,25500
ernesto guarda carrasco,215000
ernesto gutiérrez,13700000
ernesto montenegro,5180000
ernesto ottone,753000
ernesto torrealba,419000
erodium texanum,14100
erto pantoja,115
erupción del complejo volcánico puyehue-cordón caulle de 2011,6710
erupción del copahue de 2012,5510
erupción del volcán calbuco de 2015,34700
erupción del volcán chaitén de 2008,17600
erupción del volcán hudson de 1991,11600
erupción del volcán quizapú de 1932,3260
erupción del volcán villarrica de 2015,19400
erwin vaca pereyra,101000
erycina crista-galli,188
erycina glossomystax,1300
eryngium agavifolium,11200
eryngium paniculatum,48100
erythradenia pyramidalis,10
erythrina coralloides,23800
erythrina crista-galli var. leucochlora,1430
erythrolamprus andinus,1690
erythroxylum ruizii,1170
escalera al cielo (trago),79
escallonia pulverulenta,184
escamol,53300
escilda greve,619
escobaria chihuahuensis,2150
escobaria cubensis,133
escobaria minima,14500
escobaria tuberculosa,148
escobaria vivipara,19000
escondido (danza),11100000
escribano (comida),2140000
escuela de artesanías del instituto nacional de bellas artes,355000
escuela de minas de antofagasta,371000
escuela de minas de copiapó,93500
escuela de minas de la serena,96
escultura de shakira,6970000
esenbeckia berlandieri,4320
esgrima criolla,123
eskameca y tenorí,208
eskina familia skuad,122
esmaltado de la plata,32000000
esmeralda fura,123
esmeralda tena,200
esmeraldas colombianas,1350000
espacio marítimo chileno,670000
espadarana andina,2520
espadarana prosoblepon,12800
españoles en el pacífico,137
espeletia argentea,5420
espeletia boyacensis,1210
espeletia brachyaxiantha,5110
espeletia cachaluensis,71
espeletia congestiflora,710
espeletia glandulosa,2250
espeletia guacharaca,566
espeletia hartwegiana,3940
espeletia incana,4270
espeletia muiska,76
espeletia occulta,429
espeletia schultzii,172
esperanza silva,132
espesado,832000
espuela chilena,43500
espumilla (ecuador),116
esquina (ciudad),106
esquina homero manzi,99400
esquites,122
estación sargento aldea,358000
estadio elías aguirre,130
estadio héroes de san ramón,681000
estadio miguel grau (callao),419000
estado soberano del quindío,19000
estado soberano del sur,5800000
estancia guaycolec,2770
estatua de shakira,200
estatuilla cacique quimbaya,818
esteban pérez esquivel,69
esteban velásquez (actor),515000
estefany oliveira (actriz),12200
estefany rivero,610000
ester cosani,4030
ester matte alessandri,108
estero mana,596000
estero marga marga,304000
estero nilahue,14700
esther alzaibar,5650
esther barugel,3160
esther forero,117
estoy aquí,582000000
estratos de pupunahue,629
estrecho de bransfield,13700
estrecho de le maire,118
estrecho de nazareth,386000
estrecho de tiquina,38300
estrecho de yampupata,2220
estrecho del magdalena,2140000
estrecho nelson,1660000
estrella de moravia,572000
estrella fluvial de inírida,18400
estrellas del porno,248000000
estructura del vichada,713000
estuario boca de canales,81900
estudios sobre la flora de las islas de juan fernández,315000
eterazama,144000
ethan sword,9840000
etienne bobenrieth,42000
ettore petri,37
eubalta meridionalis,78
eubalta planiceps,342
eublaberus argentinus,233
eubucco richardsoni,14600
euchrepomis humeralis,8480
euchrepomis spodioptila,4700
eucnide grandiflora,2030
eucnide lobata,1830
eudyptes sclateri,26000
eugen gomringer,125
eugenia capuli,10400
eugenia foetida,150000
eugenia huici de errázuriz,2980
eugenia salamensis,1230
eugenia stipitata,141
eugenia vargas pereira,83
eugenio cruz vargas,75
eugenio gonzález rojas,6480000
eugenio león hernández,35
eugenio mimica barassi,69
eugenio pereira salas,1900000
eugenio retes,69
eugenio sierra ráfols,50000
eugenio tironi,124
eugnosta argentinae,315
eugène joannon crozier,2880
eulogio dávalos llanos,10
eulychnia acida,9800
eulychnia castanea,35300
eulychnia iquiquensis,4810
eunectes beniensis,113
eunectes deschauenseei,111
eunectes notaeus,46800
eupatorium petiolare,7190
euphorbia ammatotricha,1270
euphorbia antisyphilitica,97
euphorbia beamanii,2470
euphorbia beillei,636
euphorbia berteroana,52
euphorbia besseri,2390
euphorbia bracteata,193000
euphorbia brandegeei,4320
euphorbia calderoniae,348000
euphorbia conzattii,3490
euphorbia copiapina,54
euphorbia cyathophora,107
euphorbia cyri,2340
euphorbia derickii,1130
euphorbia dressleri,5630
euphorbia engelmannii,33400
euphorbia eriantha,74
euphorbia fendleri,29900
euphorbia finkii,7410
euphorbia florida,2800000
euphorbia gaumeri,10400
euphorbia gentryi,5880
euphorbia georgei,234000
euphorbia germainii,817
euphorbia geyeri,4380
euphorbia gollmeriana,165
euphorbia gradyi,12100
euphorbia guiengola,12100
euphorbia gumaroi,565
euphorbia henricksonii,1290
euphorbia hindsiana,7030
euphorbia hunzikeri,565
euphorbia ivanjohnstonii,463
euphorbia johnstonii,17500
euphorbia klotzschii,2710
euphorbia lancifolia,83
euphorbia lasiocarpa,55900
euphorbia leucocephala,122000
euphorbia lomelii,12500
euphorbia lorentzii,9640
euphorbia lottiae,1200
euphorbia luciismithii,517
euphorbia lundelliana,821
euphorbia lurida,31100
euphorbia macvaughii,1750
euphorbia ophthalmica,9730
euphorbia parishii,10700
euphorbia pteroneura,3470
euphorbia radians,25900
euphorbia schlechtendalii,12400
euphorbia velleriflora,764
eupithecia acragas,729
eupithecia affinitata,18000
eupithecia albisecta,994
eupithecia batida,587
eupithecia fastuosa,2660
eupithecia fulvistriga,673
eupithecia galepsa,380
eupithecia hilaris,3140
eupithecia hormiga,801
eupithecia indefinata,544
eupithecia junctifascia,592
eupithecia lachaumei,627
eupithecia madura,974
eupogonius yeiuba,367
eupsophus contulmoensis,1250
eupsophus insularis,83
eupsophus migueli,1610
eupsophus nahuelbutensis,1010
eurema mexicana,18700
euryoryzomys legatus,10600
eurytides callias,845
eurytides dolicaon,129
eusebio chelli,10700
eusebio lillo,673000
eusebio mateos ortega,151000
eusebio ochoa,733000
eva díaz torres,17600000
eva lefever,85100
eva limiñana,18800
evacuación de los alrededores del volcán ubinas en 2019,3630
evansianthus georgiensis,236
evaristo borboa casas,5490
evelio moncada,61
evelyn glennie,673000
everson ruiz,71
evok,3670000
exequiel gonzález madariaga,28100
exequiel lavandero,6830
exodon paradoxus,13000
expedición magallánica sueca,112
expo internacional costa chiapas,88700
expoamazónica,44700
eyal meyer,138
eysenhardtia polystachya,30900
f.a.m.e. (álbum de maluma),339000
f.a.m.e. tour,302000000
fabiana hurtado,349000
fabio zambrana marchetti,8260
fabiola angulo,64
fabián jaksic,42900
fabrizio copano,153
facturas,66700000
facultad de ciencias forestales de la universidad de chile,2090000
fainá,296000
fajita,42900000
faldellín guayaquileño,9
falla de atacama,100
falla de huincul,34700
falla de lanalhue,3650
falla de pichilemu,111
falla fagnano-magallanes,102
falla futrono,24700
falla liquiñe-ofqui,6170
falla reigolil-pirihueico,233
falla san ramón,6310000
fallo loubet,70
falsas jerarquías,3150000
falso cabo de hornos,134000
falso conejo,2700000
familia aguilar,128
familia linares,33200000
familia soteno,96
fandango (colombia),3040000
fandango (veracruz),349000
fanesca,742000
fanor velasco,38100
fantasio (caricaturista),5910000
fantasía negra,227000000
farallones de cali,806000
farellón costero,4270
faride zerán,17100
farlowella amazonum,1870
farlowella oxyrryncha,1450
farlowella platoryncha,1540
faro de lerma,383000
faryde kaid,1530
fascicularia bicolor,16800
fauna de colombia,56800000
fausto (cantautor),148
fausto reinaga,43500
federica guzmán,119
federico albert taupp,930
federico guzmán,8060000
federico lohse,268000
federico pecchia,69
federico philippi,95300
federico schopf,69300
federico schumacher,564000
federico sánchez,30700000
feijoada,7220000
felfort,309000
feliciano saldías,25400
felipa hernández barragán,94200
felipe alliende,93
felipe braun,206
felipe camaño,401000
felipe camiroaga,235000
felipe castro,120
felipe contreras,17500000
felipe gálvez,3680000
felipe izquierdo,15500000
felipe morales zárate,78
felipe ponce,13100000
felipe suau,69600
felipe álvarez (actor),8450000
felisa vergara,144000
feliza bursztyn,149
fendlera rupicola,3840
feria de cali,36200000
feria de cholula,146
feria de la barbacoa,139
feria de la chinita,679000
feria de la ciudad de méxico,122
feria de la flor,48600000
feria de la guayaba,2020000
feria de la manzana de zacatlán,143
feria de los chicahuales,124
feria de manizales,9440000
feria de mataderos,137
feria de san telmo,1710000
feria de teziutlán,282000
feria de tlalminulpa,72
feria de tlaxcala,9370000
feria de todos los santos colima,451000
feria de zacatelco,228000
feria del alfeñique,175000
feria del cacao,10900000
feria del calvario,1640000
feria del libro infantil y juvenil,4220000
feria estatal de león,3720000
feria gastronómica internacional de lima,4630000
feria internacional de barquisimeto,731000
feria internacional de la lectura yucatán,658000
feria internacional de texcoco,134
feria internacional del libro de buenos aires,5060000
feria internacional del mole,119
feria internacional del sol,133
feria nacional de la mexicanidad,25900
feria nacional de la plata,30900000
feria nacional de san marcos,147
feria nacional del mole,1710000
feria nacional potosina,479000
feria san francisco (pachuca),711000
feria tabasco,9650000
feria taurina de la macarena,123
feria yucatán (xmatkuil),167000
ferial,57
ferias de san felipe,123
fernanda fuentes,19500000
fernanda pavisic,19100
fernando acuña díaz,11700000
fernando alarcón,13000000
fernando alegría,39800000
fernando arranz,2660000
fernando atria,831000
fernando barrientos,9170000
fernando bustamante (músico),383000
fernando cajías,112000
fernando carrillo (actor),6540000
fernando chomali,145
fernando cuadra,14400000
fernando debesa,28200
fernando farías,137
fernando gallardo,17100000
fernando garcía oldini,7980
fernando godoy,17700000
fernando gonzález mardones,72
fernando gonzález urízar,200000
fernando guzzoni,116
fernando gómez rovira,2160000
fernando krahn,80
fernando kri,6110000
fernando lamberg,57
fernando mena,82
fernando moraga acevedo,131000
fernando paulsen,1430000
fernando peredo,1220000
fernando pérez oyarzún,653000
fernando ramírez velarde,1790000
fernando rosas pfingsthorn,70
fernando santiván,39300
fernando ugarte,5860000
fernando untoja,26000
fernando vernier,200000
fernando villagrán,1950000
fernando villegas,14300000
fernando álvarez de toledo (conquistador),128
fernet,6540000
fernet con coca,183
ferocactus alamosanus,107
ferocactus chrysacanthus,31300
ferocactus chrysacanthus chrysacanthus,34400
ferocactus cylindraceus,39500
ferocactus cylindraceus cylindraceus,105
ferocactus diguetii,8000
ferocactus echidne,8400
ferocactus emoryi rectispinus,182
ferocactus flavovirens,3350
ferocactus glaucescens,82500
ferocactus herrerae,187
ferocactus histrix,185
ferocactus latispinus,73500
ferocactus macrodiscus,113
ferocactus peninsulae,19400
ferocactus pilosus,129
ferocactus pottsii,146
ferocactus townsendianus,9250
ferocactus viridescens viridescens,12600
ferocactus wislizenii,17800
festejos de la batalla de las piedras,114000
festijazz,105
festival anual del tango,207000
festival arc,86
festival biobio cine,445000
festival brotes de chile,125
festival cero latitud de ecuador,46600
festival cielos del infinito,478000
festival cine b,39100000
festival concha acústica villa flora,20200
festival cultural atltepeihuitl,84
festival de calaveras,3980000
festival de cine corto de popayán,24700
festival de cine creative commons colombia,78100
festival de cine de bogotá,4750000
festival de cine de cuenca,7480000
festival de cine de la serena,4450000
festival de cine documental de chiloé,141
festival de cine europeo en chile,2520000
festival de cine europeo en colombia,2890000
festival de cine latinoamericano y caribeño de margarita,146
festival de cine nacional de ñuble,293000
festival de cine uc,1170000
festival de la arepa de huevo,784000
festival de la canción de canela,170
festival de la canción de la serena,152
festival de la leyenda vallenata,1060000
festival de la mejorana,227000
festival de la sandía de paine,124
festival de la tigra,92
festival de las condes,4010000
festival de música del pacífico petronio álvarez,69900
festival de música vallenata en guitarras,181
festival de piedra roja,9190000
festival de poesía de bogotá,2680000
festival de sumpango,173000
festival de teatro ciudad de itagüí,31100
festival de tierra amarilla,7880000
festival de verano,103000000
festival del cantar mexicano,15100000
festival del charango,688000
festival del chocolate tabasco,1740000
festival del ostión,791000
festival del queso artesanal,116
festival efímero de teatro independiente,48900
festival el abrazo 2010,123
festival estéreo picnic,218
festival fauna primavera,156
festival folclórico el gaván de oro,31100
festival gastronómico del gato,85
festival guitarras en la ciudad blanca,324000
festival internacional de archivo fílmico de valparaíso,5490
festival internacional de cine de antofagasta,126000
festival internacional de cine de barranquilla,1190000
festival internacional de cine de cartagena de indias,350000
festival internacional de cine de la antártica sobre ambiente y sustentabilidad,2240
festival internacional de cine de lebu,20400
festival internacional de cine de lebu de 2023,6140
festival internacional de cine de lebu de 2024,6990
festival internacional de cine de lebu de 2025,106
festival internacional de cine de rengo,15100
festival internacional de cine de santander,2880000
festival internacional de cine de valdivia,542000
festival internacional de cine de viña del mar,1130000
festival internacional de cine del norte de chile,2690000
festival internacional de cine lgbt el lugar sin límites,29500
festival internacional de cortometrajes cine a la calle,531000
festival internacional de documentales de santiago,1090000
festival internacional de la cultura de boyacá 1973,10900
festival internacional de la cultura de boyacá 1992,18600
festival internacional de la cultura de boyacá 2002,22300
festival internacional de la cultura de boyacá 2004,19900
festival internacional de la cultura de boyacá 2009,25300
festival internacional de la cultura de boyacá 2010,36200
festival internacional de la cultura de boyacá 2011,31500
festival internacional de la cultura de boyacá 2012,30800
festival internacional de la cultura de boyacá 2013,80200
festival internacional de la cultura de boyacá 2014,115000
festival internacional de la cultura de boyacá 2015,45600
festival internacional de la cultura de boyacá 2016,41300
festival internacional de la cultura de boyacá 2017,43000
festival internacional de la cultura de boyacá 2019,79600
festival internacional de la orquídea,155000
festival internacional de la primavera de trujillo,857000
festival internacional de música renacentista y barroca americana,32000
festival internacional de teatro de manizales,122
festival internacional de teatro de mosquera,94
festival internacional de teatro del caribe,107
festival internacional de teatro por chiloé profundo,13100
festival internacional del paste,5050000
festival internacional ojo al sancocho,71800
festival internacional providencia jazz,213000
festival internacional santiago a mil,13500000
festival latinoamericano de cine de quito,137000
festival latinoamericano de la clase obrera,48000
festival minas y abril,11600000
festival nacional de bandas de música,8180000
festival nacional de esculturas de nieve,453000
festival nacional de folklore de cosquín,546000
festival nacional de la canción boliviana,385000
festival nacional de la voz y canto manuel f. zárate,95
festival nacional del cabrito,520000
festival solid rock (chile),86
festival y fiesta nacional de la leche y la carne,139
festivales al parque,21800000
festivales de la canción en chile,3900000
festividad de las ñatitas,122
festividad de san lorenzo,114
festividad del señor de colquepata,12400
festividad perúba,561
festivus,1330000
festuca argentina,462000
fiambre (plato guatemalteco),2620000
ficus aurea,1160000
ficus crocata,56800
ficus insipida,56100
ficus petiolaris,252000
fidel sepúlveda llanos,83
fiebre de la plata en chile,90
fiesta callejera,15900000
fiesta de disfraces de paraná,208000
fiesta de enero en chiapa de corzo,125
fiesta de la candelaria (puno),817000
fiesta de la fruta y de las flores,138
fiesta de la longaniza de chillán,12700
fiesta de la pampilla,139000
fiesta de la patria gaucha,140
fiesta de la tirana,2980000
fiesta de la vendimia (chile),1150000
fiesta de la vendimia (uruguay),292000
fiesta de la vendimia del valle de curicó,17200
fiesta de la virgen de la asunción de chacas,7350
fiesta de la virgen del carmen de paucartambo,93500
fiesta de las colectividades europeo argentinas,92
fiesta de las peñas,4410000
fiesta de los abrazos,25800000
fiesta de los agüizotes,16200
fiesta de los indios caciques,65
fiesta de los reyes magos de tizimín,12200
fiesta de nuestra señora de belén de popayán,27700
fiesta de pillos,157000
fiesta de quince años en méxico,181
fiesta de san francisco de borja de yunguyo,8000
fiesta de san roque (tarija),165000
fiesta de santa vera cruz en cochabamba,125
fiesta del 20 de enero,121
fiesta del año nuevo p’urépecha,152
fiesta del desembarco,1970000
fiesta del fuego,122000000
fiesta del inmigrante (uruguay),171000
fiesta del santo ecce homo de popayán,123
fiesta nacional de la calle angosta,124
fiesta nacional de la cebada cervecera,30800
fiesta nacional de la cerveza,17700000
fiesta nacional de la chicha,130
fiesta nacional de la corvina negra,55700
fiesta nacional de la empanada,7460000
fiesta nacional de la flor,107
fiesta nacional de la ganadería,8440000
fiesta nacional de la leche,111
fiesta nacional de la manzana,15500000
fiesta nacional de la navidad,102
fiesta nacional de la nieve,143
fiesta nacional de la noche más larga,14200000
fiesta nacional de la vendimia,142
fiesta nacional de los estudiantes,140
fiesta nacional de los pescadores,117
fiesta nacional de santa lucía,9000000
fiesta nacional del arroz,94
fiesta nacional del café,44600000
fiesta nacional del chamamé,128
fiesta nacional del cordero,10100000
fiesta nacional del dorado,29400000
fiesta nacional del durazno,7910000
fiesta nacional del inmigrante,1830000
fiesta nacional del mar,121
fiesta nacional del potrillo,262000
fiesta nacional del salame quintero,144
fiesta nacional del sol,75900000
fiesta nacional del surubí,135000
fiesta nacional del sábalo,93
fiesta nacional del tamal,1120000
fiesta nacional del trigo,12500000
fiesta nacional del té,128
fiesta nacional del vino torrontés,11800
fiesta nacional semana de santos vega,6100000
fiesta patronal de la virgen purísima de pampas,2690
fiesta patronal de san pedrito,131
fiesta popular de los inocentes y fin de año.,67
fiesta provincial del bricelet,112
fiesta provincial del sol (romang),124
fiesta regional del fiambre casero,7140
fiestas de nuevo león,67900000
fiestas de santa prisca,33400
fiestas julias,145000
fiestas patrias de chile,16500000
fiestas patronales de la virgen de la merced,115000
fiestas patronales de san roque,115
fiestas patronales de san salvador,1820000
fiestas prehispánicas mexicas,60100
fiestas religiosas en cuajimalpa,42200
fiestas y celebraciones de morelia,6110000
figazza,132
fileteado,124
fioravanti (bebida),54100
fiordo cahuelmó,3100
fiordo comau,160
fiordo de aysén,144
fiordo de castro,167000
fiordo de reloncaví,20700
fiordo eberhard,5950
fiordo quintupeu,5380
fiordo reñihue,3250
firmeza,50600000
fiss 1965,58
fiura,131000
flashparty,116
flauta (gastronomía),4570000
flavia gleske,127
flavia radrigán,2990
flavia tótoro taulis,1200
flexanthera,20900
flexopecten glaber ponticus,6400
flor de calabaza,30900000
flor de jamaica,39800000
flor de maguey,4810000
flor isabel villarroel,208000
flor vera,65300000
flora de chile,145
flora de colombia,146
flora de ecuador,57800000
flora de tuxtla gutiérrez,569000
flora de uruguay,28800000
flora rodríguez de gobbi,65
"florae peruvianae, et chilensis prodromus",4080
florcita motuda,105
florencia de amesti,6120
florencio pozadas,1320
florentina lópez de jesús,1190000
floridita,506000
floridor pérez,118
flourensia campestris,3750
flourensia thurifera,4880
fma 20 boyero,1880
fma 21,98
fma aemb.2,1940
fma i.ae. 46 ranquel,648
fma ia 53 mamboretá,845
fma saia 90,172
folclor cuzqueño,51600
folclore de antioquia,686000
folclore veleño,149
folk tales from chile,3160000
fonplata,191000
fonseca (cantante),153
forchhammeria trifoliata,2800
forestiera cartaginensis,1040
formación abanico,154
formación castilletes,18000
formación cerrejón,104000
formación cheuquemó,147
formación del istmo de panamá,660000
formación farellones,27300
formación hornitos,89900
formación la negra,123000000
formación lacui,582000
formación paja,6230000
formación pebas,12000
formación ránquil,103000
formación río frías,4350000
formación santo domingo,117
formación tobífera,2850
formación toqui,19400
formación tubul,6890
formicarius nigricapillus,8670
formicarius rufifrons,16700
forsteronia myriantha,1940
fortín d'orbigny,22700
fosa de perú-chile,112
fouquieria formosa,11500
fragaria chiloensis,311000
francesc morales,68
francini amaral,425000
francis françoise,76200000
francisca garcía,201
francisca núñez,108
francisca pulido,754000
francisca solar,7980000
francisco aboitiz,388000
francisco acevedo toro,1760000
francisco albornoz,3350000
francisco benavides caro,471000
francisco bilbao,58500000
francisco bobadilla (guionista),4260
francisco brugnoli,153000
francisco cajías,27700
francisco casas silva,70
francisco coloane,436000
francisco contreras valenzuela,3890000
francisco dañobeitía,143
francisco de arteaga,9220000
francisco de orellana,13600000
francisco durán,15900000
francisco díaz klaassen,75
francisco el hombre,240000000
francisco fuentes maturana,253000
francisco gonzález (músico),5270000
francisco gormaz,467000
francisco hernández armengol,792000
francisco hervé,7530000
francisco jaume,9
francisco javier ovalle castillo,424000
francisco josé urzúa prieto,110000
francisco lópez amenábar,86
francisco medina (actor venezolano),323000
francisco melo,47300000
francisco núñez de pineda y bascuñán,68300
francisco ossa,94
francisco puelles,597000
francisco pérez bannen,61800
francisco simón rivas larraín,53700
francisco soler grima,242000
francisco tapia salinas,3500000
francisco tito yupanqui,542000
francisco toro lessen,47
francisco varela,19800000
francisco victoria (cantante),11900000
francisco véjar,96000
francisco zumaqué,29000
franco alvarado perdomo,881000
franco luciani,121
franco scianca,16900
francoa appendiculata,11400
francoa sonchifolia,78
frangula discolor,22900
frankenia johnstonii,1830
frankenia patagonica,2970
franklin caicedo,802000
franz wilhelm neger,49800
françois brunet de baines,43100
fraxinus berlandieriana,65
fraxinus uhdei,37800
freddo,40500000
freddy alborta,20000
freddy torrealba,75
frederickena fulva,4530
frederickena unduliger,3770
free (bebida cola),29500000
fresas con crema (postre),35800000
fresco (bebida),69500000
fresco de salvia,220
frescolita,203
fricasé de cerdo,119
friche,2130000
friedrich hanssen,146000
friedrich richard adelbart johow,408000
frijol con puerco,12900000
frijol negro,131
frijoles borrachos,438000
frijoles con veneno,201
frijoles quebrados,188000
frijoles refritos,201
frisby (empresa),459000
fritada (ecuador),1500000
fritanga (bolivia),418000
frito pie,122
frontera entre argentina y bolivia,37800000
frontera entre argentina y chile,59000000
frontera entre bolivia y chile,330
frontera entre bolivia y paraguay,24600000
frontera entre bolivia y perú,274
frontera entre brasil y bolivia,29300000
frontera entre brasil y colombia,146
frontera entre chile y perú,380
frontera entre colombia y ecuador,51300000
frontera entre colombia y haití,109
frontera entre colombia y jamaica,80
frontera entre colombia y panamá,19300000
frontera entre colombia y perú,44700000
frontera entre colombia y república dominicana,5240000
frontera entre colombia y venezuela,229
frontera festival,39000000
fronteras de chile,141
fronteras de colombia,55800000
fruko y sus tesos,530000
fruta cristalizada,1370000
fruta de horno,56500000
frutillada,31300
frutos del silencio,69
fuchsia splendens,65600
fuchsia thymifolia,8230
fuente de soda (chile),220
fufú de plátano verde,125
fugazza con queso,276000
fugazzetta,165000
fuji-cola,10500000
fulica americana,221
fulica montanei,862
fundación artesanías de chile,1190000
fundación escuela taller de popayán,97
fundación pies descalzos,642000
fura y tena,204
fusa sudzuki,543
fusión latinoamericana,182
fyto manga,16800
fábrica de bebidas casa garay,65700
fábrica militar de aviones,2310000
fátima jordán,194
félix coluccio,77
félix dardo palorma,7380
félix del granado,22000000
félix saluzzi,17700
félix villar,2430000
gabino ezeiza,92500
gabriel alemparte,134
gabriel cañas,4360000
gabriel coronel,129
gabriel correa guzmán,55
gabriel díaz alliende,8430
gabriel gaspar,15900000
gabriel hidalgo,100
gabriel mamani magne,43600
gabriel maturana,1050000
gabriel miranda riquelme,1210000
gabriel osorio,14400000
gabriel prieto,16100000
gabriel raymon,597000
gabriel rené moreno,141
gabriel rodríguez (historietista),154
gabriel romero,145
gabriel vigliensoni,4940
gabriela aguilera,7550000
gabriela arcos,5620000
gabriela bussenius,6580
gabriela catoira,79
gabriela contreras,12000000
gabriela cámara,26700000
gabriela de la cruz,115
gabriela ernst,9110000
gabriela fernández,28000000
gabriela gonzález (arquitecta),7570000
gabriela maire,254000
gabriela pizarro,2980000
gabriela roepke,24600
gaby vallejo canedo,125
gaita colombiana,890000
galactia lindenii,2780
galea comes,4760000
galea leucoblephara demissa,496
galeoglossum,116
galerita collaris,161
galinsoga parviflora,299000
galipea ossana,114000
galium angustifolium,256000
galium mexicanum,135
gallardoa,542000
galleta de sal,42100000
galleta maría,135
gallina en nogada,25800
gallinago gallinago,134
gallinago imperialis,16400
gallinago nobilis,95
gallo (gastronomía),5530000
gallo en chicha,3520000
gallo pinto,20800000
galo gómez,5580000
galopa misionera,5630
galvarino (chile),1050000
galvorn,14800
gamaliel guerra seura,37
gansito,3680000
garapiña,119
garcinia intermedia,87900
garnacha (alimento),1060000
garrahand,65
garrapiñada (cacahuete),32000
gary daher canedo,4630
gary prado salmón,127
gaspar de la cueva,1650000
gastronomía chifa,3490000
gastronomía de aguascalientes,13500000
gastronomía de argentina,76200000
gastronomía de buenos aires,33200000
gastronomía de chiapas,149
gastronomía de chiloé,991000
gastronomía de coahuila,9090000
gastronomía de colombia,138
gastronomía de cuba,144
gastronomía de guayaquil,31700000
gastronomía de guerrero,29100000
gastronomía de honduras,39800000
gastronomía de jalisco,23200000
gastronomía de la provincia de limón,8190000
gastronomía de manabí,1190000
gastronomía de nicaragua,29400000
gastronomía de nuevo león,36100000
gastronomía de oaxaca,16000000
gastronomía de panamá,134
gastronomía de paraguay,38300000
gastronomía de quito,132
gastronomía de salta,18500000
gastronomía de sinaloa,21800000
gastronomía de sonora,23100000
gastronomía de tabasco,10900000
gastronomía de trujillo (perú),33100000
gastronomía de uruguay,30500000
gastronomía del cuzco,4740000
gastronomía del estado mérida,6400000
gastronomía mapuche,681000
gastronomía paisa,11600000
gastronomía tarmeña,2290
gastronomía venezolana en chile,31400000
gastrotheca andaquiensis,878
gastrotheca angustifrons,108
gastrotheca antomia,1610
gastrotheca argenteovirens,76
gastrotheca aureomaculata,2510
gastrotheca bufona,707
gastrotheca cornuta,6820
gastrotheca dendronastes,1110
gastrotheca dunni,1330
gastrotheca espeletia,2510
gastrotheca guentheri,4440
gastrotheca helenae,2440
gastrotheca lauzuricae,782
gastrotheca nicefori,1660
gastrotheca orophylax,3970
gastrotheca piperata,625
gastrotheca trachyceps,385
gastón acurio jaramillo,8880
gastón sosa,1530000
gastón soublette,46900
gastón suárez,101
gastón ugalde,116
gastón von dem bussche,21000
gato (danza),190
gato dumas,965000
gauchito gil,690000
gaucho,24400000
gaura coccinea,29500
gaussia gomez-pompae,46
gaussia princeps,20400
gaussia spirituana,1050
gavilea longibracteata,1510
gaya mutisiana,717
gemma contreras,1390000
genoveva núñez herrera,62
gente grande,82
gentiana sedifolia,7340
geogarypus bucculentus,327
geografía de antioquia,2580000
geografía de antofagasta,127
geografía de bogotá,123
geografía de bolivia,27500000
geografía de caldas,95
geografía de chile,34600000
geografía de cúcuta,128
geografía de santander (colombia),5000000
"geografía del archipiélago de san andrés, providencia y santa catalina",359000
geología de colombia,14600000
geoparque kütralkura,18000
geophagus altifrons,145
georgalos,177
geothlypis semiflava,9710
geotrygon purpurata,20800
gepe,955000
gephyrocharax chocoensis,617
geraldine duque,825000
geranium caespitosum,23200
geranium mexicanum,13700
geranium niveum,7960
gerardo arellano,4160000
gerardo masana,104
gerardo rocha,7670000
gerardo rosas,11800000
germán bannen,388000
germán barriga cosmelli,40
germán becker ureta,26000
germán carrasco,2460000
germán coimbra sanz,236000
germán concha,13700000
germán luco cruchaga,7290
germán marín,101
gertrudis de moses,50500
gertrudis larraín,5660
geum macrophyllum,31700
geum quellyon,5080
gevuina avellana,210
giannina kabregu bernasconi,468
gibasoides laxiflora,679
gigantactis meadi,2790
gigante de atacama,2030000
gigantes patagónicos,754000
gigantiops destructor,5320
gilbert favre,1430000
gilberto guzmán,96
gilberto rojas enríquez,509000
gilda hernández,65
gildardo montoya,122
gina gil (cantante),141
ginjinha,239000
gioia arismendi,10600
giordano rossi,8870000
giovana chávez,352000
giovanna rivero,1040000
giovanna roa,62
giovanna salazar,2690000
glaciar de los polacos,128
gladys camacho ríos,37
gladys moreno,8180000
glandularia aurantiaca,3490
glandularia bipinnatifida,13300
glaucidium bolivianum,91
glaucidium hardyi,27500
gleichenella,19800
gleisy noguer,10400
glenda kapstein lomboy,5900
gleo,344000
gliricidia sepium,531000
glironia venusta,13400
gloria camiruaga,11300
gloria dünkler,232000
gloria montenegro rizzardini,2640
gloria pérez bravo,8590000
gloriao,993000
glorias de linares,188
gnomidolon bonsae,219
gnomidolon longipenne,515
gnomidolon nanum,417
gnomidolon parallelum,446
gnomidolon pilosum,350
goeldiella eques,2550
gofio,1080000
golfo almirante montt,14600
golfo corcovado,465000
golfo de ancud,101
golfo de arauco,314000
golfo de arica,78
golfo de cupica,80
golfo de darién,426000
golfo de morrosquillo,146
golfo de tribugá,133
golfo de urabá,136
golfo de venezuela,40500000
golfo ladrillero,13600
golofa porteri,9960
gonatodes concinnatus,3570
gonkoken nanoi,37100
gonolobus naturalistae,1530
gonzalo bertrán,199000
gonzalo contreras,8540000
gonzalo díaz cuevas,102
gonzalo eltesch,2840
gonzalo foure,47600
gonzalo henríquez,1080000
gonzalo justiniano,480000
gonzalo leiva quijada,83300
gonzalo lópez,37300000
gonzalo lópez pardo,67
gonzalo maier,283000
gonzalo martner fanta,45
gonzalo martínez (historietista),106
gonzalo maza,2140000
gonzalo millán,2380000
gonzalo olave,100
gonzalo osses vilches,42500
gonzalo robles,122
gonzalo rojas,140
gonzalo rojas sánchez,8980000
gonzalo romero álvarez garcía,7220000
gonzalo sánchez mendizábal,241000
gonzalo valenzuela,8780000
gonzalo vial correa,797000
gonzalo vivanco,1420000
goodyera oblongifolia,105
gordita,121
gordita de horno,7520000
gorditas de nata,128
gorditas doña tota,110000
gordon matta-clark,1150000
gorky gonzález,383000
gorro chilote,196
gossypium hirsutum,1430000
goy (dibujante),126000
grabado de la plata,47100000
gracia barrios,10600000
graciela aranis,5080
graciela huinao,9930
graciela lira,497000
graciela rodo boulanger,141
graciela romero,7860000
gracilinanus marica,1880
grallaria alticola,112
grallaria bangsi,115
grallaria cochabambae,1360
grallaria dignissima,3840
grallaria eludens,3170
grallaria kaestneri,123
grallaria milleri,120
grallaria spatiator,768
grallaria urraoensis,1480
grammostola porteri,21700
gran cacao,51300000
gran café ateneo,1700000
gran café de la parroquia,218
gran concepción,87300000
gran incendio de valparaíso,170
gran incendio de valparaíso de 2024,534000
gran jardín de la sierra,23600000
gran provincia ígnea del caribe,17200
gran valparaíso,22600000
grandes lagos tectónicos de exaltación,2750
granix,112
granizado,2450000
graomys domorum,1580
grappamiel,49300
graptopetalum amethystinum,96500
graptopetalum bellum,23000
graptopetalum superbum,88200
grasa de pella,237000
graydidascalus brachyurus,85
gregorio fontén,4420
gregorio gamarra,1030000
gregorio gonzález nicolini,74700
gregory cohen,97
greigia landbeckii,51
greigia sphacelata,4390
gres beija-flor,681000
grido helado,1660000
griffithsochloa multifida,330
grillo villegas,685000
grindelia ventanensis,893
gris (canción de j balvin),161
grisel quiroga,502000
grismadox mazaxoides,500
grisín,131
grito de dolores,11600000
grundulus cochae,834
grupo alegría,104000000
grupo anteo,88200
grupo cura-mallín,14100
grupo galé,1160000
grupo honda,88900000
grupo lebu,287000
grupo malargüe,242000
grupo megapuesta,20900
grupo paz y bien,182000000
grupo san miguelito,121
grupo way,492000000
guabirá,612000
guacamole,50700000
guacarhue,100
guacharaca,508000
guache (percusión),15000
guacho de arroz,200
guadalupe santa cruz,51100000
guafo,130
guaguas de pan,121
guaiacum sanctum,192
guajolota,149000
gualicho,217000
guallatire,95
gualleco (comuna),7190
guallipén,9210
guamiche,6690
guampa,643000
guanchezia maguirei,474
guando,1780000000
guangualí (los vilos),9870
guanta ahumada,54
guapachá,183000
guarapo,1090000
guargüero,19900
guaria morada (canción),10900
guarianthe bowringiana,29400
guaro (bebida),832000
guasacaca,456000
guasca (música),1090000
guasdualito,530000
guataca,132000
guatitas,173000
guatteria anomala,5240
guayabera,226
guayaramerín,300000
guayas y quil,186000
guañacagua,23200
guelaguetza,1550000
guerra colombo-ecuatoriana,222000
guerra del cauca,9080000
guerra del cenepa,168
guerra grancolombo-peruana,5890
guettarda calyptrata,1970
guido arze,71
guido vallejos,839000
guille söhrens,46
guillermo atías,26800
guillermo barrena guzmán,277000
guillermo basterrechea,45000
guillermo bedregal garcía,34200
guillermo bianchi,2500000
guillermo blanco,71500000
guillermo blest gana,43900
guillermo bruce,78
guillermo buitrago,117
guillermo calderón,9210000
guillermo capdevila,716000
guillermo córdova,4800000
guillermo deisler,58000
guillermo helbling,21100
guillermo lorca,131
guillermo matta,1270000
guillermo muñoz vera,5180000
guillermo prado,86
guillermo renner,365000
guillermo rifo,77
guillermo ruiz plaza,8430000
guillermo ríos alcalá,1010000
guillermo viscarra fabre,4800
guillo,2300000
guinatán,968
guirivilo,11400
guiso (salsa),122
guiso carrero,124
guiso de majaz,81
guitarra de golpe,196
guitarra huapanguera,66500
guitarra panzona,5080
guitarra séptima,10900000
guitarrón argentino,10800
guitarrón chileno,26400
gultro,71
gunnar mamani,35200
gusano de maguey,576000
gusi,123
gustavo acevedo,7250000
gustavo becerra-schmidt,536000
gustavo bussenius,3520
gustavo donoso,68
gustavo graef marino,28700
gustavo hoecker,31
gustavo loyola,91
gustavo milet,344000
gustavo navarre,48
gustavo quintero,7610000
gustu,105
guynesomia scoparia,382
guías,129000000
gymnachne koelerioides,634
gymnocalycium deeszianum,1400
gymnocalycium gibbosum,19100
gymnocalycium mostii,13900
gymnocalycium schickendantzii,160
gymnotus carapo occidentalis,2150
gymnotus carapo orientalis,1560
gypothamnium pinifolium,2100
gypsacanthus nelsonii,842
gyrocarpus americanus,66
génesis carmona,794000
génesis riera,81
güije,34000
güira (instrumento musical),197
güirila,37100
güiro,807000
h. van doren,1070000
haageocereus fascicularis,1330
habas tostadas,2730000
habia cristata,80
habia gutturalis,9760
habichuelas con dulce,123
hacienda bucalemu,30300
hacienda calera de tango,97200
hacienda coihueco,33200
hacienda de macul,243000
hacienda de peñalolén,280000
hacienda san josé del carmen,13500000
haciendas de mosquera,2590000
haematoxylum campechianum,60400
haemomaster venezuelae,721
hafferia fortis,11500
hainardia cylindrica,8210
hal blaine,2780000
halimolobos jaegeri,941
hallaca,1910000
hallaquita,98
hallulla,144000
halophytaceae,35700
hamadryas argentea,9000
hampea reynae,1580
hampea trilobata,118
hamptophryne boliviana,5190
hanga roa,1180000
hanne utreras,48
hannelly quintero,4820
haplopappus baylahuen,176
haplophyton,13400
harfordia macroptera,934
harina tostada,18400000
harrisia bonplandii,5690
harrisia fernowii,765
harrisia martinii,7280
hartón del valle,38500
hasta los huesos,40700000
haucana,508
havanna,8290000
hay amores,93900000
hay festival,145
heber píriz,127
hebestigma cubense,1130
hecho en méxico (logotipo),102000000
hecho en yucatán,156
heddy navarro harris,11900
hedeoma piperita,121
helado de canela,37600000
helado de dulce de leche,210
helado de paila,501000
helado frito,29900000
helados con queso,40600000
helenita vargas,126
helga krebs,980000
heliamphora chimantensis,4060
heliamphora glabra,6490
heliamphora heterodoxa,22300
heliamphora neblinae,174
helianthemum glomeratum,15200
heliconia aurantiaca,18700
heliconia collinsiana,14700
heliconia tortuosa,8520
helicteres baruensis,4230
helicteres guazumifolia,4920
heliocarpus appendiculatus,7330
heliodoxa aurescens,10900
heliopsis longipes,18300
heliotropium stenophyllum,5680
helvio soto,93600
hemiancistrus pankimpuju,874
hemiancistrus sabaji,156
hemibrycon beni,2220
hemibrycon boquiae,95
hemibrycon colombianus,1180
hemibrycon decurrens,729
hemibrycon microformaa,506
hemibrycon rafaelense,1180
hemidoras stenopeltis,952
hemigrammus durbinae,497
hemigrammus neptunus,46
hemiodus atranalis,727
hemiodus immaculatus,1920
hemiodus jatuarana,102
hemiodus quadrimaculatus,1210
hemiodus vorderwinkleri,870
hemiphractus fasciatus,2760
hemiphractus helioi,1070
hemiphractus scutatus,3120
hemithrinax ekmaniana,147
hemitriccus cohnhafti,2490
hemitriccus minimus,28300
hemitriccus minor,38300
henicorhina negreti,144
henleophytum,11800
henoonia myrtifolia,857
henri grossin,178000
henriette morvan,354000
henriettea,71800
henry licett,104000
herbert w. spencer,26600000
hercilia fernández de mujía,4900
hermana glenda,932000
hermano dame tu mano,77800000
hermanos podestá,219000
hermi friedmann,2800
herminia arrate,10100
herminia raccagni,1210
hernán caffiero,86
hernán carlos cortez,6710000
hernán contreras,120
hernán de vega,6850000
hernán del solar,4300000
hernán díaz arrieta,1270000
hernán ergueta,10800
hernán gallardo,3940000
hernán landívar,243000
hernán lavín cerda,278000
hernán letelier,552000
hernán millas,780000
hernán miranda casanova,1230000
hernán núñez oyarce,25300
hernán precht,19400
hernán quintanilla,1180000
hernán rivera letelier,315000
hernán rodríguez matte,97
hernán rojas,9710000
hernán valdés,100
hernán vallejo (actor),292000
heros severus,196000
herpsilochmus dorsimaculatus,2650
herpsilochmus dugandi,122
herpsilochmus gentryi,3540
herpsilochmus praedictus,952
herpsilochmus stotzi,877
herreranthus rivalis,438
herrán (norte de santander),1690000
herty nava,5770
herval abreu,119
hervi,505000
hervido (bebida),83
hesperidina (bebida),69800
heterocercus aurantiivertex,4850
heterocercus linteatus,4560
heterolabus fabricii,121
heteromeles arbutifolia,175000
heteropetalum brasiliense,1100
heteropterys brachiata,3690
hexachlamys edulis,5370
hey you (canción de shakira),125
hibiscus denudatus,4300
hibiscus lasiocarpos,112
hibiscus sabdariffa,2110000
hidalgo (banda),117
hidalgoa ternata,1450
hidden mistake,285000000
hidrografía de chile,1110000
hidrografía de colombia,1290000
hielito,301000
higinio cazón,3470
hija de perra,142
hijos de las hojas,110
hilachas,361000
hilaria jamesii,6400
hilario cuadros,927000
hilario mendívil velasco,60
hilda lópez aguilar,7200000
hilda parra,2110000
himno de la provincia de salta,98
himno nacional de bolivia,13200000
hintonella mexicana,1270
hio (instrumento musical),146
hippeastrum euryphyllum,805
hippocamelus percultus,156
hippopsis brevithorax,179
hippopsis gilmouri,431
hippopsis pallida,517
hiptage,59900
hipótesis vecinal máxima,112000
hiram quiroga fuentealba,3510
historia de la minería en chile,134
historia territorial de antioquia,116
historia territorial de bolivia,14200000
historia territorial de colombia,135
historias eternas de el salvador,106
hit (bebida),34300000
hito esmeralda,80
hito tripartito,152000
hoffmannseggia aphylla,2340
hoffmannseggia arequipensis,2380
hoffmannseggia erecta,10600
hoffmannseggia eremophila,2370
hoffmannseggia glauca,12900
hoffmannseggia humilis,11200
hoffmannseggia intricata,1720
hoffmannseggia microphylla,11100
hogao,126
hohenbergia penduliflora,2780
hohenbergiopsis guatemalensis,908
hoja de aguacate,37700000
hoja de bijao,446000
hoja de maíz,44900000
hoja santa,229000000
hojaldra,234000
hojuela,201
holcatzín,473
holman trío,149
holographis cuicatlanensis,342
hombre caimán,202
hombre chancho,102
homenaje de la ciudad de santiago a gabriela mistral,110000
hopliancistrus tricornis,1110
hoplias aimara,103
hoplias auri,519
hoplias curupira,8460
hoppo!,505000
hora oficial de chile,113
horacio peterson,419000
horacio saavedra,143
horacio salinas,3210000
horacio serrano,3100000
horchata de arroz,11100000
horchata de morro,319000
hormiga chicatana,58300
hornado,3350000
hornopirén,281000
hot dog de sonora,121
hoverdenia speciosa,723
how do you do (canción de shakira),127000000
howenh,17400
hoz de minamá,3350
huacareta,98
huachi-torito,23800
huaco retrato moche,17400
huacrapuco,64
huaino,81500
hualpencillo,65000
huamarí,10700
huara,126
huarache (calzado),769000
huarache (comida),1940000
huarache toluqueño,9710
huarjata,11100
huarás,84800
huaso (caballo),171000
huatape,121
huatia,102000
huaxmole,43100
huaycoches,7290
huayculi,22400
huayna potosí,421000
huayna wila,115
huberopappus maigualidae,0
huechuraba (comuna),121
huelga de dolores,4180000
huelga de el teniente,493000
huella (danza),14000000
huenchula,10100
huenchur,57
huevo chimbo,631000
huevos a la mexicana,124
huevos a la rabona,25600
huevos al albañil,123
huevos divorciados,933000
huevos motuleños,460000
huevos rancheros,7170000
huey atlixcáyotl,18000
hugo candelario,805000
hugo correa,18400000
hugo covarrubias,1330000
hugo cuello,130
hugo domínguez,88
hugo díaz (músico),1300000
hugo eduardo herrera,127
hugo fattoruso,189
hugo goldsack blanco,6820
hugo gunckel,9960
hugo leiva,2830000
hugo marín,31400000
hugo medina (actor),135
hugo miller,60400000
hugo montes,15100000
hugo monzón cardozo,54
hugo moraga,96
hugo nantes,115
hugo pereira rifo,93000
hugo pirovich,1920
hugo pozo,8760000
hugo roncal,113000
hugo san martín,75500000
hugo silva endeiza,3370
huipil,227
huipil oaxaqueño,121000
huiringua,457
humberto duvauchelle,10400
humberto díaz casanueva,80000
humberto fuenzalida villegas,47300
humberto gatica,114
humberto maturana,145
humberto párraga chirveches,1910
humedal bahía curaco de vélez,2470
humedal campiche,2800
humedal costero carrizal bajo,6370
humedal costero de totoral,4750
humedal de cartagena,705000
humedal de la desembocadura del río limarí,5270
humedal de pichicuy,6940
humedal de reloca,2360
humedal desembocadura del río itata,3640
humedal moncul,2400
humedal ojos de mar,122
humedal río maipo,172000
humedal salinas de pullally y dunas de longotoma,119
humedal tubul-raqui,166
humedales de la cuenca de chepu,2200
humedales de putú-huenchullami,1240
humedales de tongoy,30100
huracán beta,2200000
huracán bonnie (2022),164
huracán césar–douglas,120000
huracán félix,5300000
huracán hattie-simone,2950
huracán iota,242000
huracán joan-miriam,145
huáscar aparicio,31900
huéhuetl,129
huéhuetl de malinalco,3920
huépil,63400
hyalinobatrachium aureoguttatum,4870
hyalinobatrachium chirripoi,3200
hyalinobatrachium colymbiphyllum,3970
hyalinobatrachium fleischmanni,204
hyalinobatrachium valerioi,180
hydrangea serratifolia,17200
hydrochoerus isthmius,17200
hydrolaetare,25200
hydrolaetare schmidti,2880
hydrolycus tatauaia,2940
hylephila phyleus,36900
hylocharis humboldtii,1770
hylopezus auricularis,12900
hylopezus whittakeri,1550
hylophilus brunneiceps,110
hyloscirtus chlorosteus,683
hyloscirtus japreria,540
hyloscirtus larinopygion,4060
hyloscirtus lascinius,519
hyloscirtus lindae,176
hyloscirtus lynchi,4320
hyloscirtus pantostictus,1530
hyloscirtus psarolaimus,97
hyloscirtus sarampiona,598
hyloscirtus simmonsi,832
hyloscirtus torrenticola,138
hyloxalus edwardsi,2020
hyloxalus ruizi,2580
hyloxalus subpunctatus,1350
hymenocallis cordifolia,10600
hymenocallis harrisiana,77
hymenocallis littoralis,124
hypancistrus inspector,103
hypancistrus zebra,195
hyperplatys ushveridzei,417
hyphessobrycon compressus,3010
hyphessobrycon ecuadoriensis,1630
hyphessobrycon ocasoensis,703
hyphessobrycon oritoensis,652
hyphessobrycon stramineus,3290
hypocnemis hypoxantha,10200
hypocnemis ochrogyna,1960
hypocnemoides maculicauda,6400
hypolobocera gorgonensis,10
hypoptopoma gulare,5830
hypoptopoma joberti,455
hypoptopoma psilogaster,1930
hypoptopoma steindachneri,2660
hypoptopoma thoracatum,79
hyporhicnoda litomorpha,566
hyporhicnoda metae,847
hypostomus carinatus,2500
hypostomus unicolor,4990
hypostomus varimaculosus,1150
hypostomus virescens,4050
hypsiboas balzani,816
hypsiboas fasciatus,6490
hypsiboas picturatus,5120
hypsolebias adornatus,670
hypsolebias brunoi,1210
hypsolebias igneus,5920
hyser betancourt,1900
héctor aguilar (actor),3380000
héctor armando garcía castroman,17900
héctor ayala,6440000
héctor borda,1870000
héctor croxatto,84
héctor de benedictis,37300
héctor duvauchelle,7910
héctor gaete feres,88
héctor gonzález valenzuela,8130000
héctor hernández montecinos,186000
héctor morales (actor),6130000
héctor noguera,1300000
héctor pavez,361000
héctor pumarino soto,28600
héctor ríos henríquez,1660000
héctor velis-meza,19300
hígado encebollado,1540000
i festival de cine urbano de peñalolén,5390
i.a. 36 cóndor,11100000
i.ae. 23,1070000000
i.ae. 24 calquín,172
i.ae. 25 mañque,69400000
i.ae. 30 ñancú,29800
i.ae. 33 pulqui ii,197
i.ae. 34 clen antú,54
i.ae. 35 huanquero,178
i.ae. 37,1090000000
i.ae. 38 naranjero,148
i.ae. 41 urubú,231000
ia-50 guaraní ii,3300000
ia-63 pampa,4970000
iauareté,603000
ibibobo,74
ibicella parodii,46
icalma,378000
ichapekene piesta,201
ida barringtoniae,647
ida esbra,2480
iglesia de la merced (antigua guatemala),1100000
iglesia de piedra,131
iglesia de san agustín (popayán),293000
iglesia de san francisco (ciudad de guatemala),13900000
iglesia de san francisco (popayán),413000
iglesia de san josé (popayán),786000
iglesia de santo domingo (ciudad de guatemala),12100000
iglesia de santo domingo (popayán),456000
iglesia del carmen (popayán),95
iglesia escuela de cristo,38400000
iglesia la recolección,4920000
ignacia allamand,122000
ignacio agüero,2020000
ignacio anaya garcía,117
ignacio arnold,49
ignacio domeyko,260000
ignacio garmendia,1090000
ignacio juricic merillán,1510
ignacio peralta soledad,1280000
ignacio susperreguy,5700
ignacio verdugo cavada,21000
ignaz hochhäusler,756
ikakogi tayrona,57
ilama (fruta),73000
ilda cádiz ávila,59
ilex guayusa,208000
illampu,267000
illapel,146
illapu,383000
illimani (banda),412000
ilonka csillag,57
imbunche,119
imelda guillermina barnett díaz,6170
impa tu-sa,623000
imparfinis nemacheir,856
imperial ruso,6260000
in lieblicher bläue / en el amable azul - conversaciones con miguel eyquem,55
inca kola,3770000
incaparina,192000
incendio de viña del mar de 2022,420000
incendio forestal en biobío de 2012,21500
incendio forestal en la araucanía de 2012,174
incendios forestales en bolivia de 2024,1180000
incendios forestales en brasil de 2020,1070000
incendios forestales en chile de 2017,1260000
incendios forestales en chile de 2019,1700000
incendios forestales en chile de 2021,554000
incendios forestales en chile de 2023,190
incendios forestales en chile de 2025,5690000
incendios forestales en colombia de 2024,3120000
incilius coniferus,3410
incrustado de la plata,5790000
independencia comunal (chile),5130000
indigofera suffruticosa,110000
indio bamba,381000
indio pícaro,233000
indo-pacífico,121
indumentaria del pueblo mexica,40200
indumentaria en la nueva españa,103
industrias pampero,185000
inestable,12800000
inevitable (canción de shakira),157
inga colimana,37000
inga palla,303000
inga paterno,59
ingrid aceitón,8860
ingrid fugellie,1810
ingrid isensee,45900
ingrid wildi merino,132
inia boliviensis,27000
inia geoffrensis geoffrensis,124
iniciativa yasuní-itt,41600
inmaculada concepción,13600000
inmaculada concepción de popayán,91700
instituto forestal de chile,5120000
instituto geográfico agustín codazzi,804000
instrumentos musicales de méxico,21300000
instrumentos musicales folclóricos de honduras,13500
intendente (plato),527000
inti (drag queen),359000
inti briones,74
inti raymi,3710000
inti-illimani (r),120
inti-illimani histórico,287000
inti-illimani interpreta a víctor jara,232000
inundaciones de la paz de 2002,1980000
inventario de cuencas de chile,510000
inventario nacional de acuíferos de chile,74
inventario público de glaciares de chile 2022,14000
inventario público de lagos de chile,63
inés córdova,3020000
inés frey,52
inés garcía de durán,54
inés laredo,1100000
inés paulino,2210000
inés puyó,335000
inírida,142
iocenes acanthifolius,814
ipomoea ampullacea,2050
ipomoea arborescens,224000
ipomoea cairica,111000
ipomoea capillacea,5710
ipomoea cardiophylla,6560
ipomoea clavata,18500
ipomoea crinicalyx,1480
ipomoea cuprinacoma,379
ipomoea decasperma,978
ipomoea decemcornuta,606
ipomoea dumosa,8390
ipomoea fissifolia,64700
ipomoea gloverae,820
ipomoea hastigera,1520
ipomoea lambii,1580
ipomoea leucantha,27900
ipomoea lindenii,8480
ipomoea lottiae,479
ipomoea mairetii,1450
ipomoea minutiflora,29100
ipomoea muricata,160
ipomoea neurocephala,714
ipomoea nil,420000
ipomoea oocarpa,3750
ipomoea orizabensis,4770
ipomoea parasitica,26100
ipomoea pedicellaris,12700
ipomoea pseudoracemosa,757
ipomoea pubescens,148
ipomoea punticulata,819
ipomoea purga,21700
ipomoea robinsonii,5350
ipomoea rzedowskii,8910
ipomoea seducta,1220
ipomoea setosa,32700
ipomoea simulans,36700
ipomoea spectata,747
ipomoea suaveolens,55200
ipomoea suffulta,3700
ipomoea ternifolia,20300
ipomoea trifida,199000
ipomoea wolcottiana,4290
iquique,17500000
irene bustamante,2970000
irene domínguez,9430000
irene ferreira,11300000
iresine angustifolia,16100
iris kiya,60
irma poma canchumani,54
isaac villanueva,5610000
isabel adams,66
isabel allende,13100000
isabel fernández ibarra,3230000
isabel mesa de inchauste,3670
isabel morel,45
isabel parra,132
isabel viviani,43
isabel y ángel parra,3970000
isabella cascarano,10900
isabella rodríguez,15400000
isabella santiago,28800000
isaura dinator,9680
isaías cabezón,65
isbel parra,40500
ischaemum minus,24200
ischnoptera apolinari,352
ischnoptera colombiae,1360
ischnoptera implicata,371
ischnoptera linguiforma,312
ischnoptera panamae,1600
ishtar yasin gutiérrez,79
isidora aguirre,811000
isidora stevenson,234000
isidora zegers montenegro,6260
isinuta,73
isla ají,108
isla cachagua,416000
isla campana (bolivia),7960000
isla de maipo,5530000
isla de panza,1170000
isla de providencia,13900000
isla de san andrés (colombia),17300000
isla del bananal,63700
isla friendship,28000000
isla fuerte,110000000
isla gorgona,171
isla huapi,175
isla isabella,219000000
isla lagartija,729000
isla lemuy,137000
isla london,49100000
isla salas y gómez,4390000
isla san josé (colombia),17200000
isla santa maría (antofagasta),130
isla teja,3160000
isla tenglo,92000
isla tortuguilla,16200
islands (canción de the xx),162
islas de chile,116000000
isleria hauxwelli,120
islote lobería,26800
islote águila,548000
isluga (localidad),8660
ismael oddó arrarás,691
ismael oddó méndez,17200
ismael parraguez,57900
ismelys velásquez,7000
ismene longipetala,55
iso 3166-2:bo,31600
iso 3166-2:cl,21600
iso 3166-2:co,104000
isochilus chiriquensis,1040
isochilus latibracteatus,4920
isocoma menziesii,183
isocoma pluriflora,2020
isocoma tenuisecta,2560
isolda pradel,5920
isolina barraza,35700
ispi frito,12700
istete,68400
istmo de ofqui,4920
it's a spongebob christmas!,115
itaimbeguasu,1650
italo martínez,5350000
itsö,6580
ivanna vale,3930000
ivia,1710000
ivirgarzama,389000
ivo (bolivia),7980000
ivo kukoc becerra,2470
ivonne coñuecar,6710
ivonne guzmán,1850000
iván aguilar murguía,134000
iván arenas,4380000
iván cabrera,6800000
iván monalisa ojeda,30400
iván navarro (artista),1520000
iván nogales,64
iván patricio mena,667000
iván poduje,269000
iván prado sejas,48500
iván valenzuela,4350000
iván y sus bam band,37200
iván álvarez de araya,501000
iñapari,347000
j balvin,28100000
j balvin mix tape,1080000
j. cruz,754000000
jaborosa integrifolia,91
jacaranda arborea,51200
jacha tata danzanti,3040
jacinto chacón,63
jacinto piedra,4990000
jack ceitelis,186
jack white,138
jackeline rodríguez,35400000
jacqueline balcells,95
jacqueline mouesca,15500
jade (banda),34700000
jaguar negro de garganta blanca,80
jaime antúnez aldunate,110000
jaime artus,77
jaime atria,438000
jaime azócar,193000
jaime bendersky smuclir,541
jaime celedón,326000
jaime collyer,163000
jaime córdova,73
jaime de aguirre,12000000
jaime eyzaguirre,565000
jaime giordano,851000
jaime gómez rogers,1100000
jaime lizama,1310000
jaime llano gonzález,2280000
jaime lorca,2730000
jaime mcmanus,1040000
jaime nisttahuz,2950
jaime omeñaca (actor),120
jaime quezada,93
jaime roos,1530000
jaime silva,41900000
jaime soto león,8990000
jaime vadell,228000
jaime vivanco,1240000
jaime vásquez (músico),365000
jalea (gastronomía),1380000
jama (deidad),34400
jambaló,115000
james tahhan,63600
jamming festival,9010000
jamoncillo,200000
jamón del país,29300000
janet toro,5650000
janine leal,104
jano jara,204000
jarana huasteca,124
jarana jarocha,49000
jarana yucateca,209000
jardín botánico chagual,10100
jardín botánico de la universidad austral de chile,107000
jardín botánico de la universidad de talca,160
jardín botánico de orquídeas moxviquil,120
jardín botánico faustino miranda,27700
jardín botánico nacional de viña del mar,355000
jardín etnobotánico comunitario ecosur,136
jardín florido,193
jaripeo (deporte),1460000
jarritos,208
jasmin pinto,6220000
jasy jateré,200
jatun wila kkollu,8130
javicho soria,82
javier baldassare,53400
javier del granado,1550000
javier ocampo lópez,4230000
javier pantaleón,0
javier parrado,361000
javiera contador,805000
javiera hausdorf,3650
javiera osorio,607000
javiera ovalle,61
javiera pavez,68
javvi elias,25800
jawita,18600
jazmín durán,83
jean franko,3050000
jean philippe cretton,587000
jeannette pualuan,88
jeannette rodríguez,1770000
jeannine gonzáles,77
jenaro abasolo,8310
jenaro gajardo vera,117
jenaro prieto,372000
jennifer díaz,22200000
jennifer ramírez rivero,72
jenny cárdenas,95
jenny serrano,11600000
jeno's pizza (colombia),19000
jericalla,117000
jericaya,24100
jerónimo de vivar,77
jerónimo gil,3990000
jerónimo lagos lisboa,677000
jessi uribe,8910000
jessica chopitea,8580
jessica duarte,17500000
jessica jordan,208000000
jesuita (postre),95
jesús cosialls,21900
jesús durán bejarano,38
jesús inostroza,5280000
jesús urbano rojas,74
jet (chocolatina),216
jeudiel condado,671
jhonny rivera,9310000
jichi,638000
jimador,1760000
jimena araya,784000
jimena luz silva segovia,171000
jimmy fernández,83
jimmy frazier,6470000
jirón 7 de junio,388000
jisk'a anata,91000
joakín bello,15100000
joan jara,3410000
joan macdonald,121
joaquín aguirre lavayén,90
joaquín barañao,117
joaquín cifuentes sepúlveda,46
joaquín díaz garcés,70
joaquín edwards,16200000
joaquín lópez antay,120
joaquín pibernat,8500
joaquín toesca,116000
joaquín zamacois,43300
jobo,192
jocelyn aracena,27900
jochen kummerow,7460
jocoque,475000
jocón (platillo típico de guatemala),9200
johana clavel,211000
johanna rezzio,2430
joloches,3210
jordi castell,2690000
jorge abbondanza,66
jorge arecheta,119
jorge arriagada,1240000
jorge baradit,105000
jorge batica,12200
jorge boudon,212000
jorge cafrune,368000
jorge campos (músico),123
jorge celedón,1190000
jorge coulón,118
jorge délano,111000000
jorge díaz (dramaturgo),625000
jorge eduardo (cantante),14300000
jorge edwards,146
jorge farías,7030000
jorge gajardo,877000
jorge garrido (actor),128
jorge gonzález bastías,486000
jorge guerra (actor chileno),1590000
jorge hevia cristino,14300
jorge ibáñez vergara,47
jorge inostrosa cuevas,5340
jorge jobet,23700
jorge lillo,2390000
jorge luis hortúa,39500
jorge lópez sotomayor,72
jorge mercado pino,5810000
jorge millas,9500000
jorge montenegro (escritor),986000
jorge müller silva,11500000
jorge olguín (director),3080000
jorge ortiz sánchez,32100000
jorge pedreros,132
jorge peña hen,136
jorge ragal galdames,1440
jorge reyes (actor),17600000
jorge rivera parga,152000
jorge rojas astorga,1110000
jorge rojas zegers,155000
jorge sanjinés,187000
jorge sasia forés,1210
jorge siles salinas,517000
jorge teillier,186000
jorge torres ulloa,49
jorge urrutia blondel,12200
jorge velasco,21900000
jorge velosa,654000
jorge venegas (cantautor),95
jorge wilmot,72
jorge yacoman,2370
jorge zambra,66
jose (álbum),451000000
josefa barraza,133
josefa turina,16200
josefa wallace,324000
josefina albarracín,56
josefina fernández,6830000
josefina filomeno de salcedo,29200
josefina fontecilla,12600
josefina guilisasti,108
joseline tapia,51
josep collell,122000
jossie nikita,21300
josué smith solar,104
josué villaé,12700
josé aguirre de achá,817000
josé antonio arze,268000
josé antonio pérez garcía,90500000
josé antonio soffia,195000
josé barros,54200000
josé benítez sánchez,14400000
josé betinotti,12100
josé bohr,93
josé casals,2880000
josé caviedes,328000
josé de campderrós,22200
josé echeverría,103
josé edgar lora gumiel,3620
josé feher,1690000
josé garcía antonio,218000000
josé goles,24800000
josé hipólito salas,2020000
josé ignacio de sanjinés,94800
josé ignacio rodríguez,38000000
josé ignacio valenzuela,5430000
josé joaquín vallejo,85
josé llambías,42
josé luis castiñeira de dios,184000
josé luis cea,4140000
josé luis coo,5790000
josé luis flores letelier,483000
josé luis roca garcía,22000000
josé luis rodríguez alconedo,11500
josé luis rosasco,33000
josé luis torres leiva,3860000
josé luque medina,3060000
josé martínez (actor),26100000
josé miguel camus,2530000
josé miguel de la cerda merino,499000
josé miguel ibáñez langlois,134000
josé miguel varas,7400000
josé miguel vicuña,70
josé miguel villouta,140
josé palma eskenazi,12100
josé perfecto de salas,109
josé ricardo morales,33100000
josé rosendo gutiérrez,58
josé santos gonzález vera,8690000
josé seves,1150000
josé toribio medina,130
josé vicente asuar,109
josé victorino lastarria,196000
josé zapiola cortés,55200
josé ángel cuevas,14600000
jota loyola crovetto,1480
jota pe hernández,451000
joya (refresco),160
joyce prado,4810000
joyería de bolivia,199
joyonaqué,3250
juan alcayaga (actor),136
juan alfonso carrizo,974000
juan amenábar,79
juan antonio labra,125
juan antonio sánchez,95900000
juan armesto,810000
juan azúa,4650000
juan brüggen messtorff,609
juan cameron,76
juan carlos aduviri,176000
juan carlos aranda,12000000
juan carlos bistoto,1910
juan carlos coronel,34800000
juan carlos croharé,4150
juan carlos garcía (actor venezolano),57400000
juan carlos gedda,41700
juan carlos lazzarino,43600
juan carlos maldonado (actor chileno),144
juan carlos pallarols,121
juan carlos rodríguez clavijo,978000
juan carlos soto marín (lutier),72700
juan carlos valdivia (presentador de televisión),68
juan casanova vicuña,490000
juan claudio burgos droguett,72000
juan claudio lechín,12300
juan coderch,249000
juan corales,2540000
juan cristóbal romero,14000000
juan de dios rivera túpac,485000
juan de recacoechea,66
juan de santa cruz pachacuti yamqui salcamaygua,6240
juan del granado,69
juan domingo marinello,59
juan downey,118
juan draghi lucero,22000
juan díaz fleming,5050000
juan emar,441000
juan enrique lira,11200000
juan falcón,11000000
juan falú,349000
juan farfán,4370000
juan francisco gonzález,127
juan garcía ro,13500000
juan garland,70
juan gonzalo matta,255000
juan guillermo ríos ide,118000
juan guzmán cruchaga,34300
juan huallparrimachi,18800
juan ignacio baixas,206000
juan ignacio molina,124
juan ignacio sabatini,436000
juan javier del granado,75
juan josé cabezudo,716000
juan josé garcía (payador),34300
juan josé gurruchaga,393000
juan latrónico,107000
juan lorenzo elgueta pacheco,44100
juan luis espejo,30600000
juan luis martínez,110000000
juan lémann,67
juan madera (compositor),162
juan maestro,165000000
juan marino cabello,12100000
juan martínez gutiérrez,62300000
juan modesto castro,4490000
juan orrego salas,87
juan pablo bastidas,1830000
juan pablo izquierdo,15200000
juan pablo langlois,97
juan pablo luna,74400000
juan pablo meneses,122
juan pablo mohr,997000
juan pablo ogalde,46400
juan pablo piñeiro,116
juan pablo roncone,13600
juan pablo sutherland,1780000
juan parrochia,37400
juan pedro sorribes,74600
juan piña,45700000
juan pérez berrocal,43
juan quezada celado,6930
juan quintero (músico argentino),402000
juan radrigán,54600
juan rafael allende,7160000
juan rivera garcía,61700000
juan tejeda,6730000
juan uribe echevarría,188000
juan valdez,39100000
juan álvarez-durán,21000000
juana gómez,22800000
juana marta rodas,726000
juana muller,1660000
juancho torres,106
juane,1130000
juanes,8510000
juanfernandezia,151000000
juania australis,150
juanita parra,1810000
juanjo domínguez,631000
juany rojas,189000
jubaea chilensis,88400
jucca,640000
jucho,111
judith castillo,14400000
juego de los diablitos de boruca,13800
juegos del océano pacífico,3120000
jueves santo,133000000
juga,4270
juglans neotropica,197
juglans olanchana,149
jugo de caña de azúcar,11800000
jugo de piña,198
juguete tradicional mexicano,12500000
julbock,134
julia antivilo,86
julia gonzález,86
julia isídrez,4430
julia toro,116
julia urquidi illanes,112
julia vargas-weise,162000
julian andretti,154000
juliana barrientos,7050000
julien,123000000
julieta paredes,7940000
julieta zurita cavero,11400
julio barragán,6740000
julio barrenechea,95
julio césar paredes,47200000
julio césar serrano,7250000
julio díaz,138
julio escámez,177000
julio fossa calderón,55
julio jung,21500000
julio jung duvauchelle,9760
julio lacarra,76
julio lucas jaimes,258000
julio m. fernández,58200000
julio numhauser,19700
julio philippi izquierdo,44
julio pincheira,48
julio pérez canto,8410000
julio retamal favereau,64
julio rojas gutiérrez,12900000
julio saavedra molina,3410000
julio silva lazo,3290000
julio sosa (bailarín),191000
julio vicuña cifuentes,383000
julio zegers (compositor),6670
julio zegers samaniego,3330
julián ratti,98
jumil,151
juniperus angosturana,71
juniperus flaccida,79
juniperus monticola,58100
juniperus zanonii,3290
junta permanente pro semana santa de popayán,47000
juntas de san antonio,80
jura de la constitución,1870000
juradó,74
juriques,90
justicia californica,37200
justin page,101
justo juez de la noche,120
jute de papa,3640000
k'acha viuda,1300
k'allu,197
k'aux,239000
kaani,1460000
kahlúa,217
kak ik,22900000
kaluyo vallegrandino,3680
kam lu wantán,122
kantus,209000
karaxú,83
karen soto,129
karina velásquez,1370000
karine amaya,280000
karla melo,9060000
karol g,132000000
karol lucero,2580000
karol scott,21500000
karto,59
kasani,648000
kassandra romanini,16300
kasubiguasagua,246
katherina harder,206000
katherine david,113
katia escalera,75
katie james,124
katriel hidalgo,39
katty fontey,818
kau pora,101
kauaha,8450
kay army (caballo),198
keho,3120000
keiko abe,106
keko yoma,68
keme,3740000
kerly ruiz,308000
ketru metawe,1340
khaya anthotheca,37500
khespy,4770
kike riascos,69
kimberly dos ramos,9120000
kitag (instrumento),1120
kivevé,101
kjaras,122
klaudia kemper,82
klaus schnellenkamp,54
klaus von hohenfriedeberg,1000
klovis herboso,121
knodus caquetae,102
knodus longus,765
knodus mizquae,555
knodus shinahota,799
koanophyllon albicaulis,2560
kobal,98
koke santa ana,351000
koki ruiz,305000
kokoriko,429000
kola escocesa,48100
kola inglesa,341000
kola real,55200000
korina rivadeneira,129
koserevá,75
krascheninnikovia lanata,13500
kren,6360000
krisis,29900000
krist naranjo,30000
krunodiplophyllum,725
kuchen,45800000
kullawada,206000
kurutati,37600
kusillo,93500
kuyén,140
kwányip,60
káchabuké,10
kénos,122
kóoch,352000
l festival internacional de la cultura de boyacá 2023,113
la banda de nayo,801000
la batuta,5090000
la bicicleta,260000000
la biela,25900000
la bruja de oro,31300000
la catrina,21000000
la chatona,120
la cocina de don pedrito,2090000
la cocina en bolivia (recetario),48400000
la condená,212000
la cueva (bar-teatro),2860000
la cumbre (la paz),22800000
la cumbre del rock chileno,382000
la dama tapada,116
la dolorosa (popayán),96600
la familia (álbum),369000000
la familia blanco,808000000
la fiesta del girasol,28300000
la forestal (crónica cantada),12200
la frontera (chile),155
la fuerte,440000000
la gota fría,16100000
la gran muñeca,199000000
la gran noche de la corazón,314000000
la grandiosa bertita,3130
la guadalupe (guainía),99
la guaneña,79900
la huayca,111000
la ibérica,127
la la la (canción de naughty boy),2250000
la ley (banda),158
la ley y la trampa,24200000
la libertadora (canción),86
la lucha,215000000
la luz mandarina,13000000
la lópez pereyra,7150000
la madre maría,119
la mancarita,3870
la mano ajena,17200000
la martona,103
la matinée,33200000
la misma gente (orquesta colombiana),16100000
la morena,249000000
la morisma de guadalupe,116
la mula herrada,37400
la oma,282000000
la pedrera (amazonas),92
la pollera colorá,128
la pozze latina,90100
la puerta falsa,35200000
la puerto rico,112
la quintrala,141000
la rosa náutica,5910000
la rue morgue,3590000
la salamanca,69800000
la sonora de tommy rey,1280000
la sonora dinamita,118
la tablita del tártaro,279000
la tierra del olvido (canción),158
la tigrada,66500
la tortura,121
la tía núñez,77
la victoria (apure),124
la viudita (leyenda boliviana),123
la yein fonda,15700
lachesis stenophrys,197
lachnanthes caroliniana,9040
lady tacos de canasta,107
laelia anceps,129000
laelia autumnalis,208
laelia furfuracea,69
laelia speciosa,201
lafken mapu,69600
laftrache,12200
lagarteada,89
lagenaria siceraria,385000
lagidium viscacia cuscus,816
lago ballivián,160
lago caburgua,525000
lago calafquén,178000
lago cecs,56
lago chapo,635000
lago chungará,121000
lago huishue,139
lago llanquihue,1900000
lago maihue,161000
lago neltume,281000
lago panguipulli,1320000
lago pellaifa,109000
lago pirihueico,124000
lago pullinque,13200
lago puyehue,902000
lago ranco,2470000
lago ranco (comuna),793000
lago reñihué,195000
lago riñihue,196000
lago rucatayo,5610
lago rupanco,267000
lago tagua tagua,899000
lago tauca,8780
lago uru uru,163
lagos de tarapoto,169
lagostomus maximus,37600
lagothrix lagotricha,43700
lagua de choclo,122
laguna aracar,62
laguna blanca (bolivia-chile),15800000
laguna blanca (chile-perú),101
laguna carén,50700
laguna chaxa,144
laguna colorada,2690000
laguna concepción,15100000
laguna conchalí,139
laguna de aculeo,219000
laguna de la cocha,1080000
laguna del inca,140
laguna del negro francisco,14100000
laguna el peral,1110000
laguna grande (san pedro de la paz),14000000
laguna isireri,117
laguna mandioré,74
laguna parinacota (bolivia-perú),191000
laguna petrel,109
laguna santa rosa,142
laguna suches,75
laguna verde (nariño),1170000
laguna verde (potosí),3910000
laguna verde (ubalá),99
lagunas de colores,11000000
lagunas de epulafquen,6920
laila havilio,865
laimosemion altivelis,901
laimosemion corpulentus,648
laimosemion rectocaudatus,672
lalo homer,207000
lalo maura,99600
lalo parra,1300000
lampreado,94900
lampropeltis micropholis,5190
lance dos ramos,6760000
langosta (insecto),141
laniifera cyclades,362
lapageria rosea,58800
laping,691000
lapislázuli,1500000
lapsus (banda),496000
laraquete,132
lardizabala,27500
lariat,37700000
larrea ameghinoi,124
larrea nitida,12700
larus atlanticus,28300
las bordadoras de isla negra,207
las caracolito,102
las condes,22500000
las hermanas loyola,2090000
las mujeres ya no lloran world tour,1840000
las once,1910000000
las tortilleras,230000
las yeguas del apocalipsis,66100
lasiurus castaneus,8020
lastesis,1800000
lasthenia kunthii,830
latrodectus quartus,997
latua pubiflora,3650
laudo arbitral español,1770000
laura campaz,32700
laura gonçalves,19300000
laura rodig,84700
laura tobón,118
laureano ladrón de guevara,64
laureano rojas,77
laurolitsina,534
lautaro garcía,5270000
lautaro murúa,70200
lautaro parra,88
lautaro yankas,4160
layqa qullu,85
lea kleiner,7690000
leche de coco,109000000
leche nevada,11100000
lechona,126
leckott zamora,54
lecointea amazonica,2880
legarda (cantante),164
legrandia concinna,139
legua york,614000
lejos de tu amor,135000000
lele pons,138
lencho salazar,92200
lengua a la vinagreta,797000
leni alexander,5310000
lenka nemer,132000
leo lobos,73
leo tavella,242000
leocadia cruz gómez,341000
leon schidlowsky,7600
leona (instrumento),1670000
leonardo carrero,59
leonardo medel,474000
leonardo sanhueza,75
leonel fransezze,608000
leonor gonzález mina,134
leopardus geoffroyi,80700
leopoldo castedo,54500
leopoldo lópez escobar,2080000
lepanthes acuminata,9220
lepanthes avis,1890
lepanthes excedens,521
lepanthes guatemalensis,6780
lepanthes pantomima,313
lepanthes papillipetala,468
lepanthes scopula,110
lepanthopsis floripecten,1360
lepidoblepharis nukak,538
lepidophyllum cupressiforme,66
lepidosiren paradoxa,31100
lepidothrix iris,134
lepidothrix nattereri,10200
lepidothrix vilasboasi,1980
leporinus affinis,32200
leporinus friderici,172
leporinus tigrinus,63
leptagoniates pi,1300
leptagoniates steindachneri,1810
lepthoplosternum altamazonicum,617
lepthoplosternum ucamara,568
leptocereus grantianus,1160
leptocometes obscurus,192
leptodactylus discodactylus,3460
leptodactylus hallowelli,334
leptodactylus pentadactylus,21300
leptodactylus rhodomerus,1350
leptodactylus syphax,8440
leptodoras acipenserinus,1200
leptodoras myersi,5480
leptodoras oyakawai,5480
leptostylus dentatus,683
leptotila conoveri,26000
leptotila megalura,137
leptotila pallida,85
leptotila plumbeiceps,85
lepturges auratus,1230
lepturges brechlini,244
lepturidium insulare,512
lesbos in love,17000000
leslie fernández,88
leslie santana,7900000
leucaena cuspidata,16500
leucaena diversifolia,52700
leucaena leucocephala,1040000
leucaena trichandra,3480
leucheria suaveolens,2080
leucostethus brachistriatus,957
leucostethus fraterdanieli,1170
levantón andino,74
ley 46 de 1905 (colombia),56
ley de humedales urbanos (chile),121
ley para el comercio en navidad de 2004,292000
ley sobre bases generales del medio ambiente (chile),21000000
leyenda de la añañuca,16900
leyenda de la nativa mariana,220000
leyenda de licarayén,120
leyenda de los payachatas,98
leyendas de costa rica,142
leyendas de guatemala,32000000
leyendas del volcán barva,3000
leyendas mayas,133
leyes (músico),185
león cardona,13900000
león errázuriz,233000
li festival internacional de la cultura de boyacá 2024,34600
li fridman,4250000
li saumet,69600
liborio brieba,2490
libro de cocina de doña josepha de escurrechea,2240
licor de calafate,210
licor de cocuy,98300
licor de oro,21900000
licuado,10900000
licán ray,869000
lidia berroeta,6170
lidia contreras,3300000
lidia gonzález,11100000
lido pimienta,463000
liebig's extract of meat company,77800
ligia petit,494000
lilian elphick,34300
liliana colanzi,81500
liliana epifanio,146000
liliana mabel manzi,32800
lilium pardalinum,18100
lily garafulic,13900
limón de pica,33400000
lina meruane,137
linares cardozo,971000
lindapecten muscosus,1090
lindaura anzoátegui campero,84
linea negra de la sierra nevada de santa marta,151
linnaea floribunda,11400
lino cañipa ferreira,706
lino palacio,6420000
linochilus phylicoides,581
linochilus rosmarinifolius,590
linochilus tenuifolius,577
liometopum apiculatum,88
lipaugus weberi,2440
lipán m3,29200
liquidambar styraciflua,192
liquiñe,184000
lirima,128
lisandro meza,132
liso (medida),49600000
lithodoras dorsalis,75
lithodraba mendocinensis,444
lithraea brasiliensis,107
lithraea caustica,13600
litigio de la puna de atacama,4770
litigio del campo de hielo patagónico sur,124
litsea glaucescens,29000
liturgusa cayennensis,558
livia marín,103
llajtaymanta,387000
llajua,277000
llallauquén,59400
llallauquén (comuna),13600
llamerada,124
llancacura,21900
llano de chajnantor,14000
llano de la paciencia,6350000
llano del maipo,395000
llanos,96
llanos de moxos,121000
llanos del yarí,69
llanura amazónica (colombia),718000
llanura chacopampeana,78
llanura del caribe (colombia),1040000
llanura del pacífico (colombia),107
llapingachos,225000
llaucha,16200
llico (arauco),110
llifén,77800
lliklla,13700
lloicura,4680
llorando se fue,51300000
llorona,9060000
lluhay,7
llunca de gallina,6730
lluvia de peces en yoro,76100
lluvias de copiapó de 1997,27100
lluvias de copiapó de 1999,99
lo barnechea,4660000
lo hecho está hecho,847000000
lo que más (canción de shakira),86900000
loba (canción),15400000
loba (álbum),202
lobelia bridgesii,68
lobelia polyphylla,21100
lobelia tupa,130
lobo núñez,5760000
localidad (colombia),90
localidad poblada (chile),29700000
loceras de pilén,3320
loche de lambayeque,41400
loeselia mexicana,13500
lola (mitología),17200000
lola cueto,575000
lola falcón,7870000
lola kiepja,9850
lollapalooza chile,18000000
loma de bolívar,5330000
loma suárez,4420000
lomatia dentata,6740
lomatia ferruginea,78
lomito,6340000
lomo al trapo,908000
lomo de cerdo,33400000
lonche,119
lonchophylla handleyi,2560
lonchophylla mordax,3470
loncomeo,110
long time,12100000000
longaniza,8510000
longaniza de chile,9250000
lonquén,316000
lophornis verreauxii,12900
lorena lemunguier,1560
lorena villablanca,206000
lorenz young,62
lorenza böttner,8430
lorenzo aillapán,12700
lorenzo mújica,1500000
loreto aravena,584000
loreto lyon,1320000
loreto millalén,7150
lorgio lucía lazo,10500
loricariichthys acutus,5710
los caucanos,110
los hermanos bustos,3370000
los hijos del sol,321000000
los hispanos,10800000
los jaivas,829000
los korys,119
los marginales (banda),12000000
los niños mutantes,122
los olvidados (banda),1810000
los penitentes,776000
lota,227
lotty rosenfeld,134
lou kass,109
loxosceles coquimbo,1700
loza policromada de talagante,103
lubolo,49300
lucas arnau,1800000
lucas bolvarán,6660
lucas braulio areco,96
lucerna (leyenda),333000
luces de la habana,170
lucho argain,466000
lucho córdoba,1730000
lucho gatica,123
lucho navarro,1320000
luciana echeverría,111
luciana jury,632000
luciano (dj),40200000
luciano brancoli,104
luciano cruz-coke,376000
luciano durán böger,7590
luciel izumi,95300
lucihormetica subcincta,162
lucila quiroga,526000
lucio rojas,122
lucrecia undurraga solar,6100
lucy briceño,732000
lucy cominetti,16700
lucybell,127
lucía carvalho,93
lucía ceresani,8780
lucía guerra,68900000
lucía haristoy,5090
lucía mayorga,1760000
ludwig zeller,733000
lugares de memoria y tradiciones vivas de los otomí-chichimecas de tolimán,96
luigi stefano giarda,15200
luis advis,237000
luis aguirre pinto,75
luis alarcón,148
luis alberto acuña gatillon,791
luis alberto latorre,2650000
luis alberto posada,8120000
luis alberto tamayo,4310000
luis amaya,93
luis andaur,200000
luis antonio chivas,16000000
luis arrieta cañas,78
luis bahamonde,953000
luis bernardo oyarzún,117
luis bredow,85900
luis carlos jiménez cortés,11300000
luis carlos meyer,113
luis carrion,8450000
luis ceravolo,84
luis cerda,9710000
luis cornejo,13300000
luis dubó,119
luis durand,11400000
luis enrique galdames,103000
luis enrique lis,3980000
luis enrique martínez argote,519000
luis espinal camps,239000
luis felipe manrique flores,53
luis felipe sauvalle torres,2600
luis fernando rojas,41100000
luis gamarra,101
luis gatica (actor),428000
luis gnecco,670000
luis merino reyes,5000000
luis morató,5390000
luis márquez eyzaguirre,93100
luis oddó osorio,23500
luis orlando lagos vásquez,355000
luis orrego luco,85400
luis oyarzún,713000
luis poirot,701000
luis prieto vial,572000
luis ramírez saldarriaga,490000
luis rico,113
luis rivano,98400
luis rodríguez velasco,17400000
luis sepúlveda,9320000
luis sánchez latorre,70
luis uribe (actor chileno),137
luis urrutia o'nell,3040
luis vega (cantante),15200000
luis vergara ahumada,996000
luis vulliamy,47
luisa lynch,1690000
luisa molina,117
luisa rivera,118
luisín landáez,6020
luisón,131000
lulada,11000000
lumpiá,9
lundinia plumbea,302
lunita camba,39300
"lunita, dame platita",18500
lupe cajías,87500
lurocalis rufiventris,145
luz dary gómez,106
luz de viana,15300000
luz de yara,206
luz donoso,2570000
luz helena sarmiento,1130000
luz jiménez (actriz),7930000
luz mala,199
luz marina posada,105
luz violeta,196
luzmila carpio,416000
luzuriaga polyphylla,144
luzuriaga radicans,11200
lycaste cruenta,8670
lycium nodosum var. isthmense,350
lycosa erythrognatha,11600
lyctus chilensis,1440
lydia azout,2480
lágrima ríos,887000
límites de la patagonia,102
línea apaporis-tabatinga,2650
línea de la concordia,97
lópez adentro,75
ma'unga terevaka,12100
mabel condemarín,28900
mabel farías,355000
mabí,44100
macarena aguiló,44000
macarena valdés,124
machairoscelis armatipes,283
machas a la parmesana,145000
machito (comida),106
macho camacho (platillo),11900
macho ruso,6420000
machu picchu (cóctel),118
macizo chiquitano,67
macizo colombiano,1360000
macizo de pacuni,834
macizo vinson,9580
macrauchenia patachonica,123
macrina mateo martínez,52200
macroagelaius subalaris,2720
macrocarpaea glabra,1360
macromantis hyalina,2370
macrozona salinera,427
macrozona sur,573000
madre de aguas,582000000
madremonte,136000
madrigal (banda),3740000
maduro lampreado,47000
maea,1220000
maestro de calamarca,34800
maestrola,960000
magali meneses,214000
magaly acevedo,1020000
magda arguedas villanueva,16500
magdalena cajías,22200
magdalena gutiérrez,19700000
magdalena krebs,66
magdalena medio,59000000
magdalena merbilháa,23300
magdalena mira,30700000
magdalena müller,11300000
magdalena petit,90
magela baudoin,16100
magia (álbum de maluma),969000
magia (álbum),72400000
magisterio de castro,2630000
magnolia dealbata,181000
magnolia espinalii,688
magnolia pacifica,982000
magnolia polyhypsophylla,77
magnolia yarumalense,1400
mago larraín,105
magín díaz,303000
mahfúd massís,82
maicillo (bocadillo),78
maicolpue,63200
maite alberdi,133
maite orsini,170
maito,108
maité allamand,11500
majadito,298000
majado (plato),1120000
majado de verde,123
majarete,253000
majarisco,111
majuga frita,488
makeur siau,93700
maki acevichado,318000
malacoptila rufa,29100
malacoscylus auricomus,218
malacothrix californica,16800
malacothrix coulteri,3340
malaimagen,124
malalcahuello,148
malambo (danza),497000
malaquías concha,62600
malaya frita,77300
malea pilosa,1840
malecón (cóctel),611000
malecón de buenaventura,105
malecón tarapacá,40700
malicho vaca,71
malkinola insulanus,327
malloco,416000
mallín,182000
malthonea albomaculata,235
malthonea mimula,219
malucha pinto,34800
malucha solari,155
malvastrum bicuspidatum,1500
malú urriola,104
mama negra,220000000
mamachos,2040
mamajuana,1010000
mamerto sánchez cárdenas,52
mamita adela,117000
mammillaria albicans albicans,14400
mammillaria albicoma,49300
mammillaria albiflora,55900
mammillaria albilanata,14500
mammillaria backebergiana,27800
mammillaria bocensis,81
mammillaria bombycina,205
mammillaria brachytrichion,1450
mammillaria brandegeei,128
mammillaria chionocephala,6380
mammillaria coahuilensis,5450
mammillaria compressa,44900
mammillaria crinita subsp. painteri,175
mammillaria crocidata,888
mammillaria decipiens,19500
mammillaria deherdtiana,4580
mammillaria densispina,8470
mammillaria discolor,98
mammillaria dixanthocentron,8210
mammillaria duoformis,2570
mammillaria duwei,11900
mammillaria elongata,190000
mammillaria eriacantha,86
mammillaria flavicentra,77
mammillaria geminispina,128
mammillaria gigantea,62800
mammillaria glochidiata,3940
mammillaria guerreronis,3170
mammillaria guillauminiana,2520
mammillaria haageana,14100
mammillaria hahniana,99500
mammillaria hernandezii,14900
mammillaria herrerae,168
mammillaria heyderi,15400
mammillaria huitzilopochtli,7820
mammillaria jaliscana,6730
mammillaria karwinskiana,16700
mammillaria klissingiana,3630
mammillaria lasiacantha,14800
mammillaria lindsayi,11200
mammillaria luethyi,102
mammillaria marcosii,3020
mammillaria microhelia,9890
mammillaria moelleriana,2880
mammillaria muehlenpfordtii,5650
mammillaria mystax,161
mammillaria napina,8850
mammillaria orcuttii,66
mammillaria oteroi,8390
mammillaria peninsularis,4300
mammillaria pennispinosa,5090
mammillaria pilispina,154000
mammillaria plumosa,140
mammillaria polyedra,3080
mammillaria polythele,214
mammillaria polythele subsp. obconella,167
mammillaria prolifera,95500
mammillaria sanchez-mejoradae,6500
mammillaria schiedeana,42100
mammillaria solisioides,86
mammillaria spinosissima,230000
mammillaria standleyi,119
mammillaria stella-de-tacubaya,3130
mammillaria supertexta,5810
mammillaria uncinata,7390
mammillaria weingartiana,2150
mammillaria zephyranthoides,3200
mammilloydia,26600
manaos (bebida),259000
manchamanteles,84900
mandao,494000
mandinga (mitología),6520
mandioca frita,123
mandoca,80500
mandolino,1750000
manea,5240000
mango ataúlfo,204000
mangora apaporis,247
manguaré,35200
mangú,557000
manilkara zapota,358000
manitas de cerdo encurtidas,84500
manjar blanco,214
manolo guardia,2100000
manos de cerdo,39300000
manos del uruguay,72400000
manta de castilla,4430000
manta de huaso,152000
mantarraya (vehículo),466000
mantecol,1060000
manuel andros flores,106000
manuel antonio matta,101
manuel astica,64
manuel atria,315000
manuel basualto,67200
manuel berón,61
manuel concha,19200000
manuel de jesús subirana,296000
manuel de salas,54500000
manuel domínguez cerda,2000000
manuel eduardo hübner,333000
manuel francisco mesa seco,134
manuel gallegos,14200000
manuel gómez carrillo,12200000
manuel huerta (músico),631000
manuel jacques,24700000
manuel josé tovar,60
manuel magallanes moure,41700
manuel manquilef,78
manuel maría caballero,19900000
manuel montt lehuedé,88
manuel pailós,40000
manuel robles gutiérrez,8060000
manuel rojas (escritor),5200000
manuel seoane salazar,174000
manuel silva acevedo,103
manuel sosa (actor),2620000
manuel vargas,131
manuel veas,5770000
manuel zapata olivella,138
manuela cecilia lino bello,51
manuela infante,2840000
manzanilla (hierba medicinal),2070000
maná (dulce),5920000
mapajo (bolivia),26800
mapalé,199
mapas provinciales atlas centenario,149
mapero,51900
mar de bellingshausen,90
mar de la zona austral,7490000
mar de weddell,133
mar del sur,143
mar presencial de chile,128
mar territorial de colombia,30100000
mara rita,89
mara sedini,825000
maracas,206
marahuacaea,28100
maratón guadalupe reinas,249000
maratón guadalupe-reyes,399000
marbete shcp para bebidas alcohólicas,2010
marcela correa,9190000
marcela paz,33600000
marcela serrano,8060000
marcela trujillo,8660000
marcela tórrez sahonero,4640
marcelo alonso,17700000
marcelo castañón,57
marcelo coulón,2360
marcelo leonart,88
marcelo lillo,1030000
marcelo mellado,724000
marcelo miraglia,366000
marcelo montecino,322000
marcelo quiroga santa cruz,1990000
marcelo romo,2080000
marcelo simón,105
marcelo terceros banzer,48600
marcelo trivelli,81700
marcelo valdivieso,443000
marcelo villena alvarado,594000
marchigüe (comuna),441000
marcia orell,15600
marcia scantlebury,38000
marcial tagle,562000
marco antonio de la parra,136
marco bechis,115
marco enríquez-ominami,1
marco evaristti,19000
marco quelca,83
marco silva james,16800000
marcos chamúdez,824
marcos malavia,727000
marcos quiroga,5230000
margarita (cóctel),11900000
margarita aguirre,78
margarita caballero,11500000
margarita chocobar,59200
margarita escobar,8740000
margarita holguín caro,58
margarita pisano,544000
margaritolobium luteum,294
margot loyola,930000
marguerite rostan,24000
marguerite-jeanne jacob de bazin,360000
maria callcott,61
marialy rivas,42400
mariam habach,140
mariana alandia,17900
mariana callejas,124
mariana cox méndez,1140000
mariana di girolamo,1120000
mariana garcía,55700000
mariana massiel,571000
mariana matthews,4930000
marianela gonzález,1570000
mariano baptista gumucio,22900
mariano delledonne,832000
mariano latorre,2330000
mariano rawicz,9800
maricarmen arrigorriaga,122
marihueñu,84
marilyn bronfman,36300
marimba,37100000
marimba de arco,2520000
marimbol,24000
marina arrate,179000
mario baeza gajardo,202000
mario banic,54500
mario barrientos,8330000
mario conde (artista),2270000
mario contreras sotomayor,965000
mario gareña,122
mario horton,4880000
mario héctor ricardi salinas,2810000
mario lecaros,285000
mario lorca,5120000
mario miranda pacheco,7310000
mario molina quiroga,1200000
mario montilles,5810
mario olguín,1340000
mario rojas,57200000
mario silva ossa,833000
mario toral,1700000
mario vargas rodríguez,24900000
mario vernal,295000
mariposas (canción de shakira),11300000
mariscal (comida),9760000
maritza wilde,148000
mariángel villasmil,25700
marjorie agosín,36900
marjorie de sousa,2590000
marjorie magri,124
marko torres,7600000
marko zaror,119
marla freire,483000
marlen olivari,193000
marmosops fuscatus,5590
marmosops handleyi,2110
maroa (venezuela),241000
marolio,156
maroyu,570000
marquesitas,1460000
marquesote,125
marqués de cuevas,5100000
marraqueta,132
marta blanco,116
marta carrasco bertrand,502000
marta colvin,593000
marta cuevas,8170000
marta harnecker,122000
marta jara,22000000
marta lucía calvache,88300
marta salgado,9490000
marta vergara,8010000
martes de tacos,26400000
martha cajías,49
martha combariza,13400
martha de los ríos,8020000
martha gularte,117
martina barros borgoño,5170
martina garcía cruz,79
martini rossi,11800000
martín andrade,14300000
martín castillo,116
martín de aranda valdivia,275000
martín erazo,1740000
martín pérez ibarra,8350000
martín rodríguez (director de cine),32700000
maruja herrera,705000
mary rogers,168000000
mary therese kalin,83
maría antonieta garcía meza,919000
maría asunción requena,81
maría berrío,925000
maría carolina geel,93900
maría cristina menares,137000
maría cristina montes,73
maría cristina trigo,61
maría daniela velasco,82
maría de baratta,1470000
maría de encío,638000
maría de la cruz bayá,43
maría de la luz uribe,11500000
maría del pilar pérez (asesina),143000
maría dolores muñoz,14100000
maría elena gertner,90
maría elena swett,187000
maría elvira escallón,15000
maría elvira piwonka,3730
maría esperanza reyes,30000000
maría esther ballivián,24900
maría eugenia oyarzún,110000
maría eugenia rencoret,33000
maría eugenia silva,125
maría eugenia terrazas,446000
maría fernanda bertero,63400
maría flora yáñez,1400000
maría fuentealba,64
maría gabriela huidobro,587000
maría gracia subercaseaux,32200
maría guadalupe gutiérrez,21000000
maría inés naveillán,3850
maría isabel lópez (arquitecta),13600000
maría isabel tenhamm,4400
maría isabel tuca garcía,113000
maría josé ferrada,594000
maría josé galleguillos,74
maría josé magán,467000
maría josé navia,3360000
maría josé quiroz,6500000
maría josé weigel,118
maría juana (grupo boliviano),7340000
maría la negra,293000000
maría larraín de vicuña,1130000
maría luisa bermúdez,77
maría luisa bombal,147
maría luisa fernández,97
maría luisa isella,31200
maría luisa sepúlveda,3080000
maría luisa vial cox,160000
maría martner,46100
maría mayela padilla monge,102000
maría mercedes vial,3390000
maría milagros véliz,80
maría mohor,219000
maría monvel,39600
maría olga piria,18600
maría olivia mönckeberg,132
maría paz gonzález,112
maría paz rodríguez,89400000
maría pfaetterer-hellstern,108
maría renée carmona,79
maría silva ossa,1380000
maría teresa browne,2810000
maría teresa hincapié,1510000
maría teresa sada de cantú,71
maría tupper,10300000
maría urzúa,1180000
maría valencia,122
maría virginia estenssoro,15300
masa martajada,175
masacalla,13700
masaco,412000
masacre a comunidades matsés de 1964 (perú),581
masato,9000000
masdevallia barlaeana,1310
masdevallia coccinea,43200
masdevallia constricta,3550
masdevallia davisii,2030
masdevallia floribunda,184
masdevallia rolfeana,3320
masdevallia tovarensis,115
masdevallia tubuliflora,584
masdevallia uniflora,174
massini,1520000
mata o te rapa nui,264000
matamba,119
matambre a la leche,127
mataniño (gastronomía salvadoreña),2430
mate burilado,38500
mate con malicia,139
mate dulce,207
matilde casazola,47700
matilde ladrón de guevara,100000
matilde pérez,5210000
matilde urrutia,949000
matorral de cactáceas de cuba,81
matudaea trinervia,117
matudanthus nanus,716
matutatas,211
matías assler,16400
matías bize,115000
matías lira,859000
matías novoa,1050000
matías oviedo,1980000
matías rafide,6080
matías vega rojas,2020000
matófono,934
maule (comuna),8430000
maullín,140
mauque,58
mauricio & palo de agua,196
mauricio amster,105
mauricio basualto,131
mauricio correa,162
mauricio daza,2020000
mauricio durán,136
mauricio hofmann,681000
mauricio inzunza,429000
mauricio jürgensen,67100
mauricio lópez fernández,10500000
mauricio martínez zambrano,4520000
mauricio nader,927000
mauricio pešutić,2010
mauricio redolés,42600
mauricio rosenmann taub,4570
mauricio semelman,690
mauricio souza crespo,711000
mauricio wacquez,105
mauro núñez,117
max berrú,116
max corvalán,497000
max efrain pérez,1230000
max jara,9200000
max westenhöfer,60
maxillaria cucullata,10600
maxillaria desvauxiana,1250
maxillaria variabilis,28600
maximiliano alejandro soto mayorga,139000
maximiliano siñani,62400
maxtlatl,97
mayas (banda),67100000
mayte rodríguez,2210000
maytenus matudae,1310
maytenus pittieriana,264
mayu,31200000
mayáhuel,142
mazama bricenii,137
mazama chunyi,3280
mazama tienhoveni,227
mazama zetta,856
mazamorra de cochino,16000
mazamorra morada,1230000
mazapán,4030000
mazapán (grupo musical),479000
mazapán de la rosa,4000000
mazurca,345000
maíz criollo,205
maíz de jala,1140000
maíz lluteño,142
maíz morado,16200000
maíz nal tel,67
maíz nal tel de altura,55
maíz verde de oaxaca,112
mañihuales,102000
mbeyú,34800
mc browen,25200
me enamoré,9620000
me gusta (canción de shakira y anuel aa),3050000
mecapaqueña,2220
mecaphesa sjostedti,308
mecánica popular (banda),138
mediabanda,69900
medicine,1220000000
mediterraneidad de bolivia,26700
megacyllene abnormis,448
megacyllene castroi,445
megacyllene horioni,346
megacyllene rotundicollis,824
megacyllene rufofemorata,101
megacyllene tafivallensis,445
megacyllene trifasciata,3580
megaleporinus trifasciatus,6820
megascops centralis,7610
megascops gilesi,157
megascops koepckeae,7230
megasequía en chile,183
megasoma joergenseni joergenseni,3040
megastictus margaritatus,7950
megavirus chilensis,4540
mejorana (instrumento musical),29900
melania lynch,45
melanis electron,49800
melanorivulus crixas,638
melanorivulus dapazi,838
melanorivulus decoratus,143
melanorivulus egens,55
melanorivulus illuminatus,597
melanorivulus javahe,561
melanorivulus karaja,728
melanorivulus kayabi,773
melanorivulus kayapo,1020
melanorivulus modestus,6010
melanorivulus paracatuensis,429
melanorivulus paresi,5280
melanorivulus parnaibensis,47
melanorivulus pictus,7770
melanorivulus pinima,54
melanorivulus rossoi,74
melanorivulus rubromarginatus,406
melanorivulus rutilicaudus,77
melanorivulus salmonicaudus,445
melanorivulus scalaris,5300
melanorivulus violaceus,5040
melanorivulus vittatus,5110
melanorivulus zygonectes,997
melchor josé ramos,2010000
melchor pinto,122
melchor pérez de holguín,102000
melcocha,441000
meli witran mapu,105
melipeuco,471000
melissa aldana,1890000
melloleitaoina,21900
melocactus harlowii,1910
melochia arenosa,3840
melochia manducata,822
melón con vino,123
memela,833000
memorándum bákula,30
menonvillea scapigera,1040
mensaje de navidad de su majestad (reino unido),430000
mentzelia aspera,135
mentzelia hirsutissima,4520
menyul,11100
mercado de artesanías el parián,35000
mercado del puerto,250000000
mercedes belzu,14500
mercedes marín del solar,908000
mercedes valdivieso,174
merecumbé,130000
merengón,126000
merganetta armata colombiana,3370
meriania nobilis,8530
meridiano 180,2060000
merkén,222
mermelada de yatay,146
mesa de los santos,89900000
mesagrion leucorrhinum,773
meseta de ancomarca,1600
meseta de caparú,2440
mesoclemmys gibba,14900
metagyndes laeviscutata,99
metalurgia tradicional en méxico,241000
metasarcus armatipalpus,122
metasarcus bolivianus,101
metastevia hintonii,297
metate,890000
metharme lanata,1130
metynnis argenteus,16400
mexicoa ghiesbreghtiana,5440
mexipedium xerophyticum,11900
mextlapique,5730
mezcal,21700000
mi corrientes porá,58900000
michelada,5460000
michell stella,1080000
michelle taurel,58
michmole,2570
michín,1540000
mico argentatus,21100
mico melanurus,15300
mico rondoni,149
micomalo,76
miconia cundinamarcencis,954
miconia curvitheca,351
miconia squamulosa,160
micrastur buckleyi,12600
micrastur mintoni,170
micrastur plumbeus,22500
microbates cinereiventris,13800
microcavia niata,134
microcycas calocoma,10500
microepidendrum subulatifolium,10
microglanis zonatus,1100
microkayla adenopleura,301
microkayla kempffi,320
microkayla pinguis,280
microsciurus flaviventer,3260
micrurus clarki,8470
micrurus diana,96
micrurus dissoleucus,2930
micrurus medemi,2440
micrurus mipartitus,15000
micrurus narduccii,1860
miel de avispa,1570000
miel de palma,22100000
miel de ulmo,129000
migas,15500000
miguel augusto rodríguez,10500000
miguel castillo didier,1540000
miguel de loyola,10100000
miguel frank,80500000
miguel laborde,722000
miguel letelier,723000
miguel littin,110000
miguel luis amunátegui,121
miguel rojas mix,85
miguel rubio feliz,39900000
miguel salguero,3180000
miguel serrano fernández,18100000
miguel ángel gaitán,988000
miguel ángel tovar,3490000
miguelito (humorista),113000
miguitas norteñas,100
mike mercedes,80000000
mike wilson,429000000
mila oyarzún,23100
milanesa napolitana,8430000
milarupu,1110
milcao,74500
milena santander león,73
milena torres,13300000
milita alfaro,175000
milkaut,148
millalobo,25300
millarca valenzuela,95
milloquín,10
milonga-candombe,319000
milt holland,66
milton cortez,5680000
milton llanos,707000
mimon cozumelae,5180
mimon crenulatum,6300
mimosa bahamensis,12700
mina invierno,14800000
minerva ayón,296000
minería del litio en chile,129
miniaturas olmecas,149000
ministerio de minería (chile),8200000
ministerio del medio ambiente (chile),36000000
minka,14800000
minuto de dios,139
miqueliopuntia miquelii,128
mirela mendoza,511000
mirella gilbert,296000
mireya lafuente,47200
mireya larenas,19800
mireya véliz,43000
mirobisium minore,327
misa criolla,1310000
misa de gallo,6270000
misachico,48
misael correa pastene,6830
misiones en la amazonía de ecuador,531000
misión del nahuel huapi,94
miss beni 2016,6800000
miss beni 2017,1110000
miss bolivia,102000000
miss bolivia 2016,30100000
miss bolivia 2017,30500000
miss bolivia 2018,34100000
miss bolivia 2020,169
miss bolivia 2023,73500000
miss bolivia mundo,57100000
miss bolivia mundo 2016,2590000
miss grand bolivia,36500000
miss santa cruz 2015,24900000
miss santa cruz 2016,28500000
miss santa cruz 2018,165
miss santa cruz 2019,36500000
miss santa cruz 2020,179
miss santa cruz 2023,180
missa sine nomine (schidlowsky),980
misumenops anachoretus,499
misumenops carneus,384
misumenops lacticeps,379
misumenops octoguttatus,371
misumenops roseofuscus,428
misumenops schiapelliae,355
misumenops varius,5180
mito de la ayuda inglesa,4250000
mitología chilena,1110000
mitología chilota,24100
mitología guaraní,387000
mitología guatusa,2690
mitología jama coaque,121
mitología lenca,82
mitología muisca,35200
mitología pech,107000
mitología talamanqueña,1950
mitología tolupan,5940
mitos y leyendas cundiboyacenses,7200
mitrephanes phaeocercus,152
mitu salvini,62
mitu tomentosum,4910
mitu tuberosum,14900
mixiote,306000
mnasitheus chrysophrys,567
moceño,5350
mocha dick,5250000
mochila arhuaca,96300
modesta sanginés uriarte,2150
moema hellneri,586
moenkhausia chrysargyrea,1280
moenkhausia collettii,3500
moenkhausia dorsinuda,508
moenkhausia orteguasae,582
mogo mogo,10300000
mogolla,188000
mohán,123
mojana (mito),11100
mojarra asada,1250000
mojito (comida),11700000
mojo (salsa),201
mojojoy,70000
mojón con cara,123
mole,123000000
mole almendrado,201
mole blanco,197
mole de caderas,126
mole de olla,16300000
mole poblano,133
mole prieto,123
mole rosa,103000000
mole verde,120000000
moles oaxaqueños,72600
moleto,145000
molinillo (utensilio de cocina),123000
molino de nixtamal,684000
molleja,1630000
mollete,862000
mollete (cocina mexicana),129
mollete melenero,60
molossus ater,16100
molote,143
molothrus armenti,66
mon laferte,15800000
mona (leyenda),13000000
monasa nigrifrons,18000
mondongo chuquisaqueño,57500
mondongo de chivo,373000
mondongo paisa,468000
mondonguito a la italiana,124
monja del vaso,170
monserrat prats,98
montanoa ovalifolia,2260
montañas de fe,334000000
monte aymond (chile),29700
monte burney,613000
monte de la soledad,15000000
monte san valentín,22100000
monterrico,2940000
montes de oca (guajira),49300
monteverdia ilicifolia,4920
montserrat martorell,1980000
monumento al mate,6720000
monumento al tamboril,194000
monumento natural alerce costero,10600
monumento natural cinco hermanas,1870000
monumento natural contulmo,11300
monumento natural cueva del milodón,22900
monumento natural dos lagunas,2260000
monumento natural el morado,177
monumento natural laguna de los cisnes,154
monumento natural lahuen ñadi,4500
monumento natural municipal muela del diablo,129
monumento natural pichasca,8200
monumento natural piedra del cocuy,7790
monumento natural quebrada de cardones,11300
monumento natural salar de surire,11200
mood (canción),66400000
morat,9240000
morchella conica,191000
morcipán,22400
morenada,136
morenada (uruguay),168000
morenita del quindío,16100
morgan blanco,46300000
morisqueta,222000
morixe hermanos,36600
mormodes buccinator,1800
mormodes maculata,5600
moro de guandules,247000
moro i (sitio arqueológico),158000
moros y cristianos (gastronomía),729000
morro chache,75
morro de arica,1090000
mortadela,5920000
morus celtidifolia,6170
morusa de pallares,130
moscas en la casa,123
mosco (bebida),59000
mostaza (empresa),13000000
mote con huesillos,218000
mote de queso,8990000
mote pata,47800000
mote pillo,272000
mote sucio,350000
moteméi,598
motu iti (isla de pascua),119
motu nui,2790000
motul de san josé,1180000
movilización cafetera en colombia de 2013,20100
muchines de yuca,102000
mucuna (comida),39200
muday,366000
muela del diablo,818000
muelle de las almas,925000
muellera sanctae-marthae,9
muelona,40200
muerte de salvador allende,174
mukbil pollo,5240
mulguraea ligustrina,918
mulguraea tridens,1760
municipio pedro maría ureña,551000
municipios de bolivia,161
municipios de colombia,170
muqui (mitología),126
murga en uruguay,1200000
murga joven,121
museo arquidiocesano de arte religioso de popayán,8100
museo de arte popular americano,6870000
museo de artes e industrias populares,91
museo de geociencias (medellín),118
museo de historia natural e histórico de san antonio,11600000
museo de la vid y el vino,1280000
museo del carnaval (montevideo),663000
museo del pulque y las pulquerías,27100
museo del tequila y el mezcal,672000
museo del vino de mendoza,4350000
museo geológico nacional josé royo y gómez,12100
museo textil de oaxaca,743000
mustela felipei,4850
mut-vitz,24500
mute,249000000
mutisia clematis,5360
mutquín,46500
muyuchi,18700
muñeca quitapenas,199
myiarchus apicalis,12300
myiobius sulphureipygius,11200
myioborus flavivertex,9820
myiopagis parambae,87
myiopsitta luchsi,173
myiornis atricapillus,12600
myiotheretes pernix,130
myiothlypis basilica,1230
myiothlypis chlorophrys,2710
myiothlypis conspicillata,2090
myleus pacu,14800
mylossoma duriventre,133
myocastor perditus,385
myoglanis koepckei,617
myoprocta pratti,6830
myosotis albiflora,101
myotis midastactus,3100
myrceugenia lanceolata,74
myrceugenia ovata,4760
myriam aguirre,84
myriam beach,41
myriam bustos arratia,24900
myriam claros,86
myriam waisberg,5610
myrmecophila tibicinis,16700
myrmelastes humaythae,3200
myrmelastes rufifacies,1590
myrmoborus lugubris,143
myrmoborus melanurus,134
myrmochanes hemileucus,138
myrmothera berlepschi,117
myrmothera subcanescens,1760
myrmotherula ambigua,92
myrmotherula assimilis,18500
myrmotherula cherriei,143
myrmotherula iheringi,4800
myrmotherula klagesi,3660
myrmotherula sclateri,15200
myroxylon balsamum,136000
myrrhinium atropurpureum,4650
myrtillocactus cochal,6450
myrtillocactus schenckii,3050
myscelus epimachia,4970
máchica,54900
más cantores (álbum),155
máscaras mexicanas,4080000
máximo carvajal,5440000
mónica bate,16100000
mónica bengoa,353000
mónica briones,967000
mónica cerda,2990000
mónica drouilly hurtado,2590
mónica echeverría,115
mónica lei,45100000
mónica pasqualotto,22800
mónica patiño,1530000
mónica rina mamani,165000
mónica ríos,8140000
música de bolivia,130000000
música folclórica de chile,9090000
música folclórica de costa rica,154
música litoraleña,64600
música llanera,156
música mapuche,2620000
música surera,47500
música tropical,103000000
nacatamal,121
nachos,60700000
nada (canción de shakira),49600000
nadia granados,1250000
nahemi uequin,5800
nahual,1870000
naiboa,134000
nana gutiérrez,7280000
nancy gewölb,5660
nancy paulsen,2290000
nannoptopoma sternoptychum,93
nantoco,20900
naranpol,8140
narciso desmadryl,3930
narciso garcía barría,44800
nardophyllum bryoides,1860
nardophyllum patagonicum,1450
nariman battikha,42700
nassau (canción),163
nassauvia glomerulosa,2090
nassauvia ulicina,2650
nassella neesiana,167
nastanthus falklandicus,442
natalia berbelagua,5930
natalia castañeda,5310000
natalia contesse,79
natalia cuevas,7360000
natalia palacios,12100000
natalia sayalero,84
natalia simoncini,34200
natalicio del libertador general bernardo o’higgins,12600
natalus brevimanus,4370
nataniel aguirre,121
nataniel cox méndez,72
natascha de cortillas,2090
natasha pons,1070000
nathalia aragonese,11200
nathanael yáñez silva,42900
natilla (colombia),3780000
natillas,3670000
natillas piuranas,1210
nato (dibujante),56300
naturíssimo,31100
naty botero,70500
naum kramarenco,1750
navegado (bebida),135000000
navidad,554000000
navidad en la estación espacial internacional,99
nazareno de achaguas,132
nazareno de san pablo,3870000
nazarenos (parodistas),8000
neacomys vargasllosai,604
necramium gigantophyllum,367
necromys lactens,1200
nectocaecilia petersii,106
neddiel muñoz millalonco,4030
neftalí agrella,2290
neftalí ayungua suárez,731
negacionismo de la dictadura militar en chile,37600
negro matapacos,166000
nehuentúe,72200
nelly alarcón,1520000
nelly lemus,700000
nelly lópez rosse,155000
nelly noller,7910
nelson brodt,222000
nelson muñoz,23300000
nemacaulis denudata,1710
nematobrycon lacortei,167
nematobrycon palmeri,38500
nemesio antúnez,283000
nemesio trejo,229000
neno sand,347000
nené aguirre,5240000
nené lecaros,13900
neoathyreus lanuginosus,470
neoblakea,18300
neocheiridium corticum,481
neoctantes niger,14800
neofolklore,35400
neoharmonia erythroptera,262
neohebestola apicalis,452
neohebestola humeralis,326
neohebestola luchopegnai,448
neohebestola parvula,445
neohebestola petrosa,421
neopelma sulphureiventer,4590
neoraimondia herzogiana,108
nerita fulgurans,125
nerses ounanian,12000
nevado anallajsi,636
nevado cariquima,1930
nevado condoriri,31000
nevado de los piuquenes,9150
nevado de santa isabel,1440000
nevado del huila,610000
nevado ojos del salado,502000
nevado olivares,1390000
nevado pan de azúcar,1010000
nevado quimsachata,5820
nevado sajama,169000
nevado santa vera cruz,514000
nevados de chillán,351000
nevados de payachatas,8640
newen afrobeat,34300
newen tahiel,146
nial gandarilla,3320
nibaldo inestrosa cantín,35
nicanor aranzáes,857
nicanor de la sotta,50
nicanor gonzález méndez,296000
nicanor molinare rencoret,1190
nicasio pajarito gonzález,10
nicasio tangol,3470
niceforonia,23500
niceforonia adenobrachia,112
niceforonia columbiana,695
niceforonia nana,48
nicolasa montt de marambio,39
nicole kramm,136000
nicole l'huillier,711000
nicole natalino,119
nicole rossell,75
nicole senerman,5970
nicolás acuña,5670000
nicolás de la cruz bahamonde,116000
nicolás fontaine,662000
nicolás lasnibat,5390
nicolás lópez,45700000
nicolás oyarzún,508000
nicolás poblete,810000
nicolás pérez (actor),12100000
nicolás saavedra,6530000
nicolás valencia,56700000
nicomedes guzmán,154000
nicotiana attenuata,132000
nicté-ha,96
nicuatole,124
nieve (helado),186
nijolė šivickas,3170
niles atallah,20800
nina frick asenjo,2610
nina uma,219000000
nini flores,11200000
nino garcía,16300000
nino muñoz,63800000
ninoska vásquez,209000
nissim sharim,6580
nissolia gentryi,1440
niurka acevedo,80200
nixtamal,1060000
nixtamalización,119000
niyireth alarcón,7140
niño en cruz,334000000
niño jesús de caigua,25300
niños envueltos (gastronomía),7090000
niños huracanes,184
no (canción de shakira),84800000
no creo,272000000
noche de brujas (banda),7940000
noche de la nostalgia,143
noche de rábanos,1010000
noche que nadie duerme,125
nochebuena,32300000
noel petro,2120000
noelia arias,2750000
noemí mourgues,13000
nolana acuminata,3970
nolana adansonii,1450
nolana albescens,1780
nolana aplocaryoides,66
nolana balsamiflua,619
nolana carnosa,82
nolana coelestis,65
nolana crassulifolia,80
nolana deflexa,752
nolana dianae,1540
nolana divaricata,2960
nolana elegans,8720
nolana filifolia,1640
nolana flaccida,1820
nolana foliosa,81
nolana glauca,3930
nolana incana,3260
nolana intonsa,789
nolana leptophylla,2480
nolana linearifolia,86
nolana lycioides,54
nolana paradoxa,12000
nolana parviflora,3710
nolana peruviana,4610
nolana pterocarpa,664
nolana ramosissima,2770
nolana reichei,1140
nolana rostrata,2120
nolana rupicola,3070
nolana salsoloides,1810
nolana sedifolia,2250
nolana sphaerophylla,468
nolana stenophylla,1460
nolana villosa,3370
nolana werdermannii,933
nolina bigelovii,5850
nolina durangensis,5600
nolina excelsa,124
nolina greenei,1650
nolina humilis,12800
nolina lindheimeriana,56
nolina longifolia,114
nolina nelsonii,140
nona fernández,140
nonnula ruficapilla,34400
norad tracks santa,165
norah zapata prill,3130
norberto gonzalo,1970000
norelys rodríguez,74100
norka paz,359000
norky's,120
norkys batista,464000
norma merlo,1810000
norma ramírez,32900000
norte chico de chile,140
norte grande de chile,225000000
norteño (licor),138
nostromo caburé,221
nostromo yarará,450
nota de könig,1600000
nothocercus nigrocapillus,15100
nothocrax urumutum,177
nothofagus macrocarpa,28900
nothoscordum izaguirreae,215
notnops,19200
nougat,25300000
nucrem,127
nudo de los pastos,576000
nudo de paramillo,35900
nuestra señora de belén de popayán,139000
nuestra señora de la asunción de popayán,108
nuestra señora de la consolación de sumampa,131
nuestra señora de la merced (pintura),171
nuestra señora de la soledad (popayán),39600
nuestra señora de las gracias de torcoroma,21500
nuestra señora de las lajas,685000
nuestra señora de las misericordias,397000
nuestra señora de las misericordias de bolívar,7590
nuestra señora de los dolores de yanaconas,3990
nuestra señora de los remedios de san juan,101
nuestra señora de los scouts,489000
nuestra señora de luján,1640000
nuestra señora del buen aire,89
nuestra señora del rosario (popayán),74
nuestra señora del rosario de la piedra,3000000
nuestra señora santa maría de la purísima concepción del santísimo rosario de arma de rionegro,750
nueva cumbia chilena,14600000
nueva esperanza (bolivia),40600000
nuevo manual del cocinero cubano y español,51900
nuez de castilla,219
nunatak larsen,50
nunataks foca,1850
nuquí,125
nuria schlenker,3980
nury gonzález,603000
nyctibora borellii,219
nyctibora confusa,373
nyctibora intermedia,331
nyctimantis rugiceps,1950
nyctiphrynus rosenbergi,2440
nymphargus armatus,813
nymphargus balionotus,1240
nymphargus chami,84
nymphargus cristinae,1350
nymphargus griffithsi,1520
nymphargus ignotus,966
nymphargus luminosus,126
nymphargus megacheirus,1100
nymphargus prasinus,572
nymphargus rosada,2590
nyssodrysternum colombianum,482
nystalus obamai,6290
néstor cantillana,130000
néstor garnica,133
néstor olhagaray,59
néstor portocarrero,426000
núñez briceño,83
oa (canción),160
oasis (álbum),73700000
obama nungara,28400
obispo (embutido),93
obregonia denegrii,197
obrium bifasciatum,3130
obrium trilobatum,129
observatorio atacama de la universidad de tokio,124
observatorio vulcanológico de los andes del sur,7190
obtener un sí,566000000
ochagavia litoralis,2980
ocimum campechianum,16000
ocopa,124
octavia (banda),2780000
octavia bernasconi,34400
octavio campero echazú,106
octavo día,125
océano pacífico,145
odocoileus peruvianus,14800
odontonema cuspidatum,98
odontophorus hyperythrus,12700
odontophorus melanonotus,12500
odontophorus stellatus,17700
odontophorus strophium,89
oecomys roberti,12200
oecomys speciosus,2440
oedipina complex,4640
oenocarpus simplex,4590
oficina de mensura de tierras,409000
oficina salitrera chacabuco,21200
ofiolita de taitao,438
oideterus andrarius,421
oideterus latithorax,409
oideterus nigrum,161
oideterus pallidus,146
ojo del inca,132
ojos así,124
ojos azules (canción),26100000
ojos del caburgua,228000
okenia hypogaea,3290
ola de calor en chile de 2017,1120000
ola de calor en chile en 2019,115
old el paso,212
oldfeltia polyphlebia,784
olegario lazo baeza,15700
olga morel,1520000
oligomenthus argentinus,494
oligoryzomys griseolus,788
oligosarcus itau,529
oligosarcus menezesi,6020
oligosarcus schindleri,811
oligosarcus solitarius,1020
olimpo lópez,84
olinalá (artesanía),201
oliver welden,54
olivia pinheiro,3630000
olleta venezolana,18900
olluquito con charqui,38900
olmediella betschleriana,1990
olmué,1730000
olóbasá,1460
omar cáceres,7400000
omar duranboger,674
omar gonzález onostre,922
omar moreno palacios,4390000
omar saavedra santis,62400
omolabus ligulatus,158
oncideres cephalotes,1600
oncideres colombiana,1100
oncideres ulcerosa,471
oncidium cheirophorum,123
oncidium ensatum,2920
oncidium incurvum,153
oncidium leucochilum,9460
oncidium onustum,1880
oncidium sphacelatum,135
oncidium wentworthianum,1900
oncoba laurina,988
oneirodes heteronema,472
onofre jarpa,46900
oophaga histrionica,127
oophaga occultator,123
oophaga sylvatica,30200
opel k-180,47700000
opisthocomus hoazin,227
opuntia aciculata,20400
opuntia caracassana,112
opuntia chiangiana,803
opuntia chlorotica,155
opuntia decumbens,29500
opuntia dejecta,123
opuntia engelmannii,182
opuntia ficus-indica,3630000
opuntia gosseliniana,68600
opuntia leucotricha,33200
opuntia megarrhiza,879
opuntia megasperma,6620
opuntia oricola,3850
opuntia pachyrrhiza,1820
opuntia parviclada,876
opuntia pilifera,10400
opuntia pubescens,78800
opuntia rufida,221
opuntia stenopetala,176
opuntia stricta,192
opuntia tehuacana,15500
opuntia tomentosa,370000
opuntia zamudioi,15200
oración del remanso,129
orel viciani escker,99
oreobates quixensis,3370
oreopanax mutisianus,844
oreste plath,39500
orestias gymnota,498
organización territorial de bolivia,7860000
organización territorial de chile,109
organización territorial de colombia,24500000
oriente boliviano,8430000
orietta escámez,1830
origen de la biodiversidad en la amazonia,2450000
origen de la cueca,898000
origen del topónimo chile,239000
oriol rangel,302000
orites myrtoidea,1570
orlando lübbert,12600
ormosia macrocalyx,163
ormosia oaxacana,3180
oro del rhin café,133000
orogenia famatiniana,2200
orongo,321000
orontes (leyenda),6210
orquesta matecaña,108000
orquesta sinfónica nacional de bolivia,473000
orretherium,107
ortachne,17100
ortalis columbiana,20700
ortalis guttata,43000
orthopsittaca manilatus,28000
orthosphenia mexicana,1750
oryzomys gorgasi,1270
orógeno de terra australis,121
oscaecilia bassleri,131
oscaecilia ochrocephala,142
oscaecilia polyzona,852
oscar alem,2080000
oscar camino,102000000
oscar peñafiel rodriguez,690000
oskar (historietista),23800
osmorhiza berteroi,5310
osmán pérez freire,421000
oso hormiguero gigante arborícola,8930
osobuco,137
osornophryne guacamayo,2560
osornophryne percrassa,1210
ossancora fimbriata,7800
osteocephalus cabrerai,2730
osteoglossum ferreirai,9300
osteospermum muricatum,8020
ostion europeo,96
osvaldo díaz (cantante),154
osvaldo jeldres,26100
osvaldo lagos,2320000
osvaldo lira,2050000
osvaldo sosa cordero,847000
osvaldo torres,11200000
osvaldo ulloa sánchez,838000
osvaldo wegmann,60
otatea glauca,95
otilio castro,600000
otto eugen schulz,1110000
otto zöllner schorr,5840
oudnin el kadhi,450
ourisia alpina,109
ourisia biflora,60
ourisia breviflora,731
ourisia breviflora subsp. breviflora,979
ourisia breviflora subsp. uniflora,765
ourisia chamaedrifolia,1600
ourisia coccinea,123
ourisia coccinea subsp. elegans,760
ourisia cotapatensis,426
ourisia fragrans,1170
ourisia fuegiana,501
ourisia microphylla,2370
ourisia muscosa,1260
ourisia pulchella,724
ourisia pygmaea,2190
ourisia ruellioides,1130
ourisia serpyllifolia,1140
ovahe,38000
oveja chilota,11000
ovidia pillopillo,2260
oxalis enneaphylla,128
oxalis gigantea,290000
oxandra maya,1330
oxelytrum apicale,54
oxyderces viridipes,547
oxymycterus hucucha,136
oxymycterus inca,9070
oxymycterus paramensis,1570
oxyopes salticus,79600
oxyopsis rubicunda,431
oxyphyllum ulicinum,934
oxypogon cyanolaemus,3010
oxypogon guerinii,11600
oxyropsis wrightiana,948
pa pa pa,2790000000
pabellón 83,9550000
pablo ausensi,18700
pablo azócar,592000
pablo cassi,402000
pablo cepeda,8400000
pablo cerda,6720000
pablo de la barra,52800000
pablo díaz (actor chileno),741000
pablo eduardo,113000000
pablo fante,333000
pablo flórez,116
pablo herman herrera,84
pablo herrera (cantante),154
pablo hiriart,362000
pablo huneeus,104
pablo ilabaca,320000
pablo illanes,866000
pablo kast,5050000
pablo krögh,11400
pablo larraín,2130000
pablo lecaros,358000
pablo macaya,123
pablo mackenna,132
pablo nahual,333000
pablo ortúzar,349000
pablo paredes muñoz,7680000
pablo perelman,525000
pablo schwarz,10500000
pablo sciuto,98
pablo stagnaro,46
pablo striano,192000
pablo toro,41300000
pablo vicuña,83
pablo zamora y kurt carrera,384000
pablo ávila guerrero,10
pacha (banda),97
pacha kkollu quimsa misa,291
pachacha,67
pachama,190000
pachay,564000
paches (comida),191
pachi bustos,68
pachica,148000
pachira cubensis,4000
pacho galán,834000
pachola,152000
pachycereus,422000
pachycereus militaris,10100
pachycereus pringlei,208
pachycereus weberi,20000
pachyloides hades,506
pachypops fourcroi,1450
pachypops trifilis,759
pachyurus gabrielensis,791
pachyurus junki,896
pachyurus schomburgkii,1320
pachyurus stewarti,1020
pacto de tregua entre bolivia y chile de 1884,18400
pactos de mayo,45700000
pacumutu,29300
pae- 22365,2970
paepalanthus alpinus,2130
paila marina,130
pailahueque,75800
paisajes de catamarca,1190000
pajarete (bebida jalisciense),1320
pajarito (dulce chileno),198
pala pala,202
paladar (cuba),17700000
palaeolama hoffstetteri,75
palafoxia arida,4340
paleosuchus trigonatus,58600
paliacate,225
palito (danza),10600000
pallar de ica,161000
palma de guano,202
palmar de ocoa,199000
palo a pique,195
palo de letras,126000000
palolo valdés,2620
paloma (cóctel),8720000
palomino (la guajira),682000
palomitas de maíz,17200000
palomo (caballo),1020000
palta meléndez,85500
pambazo,643000
pamela cavieres,42400
pamela jiles,80
pamela pequeño,23900000
pamela villar,106
pampa (canción),9350000
pampa del tamarugal,268000
pampa salitrera,201
pampa tholar de las vicuñas,894
pampaku,97800
pampero (globo),135
pan bazo,112
pan bon,123
pan camaleón,366000
pan chapla,168000
pan con chicharrón,17900000
pan cubano,197
pan de agua,415000000
pan de ambato,13000000
pan de arani,1220000
pan de banana,210
pan de cadeate,156
pan de cazón,125
pan de elote,24300000
pan de fiesta,149000000
pan de jamón,193
pan de laja,3340000
pan de muerto,52100000
pan de mujer,198
pan de papa,319000000
pan de pascua,33900000
pan de queso (venezuela),46600000
pan de sal,434000000
pan de tropa,67
pan dulce,202000000
pan en chile,388000000
pan galo plaza,996000
pan menonita,710000
pan sobao,198
pana pana,127000000
panchuque,26100
pandebono,3920000
pandequeso,46200000
pandero jarocho,88
pandeyuca,5210000
pandolce,130
panela,218
panetone,195
panimávida,185000
panimávida (comuna),127
paniri,86900
pantacantha ameghinoi,662
pantanal boliviano,354000
panteras negras (banda),122
panthera onca arizonensis,12500
panthera onca augusta,15800
panthera onca centralis,9170
panthera onca goldmani,9130
panthera onca hernandesii,219
panthera onca onca,229
panthera onca palustris,214
panthera onca peruviana,13600
panthera onca veraecruscis,1970
pantomallus rugosus,364
pantruca,15700
panucho,848000
paola castillo,34600000
paola lattus,23200
paola senseve tejada,1650
papa chilota,144000
papadzul,34500
papas chorreadas,258000
papas con cuero,23700000
papas mayo,94200000
papas vunas,387
papayera,128000
papel picado,37100000
paphinia rugosa,3980
paphinia seegeri,56
papi juancho tour,118000
papilio astyalus,4010
paposo,135
pappophorum bicolor,75
papá roncón,16500
paractito,11800
parada militar de chile,123
paradura del niño,175000
paramillo de santa rosa,87500
paramillo del quindío,61000
paramillo el cisne,15700
paranisopodus amoenus,99
paranisopodus antonkozlovi,465
paranisopodus genieri,227
parapiptadenia rigida,178
parastagmatoptera flavoguttata,538
parawithius monoplacophorus,8
pardos chicken,968000
parihuela (sopa),199
parinacota (localidad),148
pariolius armillatus,692
parlache,148000
parlamento de tapihue (1825),3810
parlamento rapa nui,31900
parodia aureicentra,2100
parodia nothorauschii,970
parodia tenuicylindrica,2510
parodia werdermanniana,60
parque andino juncal,96400
parque bolívar (tarija),418000
parque brasil (limache),570000
parque caldas,31100000
parque cataluña (rancagua),16100
parque central de miraflores,15100000
parque coyanmahuida,105
parque cretácico,919000
parque de aranjuez (bolivia),241000
parque de la marimba,136
parque de la reserva,174000000
parque de los dinosaurios (sacaba),52800
parque de protección ecológica del río piraí,4200
parque ecológico la periquera,5650
parque ecológico piedras blancas,136
parque ecológico yvaga guazú,108
parque ecoturístico arví,5850
parque educativo jorge alessandri,40800
parque el arenal,10600000
parque etnobotánico omora,5820
parque eólico valle de los vientos,179000
parque goal,13900000
parque katalapi,6500
parque koke,383000
parque mahuida,353000
parque marino francisco coloane,14700
parque monumental bernardo o'higgins,208000
parque municipal y área natural de manejo integrado gran mojos,3070
parque nacional alerce costero,68100
parque nacional bosque fray jorge,780000
parque nacional cabo de hornos,1850000
parque nacional carrasco,5730000
parque nacional corcovado (chile),533000
parque nacional de pacaás nuevos,11600
parque nacional del chicamocha,396000
parque nacional desierto florido,180
parque nacional el palmar,3250000
parque nacional glaciares de santiago,2510000
parque nacional hornopirén,240000
parque nacional iguazú,2990000
parque nacional isla guamblin,137
parque nacional isla magdalena,4730000
parque nacional islas diego ramírez y paso drake,36600
parque nacional laguna san rafael,7670000
parque nacional las palmas de cocalán,4100
parque nacional llica,35100
parque nacional los cardones,183
parque nacional madidi,257000
parque nacional mallasa,31500
parque nacional melimoyu,154
parque nacional natural alto fragua - indi wasi,4880
parque nacional natural amacayacu,25900
parque nacional natural bahía portete - kaurrele,2220
parque nacional natural cahuinarí,5360
parque nacional natural catatumbo barí,6140
parque nacional natural chingaza,231000
parque nacional natural complejo volcánico doña juana - cascabel,5510
parque nacional natural corales de profundidad,437000
parque nacional natural corales del rosario y de san bernardo,153000
parque nacional natural cordillera de los picachos,122
parque nacional natural cueva de los guácharos,19000
parque nacional natural el cocuy,271000
parque nacional natural el tuparro,173
parque nacional natural la paya,301000
parque nacional natural los katíos,165
parque nacional natural macuira,179
parque nacional natural old providence mcbean lagoon,11400
parque nacional natural paramillo,86000
parque nacional natural pisba,25100
parque nacional natural río puré,148
parque nacional natural selva de florencia,634000
parque nacional natural serranía de los churumbelos - auka wasi,2770
parque nacional natural serranía de los yariguíes,8450
parque nacional natural serranía de manacacías,4390
parque nacional natural sierra de chiribiquete,18800
parque nacional natural sumapaz,346000
parque nacional natural tatamá,15000
parque nacional natural tinigua,12800
parque nacional natural uramba bahía málaga,16600
parque nacional natural yaigojé apaporis,152
parque nacional noel kempff mercado,179
parque nacional pali aike,31300
parque nacional pumalín,52800
parque nacional queulat,185
parque nacional radal siete tazas,371000
parque nacional río clarillo,47200
parque nacional sajama,176
parque nacional tunari,178
parque nacional y área natural de manejo integrado aguaragüe,6810
parque nacional y área natural de manejo integrado cotapata,12300
parque nacional y área natural de manejo integrado iñao,4860
parque nacional y área natural de manejo integrado otuquis,161
parque nacional yendegaia,10300
parque natural aguas de ramón,135
parque natural karukinka,11300
parque natural la montaña del oso,5120000
parque natural regional santurbán-arboledas,88
parque natural regional santurbán-salazar de las palmas,2410
parque natural regional sisavita,77
parque natural san carlos de apoquindo,228000
parque natural y área de manejo integrado el cardón,9140
parque oncol,202000
parque pedro del río zañartu,101000
parque pleistocénico de osorno,121
parque provincial aconcagua,768000
parque puente ñilhue,119
parque reducto n.o 2,1130000
parque regional yacuma,108
parque ross,18500000
parque safari,50200000
parque simón bolívar (sucre),140
parque solar azabache,75300
parque tantauco,71300
parque tepuhueico,62400
parque tricao,140
parque urbano natural la ligua,106
parques nacionales naturales,158
parquina,3460
parranda de san pedro,125
parrilla venezolana,24100000
parthenice mollis,1560
paruma,144000
parva (antioquia),88
parvicaecilia nicefori,456
parvicaecilia pricei,493
parís galán,6540000
pasacalle,1890000
pasaje joaquín zenteno anaya,8070
pasankalla,130000
paschalococos disperta,109
paseo de los héroes navales,171000
pasillo (música),41100000
pasión de cristo en iztapalapa,387000
paskalya çöreği,51600
paso cardenal samoré,145000
paso carirriñe,4570
paso chungará-tambo quemado,216
paso colchane-pisiga,30500
paso de agua negra,262000000
paso de pino hachado,113000
paso del indio,59500000
paso del planchón,157000
paso del viento,180000000
paso mackinlay,80
paso pehuenche,450000
paso picton,57
paso pircas negras,15600
paso río don guillermo,11000000
paso salar de ollagüe,80
paso visviri-charaña,1780
paso wakefield,53
paspalum nicorae,2790
passiflora conzattiana,1820
passiflora coriacea,71
passiflora exsudans,1130
passiflora hahnii,93
passiflora karwinskii,6580
passiflora ligularis,200
passiflora mexicana,374000
passiflora pavonis,3960
passiflora pilosa,68500
passiflora serratifolia,121
pastafrola,1720000
pastel azteca,16500000
pastel de hojaldre,8620000
pasteles,67600000
pastelito cubano,864000
pastelitos criollos,330000
patacoré,21700
patagioenas goodsoni,143
patagonia (terrano),51500
patarashca,90000
patas de pollo,52500000
patasca,432000
patasola,173000
patay,8310000
pategrás,111000
pati,113
pati jinich,334000
patia rhetes,473
patitas con maní,4250000
pato pimienta,16100000
patricia carreño,84
patricia ramos,47900000
patricia vargas,128
patricio achurra,103
patricio advis vitaglich,704
patricio escala,6470000
patricio gonzález kuhlmann,8
patricio hales,80
patricio kaulen,9810
patricio navia,126
patricio strahovsky,5110
patrón (tequila),9510000
patsy muñoz,776000
patu digua,5920
paul vásquez,5080000
paula bevilacqua,116
paula de solminihac,42500
paula escobar,140
paula parra,13900000
paula peña hasbún,50000
paula unzueta,318000
paula woyzechowsky,63
paulette favres,57
paulette sève,17900
paulina brugnoli,10600
paulina flores,31600000
paulina garcía,146
paulina vega,16000000
pauline le roy,26800000
pauxi pauxi,110000
pauxi unicornis,7640
pavel oyarzún,26300
paviferias,5000
pavipollo,100
pavo peruano,16100000
pawkar raymi,128
payada,287000
payaso miky,99000
paz molina,44900000
paz nery nava,45
paz quintana,78
paz undurraga,335000
paíto y los gaiteros de punta brava,81
peach & convention,7690000
pebre,125
pecten jacobaeus,34800
pecten maximus,202
pectinidae,254000
pedro alonzo,4300000
pedro antonio gonzález,169000000
pedro beltrán (músico),148
pedro campos di girolamo,399000
pedro chaskel,113
pedro cresta,4130000
pedro godoy perrín,10
pedro humberto allende,1570000
pedro humire,27000
pedro laza,998000
pedro lemebel,284000
pedro lira,19500000
pedro lira urquieta,51700
pedro luna,120
pedro messone,41400
pedro miguel schiaffino,285000
pedro montealegre latorre,8
pedro morales pino,6980000
pedro mortheiru,1840
pedro navia,5620000
pedro nolasco cruz vergara,203000
pedro nolasco préndez murúa,524
pedro olmos muñoz,2360000
pedro orthous,5070
pedro pablo figueroa,9070000
pedro pascal,69000000
pedro peirano,744000
pedro prado,121
pedro sienna,122
pedro subercaseaux,107
pedro villagra (actor),138
pedro yáñez,100
pedropiedra,171000
peggy cordero,843000
peinado de la plata,39300000
pejerrey arrebozado,14500
pejtu de habas,122
pelagornis chilensis,4710
pelanga,74600
peldehue,67
peleco,114000
pelecyphora aselliformis,23700
pelequén,258000
pelequén (comuna),126000
peligro (álbum de shakira),607000
pellizco,2330000
pelluhue,626000
peltophorum dubium,98800
pemehue,73
penco,225
penelope jacquacu,112
penelope obscura,125
penelope perspicax,14800
penelope superciliaris,64200
peniocereus greggii,15000
peniocereus serpentinus,6100
peniocereus zopilotensis,981
penstemon roseus,22400
pentamerista neotropica,475
península de arauco,89500
península de barú,179
península de brunswick,116
península de comau,15000
península de copacabana,603000
península de hualpén,66200
península de lacuy,8900
península de mejillones,717000
península de taitao,130
península de taraco,14500
península de tres montes,3630000
península de tumbes,115000
península hardy,5000000
península muñoz gamero,81
península ushuaia,872000
pepa san martín,1480000
pepe guixé,8260
pepe harold,1620000
pepe núñez,10800000
pepe pelayo,1220000
pepe tapia,3400000
peperomia dolabriformis,11700
peperomia dolabriformis var. lombardii,319
peperomia obtusifolia,143
peperomia pinoi,708
pepeto (méxico),145000
pepino (personaje),8010000
pepita con tasajo,188
pepita de calabaza,3640000
pepito de ternera,202
pepián (guatemala),611000
pepián (perú),120
pepo,9580000
pequeño alpamayo,56300
pequén (comuna),11400000
percnostola arenarum,3830
percy eaglehurst,4400
pereskia guamacho,5730
pericón (danza),200000
perissolestes magdalenae,630
pernett,89
perrosky,111
perú libre (cóctel),18900000
pescadito (comida),470000
pescado en tikin xic,156
pescado pango,112
pesque de quinua,194
peter travesí,95
petilipinnis grunniens,868
petit colón,2920000
petrohué,289000
petrona carrizo de gandulfo,5280
petronymphe decora,510
pets de monja,201
peulla,146
peumus boldus,284000
peña de los parra,126
peña naira,324000
peñafiel (agua mineral),734000
peñalolén,2970000
pfaffia glomerata,165
phaea astatheoides,261
phaea crocata,2760
phaea sondenegro,31200
phaea tomkovichi,428
phaethornis aethopygus,69
phalcoboenus carunculatus,89
phalonidia dysmorphia,143
phalonidia hypagosocia,338
phalonidia introrsa,138
phalonidia laetitia,112
phalonidia ochrimixtana,261
phalonidia submissana,204
phalonidia swammerdamiana,9
phalonidia tarijana,146
phalonidia vorticata,141
phanaeus pyrois,954
phasmomantis championi,703
phibalura boliviana,78
philodendron melanochrysum,579000
phobetron hipparchia,3970
phocides yokhara,597
phoneutria nigriventer,91900
phoradendron californicum,93
phoradendron juniperinum,81
phoradendron villosum,9740
phragmipedium kovachii,40700
phulia nymphula,891
phullu,68600
phycella australis,2690
phycella cyrtanthoides,2350
phycella scarlatina,49
phyla nodiflora,259000
phyllanthus acuminatus,11500
phyllanthus sellowianus,6530
phyllobates aurotaenia,100
phyllobates bicolor,44300
phyllodactylus transversalis,1600
phyllomedusa atelopoides,195000
phyllomedusa bicolor,198000
phyllomedusa camba,3660
phyllomedusa coelestis,63
phyllomedusa perinesos,1410
phyllomedusa tarsius,12600
phyllomedusa tomopterna,25500
phyllomedusa vaillantii,6940
phyllomedusa venusta,7230
phyllovates chlorophaea,2310
phymaturus,30100
physalaemus nattereri,11100
physalis viscosa,140000
phytolacca tetramera,135
piabucina elongata,1040
piano (tambor),22600000
piaractus brachypomus,105000
picada (cocina mexicana),32100000
picada (cocina rioplatense),11600
picadillo a la habanera,122
picana,1050000
picante (guiso),19400000
picante a la tacneña,58000
picante de cuy,195
picante surtido,5430000
picantería,80
picantina,75600
picarón,221000
pichanga (plato),208000
pichi pellahuén,7500
pichidangui,141
pichiguao (comuna),6290
pichina hernández,3410
pichón de cliza,8520
pico cristóbal colón,1330000
pico de gallo,55100000
pico del norte,142000000
picrodendron,35100
pictetia mucronata,753
picumnus albosquamatus,14200
picumnus cinnamomeus,29600
picumnus cirratus,171
picumnus granadensis,22200
picumnus pumilus,5440
picumnus squamulatus,152
picumnus temminckii,40800
piedemonte llanero,144000
piedra (comida mexicana),10700000
piedra clavada,1330000
piedra del cocuy,209000
piedra del águila (chile),2570000
pierella hyalinus,1340
pierfelice ravenna,3540
pierphulia nysias,534
pifilca,22400
pilar domínguez,16200000
pilar donoso,1520000
pilar sordo,124
pilar urrejola,38800
pillanlelbún,113
pillanlelbún (comuna),47300
pilmaiquén (puyehue),19200
pilolcura,40600
pilosocereus alensis,68
pilosocereus chrysacanthus,4120
pilosocereus polygonus,3410
pilosocereus royenii,6680
pilsen rock (uruguay),119
pilsener (el salvador),638000
pilucho,63400
pilén,2010000
pimelodella buckleyi,1660
pimelodella gracilis,8040
pimelodella peruensis,1290
pimelodella serrata,2260
pimienta de tabasco,9380000
pimientos rellenos,13100000
pinchito,88
pincoy,114
pincoya,566000
pinochet boys,683000
pinolillo,190000
pinquillo,30000
pintoa chilensis,2330
pinus arizonica,309000
pinus ayacahuite,38600
pinus caribaea,317000
pinus cembroides,51500
pinus cubensis,82
pinus durangensis,85
pinus hartwegii,56500
pinus lawsonii,5150
pinus maximinoi,30200
pinus montezumae,117
pinus nelsonii,24600
pinus oocarpa,132000
pinus rzedowskii,4930
pinus tecunumanii,24300
pionono,4170000
pionopsitta pileata,157
pionus chalcopterus,203
pionus fuscus,89
pipa parva,46100
pipe bueno,43000000
piper auritum,153000
pipile jacutinga,123
pipián (gastronomía),124
pippenalia,33800
pippo restaurant,863000
piptadenia viridiflora,5090
pique (minería),8300000
pique macho,7850000
piqueteadero,206000
piracaldo,36800
piranga rubriceps,6950
pirata sin cabeza,6580000
pirok,88
piruquina,27500
pirón (comida),56100
pisca andina,200
pisco (aguardiente),215
pisco chileno,217
piscola,1040000
pisiga,288000
pistón (cóctel),328000
pitcairnia altensteinii,1080
piteado,225000
pithecellobium keyense,5610
pithecia hirsuta,8370
pithecia irrorata,140
pithecia milleri,4790
pithecia monachus,28000
pithecia pithecia,224000
pithecia vanzolinii,8960
pithecopus palliatus,1530
pito (alimento),7550000
pitrufquén,879000
pittasoma rufopileatum,2500
piuchén,23900
piznate,1790
pizza a la pala,24800000
pizza de cancha,14000000
pizza de taco,220000000
pizza en argentina,119000000
pizza mexicana,63800000
piñonate,122
placa antártica,148
placa de chiloé,228000
placa de nazca,1370000
placa del altiplano,86
placas de artistas,55400000
placopecten magellanicus,69700
pladaroxylon,31300
plagiolirion horsmannii,438
plagioscion auratus,3110
plagioscion montei,1430
plagioscion squamosissimus,22800
plagioscion surinamensis,49
plan andinia,53700
planta termosolar cerro dominador,138
plataforma continental patagónica,136000
platanitos,3300000
platanus wrightii,25700
platería en el virreinato del perú,90
platería mapuche,141
plato paceño,193
platydoras costatus,16500
platynota meridionalis,3290
platyrinchus platyrhynchos,16500
platysilurus malarmo,929
playa anakena,278000
playa blanca (boyacá),124
playa cavancha,345000
plaza arturo prat,1610000
plaza baquedano,1980000
plaza bolognesi (lima),141
plaza carlos condell,390000
plaza de bolívar (ibagué),129
plaza de los artesanos,13800000
plaza de toros real de san carlos,7260000
plaza del granado,95600000
plaza eleuterio ramírez,720000
plaza grau,33400000
plaza josé francisco vergara (antofagasta),91
plaza sotomayor,4210000
plectrochilus diabolicus,405
pleopeltis pinnatifida,3230
pleurothallis grobyi,130
pleurothallis tubata,1100
pluchea chingoyo,83
plumaria de méxico,5960000
plumbago pulchella,138
plumeria obtusa,143
plumeria rubra,1700000
plácido martín,60
plátano pícaro,44700
plátanos rellenos,11400000
poa ligularis,11700
pocho sosa,97
pocuro,149
podocnemis erythrocephala,7320
podocnemis expansa,116000
poecilia vetiprovidentiae,2620
poecilotriccus capitalis,10600
poem to a horse,76500000
poemarío,26800
pogonotriccus lanyoni,1560
polaskia chende,4700
polca,2510000
polcura,117
poli délano,292000000
polioptila paraensis,1920
polla (bebida),2200000
pollada peruana,117
pollo a la brasa (perú),10100000
pollo al chipotle,45100000
pollo arvejado,116000
pollo borracho,9000000
pollo chijaukai,122
pollo chuco,551000
pollo en cuñete,67
pollo en tlatonile,82
pollona,114
polo de inaccesibilidad del pacífico,10800
polvillo (bebida),430000
polvorosa (galleta),22300
polylepis besseri,89
polylepis pacensis,89
polyrhaphis skillmani,342
polyrrhiza lindenii,18500
pomacea urceus,2570
pomaire,539000
pombero,433000
pompilio ortega,105000
ponche,8200000
ponche crema,8180000
ponche de frutas navideño,124
ponche de iquitos,11600
ponche de los libertadores,29600
poncho,85100000
poncho salteño,98800
ponderaciones,2130000
poospiza garleppi,12900
popo,33100000
poporo quimbaya,214
populus fremontii,95
populus simaroa,1300
porophyllum linaria,91
posta sudada,48900
postre balcarce,126
potamotrygon leopoldi,29900
potamotrygon motoro,194
potamotrygon scobina,161
potamotrygon wallacei,5040
potosí,39600000
poza azul,23800000
pozahuanco,15800
pozole,10500000
pozón del saladillo,25600
precordillera,632000
predios e instalaciones que manejan vida silvestre,123
premio nacional amautas de la artesanía peruana,116
preste (bolivia),766000
"pretty boy, dirty boy",136
"pretty boy, dirty boy world tour",49300000
primolius maracana,36700
pringleochloa,206000
pristella maxillaris,36000
pristimantis acuminatus,172
pristimantis albericoi,509
pristimantis angustilineatus,309
pristimantis bernali,7990
pristimantis bogotensis,3520
pristimantis brevifrons,1770
pristimantis buckleyi,146
pristimantis cacao,3660
pristimantis calcaratus,70
pristimantis capitonis,205
pristimantis carmelitae,6560
pristimantis carranguerorum,1110
pristimantis cruentus,4470
pristimantis cuentasi,4940
pristimantis curtipes,183
pristimantis danae,1970
pristimantis delicatus,961
pristimantis dorado,7470
pristimantis dorsopictus,1030
pristimantis elegans,7720
pristimantis erythropleura,10300
pristimantis factiosus,625
pristimantis fallax,1980
pristimantis fenestratus,167
pristimantis gaigei,2680
pristimantis helvolus,409
pristimantis jaguensis,668
pristimantis latidiscus,172
pristimantis medemi,1670
pristimantis paisa,1380
pristimantis palmeri,2320
pristimantis permixtus,1310
pristimantis piceus,825
pristimantis restrepoi,4730
pristimantis scoloblepharus,878
pristimantis silverstonei,3030
pristimantis siopelus,337
pristimantis spilogaster,734
pristimantis suetus,870
pristimantis supernatis,1140
pristimantis taciturnus,967
pristimantis tamsitti,577
pristimantis tayrona,1270
pristimantis thectopternus,10800
pristimantis uranobates,841
pristimantis veletis,983
pristimantis verecundus,1720
pristimantis viejas,2970
pristimantis viridis,5860
pristimantis xeniolum,499
pristimantis xylochobates,762
pristiño,80
pristobrycon aureus,1080
procesión del pelícano,47500
producción de caña blanca en paraguay,103
producción de árboles de navidad en méxico,130
proechimys gorgonae,614
proechimys magdalenae,943
profiterol,1530000
programa bolsa floresta,144
propuesta de rusia de una tregua de navidad de 2023,24200
prosciutto de capitán pastene,6650
prosopidastrum globosum,2120
prosopis caldenia,20400
prosopis campestris,120
prosopis castellanosii,887
prosopis humilis,34800
prosopis laevigata,99
prosopis pubescens,107
prosthechea citrina,7550
prosthechea lindenii,3240
protocolo de límites de 1893 entre argentina y chile,208000
protographium agesilaus,92
protographium dioxippus,669
protowithius fernandezianus,333
protowithius robustus,500
provincia capitán prat,445000
provincia chiquitos,5320000
provincia de abaroa,201000
provincia de azurduy,441000
provincia de bolívar (bolivia),8840000
provincia de cachapoal,120
provincia de iturralde,657000
provincia de maipo,1400000
provincia de palena,628000
provincia de san felipe de aconcagua,608000
provincia del general bilbao,7030000
provincia fitogeográfica altoandina,3240
provincias cautivas,59
provincias de bolivia,31300000
provincias de chile,123
provoleta,214
proyección (grupo folclórico),118
proyecto de departamentización del gran chaco,1770
prunus buxifolia,34300
prunus mexicana,84
prunus salicifolia,319000
próspero bisquertt prado,1260
psacalium decompositum,4790
psarocolius cassini,105
psectrogaster amazonica,5590
pseudacanthops caelebs,388
pseuderanthemum alatum,4380
pseudoboa neuwiedii,6080
pseudocurimata lineopunctata,54
pseudoglyptodon,2700
pseudognaphalium attenuatum,8100
pseudognaphalium chartaceum,83
pseudognaphalium paramorum,622
pseudogyndes subsimilis,119
pseudoloricaria laeviuscula,1210
pseudomiopteryx infuscata,557
pseudomops brunneri,731
pseudonemacladus,29900
pseudopilanus fernandezianus,409
pseudoplatystoma tigrinum,14700
pseudopogonogaster iguaquensis,487
pseudosmodingium barkleyi,835
pseudosparna antonkozlovi,571
pseudosparna boliviana,419
psittacara mitratus,23700
psophia leucoptera,16700
psychotria boqueronensis,754
psychotria faxlucens,944
pterobunocephalus depressus,893
pterocactus araucanus,1310
pterocactus valentinii,1380
pterocereus gaumeri,124
pteroglossus aracari,256000
pteroglossus erythropygius,107
pteroglossus inscriptus,115
pteroglossus sanguineus,3590
pteronymia medellina,52
pterygoplichthys gibbiceps,35100
pterygoplichthys punctatus,74
pterygoplichthys weberi,9450
puca picante,199
pucacapa,3680
pucará del cerro mauco,3560
pucatrihue,71300
pucatrihuekeche,5040
puchero,3020000
puchuldiza,98
puchuncaví,985000
pucón,3610000
puente grau,172
puente llacolén,21100
puente ñilhue,160
puerco con arroz,16700000
puerto acosta,118
puerto almacén,57700000
puerto almirante martínez,771000
puerto arica (colombia),10400000
puerto ballivián,373000
puerto bolívar (chile),8890000
puerto busch,4890000
puerto colombia (guainía),1620000
puerto de arica (confederación perú-boliviana),71500
puerto de san antonio,407000000
puerto dramaturgia,640000
puerto evo morales,1570000
puerto grappler,279000
puerto heath,5010000
puerto henry,72800000
puerto nariño,15300000
puerto obaldía,171000
puerto pailas,87
puerto piña,36500000
puerto quijarro,483000
puerto río tranquilo,140
puerto santander,106000000
puerto suárez,30500000
puerto villazón,74
puesto de tacos,202
pukarani (la paz),124
pulp (gaseosa),579000
pulpa de tamarindo,7730000
pulpería quilapán,116
pulpo a la campechana,82
pulpo al olivo,982000
pululo,63
pumper nic,180000
puna,376000000
puna andina central,544000
puna de atacama,894000
puna pau,108
punta ardita,72600
punta catalina,139
punta de tralca,138000
punta gallinas,9620000
punta oriental (isla nueva),5330000
punta ragged,230000
punta sur (san andrés y providencia),91
punta toro,31200000
puntas (comida mexicana),11400000
puntería (canción),5830000
punto guanacasteco,110000
punucapa,131
pupusa,2190000
pupusería,484000
puré de achakana,146000
purén,461000
putaendo,548000
putagán,57100
putú,64100
putú (comuna),95
puya berteroniana,27300
puya bicolor,24200
puya vallenata,110000
puyehue (comuna),578000
pygoscelis grandis,142
pyrilia aurantiocephala,132
pyrilia barrabandi,10400
pyrilia pulchra,14000
pyrinia brunneoliva,137
pyrinia charisaria,112
pyrinia praefulvata,278
pyrinia subsanguinea,166
pyrinia vanidosa,135
pyrinia yerma,52
pyrrhopyge hadassa,4200
pyrrhulina laeta,1810
pyrrhulina obermulleri,787
pyrrhulina spilota,2320
pyrrhura lucianii,9170
pyrrhura molinae,212
pyrrhura perlata,25900
pyrrhura roseifrons,15800
pyrrhura subandina,137
pyrrhura viridicata,22700
pyura chilensis,47600
pájaro azul,33400000
páramo de berlín,123
páramo de chili,386000
páramo de cruz verde,124
páramo de frontino,603000
páramo de guacheneque,194
páramo de ocetá,22600
páramo de paja blanca,161
páramo de rechíniga,236
páramo de santa marta,2680000
páscal,3800
pía figueroa edwards,253000
píib,14000
qhonqhota,76
quararibea funebris,159
quebrada altavista,99700
quebrada cabritería,77
quebrada cañada negra,1200000
quebrada de aroma,6440000
quebrada de azapa,30200
quebrada de carcas,7860000
quebrada de chacarilla,80
quebrada de chiza,5890
quebrada de córdova,1140000
quebrada el molino,77
quebrada la aguacatala,20800
quebrada la bermejala,14700
quebrada la herrera,3400000
quebrada la hueso,4380000
quebrada la iguaná,17900
quebrada la jabalcona,10
quebrada la madera,12100000
quebrada la picacha,4050
quebrada la poblada,2550000
quebrada la presidenta,138
quebrada la quintana,295000
quebrada la volcana,5870
quebrada llau llau,6610
quebrada malpaso,27100
quebrada picay,11800
quebrada umo khauo,104
quelentaro,120
quelite,466000
quellón,1020000
quellón (comuna),609000
quema de la candelilla,11100
quema de muñecos de fin de año,546000
quema de toritos,188000
quema del diablo,123
quena,2030000
quena san gregorio,54200
quenacho,355000
queperí,5630
quercus ajoensis,62
quercus canbyi,10400
quercus crassifolia,240000
quercus depressipes,2210
quercus dumosa,149
quercus durifolia,82
quercus emoryi,23800
quercus fusiformis,34100
quercus glabrescens,20600
quercus hintoniorum,63
quercus hirtifolia,6210
quercus hypoleucoides,8100
quercus hypoxantha,6320
quercus kelloggii,49300
quercus laceyi,5930
quercus polymorpha,84300
quercus tardifolia,1250
quercus toumeyi,3780
quercus tuberculata,56
quercus turbinella,24900
quercus vaseyana,63
quercus virginiana,1370000
quercus wislizeni,33900
quercus xalapensis,28300
quesadilla (méxico),126
quesadilla salvadoreña,121
quesillo,5490000
quesillo nicaragüense,796000
quesillo yaguareño,1990
quesintuu y umantuu,1180
quesito,136
queso adobera,151000
queso argentino,36700000
queso asadero,200
queso añejo,200
queso chanco,658000
queso chihuahua,195
queso colonia,216
queso costeño,5450000
queso cotija,211
queso criollo,21700000
queso de año,125000000
queso de cabeza,206
queso de cabra,26900000
queso de cincho,1450000
queso de cuajo,1380000
queso de jenaro herrera,3870
queso de mano,89300000
queso de tafí,207000
queso de tuna,34900000
queso en salsa,124
queso flameado,853000
queso helado,53900000
queso humacha,30100
queso magro,8060000
queso manchego (méxico),1680000
queso oaxaca,33900000
queso paipa,387000
queso panela,39800000
queso paraguay,43500000
queso relleno,66000000
queso turrialba,226
queso y dulce,104000000
quesos de venezuela,145
quexquémitl,15800
quezailica,59500
quidico,97400
quidico (comuna),20900
quijada (percusión),161000
quilapayún,366000
quilicura,5280000
quillaja brasiliensis,115
quilmes (cerveza),1810000
quilpué,153
quinta de tilcoco,507000
quinta vergara,8830000
quintay,451000
quintonil,171000
quiote,261000
quique neira,212000
quiquirimichi,14100
quirquiña (banda),138
quisanche,7390
quispiña,17300
quiteria varas marín,9
quito fest,14100000
qullpa qucha,137
ra beat,526000000
rabin ajaw,124
rabiosa,1420000
radio kaos,13100000
radio nacional folklórica,159
rafael alberto lópez patiño,3640000
rafael ampuero,687000
rafael antognazza,12800
rafael araujo (activista),72500
rafael c. sánchez,75600000
rafael campo miranda,16600000
rafael elizalde,1210000
rafael frontaura de la fuente,45
rafael godoy,10900000
rafael maluenda,271000
rafael mansilla,2040000
rafael rubio barrientos,47
rafaela alimentos,8030000
rafaela rada,742000
rafinesquia neomexicana,6170
raicilla (bebida),207000
raimundo echevarría y larrazábal,15200
rajaleña,26600
rajas con crema,9500000
rallus semiplumbeus,12200
rama (tradición),29100000
ramaria flava,202
rambler (argentina),1240000
ramiro llona,70300
ramphastos brevis,131
ramphastos dicolorus,67800
ramphastos tucanus,142
ramphocaenus sticturus,5890
ramphocelus flammigerus,209
ramón alvarado,11500000
ramón campbell,62
ramón díaz eterovic,136
ramón farías,113
ramón griffero,14800
ramón iriarte,1680000
ramón laval alvial,1550
ramón llao,56100
ramón núñez villarroel,73
ramón quichiyao,60
ramón rocha monroy,617000
ramón silva bahamondes,157000
ramón subercaseaux vicuña,55900
ramón toro gutiérrez,5810000
ramón vergara grez,54200
ramón vinay,388000
ramón yáñez delgado,2260000
ramón ángel jara,3420000
randia capitata,10600
randia lonicerioides,2130
randia pterocarpa,1620
randia vazquezii,828
ranfañote,23800
ranga,23200000
ranitomeya toraro,1260
ranitomeya ventrimaculata,200
rano kau,649000
rano raraku,292000
ranunculus californicus,25600
raoni metuktire,101000
rapel (chile),140
rapicactus zaragosae,652
raquel barros,10700000
raquel eskenazi,23700
raquel jodorowsky,104
raquel muñoz de franco,4050000
raquel olea,990000
raquel romero,23100000
raquel schwartz,65
raquel señoret,6960
raquel yánez,146000
rari,139
rastra,4450000
raudal de maipures,5340
ray sayanta,28600
raymi llacta,123
rayo (álbum de j balvin),200
rayén quitral,10400
razas de maíz en méxico,2770000
raúl acevedo,87
raúl aliaga,1600000
raúl barboza,836000
raúl botelho gosálvez,3760
raúl de ramón,40200000
raúl del valle,21700000
raúl guzman,133
raúl manteola,8060
raúl olivo,1280000
raúl otero reiche,89600
raúl ruiz,33400000
raúl sendra,441000
raúl silva castro,16100000
raúl sohr,332000
raúl ybarnegaray,65
raúl zurita,140
rebeca matte,198
rebozo,225
rebutia fabrisii,193
rebutia marsoneri,10300
rebutia minuscula,20000
rebutia minuscula var. minuscula,5480
recado,144
recado rojo,10500000
recaredo amengual,8130
rechazado de la plata,7350000
recta provincia,81000000
red eclesial panamazónica,24900
red yaguareté,436000
redoba,74
reederochloa,37600
refajo (bebida),43000
refalosa,45400
refres-cola,117
refresco de linaza,195
refresco de mocochinchi,190
refrescos dumbo,140
refuerzo (uruguay),3880000
reggianito,345000
regina royo,198000
reginaldo de lizárraga,27700
regionalización administrativa en colombia,139
regiones de chile,127000000
regiones naturales de chile,34200000
región amazónica (ecuador),141
región andina de bolivia,10700000
región andrés avelino cáceres,250000
región de la mojana,195000
región de la orinoquía (colombia),1230000
región de los llanos de bolivia,99
región del catatumbo,132
región del darién,117
región norte de potosí,17500000
región subandina de bolivia,70400
región vitícola de aconcagua,11000
región vitícola de coquimbo,99
rehundido de la plata,8960
reina hispanoamericana 2022,123
reina hispanoamericana 2023,500000
reina hispanoamericana 2025,745000
reina sudamericana 2006,85
reinado internacional del café,1810000
reinaldo zavarce,87
"reinas del carnaval, llamadas y escuelas de samba",179000
reincorporación de tacna al perú,128000
reinohuelén,18700
reitimiento,12000
"relaciones, aros, bombas",115
reliquia (comida),6320000
reliquia santamarta,122000
relleno negro,172
remanso (bolivia),736000
remigio remedy,43400
renato freyggang,1410
renato munster,281000
renca (chile),4620000
rendez vous estudiantil,24400
rengo,5790000
renzo pecchenino,16000
renán castellón,87400
rené amengual,68500
rené arcos,2710000
rené bascopé,85
rené de la vega,11100000
rené olivares,1800000
rené peri fagerström,5620
rené pinochet,654000
rené schneider arce,301000
repique (tambor),601000
represa de ajuankhota,3160
represa de chacaltaya,11400
represa de condoriri,4690
represa de incachaca,30800
represa de misicuni,125
represa de pampalarama,6500
represa la tuna,379000
repujado de la plata,1060000
repúblicas del pacífico,91300000
requesón,2550000
requinto jarocho,200
reserva aquicuana,1790
reserva biológica de la cordillera de sama,15500
reserva biológica huilo huilo,253000
reserva corazón de la isla,25200000
reserva costa atlántica,107
reserva costera valdiviana,23600
reserva de la biosfera y tierra comunitaria de origen pilón lajas,8520
reserva de ulla-ulla,631000
reserva de vida silvestre ríos blanco y negro,1790000
reserva municipal de inmovilización cordillera de mochara,74
reserva municipal de vida silvestre valle de tucabaca,3390
reserva municipal del norte de tiquipaya,67
reserva nacional alto biobío,114
reserva nacional alto loa,1280000
reserva nacional altos de pemehue,10900
reserva nacional china muerta,1070000
reserva nacional coyhaique,750000
reserva nacional de fauna andina eduardo abaroa,14500
reserva nacional de flora y fauna de tariquía,51400
reserva nacional federico albert,692000
reserva nacional futaleufú,188000
reserva nacional hualalafquén,6740
reserva nacional isla mocha,281000
reserva nacional katalalixar,2140
reserva nacional la chimba,402000
reserva nacional lago carlota,446000
reserva nacional lago cochrane,253000
reserva nacional lago jeinimeni,15900
reserva nacional lago las torres,108
reserva nacional lago palena,55900
reserva nacional lago peñuelas,91200
reserva nacional lago rosselot,110
reserva nacional laguna parrillar,7900
reserva nacional laguna torca,57800
reserva nacional las chinchillas,30300
reserva nacional las guaitecas,16800
reserva nacional las vicuñas,273000
reserva nacional llanquihue,570000
reserva nacional los huemules del niblinto,120
reserva nacional los ruiles,10600
reserva nacional magallanes,130
reserva nacional malalcahuello,151
reserva nacional malleco,123
reserva nacional mocho-choshuenco,67300
reserva nacional nalcas,27800
reserva nacional natural nukak,104
reserva nacional natural puinawai,4840
reserva nacional pampa del tamarugal,18500
reserva nacional ralco,129
reserva nacional roblería del cobre de loncha,78
reserva nacional río blanco,34900000
reserva nacional río de los cipreses,139
reserva nacional río simpson,128
reserva nacional trapananda,4240
reserva nacional ñuble,823000
reserva natural bajo cauca-nechí,78
reserva natural barba azul,122
reserva natural el corbalán,77
reservas de biosfera en bolivia,117000
reservas de biosfera en colombia,132
resguardo indígena de males,333000
resguardo indígena de mayabangloma,2840
resguardo indígena kankuamo,16100
respira bolivia,13600000
restrepia chameleon,2350
retablo ayacuchano,59200
retanilla trinervia,2910
retrato de un ángel,106
reverchonia arenaria,766
revolcado,912000
revolución de mayo,70600000
revuelto gramajo,198000
rey del acebo,1060000
rey refresco,112
reymi ferreira,40900
reynaldo pacheco,2000000
reynaldo peñarrieta,18300
rhadinaea decorata,176
rhaebo andinophrynoides,113
rhaebo atelopoides,1190
rhaebo blombergi,146
rhaebo colomai,9010
rhammatocerus schistocercoides,132
rhea americana,136
rhea americana albescens,16000
rhegmatorhina berlepschi,10200
rhegmatorhina cristata,15800
rhegmatorhina hoffmannsi,7970
rheobates,21100
rhinella acutirostris,3790
rhinella amboroensis,610
rhinella arunco,3930
rhinella atacamensis,103
rhinella ceratophrys,12600
rhinella dapsilis,2100
rhinella festae,7790
rhinella fissipes,1550
rhinella lindae,5840
rhinella macrorhina,365000
rhinella poeppigii,2710
rhinella quechua,2670
rhinella ruizi,1050
rhinella truebae,1010
rhinoclemmys diademata,10600
rhinodoras boehlkei,1570
rhinophylla alethina,54
rhopalochernes foliosus,433
rhopalophora pulverulenta,801
rhus microphylla,77400
rhus muelleri,9280
rhynchocyclus pacificus,3380
rhynchotus maculicollis,14500
rhytiodus argenteofuscus,47
riama striata,2340
ribes cucullatum,4400
ribes integrifolium,8490
ribes magellanicum,17400
ricarda jiménez,461000
ricardo astorga,1880000
ricardo fernández flores,17800000
ricardo garcía (locutor),1340000
ricardo jaimes freyre,143000
ricardo larraín,560000
ricardo lleras codazzi,10
ricardo martínez ortega,90
ricardo miranda,117
ricardo nanjari román,6820
ricardo neumann,101
ricardo rozzi,143000
ricardo santander,90
ricardo santander batalla,2100000
ricardo vicuña,74
ricardo villalobos,9260000
ricardo younis,387000
ricardo yrarrázaval,7150
ricardo álamo,1480000
richard salcedo,5320000
richardia gandarae,139
rigeo,151000
rin (danza),6850000
rincón de los canallas,116
rineloricaria daraha,661
rita nuñez medina,8150000
ritual pachatata y pachamama,116
riñinahue,121
roberto ampuero,1180000
roberto artiagoitia,5050
roberto barahona silva,551000
roberto bolaño,136
roberto brodsky,652000
roberto farías,142
roberto guardia berdecio,8
roberto mamani mamani,133
roberto merino (escritor),432000
roberto márquez,12100000
roberto nicolini,1530000
roberto parada,25700000
roberto poblete,1090000
roberto prieto,12700000
roberto rey (actor),14000000
roberto rivera vicencio,66
roberto ruiz,57800000
roberto scherson,8820
roberto valcárcel,656000
roberto vander,32800000
robinsonella mirandae,4010
robo de madera en chile,167
roca oceánica,1410000
rocas college,9440000
rocas de constitución,3250000
rockout fest,719000
rockódromo (festival),116
rocío monasterio (artista),503000
rodolfo bravo,9600000
rodolfo camacho viera,790000
rodolfo lenz,116
rodolfo onetto,27900
rodolfo opazo,108
rodolfo parada,6100000
rodolfo pulgar,7790000
rodolfo villena hernández,210000
rodolfo visca,39
rodrigo aburto oróstegui,21100
rodrigo achondo,62
rodrigo bastidas,1660000
rodrigo cuadra,8410000
rodrigo cuevas gallegos,443000
rodrigo guzmán yacsich,822
rodrigo hasbún,104000
rodrigo latorre echeverría,962000
rodrigo malbrán,10
rodrigo muñoz (actor),149
rodrigo nunez montecino,161000
rodrigo otazu,256000
rodrigo piracés gonzález,7350
rodrigo pérez müffeler,651
rodrigo quijada soto,190000
rodrigo ratier,37400
rodrigo rochet,138
rodrigo salinas (comediante),132000
rodrigo sepúlveda (director de cine),147
rodrigo silva (cantautor),94500
rodrigo uriarte stottuth,529
roger portillo,1300000
rogers becerra casanovas,40200
rojasimalva,5230
rolando alarcón,1200000
rolando cárdenas,3570000
rolando goldman,73
rolando rojo redolés,58
rolando valladares,873000
roldana angulifolia,1930
roldana candicans,9
roldana petasitis,169
rollito de primavera,2620000
romanitos,14300
romeo murga,368000
romeo singer,70600000
romeritos con mole,139000
romina reyes,109
romina rocamonje,5350
rompope,2410000
rompope de tehuixtla,3240
rompón (bebida),3970
ron de ponsigué,165
ron de venezuela,70400000
ronald ramos,22500000
rondador,347000
rondón (plato),851000
ronnie romero,5450000
ronroco,204
ropa vieja,125000000
roque esteban scarpa,64700
rosa araneda,926000
rosa brítez,865000
rosa melgar de ipiña,9
rosa ramírez,58500000
rosa real mateo de nieto,54
rosalba guzmán soriano,83
rosaleda del parque araucano,1990
rosalinda cauich ramírez,15700
rosangélica piscitelli,1920
rosanna zanetti,624000
rosario aquim,17700
rosario del ingre,438000
rosario hueicha,11100
rosca chonchina,516
roscasiri,66
roscón de reyes,1880000
roser bru,126
rosita lara,167000000
rosita renard,221000
rosita serrano,3880000
rosquilla,2350000
rossana arellano,206000
rossana barragán,441000
rossana dresdner,10600
rossemarie caballero,9960
rostro asado,8090000
rostros de bebé,197
rotoitidae,13700
roxana carabajal,123
roystonea dunlapiana,145
roystonea lenis,995
rs (empresa),491000000
ruana,3210000
ruas-160,170
rubus aboriginum,2980
rubus bogotensis,8300
rubus choachiensis,571
rubus geoides,10200
rubus megalococcus,1230
rubén azócar,58
rubén campos (diseñador),368000
rubén izaurralde,4330
rubén palma,102
rubén santiago,23600000
rubén silva,11500000
rubén sotoconil,9
rubén vargas portugal,131
ruddy franco,710000
rueda chapaca (danza),201
rufina cambaceres,121
rugelach,861000
ruidosa fest,118
rulyrana flavopunctata,142
rumba 7,35600000
rumba criolla,634000
runa uturuncu,74
rungue,96
runtu charapa pangu,69
ruperto marchant pereira,10900
ruprechtia salicifolia,71
rural del prado,36700000
russelia equisetiformis,119000
ruth baltra moreno,7240
ruth krauskopf,58900
ruth underwood,5850000
rutucha,85
rzedowskia tolantonguensis,753
río abuná,113
río acre,120000000
río aguas calientes,162
río allane,44
río blanco (bolivia),59700000
río blanco (cautín),189
río cachapoal,395000
río calcurrupe,19200
río calle-calle,206000000
río carampangue,221000
río cariquima,10200
río cato,137000000
río cautín,1510000
río chontamayo,549000
río chusjavida,429
río cochiguaz,24600
río coihueco,519000
río colonia,125000000
río dagua,121
río de oro (catatumbo),124
río del volcán,73300000
río futaleufú,582000
río grande de tarija,152
río guallatire,3840
río itaú,23800000
río juncalito,115
río jurase,170000
río lircay (chile),178
río lluta,322000
río loncomilla,145
río longaví,172
río maipo,3040000
río mamoré,228000
río maule,4610000
río maullín,435000
río medellín,32900000
río meta,47700000
río muco,3790000
río negro (amazonas),10600000
río negro (bolivia-paraguay),7960000
río oirá,253000
río parapetí,116000
río perquilauquén,12100
río petrohué,260000
río peulla,129000
río pilmaiquén (licauquén),3500
río piraí (bolivia),647000
río putagán,106
río putre,163
río quiapo,669000
río quillén,173
río rahue (bueno),290000
río rele,7030000
río rosario (colonia),18300000
río san francisco (azuay),656000
río san francisco (jujuy),5560000
río san juan (uruguay),60600000
río sarare,67700
río sasso,3170000
río tarra,1300000
río tavolevo,5740000
río tejo,189
río teno,154
río teusacá,63100
río tinguiririca,112000
río todos santos,550000000
río truful-truful,142
río tupungato (chile),331000
sabal gretheriae,675
sabal mauritiiformis,8570
sabal mexicana,121
sabal pumos,4970
sabana de bogotá,16900000
sabana del beni,90
sable rojo,14300000
sabrina seara,796000
sabueso fino colombiano,64500
sacabaya,23000
sacerdote sin cabeza,21300000
sachaguitarra,118
sachatamia ilex,12500
sachatamia orejuela,1190
sacháyoj (mitología),1340
sady zañartu,59
sago fisur,12800
sagrada familia,239
saguinus imperator,62400
saguinus inustus,10700
saguinus labiatus,115
saguinus midas,201
saguinus nigricollis,24000
saguinus oedipus,201000
saice,761000
saimiri boliviensis,144
saipurú,24500
sairecabur,26300
sajta de pollo,161000
sajuriana,25900
sakabiali,10
sakra guerrero,41200
sal de cuyutlán,50700
sal de gusano,13800000
sal prieta,1290000
salamanca (leyenda),9760000
salami,62800000
salami dominicano,7860000
salar aguas calientes iv,27600
salar de chalviri,12500
salar de empexa,71
salar de la isla,1640000
salar de la laguna,138
salar de laguani,2840000
salar de talar,123000
salar de tara,1780000
salar punta negra,537000
salbut,268000
salchicha huachana,347000
sale el sol,1220000000
salinas de huentelauquén,14500
salix humboldtiana,112000
salix laevigata,132000
salix nigra,2540000
salminus brasiliensis,125000
salmón ahumado,224
salpicón,1440000
salpicón de frutas,1020000
salsa borracha,1870000
salsa caruso,1410000
salsa chontal,86400
salsa criolla,124
salsa de ají de pepa de zambo,6540
salsa de ostras,12000000
salsa de soya,232
salsa habanera,6220000
salsa hoisin,6850000
salsa lizano,534000
salsa macha,16300000
salsa maga,190
salsa martajada,202000
salsa picante cholula,575000
salsa roja picante (méxico),199
salsa rosa (pastas),18700000
salsa valentina,33000000
salsa verde,307000000
salsa verde picante,51400000
salsas de la gastronomía mexicana,21300000
salterio mexicano,19500
salteña,5460000
salto chorrolato,71
salto de apoquindo,124
salto de bordones,124
salto de candelas,124
salto de mortiño,125
salto del laja,139
salto del soldado,10200000
salto del tequendama,342000
salto del tequendamita,11800
salto el calzoncillo,130000
salto rehuén,177
salto truful-truful,34300
saltos de petrohué,141
salvador mazza (salta),450000
salvador miqueri,21200
salvador reyes figueroa,6650000
salvador romero pittari,7260
salvador vázquez carmona,2200000
"salve, oh patria (bolivia)",125
salvia albiflora,48200
salvia apiana,341000
salvia ballotiflora,3680
salvia brandegeei,97
salvia buchananii,68
salvia carranzae,155000
salvia chamaedryoides,14600
salvia clevelandii,117
salvia coahuilensis,3100
salvia darcyi,87
salvia elegans,1750000
salvia farinacea,213
salvia fulgens,38300
salvia gesneriiflora,3830
salvia greggii,134
salvia ibugana,761
salvia iodantha,5230000
salvia longistyla,73
salvia lycioides,13700
salvia polystachya,44300
salvia protracta,1410
salvia thymoides,6070
samaipata,1040000
samantha nogales arispe,10
sambódromo del parque de la estación,27200
samuel gonzález,39400000
samuel lillo,1220000
samuel maquieira,31000
samuel negrete,818000
samuel villarroel,83
samuzabety,20100
san andrés (san andrés y providencia),18000000
san andrés míxquic,394000
san baltasar (culto argentino),139
san bartolo de la frontera,841000
san carlos de río negro,97
san felipe (guainía),315000
san francisco (chapare),56
san jorge (la paz),97
san josé obrero,152
san lorenzo mártir (cauca),26200
san lunes,528000000
san miguel (putumayo),2160000
san miguel de kuruguakua,569
san pedro y san pablo,175000000
san vicente de la frontera,87
sanco,2870000
sancochado,123
sancocho,4800000
sancocho dominicano,4730000
sandra alcázar,992000
sandra díaz (actriz),136
sandra plevisani,145000
sandro finoglio,119
sandro larenas,32800
sandy (humorista),479000
sango (gastronomía),297000
sangrecita,400000
sangría (bebida),4570000
sanguchería,148
sanicula arguta,12000
sanjuanero,120
sanjuanero caqueteño,3050
sanjuanito,121
sanmiguelada,60
santa cruz la vieja,49300000
santa maría del espíritu santo,117
santa maría magdalena (malambo),446000
santa rosa de yanamaru,454
santalum fernandezianum,2220
santiago (raqaypampa),6400
santiago ayala,27900000
santiago cabrera,35700000
santiago de chile,150
santiago de ojje,10500
santiago gets louder,367000
santiago k,80
santiago nattino,19300
santiago tupper,6140000
santiago vaca guzmán,81
santiaguería de san bartolomé apóstol,407
santo cristo de la buena muerte (popayán),80
santo cristo de la veracruz (popayán),15200
santo cristo de las angustias,3910000
santo ecce homo de popayán,9250
santo niño de atocha,125
santo sepulcro (popayán),123
santomasia steyermarkii,270
santos chávez,17300000
santos rubio,59900000
santos vega,61600000
santuario de belén (popayán),698000
"santuario de fauna y flora acandí, playón y playona",1700
santuario de fauna y flora guanentá alto río fonce,4870
santuario de fauna y flora iguaque,17200
santuario de fauna y flora los colorados,15900
santuario de fauna y flora los flamencos,166000
santuario de fauna y flora otún quimbaya,20700
santuario de flora isla de la corota,128
santuario de flora plantas medicinales orito - ingi ande,77
santuario de la naturaleza aguada la chimba,123
santuario de la naturaleza alto huemul,14500
santuario de la naturaleza carlos anwandter,9370
santuario de la naturaleza cascada de las ánimas,288000
santuario de la naturaleza de la laguna torca,6940
santuario de la naturaleza del cajón del río achibueno,11400
santuario de la naturaleza el ajial,82
santuario de la naturaleza el arrayán,34300
santuario de la naturaleza el natri,101
santuario de la naturaleza el zaino,7160
santuario de la naturaleza estero de quitralco,750
santuario de la naturaleza estero derecho,156
santuario de la naturaleza humedal arauco - desembocadura río carampangue,120
santuario de la naturaleza islote lobería e iglesia de piedra,95
santuario de la naturaleza itata-gualaguala,79
santuario de la naturaleza quebrada de la plata,365000
santuario de la naturaleza torcazas de pirque,695
santuario de la naturaleza yerba loca,40100
santuario del padre hurtado,571000
santuario municipal cerro uchumachi,365
santísima cruz de pacairigua,174
santísima trinidad (gastronomía mexicana),125000
santísimo cristo de telde,7730
saoco,1310000
sapajus cay,12700
sapete el enamorado del sol,3230
sapzurro,125
sara becker,37200000
sara guerín de elgueta,6
sara herrera,34100000
sara hübner de fresno,5190
sara malvar,417000
sarape,218
saravena,831000
sardo argentino,697000
sarmienta scandens,1850
sarna (pan),3810000
sau sau,786000000
saucerottia castaneiventris,3660
saucerottia cyanifrons,4820
sauvallea blainii,231
saya afroboliviana,192000
saúl callejas,103
scalesia,127000
scaphyglottis prolifera,90
scarlet gruber,1110000
scarlet ortiz,4980000
scarthyla goinorum,7
scarthyla vigilans,2140
schinus longifolius,7960
schinus polygamus,10900
schistogyna arcana,90
schoenocephalium teretifolium,1960
schoenoplectus acutus,33900
schwackaea cupheoides,804
scinax blairi,124
scinax caprarius,745
scinax karenanneae,1010
scinax madeirae,5960
scinax quinquefasciatus,149
scinax sugillatus,1430
scinax wandae,1280
sclerocactus nyensis,3240
scoloplax empousa,1020
scutellaria molanguitensis,512
scutellaria valdiviana,9560
scyphophorus acupunctatus,14600
scytalopus alvarezlopezi,130
scytalopus canus,173
scytalopus chocoensis,3150
scytalopus latebricola,154
scytalopus perijanus,1450
scytalopus rodriguezi,1770
scytalopus sanctaemartae,1410
scytalopus stilesi,2880
"se quiere, se mata",146
seba calfuqueo,17300
sebastiana kespi,85
sebastiania commersoniana,100
sebastián alarcón,6850000
sebastián antezana,367000
sebastián araya,1960000
sebastián arrau,377000
sebastián ayala,9270000
sebastián dahm,16200
sebastián edwards figueroa,436000
sebastián evans,85
sebastián garay,4860000
sebastián irarrázaval,186000
sebastián layseca,23300
sebastián lelio,139
sebastián mancilla olivares,930000
sebastián quezada,3100000
sebastián sepúlveda,94
sebastián silva,120
sebastián silva (actor),9410000
sechium edule,296000
seco (comida),119
seco de chabelo,124000
sector bahía anna pink - golfo de penas,9940
sector hidrogeológico de aprovechamiento común,93300
sedum craigii,9360
sedum lucidum,135000
sedum minimum,372000
sedum mocinianum,81
sedum morganianum,237000
sedum oxypetalum,47100
sedum pachyphyllum,104000
sedum quevae,840000
segunda compañía de bomberos llayllay,98
seka severin de tudja,609
selaginella sellowii,4700
selenicereus boeckmannii,60
selenicereus coniflorus,2400
selenicereus hamatus,83400
selenicereus megalanthus,106
selenicereus pteranthus,111
selenicereus spinulosus,82
selenicereus tonduzii,1880
selinocarpus purpusianus,850
selva amazónica suroccidental,22300
selva misionera,1170000
semana buinense,4790
semana de la independencia 2013,6620000
semana de turismo,246000000
semana gastronómica rosario,7390000
semana lemuyana,1360
semana santa en antigua guatemala,33900000
semana santa en bolivia,77500000
semana santa en ciudad de guatemala,180
semana santa en guatemala,124
semana santa en ipiales,3340000
semana santa en nicaragua,144
semana santa en quetzaltenango,5820000
semana santa en yumbo,5580000
semana valdiviana,208000
semana vilchana,185
semanas musicales de frutillar,46800
semaprochilodus taeniurus,152
semba,2740000
semita (pan),196
senecio adenotrichius,92
senecio aphanactis,4250
senecio bahioides,67
senecio carbonelli,125
senecio cinerarioides,62
senecio ventanensis,896
senkata,350000
senna alata,687000
senna candolleana,175
senna corymbosa,77900
seno alberto,9440000
seno almirantazgo,153
seno baker,647000
seno contreras,1130000
seno dynevor,1690
seno eleuterio,62900
seno franklin,755000
seno grandi,12600000
seno jesuita,348000
seno langford,43700
seno melville,96000
seno otway,31000
seno profundo,22000000
seno skyring,148
seno unión,19900000
seno última esperanza,11300000
senén palacios,264000
separación de panamá de colombia,166
sequía en chile de 1968-1969,3170
sequía en chile de 1996,274000
sequía en chile de 1998-1999,14200
sequía en chile de 2007-2008,28600
serenata a cafayate,222000
sergio antelo gutiérrez,419000
sergio arriagada,675000
sergio badilla castillo,521000
sergio bravo (director de cine),109
sergio castilla,17500000
sergio domínguez molina,2790000
sergio freire,8180000
sergio gómez (escritor),2410000
sergio hernández albrecht,848000
sergio infante,7720000
sergio larraín,720000
sergio melnick,353000
sergio missana,62
sergio nakasone,101000
sergio peña y lillo,69
sergio sauvalle,85
sergio trabucco,362000
sergio urrutia,2750000
sergio vodanovic,98200
sergio vuskovic,68500
sericodes,27400
serjania triquetra,4560
serpocaulon triseriale,3460
serranía de chiquitos,51200
serranía de el bala,165000
serranía de huayllamarca,1370
serranía de incahuasi,7340
serranía de las campanas,6340000
serranía de los motilones,12700
serranía de mosetenes,46
serranía de san lucas,410000
serranía de san simón,159000
serranía de santiago,1660000
serranía del baudó,14900
serranía del darién,55800
serranía del naquén,70
serranía del perijá,251000
serranía del pinche,52
serranía el ciprés,48200
serranía san diablo,66400
serrasalmus altispinis,1650
serrasalmus compressus,3100
serrasalmus eigenmanni,4900
serrasalmus gouldingi,2690
serrasalmus hastatus,3140
serrasalmus hollandi,132
serrasalmus humeralis,141
serrasalmus rhombeus,69200
servicio de lavandería,27800000
servicio nacional de áreas protegidas (bolivia),125
señales del dresden,114
señor de la humildad,129
señor de los milagros (lima),9530000
señor de los milagros de buga,132
señor difunto de icod de los vinos,9910
señor frog's,596000
señor sol,124
shafera,113000
shakira,130000000
shakira (álbum),92500000
shanti celeste,1470000
shaomai,561000
shikashika,29100
shirley quispe,92
sho'on,24140000000
shulákama,5
shurumbo,23100
shámbar,124
sibah,111000
siboney lo,1300000
sibú,28600
sida anomala,156000
sideroxylon capiri,8100
sideroxylon palmeri,14000
sidra de punucapa,2630
sidymella longispina,621
sien (banda),2210000
sierra carmen sylva,320000
sierra de almeyda,622000
sierra de beauvoir,360000
sierra de chiribiquete,53100
sierra de doña inés chica,556000
sierra de guailillas,14700
sierra de la macarena,8300000
sierra de la plata,96900000
sierra de quinchilca,1730
sierra de tatul,120
sierra de tunahí,111
sierra nevada (araucanía),269000
sierra nevada de santa marta,6150000
sierra santo domingo (chile),11700000
sierra valdivieso,1490000
sierra velluda,206
siga el baile,43700000
sigrid alegría,443000
sigue de moda,125
sikil p'ak,6080
siku,77400000
sikuris de italaque,18800
silbaco,111
silvana rossi,5170000
silverio manco,55600
silverstoneia punctiventris,616
silvestre (banda),97
silvia araya,71
silvia cuevas morales,2720000
silvia meneses,69
silvia rivera cusicanqui,321000
silvia urbina,2030000
silvicultura en chile,2120000
silvio caiozzi,120
silvio paredes,2930000
simeón roncal,124
simone chambelland,21900
simsia amplexicaulis,131
simón pešutić,3830
sincronizada,119
singani,653000
sipapoantha ostrina,329
sipia berlepschi,2300
sipia nigricauda,65
sirena chilota,7740
sirilla,66800
sirystes albogriseus,130
sisimite,50200
sisinia anze terán,81
sistema de información de la diversidad biológica y ambiental de la amazonía peruana,601000
sistema endorreico titicaca-desaguadero-poopó-salar de coipasa,81
sistema hidrológico de soncor,2030
sistema hídrico de barranquilla,98
sistema nacional de áreas protegidas (colombia),5010000
sistemáticas y taxonomía de angiospermas en chile,11700
sitio natural cordillera del chaltén,29400
sobralia macrantha,19500
sobremaderas,74500
sociedad boliviana del charango,117
sociedad de escritores de chile,6350000
sociedad geográfica de colombia,127
"sociedad geográfica y de historia ""potosí""",268000
sociedades democráticas,125
socoroma,126
socos,3090000
sofía eastman,932000
sofía von ellrichshausen,9740
solanum betaceum,157000
solanum brachyantherum,3850
solanum coquimbense,582
solanum ensifolium,7950
solanum etuberosum,13300
solanum fendleri,24700
solanum granuloso-leprosum,8270
solanum hintonii,5840
solanum ovalifolium,55100
soledad (cantante),154
soledad ardaya morales,9690
soledad bianchi,157
soledad fariña,107
solenoptera intermedia,377
soltera (canción de shakira),156
solterito,730000
sombrero 4 pedradas,710000
sombrero aguadeño,127000
sombrero calentano,205
sombrero de charro,218
sombrero de jipi,217
sombrero de paja toquilla,404000
sombrero panza de burro,379000
sombrero pintao,210
sombrero vueltiao,408000
somó,43700
son de negro,1180000000
sonia fuchs,2300000
sonia mena,4820000
sonia montecino,121
sonia tschorne,3850
sonia y myriam,114
sonora carruseles,219000
sonso de yuca,138000
sopa a la minuta,1090000
sopa azteca,11100000
sopa correntina,9110
sopa de arroz,97500000
sopa de arroz con carne en polvo,108
sopa de cacahuete,6460000
sopa de chuchuka con patas de cerdo,546
sopa de guandú con carne salada,15500
sopa de guías,91600000
sopa de lima,52700000
sopa de llullucha,5710
sopa de maní (bolivia),8520000
sopa de nuez,121
sopa de patas,28700000
sopa de quinua,4550000
sopa de tortilla,48000000
sopa paraguaya,10700000
sopa tapada,5040000
sopa tarasca,259000
sopa teóloga (perú),10400
sopa wantán,414000
sopaipilla,124
sopaipleto,11900
sopas de pan (colombia),18300000
sope,6010000
sophia hayden bennett,89
sopitos,115
sopocachi,1120000
sor tadea de san joaquín,59
sorbete letelier,5630
sorghastrum pellitum,2670
sorrentinos,1610000
sotalia fluviatilis,291000
sotoca (chile),20400
sotol,1330000
soyo,136
sparganopseustis acrocharis,246
sparganopseustis aurolimbana,201
spatuloricaria caquetae,2650
spectrolebias bellidoi,523
spectrolebias brousseaui,989
spegazziniophytum patagonicum,519
spermacoce chartensis,250
sphaeronycteris toxophyllum,73
spinipterus acsi,750
spondias mombin,215
sporophila corvina,27400
stagmatoptera biocellata,1750
stagmatoptera hyaloptera,1700
stagmatoptera septentrionalis,1060
stanhopea platyceras,153
stanhopea pozoi,143
stanhopea pseudoradiosa,29700
stanhopea shuttleworthii,3080
stanhopea stevensonii,2250
starka,174
steatoda triangulosa,140
stefan kramer,19300000
stefani flores,106
stegnosperma sanchezii,709
stegouros elengassen,196
steindachnerina atratoensis,718
steindachnerina guentheri,2060
steirastoma lycaon,365
steirastoma zischkai,473
stella corvalán,54400
stella crisci,366000
stella díaz varín,16900
stenocactus coptonogonus,93
stenocactus lamellosus,5320
stenocactus multicostatus,48400
stenocactus obvallatus,2640
stenocercus lache,686
stenocercus trachycephalus,3460
stenocereus dumortieri,5860
stenocereus eruca,168
stenocereus griseus,29800
stenocereus gummosus,176
stenocereus pruinosus,42500
stenocereus queretaroensis,17200
stenocereus stellatus,25300
stenodrepanum bergii,639
stenoma germinans,66
stephanie de zorzi,112
stephanie herela,120
stephanodoria tomentella,585
stephanopis badia,328
stephanopis ditissima,413
stephanopis exigua,261
stephanopis hystrix,211
stephanopis maulliniana,299
stephanopis nodosa,303
stephanopis quimiliensis,446
stephanopis spissa,319
stephanopis verrucosa,410
stephany abasali,122
stephany zreik,18300
stevia lucida,37700
stevia serrata,291000
steyerbromelia,10700
steyermarkia,54100
sthefany gutiérrez,122
stilpnia larvata,174
stipa ambigua,24100
stipa bromoides,118
stipa clandestina,89
stipa ichu,37000
stipa parishii,2980
stipa speciosa,108000
strabomantis anatipes,667
strabomantis cadenai,462
strabomantis cerastes,660
strabomantis cheiroplethus,541
strabomantis necopinus,625
strabomantis ruizi,138
streptanthella longirostris,1270
strix hylophila,8470
strongylaspis boliviana,252
strongylaspis macrotomoides,550
strudel,11800000
sturnira luisi,141
sturnira magna,90
sturnira mordax,99
stylophyllum,14600
stéphanie alenda,331000
suaeda nigra,42200
submarino (bebida),3600000
submarino flach,147
subregiones de colombia,126
subsecretaría de minería de chile,1220000
subsecretaría del medio ambiente de chile,4550000
sucumbé,21100
sud 777,15700000
sudado,2720000
sudado de surubí,5750
sudao,260000
suelo de arena blanca,13900000
suelos de chile,126
sultana (bebida),107
sulá,92000
sulára,13200
summerland (festival),64
sumpall,95
supay,792000
superintendencia del medio ambiente de chile,3600000
supán,1700000
sur de bolívar,45100000
sur de la guajira,118
suri sicuri,56900
suri sicuri (bolivia),121
surungusungo,1210
susan carrizo,414000
susana roccatagliata,17000
susana villegas arroyo,42
susana wald,462000
suspiro (panameño),63000
suspiro de limeña,276000
susy diab,22300
sweet & coffee,122
swing criollo,1400000
sybil brintrup,2450
sylvia pirotte middleton,3240
sylvia soublette,7190
symphysodon discus,292000
symplocos limoncillo,1570
synallaxis fuscorufa,123
synallaxis maranonica,129
synallaxis subpudica,159
synema rubromaculatum,270
sábado santo,308000000
sándwich aliado,13300000
sándwich barros jarpa,122
sándwich barros luco,160000
sándwich cubano,11300000
sándwich de bondiola,2800000
sándwich de milanesa,131
sándwich de potito,122
sándwich mixto,8490000
sándwich qbano,184000
sándwich york,302000000
sérike,401
sólo de noche vienes,41400000
sôki,10300
tabatinga (amazonas),1780000
tabebuia elongata,14300
tabebuia jackiana,702
tabebuia polymorpha,7520
tabernaemontana donnell smithii,6350
tacacho con cecina,117
tachyphonus surinamus,155
tacna sour,415000
taco al pastor,137
taco gobernador,1990000
taco placero,175000
taco árabe,9070000
tacos de canasta,11400000
tacos dorados,23600000
tacos franceses,1580000
tacu-tacu,130
tacuapú,415
taeniotes antonkozlovi,502
taeniotes batesi,505
taeniurops meyeni,10600
tagetes erecta,2060000
tagetes linifolia,7510
tagetes lucida,230000
tagetes lunulata,8250
tagetes minuta,421000
tagetes patula,1060000
tahinli çörek,5920000
taintnops,74300
tajadas,2540000
tajín (condimento),611000
talaphorus chlorocercus,4470
talavera mexicana,206
talcahuano,5550000
talcamávida (comuna),18900
talisa garcía,145000
tallarín,132
tallarín saltado,124
talá yekela,537
tamal de elote,4370000
tamal del perú,35200000
tamaya,85
tambito,164000
tambo quemado,667000
tambor alegre,123
tambor de u,77700000
tambor doble (méxico),18500000
tambor huichol,110
tambor llamador,50800
tambor nasca,24700
tambor vargas,7470000
tambora de gaita,354000
tambora dominicana,174
tambora panameña,196
tambores de candombe,200
tamborileros del sur,34300
tamborita calentana,105
tamborito,275000
tana gilbert,1660000
tandil (araña),162000
tangara johannae,82
tango de pista,8190000
tango escenario,202
tania gebauer,71
tantanakuy,75700
taoniscus nanus,9020
tapado esmeraldeño,95
tapati,124
tapecomys primus,8710
tapecomys wolffsohni,1070
tapirus pygmaeus,77
taqfwaj,424
taquería,128
taquería el califa de león,139
taquipayanaku,16200
taquirari,245000
taquiza,1890000
taraira,122000
tarapacá (amazonas),424000
tardguec francisco ferrer,342
tarefero,35400
tarima (baile),9090000
tarja de potosí,151000
tarjeta navideña,195
tarka,116
tarqueada,162000
tarsoporosus anchicaya,324
tarta de limón con merengue,140
tartarín moreira,11000
tarumama,4240
tasajo,624000
tascalate,84200
tata barahona,322000
tata pedro,20100000
tata sabaya,38000
tatacuá,35100
tatemado,591000
tatiana alamos,53
tatiana capote,881000
tatiana merino,1860000
tatiana molina,8830000
tato cifuentes,121
tauschia neglecta,4930
tawa tawa,190
taxodium mucronatum,133
taxus globosa,233000
tazetina,795
te deum (argentina),124
te deum (chile),124
teatro de verano de colón,4440000
tecla tofano,5900
tecnocumbia,115
tecomapiloa,593
tecophilaea cyanocrocus,23500
tehuelche 320,28600
teja (dulce),2320000
tejido de la cuelcha,109
tejuelería con madera de ciprés de las guaitecas,450
tejuino,436000
telebasis salva,2590
teleocichla centisquama,803
teleocichla centrarchus,1920
teleocichla cinderella,1120
teleocichla gephyrogramma,614
teleocichla monogramma,958
teleocichla prionogenys,828
telera (pan dominicano),84700
telera (pan mexicano),117
telesita,67500
televisión nacional de chile en isla de pascua,144000
telmatobius dankoi,1870
telmatobius philippii,150
telmatobufo australis,2190
telmatobufo bullocki,1890
telmatobufo venustus,171
tempilcahue,8870
temporada invernal en colombia de 2010 y 2011,148
temporada navideña,212
temporal de chile de 2015,39100000
temporal de chile de agosto de 2023,2530000
temporal de la araucanía en 2008,54700
temporal de o'higgins de 1986,123000
temporal de san pedro de atacama de 2012,56600
temporal de santiago de 2002,9410000
temporal de santiago de chile de 1982,4980000
temporal del biobío de 2002,58500
temporal del biobío en 2006,70800
temporal del centro y sur de chile de 2014,2650000
temporal del maule en 2008,126000
temporales de chile central de 1997,79
temporales teatrales,120
temuco,150
temucuicui,57700
temáukel,70
tenate,107000
tenellus ternetzi,1830
tenellus trimaculatus,11600
tentayapi,7130
tenábaris,22500
teodoro fernández larrañaga,58800
tepabril,110000
tepache (bebida alcohólica),200
tephrocactus articulatus,73100
tephrocactus bonnieae,7230
tephrocactus molinensis,12200
tephrocactus weberi,4510
teponaztli,61200
tepualia stipularis,168
tepuihyla tuberculosa,116
tequesquite,129
tequila,221
tequila herradura,216
tequila josé cuervo,1360000
teratohyla adenocheira,791
teratohyla pulverata,150
teratohyla spinosa,9300
tereré,3640000
teresa bórquez,48
teresa calderón,7880000
teresa carvallo rey,50
teresa clerc,327000
teresa cuervo borda,305000
teresa durán sandoval,2270000
teresa gazitúa,4690
teresa hamel,84
teresa izquierdo,8700000
teresa moller,120
teresa münchmeyer,5130
teresa ocampo,5640000
teresa paneque,231000
teresa wilms montt,125
teresita commentz,120
teresita román de zurek,65
termas de incuyo,926
termas de polques,19200
termas de puyuhuapi,64600
terminalia amazonia,135000
terminalia australis,78000
ternstroemia lineata,10100
terra preta,195
terremoto (bebida),168
terremoto blanco,176
terremoto blanco de 1995,169
terremoto de aiquile de 1998,6030
terremoto de algarrobo de 1985,11800
terremoto de angol de 1949,2530
terremoto de angol de 1975,3980
terremoto de antofagasta de 1995,36800
terremoto de arica de 1604,3900
terremoto de arica de 1615,17600
terremoto de arica de 1681,2850
terremoto de arica de 1831,149
terremoto de arica de 1833,7830
terremoto de arica de 1868,17400
terremoto de aysén de 1927,3080
terremoto de aysén de 2007,16000
terremoto de bolivia de 1994,719000
terremoto de calama de 1950,4350
terremoto de calama de 1953,3480
terremoto de caldera de 1420,2510
terremoto de caldera de 1942,13200
terremoto de chillán de 1939,179
terremoto de chiloé de 2016,34800
terremoto de colombia de 1970,1110000
terremoto de colombia de 1979,1060000
terremoto de colombia de 2015,779000
terremoto de colombia de 2019,921000
terremoto de concepción de 1570,54900
terremoto de concepción de 1657,18300
terremoto de concepción de 1751,40300
terremoto de concepción de 1835,264000
terremoto de concepción de 1960,181
terremoto de constitución de 2012,280000
terremoto de copiapó de 1859,3980
terremoto de copiapó de 1918,5600
terremoto de copiapó de 1946,4380
terremoto de copiapó de 1983,8600
terremoto de coquimbo de 1975,12400
terremoto de coquimbo de 2019,108000
terremoto de coquimbo de noviembre de 2015,180
terremoto de ecuador y colombia de 1906,157
terremoto de ecuador y colombia de 1958,372000
terremoto de gorgona de 2007,3910
terremoto de huasco de 1851,1320
terremoto de illapel de 1876,1710
terremoto de illapel de 1880,119
terremoto de illapel de 1971,3220
terremoto de iquique de 1933,15900
terremoto de iquique de 2008,28500
terremoto de iquique de marzo de 2014,173
terremoto de la costa de tarapacá de 2009,162
terremoto de la ligua de 1965,3810
terremoto de la ligua y petorca de 1873,725
terremoto de la vega de 2012,584000
terremoto de las melosas de 1958,1500
terremoto de nariño de 2013,32800
terremoto de nariño de 2018,27600
terremoto de neiva de 1967,6030
terremoto de ovalle de 1943,10900
terremoto de panamá de 1882,73500
terremoto de papudo de 2008,1880
terremoto de pereira de 1995,372000
terremoto de pica de 1976,26300
terremoto de pichilemu de 2010,14400
terremoto de pizarro de 2004,140000
terremoto de puchuncaví de 2007,2720
terremoto de punitaqui de 1997,2910
terremoto de páez de 1994,133000
terremoto de san carlos de 1953,129000
terremoto de santiago de 1552,25400
terremoto de santiago de 1575,157
terremoto de santiago de 1647,54500
terremoto de santiago de 1850,66800
terremoto de talca de 1928,12200
terremoto de taltal de 1966,2030
terremoto de tarapacá de 1987,10500
terremoto de tarapacá de 2001,17000
terremoto de tierra del fuego de 1949,357000
terremoto de tirua de 2011,3840
terremoto de tocopilla de 1967,115
terremoto de tocopilla de 2007,133
terremoto de urrao de 2021,1710
terremoto de valdivia de 1575,10200
terremoto de valdivia de 1737,10900
terremoto de valdivia de 1837,13600
terremoto de vallenar de 1922,4850
terremoto de valparaíso de 1730,142
terremoto de valparaíso de 1906,158
terremoto de valparaíso de 2017,350000
terremoto de yacuiba de 1899,1170
terremoto del eje cafetero de 1962,118
terremoto del eje cafetero de 1999,37400
terremoto del lago rapel de 1985,140
terremoto del virreinato de nueva granada de 1785,7180
terremoto en villavicencio de 1917,12600
terremoto y maremoto de iquique de 1877,129
terremotos de colombia central de 2023,145000
terremotos de ecuador de 1868,28800
territorio autónomo guaraní charagua iyambae,126
territorio chileno antártico,359000
territorio indígena originario campesino de bolivia,143
territorio indígena y parque nacional isiboro-sécure,77100
territorio nacional (colombia),118000000
territorio nacional de colonias,11100000
territorios indígenas de colombia,10400000
tesmole,71900
tesoro de la llanganatis,29900
tetramicra malpighiarum,526
tetranematichthys wallacei,147
tetronarce peruana,1700
tetzilacatl,853
tevo díaz,17000
teófilo cid,82
thaida,44700
thalerommata,9610
thamnomanes saturninus,29800
thamnomanes schistogynus,30300
thamnophilus cryptoleucus,29000
thamnophilus divisorius,3080
thamnophilus stictocephalus,25000
thanatus granadensis,265
thasus gigas,3970
thayeria boehlkei,18300
thayeria obliqua,3090
the metal fest,113000000
the one (canción de shakira),157
the river plate fresh meat company,73
thelocactus setispinus,18600
theobroma bicolor,274000
theobroma cacao,6380000
theodor ohlsen,68
thevetia ahouai,9380
thimpu de trucha,14200
thismia andicola,787
thomasomys monochromos,799
thomasomys niveipes,1440
thoracocharax stellatus,9690
threnetes ruckeri,151
thryophilus nicefori,7290
thryophilus sernai,2160
théo court,69600000
tiago correa,132
tibellus chilensis,337
tibellus spinosus,3910
tibouchina tortuosa,5280
ticnamar,26700
ticodendraceae,47
ticodendron incognitum,2190
tiempo de mujeres,961000000
tiempo sin verte,125
tierra de edith ronne,53
tierra de la reina isabel,10100000
tierra firme (amazonia),984000
tiffany andrade,2980000
tigo fest,218000
tigrillo (platillo),104000
tijeral (chile),147000
tillandsia albida,31700
tillandsia alvareziae,1560
tillandsia anceps,21500
tillandsia andrieuxii,4380
tillandsia arequitae,7520
tillandsia baileyi,39000
tillandsia brealitoensis,6270
tillandsia chiapensis,95
tillandsia chlorophylla,6460
tillandsia delicata,25500
tillandsia deppeana,7060
tillandsia diguetii,13500
tillandsia eizii,2340
tillandsia exserta,38600
tillandsia funckiana,191
tillandsia fusiformis,10900
tillandsia gardneri,84900
tillandsia geminiflora,23200
tillandsia glabrior,5100
tillandsia guelzii,1630
tillandsia imperialis,31700
tillandsia intermedia,196
tillandsia kalmbacheri,2450
tillandsia kammii,4710
tillandsia karwinskyana,102
tillandsia lampropoda,2450
tillandsia leiboldiana,12100
tillandsia limbata,14400
tillandsia macrochlamys,2830
tillandsia magnusiana,168
tillandsia matudae,5230
tillandsia mauryana,17100
tillandsia novakii,20400
tillandsia plumosa,186
tillandsia rauhii,5660
tillandsia seleriana,63900
tillandsia sueae,104000
tillandsia suescana,1190
tillandsia xerographica,341000
tilma,824000
tilo gonzález,108
tilín orozco,46600
timor (canción de shakira),17800
timpu,336000
timpusca,63
tin-tin,1530000000
tina ferreira,9790000
tinacrucis atopa,4130
tinamus guttatus,34700
tinamus solitarius,40200
tinamus tao,123
tinga,7640000
tinku,6460000
tinkus cochabamba,611000
tinya,103
tiple,5050000
tipoy,98
tiquipaya,141
tiquipaya (andrés ibáñez),13700
tiradito,121
tirador (atuendo gauchesco),2410
tiritas de pescado,124
tiro de gracia (banda),1960000
tisentnops,22800
titanus giganteus,77100
tithonia tubaeformis,9130
titidius galbanatus,311
titidius pauper,314
tito davison,218000
tito fernández (cantautor),159000
tito francia,12800000
tito mundt,33500
tito valenzuela,2690000
tito yupanqui,722000
titococos,3
tityus argentinus,1340
tityus carrilloi,2950
tityus engelkei,327
tityus macrochirus,6210
tizana (bebida),214
tlacoyo,201000
tlapitzalli,22400
tlatonile,11700
tlaxcales,31800
tlayuda,679000
tlecáxitl,524
tmarus holmbergi,191
tmarus maculosus,1030
tmarus morosus,420
tmarus punctatus,11000
tobalaba (estación),472000
tobalá,182
tobas (danza),133
tobías barros merino,101000
tochacatl,835
tocopilla (chapare),1160
tocosh,178000
todirostrum chrysocrotaphum,9340
tofi (marca),80
tojorí,22600
tolmomyias sucunduri,705
tolmomyias traylori,4410
tololo pampa,194
tololoche,1670000
tom urrejola díaz,6730
tomaticán,52200
tomatina (colombia),220000
tometes camunani,973
tomiii 11,203
tomás alzamora,300000
tomás harris,32700000
tomás lago,123000000
tomás moulian,121
tomás o'connor d'arlach,10800
tomás verdejo,482000
tomás vidiella,130
tonada,120
tonga (comida),6950000
tongoy,631000
toni col,22600000
tonka tomicic,141
tonlemo (comuna),403
tony caluga,44200
topatangi,3080
topaza pella,16800
topocalma,91000
torcida jovem,16200000
toreo de la vincha,133
torito (bebida),4620000
torito de pucará,225
tormenta de santa rosa,18000000
tormenta tropical bret (1993),129
tormento (instrumento musical),158
tornado de concepción de 1934,134
tornado de los ángeles de 2019,165
tornado de puerto varas de 2025,64600
tornado de san carlos de 1981,794000
tornado de san carlos de 2013,3010000
tornado de valdivia de 1881,90
tornado de villarrica de 2011,7100
tornado del golfo de arauco de 2007,534
tornaviaje,63000
torovenado,51400
torre de chochís,33600
torre del reloj (popayán),291000
torrenteras del río cárcel mayu,372
torta (gastronomía salvadoreña),683000
torta (pan plano),101
torta ahogada,896000
torta bejarana,3670
torta curicana,4190
torta de la barda,129
torta frita,26400000
torta helada,10500000
torta pasqualina,135
torta pompadour,146
tortilla (panamá),29500000
tortilla de maíz,124
tortilla de raya,110
tortilla de rescoldo,86200
tortilla paraguaya,8870000
tortilla sobaquera,187
tortita (mendoza),254000
tortita negra,2090000
tortitas de santa clara,7550000
tostada,18800000
tostada caroreña,195
tostada mexicana,18200000
tostada siberia,379000
tostado (sándwich),49100000
tostador chileno,206
tosteles,12500
tostilocos,2210000
totopo,142
totó la momposina,116
tour anfibio,143
tour de la mangosta,142
tour fijación oral,277000
tour pies descalzos,662000
trachycephalus cunauaru,74
trachycephalus jordani,9810
trachydoras nattereri,1730
track (banda),466000000
tradescantia pallida,663000
tradescantia sillamontana,78600
tradicional competencia de la danza de los kurpites de nuevo san juan parangaricutiro,3010
tradición bato,188000
tragedia de armero,440000
tragedia de quebrada blanca,503000
tragedia del carnaval de oruro de 2018,11400
tragedia del galeras,1920000
tragedia del lago cabrera,382000
traje de chiapaneca,448000
traje de huasa,220000
traje de tehuana,222000
trametes versicolor,1030000
tranaquepe,26400
trancapecho,75100
tranque de relaves el cobre,14900
tranque de relaves las palmas,88
tranque de relaves quillayes,185
tranque de relaves talabre,197
tranque el mauro,20500
tranque las tórtolas,4620
transporte por jangadas en la cuenca del plata,76
trapecio amazónico,34800
trapelacucha,21300
trarilonco,24200
tratado arosemena-guzmán,13100
tratado calvo-herrán,18600
tratado de 1826 entre chile y las provincias unidas del río de la plata,87
tratado de 1856 entre argentina y chile,132
tratado de 1904 entre chile y bolivia,187
tratado de ancón,291000
tratado de bogotá (1856),97400
tratado de lima,180
tratado de pasto,5540000
tratado de paz y amistad entre argentina y chile,172
tratado de petrópolis,181
tratado esguerra-bárcenas,6000
tratado facio-fernández,116000
tratado fierro-sarratea,100
tratado garcía ortiz-mangabeira,6340
tratado gutiérrez-lloreda,72
tratado liévano-jiménez,47200
tratado lópez de mesa-gil borges,386000
tratado montúfar-correoso,9970
tratado muñoz vernaza-suárez,69
tratado pombo-michelena,8080
tratado salomón-lozano,312000
tratado sanín-robertson,1670
tratado victoria-vélez,55
tratado vásquez cobo-martins,10700
tratados limítrofes entre argentina y chile,139
tratados limítrofes entre bolivia y paraguay anteriores a la guerra del chaco,75700
trauco,1180000
tregar,142
tregua de navidad,4700000
trehuaco (leyenda),71
trema micrantha,118
trempulcahue,87
tren popular de la cultura,44000000
trenes culturales,7120000
trentren vilu y caicai vilu,123
trenza (bollería),117
trenzado de la plata,7740000
tres cubano,47800000
tres esquinas (caquetá),45700
tres fronteras,58800000
tribeles australis,40100000
tribunales ambientales de chile,1290000
trichilia havanensis,85
trichocentrum cebolleta,184
trichocline plicata,807
trichomycterus bogotense,2180
trichomycterus gorgona,894
trichomycterus steindachneri,9510
trichotolinum deserticola,444
tricomaria usillo,132
tridax coronopifolia,10800
tridens melanops,67500
tridentopsis pearsoni,1350
trifolium albopurpureum,2090
trifolium dichotomum,15000
trinidad gonzález (actriz),715000
tripa gorda,1680000
tripa mishki,201
tripitas,123
triple frontera bolpebra,2090
triple punto de chile,45200000
triportheus albus,5350
tripterocalyx wootonii,648
triscenia ovina,224
tristagma graminifolium,1490
tristán (dibujante),94300
tristán marof,101
triteleiopsis palmerii,952
triunfo (danza),124
triángulo del litio,1340000
triángulo dionisio foianini,2730
triángulo polinésico,199000
triángulo san miguel-sucumbíos,68
troglodytes monticola,93400
trogon comptus,93
trogon mesurus,4910
trolelote,74700
tronca de navidad,21100
troncal del café,924000
tronco de navidad,201
troncosoa seriphioides,562
tropicalísimo (cóctel),16900
trova paisa,123
trova rosarina,54500
trucha frita,1930000
trutruca,36500
trypanidius mimicavus,170
trío lonqui,10600
trülke wekufe,298
tsi'ik de venado,160
tuba (bebida),626000
tubby 3 y tubby 4,203
tuberculocarpus,7780
tuco,145
tucumana,1600000
tulevieja,23600
tulia alemán,150000
tulio mendoza belio,10900
tulio zuluaga,120
tunda,20500000
tundiqui,121
tundra magallánica,114000
tunquén,143000
tunupa,140
tupay,748000
tupi nambá,2470000
turbay t-3,2100000
turbinicarpus alonsoi,17900
turbinicarpus booleanus,2770
turbinicarpus gielsdorfianus,3580
turbinicarpus hoferi,2640
turbinicarpus jauernigii,8840
turbinicarpus knuthianus,81
turbinicarpus lophophoroides,15100
turbinicarpus rioverdensis,4010
turbinicarpus saueri,184
turbinicarpus saueri knuthianus,176
turbinicarpus schmiedickeanus flaviflorus,100
turbinicarpus schmiedickeanus gracilis,4920
turbinicarpus schmiedickeanus klinkerianus,9340
turbinicarpus schmiedickeanus macrochele,5590
turbinicarpus schmiedickeanus rioverdensis,108
turbinicarpus subterraneus,5400
turbinicarpus swobodae,145
turbinicarpus valdezianus,120
turbinicarpus viereckii major,3040
turbinicarpus ysabelae,153
turbión del río piraí de 1983,5340
turdus fuscater,35500
turdus haplochrous,2350
turdus sanchezorum,3440
turno (fiesta),30300000
turrón de agramunt,29700
turrón de vino,198
tustaca,8730
tutu (canción),25500000
tylogonus putumayo,224
typhlonectes compressicauda,7120
tyranneutes stolzmanni,145
tyttocharax cochui,1720
tyttocharax madeirae,132
tyttocharax tambopatensis,57
té de cascarilla,207
té mexicano,2180000000
tío pachamama,163000
uchu jacu,2330
ugni candollei,148
ugni molinae,202
ugni myricoides,142
ukelele,9810000
uliche,107
ullucus tuberosus,61600
ulmus mexicana,107000
ulpo,163000
umiña,97
umu pae,103000
un año más (cumbia chilena),127
underneath your clothes,168000000
unidad de pasos fronterizos,206
unido de la plata,241000000
uniforme escolar venezolano,217
unit (banda),26100000
universidad santiago del granado,71600
unión chocó,85
upa!,26300000
urabá,2070000
urera baccifera,28700
uriarte talavera,223
uriondo,424000
urubichá,136000
ustilago maydis,256000
utricularia olivacea,13200
utricularia simulans,13900
uvachado,21500
uña ramos,37900000
vaca marina (leyenda),1980000
vaccinium erythrocarpum,11100
vaccinium floribundum,116
vaccinium meridionale,36900
vachellia caven,44700
vaguada costera,241000
vaina (bebida),12200000
vainilla de papantla,399000
valdivia gayana,67
valdiviano,240000
valentina cruz,111
valentina figuera,128
valeria de los ríos,109
valeria hofmann,78
valeria montti colque,8940
valeria sarmiento,4320000
valeria vespoli,191000
valeska díaz,436000
valle alto (cochabamba),10600000
valle de aburrá,1680000
valle de atriz,79
valle de azapa,420000
valle de casablanca,10100000
valle de cinti,125
valle de cocora,143
valle de copiapó,5580000
valle de curicó,5660000
valle de elicura,27600
valle de la luna (bolivia),22500000
valle de la luna (chile),36800000
valle de las papas,95700000
valle de las ánimas (bolivia),7600000
valle de leyda,120
valle de lluta,295000
valle de paletará,80
valle de san antonio,156000000
valle de san nicolás,31400000
valle de sibundoy,384000
valle del aconcagua,2860000
valle del aconcagua (vino),684000
valle del atrato-san juan,69
valle del bío-bío,77900000
valle del cachapoal,691000
valle del cachapoal (vino),228
valle del cautín,212000
valle del choapa,386000
valle del claro,75700000
valle del elqui,1780000
valle del elqui (vino),419000
valle del encanto,35100000
valle del huasco,909000
valle del huasco (vino),39000
valle del itata,144
valle del loncomilla,164000
valle del lontué,120000
valle del maipo (vino),222
valle del malleco,237000
valle del marga-marga,1600000
valle del maule,142
valle del rapel,1660000
valle del río cauca,9880000
valle del río magdalena,13300000
valle del teno,1190000
valle del tutuvén,3380
vallecitos,129
valles de bolivia,13200000
vals chilote,18200
vampyressa melissa,2920
vanessa hayes,17200000
vanessa schwartz,11900000
vanessa suárez,9210000
vapora,2370000
vaquería (fiesta),344000
varelina,16500
variedades argentinas de maíz,123
varinia brodsky,6220
vasco moulian,145
vasconcellea badilloi,7380
vasconcellea carvalhoae,737
vasconcellea chilensis,3570
vaso silbador,20900
vauquelinia californica,83
velas en honor de los santos patrones,1020000
velorio del angelito,124
veneno (grupo boliviano),124
veneración a san benito de palermo,111
venid pastorcillos,33200
ventiscka,12800
vera csík,153000
vera zouroff,980
verbena (fiesta),6210000
verbesina centroboyacana,545
verbo américa,66
versalles (bolivia),3030000
vertebrados introducidos en chile,53700
vertebrados introducidos en la argentina,61800
vertedero de ropa usada en el desierto de atacama,5680
veruska ljubisavljević,1170
verónica chappuzeau,2130
verónica enns enns,250000
verónica garcía-huidobro,321000
verónica larrieu,120
verónica linares perou,10400
verónica rodríguez,147
verónica saquel,7150
verónica villarroel,738000
vestia foetida,3520
vestidos típicos del cuzco,569000
vibras,17800000
vibras tour,35700000
vicar,110
vicente carvallo y goyeneche,29100
vicente sabatini,1160000
vicente sanfuentes (músico),7940
viche (bebida),287000
viche (sopa),121
victor feldman,10700000
victoria morillo,69
victoria olguín,1250000
victoria orjikh,830
victoria valjalo,9870
victoria villasana,591000
victoriano valencia rincón,702000
vidala,127
vidalita,204000
viejo viscacha,9130
viento puelche,79300
viernes negro (compras),43900000
vigía 2,9790000
vihuela mexicana,186
vila bittencourt,63
vila vila,111
villa 14 de septiembre,129000000
villa del rosario (norte de santander),6660000
villa porvenir,6950000
villa prat,107
villa quién,221000000
villa tacora,52700
villa tunari,144
villa victoria (la paz),21600000
villa yapacaní,159000
villa ángela,147
villadia diffusa,99
villasenoria,11100
villazón,2360000
vilma díaz,2000000
vilma orrego,54600
vilpoñi,44
vinagre criollo,132
vino con frutilla,8790000
vino de méxico,317000000
vino del perú,177000000
vinos maravilla,185
viola angustifolia,88
viola imbricata,83400
violeta parra,144
violín de talalate,1010
vireo caribaeus,5070
virgen conchita de carolina,259000
virgen de chiquinquirá,681000
virgen de itatí,444000
virgen de la dulce espera,14600000
virgen de la pobreza,106
virgen de manare,87900
virgen de valvanera (sonsón),1450
virgen del carmen,44700000
virgen del carmen de cuyo,141
virgen del rosario de san nicolás,136
virgen del socavón,527000
virgen del valle,44200000
virgilio martínez,3870000
virginia ayllón soria,79500
virginia cox balmaceda,63
virginia errázuriz,121
virginia huneeus,16100
virginia ramos,40100000
virginia rocha,120
visviri,185000
vitacura (comuna),6260000
vitel toné,503000
vitex mollis,60900
vitillo ábalos,8390
vitis rupestris,321000
viuda (mitología),7470000
viva mi patria bolivia,9780000
viviana guzmán,4840000
viviana rodríguez,9360000
vivienne barry,2630000
vivían serrano,72
vladimir silva,82
voces morenas,17200000
voladora,101
volcán azufral,41900
volcán calbuco,179
volcán chiles,847000
volcán chupiquiña,1080
volcán copahue,135
volcán cumbal,170
volcán doña juana,348000
volcán galeras,172
volcán hornopirén,186
volcán irruputuncu,108
volcán isluga,165
volcán las ánimas,120
volcán lexone,708
volcán licancabur,143000
volcán llullaillaco,182
volcán láscar,178
volcán maipo,871000
volcán michinmahuida,136
volcán michiranda,93
volcán nuevo mundo,92
volcán olca,29500
volcán ollagüe,43100
volcán pan de azúcar,7580000
volcán parinacota,376000
volcán petacas,53100
volcán poike,13300
volcán pomerape,11000
volcán puquintica,694
volcán puracé,96900
volcán putana,23200
volcán quetena,31800
volcán sotará,159
volcán tacora,15700
volcán tilocálar,976
volcán tunupa,31400
volcán tupungato,109000
volodia teitelboim,41200
voluspa jarpa,18900
volvanarius chlorosplendidus,185
vorí vorí,59600
vuelve a la vida,302000000
väinö auer,51
vía láctea (chile),7240000
víctor andrade uzquiano,8450
víctor barberis cavalli,31200
víctor carrasco,112
víctor domingo silva,118
víctor huerta gonzález,6060000
víctor hugo arévalo jordán,93
víctor hugo díaz (poeta),115
víctor hugo ortega contreras,2430000
víctor hugo robles,2400000
víctor hugo viscarra,81900
víctor jara,6850000
víctor rojas,21300000
víctor tevah tellias,596
víctor visconti,93
víctor zapana serna,6410
wada (instrumento),228000
waka waka (esto es áfrica),129
waldo rojas,1650000
waldo valenzuela,64
wallunk'a,15100
walter garib,133000
walter guevara arze,56900
walter schiller,10800000
wampo,58900
wangulén,21400
wantán,434000
wara,36300000
wara cajías,4400
wara vargas lara,41300
washingtonia robusta,1090000
we are the grand,122
we tripantu,117
wechselia,60
wekufe,25600
weldenia candida,1890
werne núñez,5080
whisky sour,141
why wait (canción de shakira),150
wigandia urens,10700
wila qullu (eduardo abaroa),344
wildo,201
willi mapu,67
william badell,120
william centellas,200000
william george skyring,33
william spratling,171
williwaw,190000
willy alfaro,99
willy bascuñán,13800
willy benítez,119
willy claure,128000
willy martin,74100000
willy pozadas,3350
willy semler,129
wilma hannig,27100
wilmer urrelo zárate,65
wilque,76400
wilson choperena,93
wilson hermosa gonzález,113
wilson saliwonczyk,188
wine tour urbano,1370000
winston vallenilla,104000
wintek,333000
winétt de rokha,7240
wolf (caballo),149
womad,941000
wow cat (caballo),77
wurdackanthus argyreus,53
xalpen,93
xenopipo atronitens,6990
xenornis setifrons,4320
ximbó,24600
ximena adriasola,22500
ximena bedregal,56
ximena carrera,99
ximena caussin,2040
ximena cristi,288000
ximena herrera,140
ximena morla lynch,56
ximena ulibarri,15000
ximena zomosa,5520
xiphorhynchus beauperthuysii,510
xlix festival internacional de la cultura de boyacá 2022,27500
xlviii festival internacional de la cultura de boyacá 2021,22000
xochitlalis,91
xtabentún (bebida),16400
xuc,5420000
xyliphius lepturus,6210
xyliphius melanopterus,810
xylophanes lichyi,634
xylosma tweediana,134
yacimientos arqueológicos del valle de upano,119
yacuchupe,9340
yacuiba,3320000
yael meyer,1030000
yael rosenblut,1330
yaguareté-abá,13300
yahuarlocro,106
yajaira (banda),624000
yalo cuéllar,18600
yamandú pérez,308000
yambo kenia,104000
yamil escaffi,7
yampupata,26700
yanko gonzález,99700
yankopek,1820
yavaraté,9
yaviza,124
yayo morales,389000
yeison jiménez,11400000
yelena maciel,123
yerbatero,244000
yescia bloom,166
yesenia barrientos,69
yessica mouton,9330
yohana vaca,117000
yolanda montecinos,267000
yolando pino,3920000
yoletti cabrera,3090
yoli,9780000
yopará,111
yorgelis delgado,402000
yoyos de plátano,453000
yuca con chicharrón,10900000
yucca capensis,77
yucca constricta,11300
yucca decipiens,29300
yucca desmetiana,30500
yucca filifera,285000
yucca gigantea,213
yucca grandiflora,81
yucca lacandonica,1190
yucca madrensis,90
yucca mixtecana,130
yucca periculosa,6260
yucca queretaroensis,97
yucca reverchonii,6450
yucca schidigera,1330000
yucca valida,188
yul bürkle,22200
yumani,114
yungueñito,13400
yuri pérez,17600000
yuvanna montalvo,52000
yuyuniz navas,34700
zabaione,1270000
zacatonal,56200
zahie téllez,57700
zamba,91
zamba alegre,407000
zamba de mi esperanza,602000
zamba de vargas,121
zambomba,615000
zamia amblyphyllidia,1850
zamia integrifolia,30500
zamia pumila,39800
zampoña,195
zapallitos rellenos,1570000
zapote (fruta),5930000
zeferino nandayapa,11500
zemba,868000
zenón martínez garcía,10
zerreitug,137000
zimmerius albigularis,16800
zimmerius parvus,16100
zinnia acerosa,131
zinnia ramírez,33
zitto segovia,197
zoellnerallium serenense,513
zona austral de chile,9150000
zona clarion–clipperton,14000
zona de fractura shackleton,69
zona de sacrificio de mejillones,170
zona norte de chile,172000000
zona protectora tivives,2270
zooconcepción,11900
zoológico municipal de fauna sudamericana noel kempff mercado,17100
zorobabel rodríguez,16200
zulema alcayaga,12400
zíngaros (parodistas),211
zúñiga (chile),18600000
¡Ahora!,1460000000
¡Cimarrón! Joropo Music from the Plains of Colombia,2670
¡viva quien toca!,65400000
¿De qué tamaño es el cielo? (álbum),14100000
¿dónde están los ladrones?,16000000
¿dónde están los ladrones? (canción),9330000
¿dónde estás corazón? (canción),99500000
África (1733),5720000
África (1746),5480000
Álamos del Sur,21000000
Álex Fernández (cantante),157
Álvaro García Rodríguez,12200000
Álvaro Múnera,168000
Álvaro de Mezquita,290000
Ángel Custodio Loyola,124
Ángel Orestes Giacoy,1640
Ángel Santos Juárez,85
Ángela Aguilar,21500000
Ángela Carrasco,1960000
Ángela Irene,117
Árbol de Apoala,145
Árbol del mundo mesoamericano,2170000
Área Ecológica de Conservación La Bonita Cofanes- Chingual,66
Área Marina Protegida Complejo Los Cóbanos,106
Área Metropolitana de Los Altos,80300000
Área de Conservación Guanacaste,445000
Área de Conservación Tortuguero,206000
Área de conservación Arenal Huetar Norte,16400
Área de conservación Arenal Tempisque,40200
Área de conservación Central,104
Área de conservación Guanacaste,445000
Área de conservación La Amistad Caribe,106
Área de conservación La Amistad Pacífico,1050000
Área de conservación Marina Cocos,1110000
Área de conservación Osa,106
Área de conservación Pacífico Central,5610000
Área de conservación Tempisque,113000
Área de conservación ambiental Estuario de Virrilá,1870
Área de conservación privada Bosque Natural El Cañoncillo,2280
Área de conservación privada Bosque Urum,737
Área de conservación privada Chaparrí,136
Área de conservación privada Huiquilla,2780
Área de conservación privada Ilish Pichacoto,82
Área de conservación privada La Niebla Forest,28300
Área de conservación privada Lomas de Atiquipa,120
Área de conservación privada Paraje Capiro Llaylla,520
Área de conservación privada Qosqoccahuarina,80
Área de conservación regional Albúfera de Medio Mundo,36100
Área de conservación regional Ausangate,131
Área de conservación regional Bosque Montano de Carpish,4690
Área de conservación regional Bosque Moyán-Palacio,1420
Área de conservación regional Bosque Nublado Amaru-Huachocolpa-Chihuana,117
Área de conservación regional Bosque de Puya Raymondi-Titankayocc,2440
Área de conservación regional Bosques Secos Interandinos de Cutervo,2040
Área de conservación regional Bosques Secos del Marañón,103000
Área de conservación regional Bosques Tropicales Estacionalmente Secos del Marañón,9930
Área de conservación regional Choquequirao,14500
Área de conservación regional Chuyapi Urusayhua,1650
Área de conservación regional Codo del Pozuzo,6020
Área de conservación regional Huaytapallana,8160
Área de conservación regional Humedales de Ventanilla,47500
Área de conservación regional Laguna de Huacachina,132
Área de conservación regional Páramos y Bosques Montanos de Jaén y Tabaconas,2070
Área de conservación regional Sistema de Lomas de Lima,431000
Área de conservación regional Tres Cañones,128
Área de conservación regional Vista Alegre-Omia,4760
Área de manejo de hábitats y/o especies Cerro Verde e Islas de la Coronilla,4350
Área de manejo de hábitats y/o especies Esteros y Algarrobales del Río Uruguay,1350
Área de manejo de hábitats y/o especies Rincón de Franquía,4850
Área metropolitana de Bogotá,11400000
Área metropolitana de Ciudad del Este,60700000
Área metropolitana de Cumaná,123
Área metropolitana de Managua,293000
Área metropolitana de Maracaibo,75
Área metropolitana de Maracay,430000
Área metropolitana de Montevideo,94
Área metropolitana de Mérida (Venezuela),119
Área metropolitana de San Cristóbal,99
Área metropolitana de San Salvador,14600000
Área metropolitana de Tegucigalpa y Comayagüela,12800
Área metropolitana del Sur de la Florida,1960000
Área nacional de recreación El Boliche,42000
Área nacional de recreación Isla Santay,52300
Área nacional de recreación Playas de Villamil,100
Área nacional de recreación Quimsacocha,5590
Área natural de manejo integrado San Matías,122
Área natural protegida Campo de Piedra Pómez,146
Área natural protegida Sierras de Belén,28000
Área natural protegida municipal Parque Rafael de Aguiar,41600
Área protegida con recursos manejados Humedales de Santa Lucía,169
Área protegida con recursos manejados Montes del Queguay,126
Área protegida municipal Ecoparque Encantado,3210
Área recreativa Lago Gatún,10100
Áreas Metropolitanas de Ecuador,161000
Áreas Revertidas del Canal de Panamá,32300
Áreas bajo régimen de administración especial,17900000
Áreas metropolitanas del Orituco,4600
Áreas metropolitanas del Perú,232000
Áreas naturales protegidas de Honduras,1250000
Áreas protegidas de Brunéi,39300
Áreas protegidas de Fiyi,25800
Áreas protegidas de Guatemala,3900000
Áreas protegidas de Kiribati,38100
Áreas protegidas de Nicaragua,177
Áreas protegidas de Palaos,19500
Áreas protegidas de Panamá,2180000
Áreas protegidas de República Dominicana,1130000
Áreas protegidas de Samoa,96700
Áreas protegidas de Timor Oriental,30300
Áreas protegidas de Tonga,43300
Áreas protegidas de Tuvalu,28900
Áreas protegidas de Vanuatu,130
Áreas protegidas de las Islas Marshall,103
Áreas protegidas de las islas Salomón,142
Áreas protegidas de los Estados Federados de Micronesia,11100
Áreas protegidas en Papúa Nueva Guinea,69700
Áreas silvestres protegidas de Itaipú,136
Áreas silvestres protegidas de Paraguay,595000
Élida Lacroix,47800
Élmer Hermosa,8420
Émile Dubois,120
Érwin Ávalos,397
Étel,13600000
águeda flores,66
álex anwandter,13300
álvaro bisama,28000
álvaro briones,1720000
álvaro casanova,2660000
álvaro celedonio casquero,3650
álvaro covacevich,71
álvaro dalmar,31700
álvaro díaz gonzález,13700000
álvaro escobar,131
álvaro espinoza (actor),173
álvaro gómez (actor),4660000
álvaro henríquez,552000
álvaro lópez,25800000
álvaro martínez betancourt,829000
álvaro morales (actor),2790000
álvaro pacull,58
álvaro peña-rojas,3680000
álvaro pinto lyon,349000
álvaro rudolphy,184000
álvaro ruilova,72
álvaro serrano calderón,39
álvaro velasco (cantante boliviano),11600
álvaro véliz,270000
ámbar de chiapas,552000
ángel careaga,166
ángel lattus,53
ángel parra,147
ángel santos juárez,86
ángela ruiz pérez,76
ángela schweitzer,59
ángeles fabbri,1050000
ángeles lasso,1000000
ánimas de cucao,11900
área costera protegida punta curiñanco,1570
área de conservación e importancia ecológica ñembi guasu,3290
área metropolitana alto hospicio-iquique,185000
área metropolitana de la paz,32000000
área metropolitana de santa cruz de la sierra,5420000
área metropolitana de temuco,94
área natural de manejo integrado apolobamba,14500
área natural de manejo integrado el palmar,119
área natural de manejo integrado humedales del norte,103
área natural de manejo integrado municipal serranías de igüembe,83
área natural de manejo integrado río grande valles cruceños,5030
área natural de manejo integrado san matías,493000
área natural lagarpampa,1550
área protegida municipal bajo paraguá,100
área protegida municipal ibare-mamoré,3540
área protegida municipal palmera de saó,45100
área protegida municipal pampas del río yacuma,3830
área protegida municipal rhukanrhuka,667
área protegida san nicolás,106
área protegida y patrimonio natural las serranías del pokotaika,347
áreas no municipalizadas de colombia,21500
áreas silvestres protegidas de chile,145
édgar leal,102
índice de precios de navidad,2810000
íngrid parra,123
ítalo galleani,1650
íñigo urrutia,152000
ñachi,46600
ñadi (suelo),2960
ñame con bacalao,6600000
ñapanga,16300
ñocotoe,104
ñolkin,3380
ñoqui,419000
ñoquis del 29,3100000
ñuke mapu,197
ñuñoa,138
óbena,823
ógama,199
óscar alfaro,142
óscar arze quintanilla,23200
óscar barrientos,100
óscar bustamante,8270000
óscar castro,138
óscar castro ramírez,16900000
óscar contardo,25800
óscar gacitúa weston,1200
óscar gangas,5950000
óscar garcía (músico),136
óscar gonzález-ferrán,719000
óscar hahn,443000
óscar hernández (actor),120
óscar ichazo,31800
óscar olavarría,69700
óscar rodríguez gingins,1710
óscar soria,9440000
óscar waiss,25000
óvalo gregorio albarracín,67600
última (canción),149
úrsula achterberg,3600
úrsula suárez,936000
čénuke,518
şekerpare,1300000
