entity_id,region,categoria,entidad,pais
Europe|dish|Gastronomía de la provincia de Pontevedra,Europe,dish,Gastronomía de la provincia de Pontevedra,España
Europe|dish|Huevos moles,Europe,dish,Huevos moles,España
Europe|dish|Túrós csusza,Europe,dish,Túrós csusza,Hungría
Europe|dish|Lukaniko,Europe,dish,Lukaniko,Grecia
Europe|dish|Tarta de Mondoñedo,Europe,dish,Tarta de Mondoñedo,España
Europe|dish|Daube,Europe,dish,Daube,Francia
Europe|dish|Libra Sagarra,Europe,dish,Libra Sagarra,España
Europe|dish|Raya en pimentón,Europe,dish,Raya en pimentón,España
Europe|dish|Longaniza de Graus,Europe,dish,Longaniza de Graus,España
Europe|dish|Coxinha,Europe,dish,Coxinha,Portugal
Europe|dish|Smörgåsbord,Europe,dish,Smörgåsbord,Suecia
Europe|dish|Sanguinaccio dolce,Europe,dish,Sanguinaccio dolce,Italia
Europe|dish|Pain aux raisins,Europe,dish,Pain aux raisins,Francia
Europe|dish|Gaig,Europe,dish,Gaig,España
Europe|dish|Gallinejas,Europe,dish,Gallinejas,España
Europe|dish|Ferraúra,Europe,dish,Ferraúra,España
Europe|dish|Aceite de orujo de oliva,Europe,dish,Aceite de orujo de oliva,España
Europe|dish|Puñao,Europe,dish,Puñao,España
Europe|dish|Lane's Prince Albert,Europe,dish,Lane's Prince Albert,Reino Unido
Europe|dish|Abondance (queso),Europe,dish,Abondance (queso),Francia
Europe|dish|Pimentón,Europe,dish,Pimentón,España
Europe|dish|Livarot (queso),Europe,dish,Livarot (queso),Francia
Europe|dish|Laxton's Leader,Europe,dish,Laxton's Leader,Reino Unido
Europe|dish|Navalmoral de Béjar variedad3,Europe,dish,Navalmoral de Béjar variedad3,España
Europe|dish|Brie de Melun,Europe,dish,Brie de Melun,Francia
Europe|dish|Alto Crotonese,Europe,dish,Alto Crotonese,Italia
Europe|dish|Cátedras Ambulantes,Europe,dish,Cátedras Ambulantes,España
Europe|dish|Golmajería,Europe,dish,Golmajería,España
Europe|dish|Mortadela de Campotosto,Europe,dish,Mortadela de Campotosto,Italia
Europe|dish|Plim,Europe,dish,Plim,España
Europe|dish|Pizza dolce di Beridde,Europe,dish,Pizza dolce di Beridde,Italia
Europe|dish|Crêpe Suzette,Europe,dish,Crêpe Suzette,Francia
Europe|dish|Lucas González de Caso,Europe,dish,Lucas González de Caso,España
Europe|dish|Märzenbier,Europe,dish,Märzenbier,Alemania
Europe|dish|Gastronomía de Basilicata,Europe,dish,Gastronomía de Basilicata,Italia
Europe|dish|Segorbina (manzana),Europe,dish,Segorbina (manzana),España
Europe|dish|Prekmurska gibanica,Europe,dish,Prekmurska gibanica,Croacia
Europe|dish|Pescado a la teja,Europe,dish,Pescado a la teja,España
Europe|dish|Opson,Europe,dish,Opson,Grecia
Europe|dish|Pimporrete,Europe,dish,Pimporrete,España
Europe|dish|Sopa de cangrejos,Europe,dish,Sopa de cangrejos,España
Europe|dish|Mantecosa Dorada de Bilbao (pera),Europe,dish,Mantecosa Dorada de Bilbao (pera),España
Europe|dish|Pizza estilo Nueva York,Europe,dish,Pizza estilo Nueva York,Italia
Europe|dish|Merkalin (manzana),Europe,dish,Merkalin (manzana),España
Europe|dish|Rich tea,Europe,dish,Rich tea,Reino Unido
Europe|dish|Bacalao al pil pil,Europe,dish,Bacalao al pil pil,España
Europe|dish|Chip butty,Europe,dish,Chip butty,Reino Unido
Europe|dish|Belarda Blanca,Europe,dish,Belarda Blanca,España
Europe|dish|Brandy,Europe,dish,Brandy,España
Europe|dish|Cura (pera),Europe,dish,Cura (pera),España
Europe|dish|Arroz a la valenciana,Europe,dish,Arroz a la valenciana,Portugal
Europe|dish|Sopa de trucha,Europe,dish,Sopa de trucha,España
Europe|dish|Morro de Bou (manzana),Europe,dish,Morro de Bou (manzana),España
Europe|dish|Sopa de antruejo,Europe,dish,Sopa de antruejo,España
Europe|dish|Museo del Cántaro (Valoria la Buena),Europe,dish,Museo del Cántaro (Valoria la Buena),España
Europe|dish|Pâté en croûte,Europe,dish,Pâté en croûte,Francia
Europe|dish|Manteiga de Ouro (pera),Europe,dish,Manteiga de Ouro (pera),España
Europe|dish|Kloß,Europe,dish,Kloß,Alemania
Europe|dish|Salmocejos,Europe,dish,Salmocejos,España
Europe|dish|Kvas,Europe,dish,Kvas,Polonia
Europe|dish|Mushy peas,Europe,dish,Mushy peas,Reino Unido
Europe|dish|Metsovone,Europe,dish,Metsovone,Grecia
Europe|dish|Día del plato único,Europe,dish,Día del plato único,España
Europe|dish|Grupo Calvo,Europe,dish,Grupo Calvo,España
Europe|dish|Acqua pazza (comida),Europe,dish,Acqua pazza (comida),Italia
Europe|dish|Felipes de Fornos,Europe,dish,Felipes de Fornos,España
Europe|dish|Kesra,Europe,dish,Kesra,Francia
Europe|dish|Pichela,Europe,dish,Pichela,España
Europe|dish|Macedonia de frutas,Europe,dish,Macedonia de frutas,España
Europe|dish|Berenjena de Almagro,Europe,dish,Berenjena de Almagro,España
Europe|dish|Doce uvas,Europe,dish,Doce uvas,España
Europe|dish|Salsa suprema,Europe,dish,Salsa suprema,Francia
Europe|dish|Gastronomía de Inglaterra,Europe,dish,Gastronomía de Inglaterra,Reino Unido
Europe|dish|Pastel de cerdo,Europe,dish,Pastel de cerdo,Reino Unido
Europe|dish|Chori (manzana),Europe,dish,Chori (manzana),España
Europe|dish|Salmis,Europe,dish,Salmis,España
Europe|dish|Arroz de sarrabulho,Europe,dish,Arroz de sarrabulho,Portugal
Europe|dish|Pebrada,Europe,dish,Pebrada,Francia
Europe|dish|Galette-saucisse,Europe,dish,Galette-saucisse,Francia
Europe|dish|Huevas aliñás,Europe,dish,Huevas aliñás,España
Europe|dish|Lebkuchen,Europe,dish,Lebkuchen,Alemania
Europe|dish|Chinchón (bebida),Europe,dish,Chinchón (bebida),España
Europe|dish|Pan dormido,Europe,dish,Pan dormido,España
Europe|dish|Lambig,Europe,dish,Lambig,Francia
Europe|dish|Fina Puigdevall,Europe,dish,Fina Puigdevall,España
Europe|dish|Denominación de Origen Aceite de los Montes de Toledo,Europe,dish,Denominación de Origen Aceite de los Montes de Toledo,España
Europe|dish|Piriñaca,Europe,dish,Piriñaca,España
Europe|dish|Camosa Groga Dolça,Europe,dish,Camosa Groga Dolça,España
Europe|dish|Montado de lomo,Europe,dish,Montado de lomo,España
Europe|dish|Pasta,Europe,dish,Pasta,Italia
Europe|dish|Carquiñol,Europe,dish,Carquiñol,España
Europe|dish|Judías a lo tío Lucas,Europe,dish,Judías a lo tío Lucas,España
Europe|dish|Valdepeñas (vino),Europe,dish,Valdepeñas (vino),España
Europe|dish|Tuscan (manzana),Europe,dish,Tuscan (manzana),Reino Unido
Europe|dish|Urraca Grande (pera),Europe,dish,Urraca Grande (pera),España
Europe|dish|Federweißer,Europe,dish,Federweißer,Alemania
Europe|dish|Tienda de montañés,Europe,dish,Tienda de montañés,España
Europe|dish|Fougasse,Europe,dish,Fougasse,España
Europe|dish|Cantueso (licor),Europe,dish,Cantueso (licor),España
Europe|dish|Kluski negros,Europe,dish,Kluski negros,Alemania
Europe|fauna|Genêt d'Espagne,Europe,fauna,Genêt d'Espagne,España
Europe|fauna|Hyalinobatrachium kawense,Europe,fauna,Hyalinobatrachium kawense,Francia
Europe|fauna|Chthonius ischnocheles stammeri,Europe,fauna,Chthonius ischnocheles stammeri,Italia
Europe|fauna|Acrocephalus rimitarae,Europe,fauna,Acrocephalus rimitarae,Francia
Europe|fauna|Acanthocreagris granulata robusta,Europe,fauna,Acanthocreagris granulata robusta,España
Europe|fauna|Lasionycta leucocycla,Europe,fauna,Lasionycta leucocycla,Rusia
Europe|fauna|Neobisium bernardi bernardi,Europe,fauna,Neobisium bernardi bernardi,Francia
Europe|fauna|Porcellio baeticensis,Europe,fauna,Porcellio baeticensis,España
Europe|fauna|Amadotrogus patruelis,Europe,fauna,Amadotrogus patruelis,España
Europe|fauna|Buthus elongatus,Europe,fauna,Buthus elongatus,España
Europe|fauna|Locustella amnicola,Europe,fauna,Locustella amnicola,Rusia
Europe|fauna|Listado de Especies Silvestres en Régimen de Protección Especial,Europe,fauna,Listado de Especies Silvestres en Régimen de Protección Especial,España
Europe|fauna|Thanatus lanatus,Europe,fauna,Thanatus lanatus,Rusia
Europe|fauna|Forficula apennina,Europe,fauna,Forficula apennina,Italia
Europe|fauna|Roncus vidali,Europe,fauna,Roncus vidali,España
Europe|fauna|Microcreagrina cavicola,Europe,fauna,Microcreagrina cavicola,España
Europe|fauna|Actinella fausta,Europe,fauna,Actinella fausta,Portugal
Europe|fauna|Ciliellopsis oglasae,Europe,fauna,Ciliellopsis oglasae,Italia
Europe|fauna|Amphicoma abdominalis,Europe,fauna,Amphicoma abdominalis,Italia
Europe|fauna|Pseudoabsidia ossetica,Europe,fauna,Pseudoabsidia ossetica,Rusia
Europe|fauna|Enicmus atriceps,Europe,fauna,Enicmus atriceps,Alemania
Europe|fauna|Troglochthonius doratodactylus,Europe,fauna,Troglochthonius doratodactylus,Italia
Europe|fauna|Aethes moribundana,Europe,fauna,Aethes moribundana,España
Europe|fauna|Neobisium speleophilum,Europe,fauna,Neobisium speleophilum,Rusia
Europe|fauna|Columba bollii,Europe,fauna,Columba bollii,España
Europe|fauna|Lagynochthonius curvidigitatus,Europe,fauna,Lagynochthonius curvidigitatus,España
Europe|fauna|Rhagonycha chironi,Europe,fauna,Rhagonycha chironi,Grecia
Europe|fauna|Ochthebius gibbosus,Europe,fauna,Ochthebius gibbosus,Alemania
Europe|fauna|Strangulogona lugoensis,Europe,fauna,Strangulogona lugoensis,España
Europe|fauna|Saanen (raza caprina),Europe,fauna,Saanen (raza caprina),Suiza
Europe|fauna|Parda de montaña,Europe,fauna,Parda de montaña,España
Europe|fauna|Mordellistena episternaloides,Europe,fauna,Mordellistena episternaloides,Alemania
Europe|fauna|Helix obruta,Europe,fauna,Helix obruta,Portugal
Europe|fauna|Cymindis collaris,Europe,fauna,Cymindis collaris,Rusia
Europe|fauna|Dienerella angelinii,Europe,fauna,Dienerella angelinii,Italia
Europe|fauna|Gynnidomorpha minimana,Europe,fauna,Gynnidomorpha minimana,Rusia
Europe|fauna|Nyctalus azoreum,Europe,fauna,Nyctalus azoreum,Portugal
Europe|fauna|Perro de Castro Laboreiro,Europe,fauna,Perro de Castro Laboreiro,Portugal
Europe|fauna|Acanthocreagris balearica,Europe,fauna,Acanthocreagris balearica,España
Europe|fauna|Roncus caucasicus,Europe,fauna,Roncus caucasicus,Rusia
Europe|fauna|Porcelana (Perro),Europe,fauna,Porcelana (Perro),Francia
Europe|fauna|Cyrtocarenum,Europe,fauna,Cyrtocarenum,Grecia
Europe|fauna|Oberea kostini,Europe,fauna,Oberea kostini,Rusia
Europe|fauna|Chthonius leoi,Europe,fauna,Chthonius leoi,Italia
Europe|fauna|Dysdera mahan,Europe,fauna,Dysdera mahan,España
Europe|fauna|Neobisium auberti,Europe,fauna,Neobisium auberti,Francia
Europe|fauna|Caseolus calvus,Europe,fauna,Caseolus calvus,Portugal
Europe|fauna|Oveja frisona oriental,Europe,fauna,Oveja frisona oriental,Alemania
Europe|fauna|Acanthocreagris gallica,Europe,fauna,Acanthocreagris gallica,Francia
Europe|fauna|Anaspis horni,Europe,fauna,Anaspis horni,Francia
Europe|fauna|Chthonius cassolai,Europe,fauna,Chthonius cassolai,Italia
Europe|fauna|Meloe apenninicus,Europe,fauna,Meloe apenninicus,Italia
Europe|fauna|Craspedoma hespericum,Europe,fauna,Craspedoma hespericum,Portugal
Europe|fauna|Pygopleurus humeralis,Europe,fauna,Pygopleurus humeralis,Grecia
Europe|fauna|Chalcides striatus,Europe,fauna,Chalcides striatus,Francia
Europe|fauna|Solinus hispanus,Europe,fauna,Solinus hispanus,España
Europe|fauna|Braco alemán de pelo corto,Europe,fauna,Braco alemán de pelo corto,Alemania
Europe|fauna|Sireuma nobile,Europe,fauna,Sireuma nobile,Portugal
Europe|fauna|Hilaira nivalis,Europe,fauna,Hilaira nivalis,Rusia
Europe|fauna|Clepsis aerosana,Europe,fauna,Clepsis aerosana,Rusia
Europe|fauna|Pajuna,Europe,fauna,Pajuna,España
Europe|fauna|Parabathyscia genuensis,Europe,fauna,Parabathyscia genuensis,Italia
Europe|fauna|Ovis nivicola,Europe,fauna,Ovis nivicola,Rusia
Europe|fauna|Lasaeola grancanariensis,Europe,fauna,Lasaeola grancanariensis,España
Europe|fauna|Cylichnidia ovuliformis,Europe,fauna,Cylichnidia ovuliformis,Portugal
Europe|fauna|Braco francés,Europe,fauna,Braco francés,Francia
Europe|fauna|Campodea melici,Europe,fauna,Campodea melici,España
Europe|fauna|Pelibuey,Europe,fauna,Pelibuey,España
Europe|fauna|Phyllodromica nuragica,Europe,fauna,Phyllodromica nuragica,Italia
Europe|fauna|Malpaisomys insularis,Europe,fauna,Malpaisomys insularis,España
Europe|fauna|Rhagonycha planicollis,Europe,fauna,Rhagonycha planicollis,Rusia
Europe|fauna|Ochthebius crenulatus,Europe,fauna,Ochthebius crenulatus,Italia
Europe|fauna|Scutogona vivesi,Europe,fauna,Scutogona vivesi,España
Europe|fauna|Aethes prangana,Europe,fauna,Aethes prangana,Rusia
Europe|fauna|Elo (perro),Europe,fauna,Elo (perro),Alemania
Europe|fauna|Malthodes zacynthius,Europe,fauna,Malthodes zacynthius,Grecia
Europe|fauna|Leiostyla relevata,Europe,fauna,Leiostyla relevata,Portugal
Europe|fauna|Elodes denticulata,Europe,fauna,Elodes denticulata,Italia
Europe|fauna|Armadillidium espanyoli,Europe,fauna,Armadillidium espanyoli,España
Europe|fauna|Porcellio ferroi,Europe,fauna,Porcellio ferroi,Portugal
Europe|fauna|Monotropus staudingeri,Europe,fauna,Monotropus staudingeri,España
Europe|fauna|Eupithecia alishana,Europe,fauna,Eupithecia alishana,Rusia
Europe|fauna|Microcreagrina subterranea,Europe,fauna,Microcreagrina subterranea,España
Europe|fauna|Origmatogona catalonica,Europe,fauna,Origmatogona catalonica,España
Europe|fauna|Neobisium breuili,Europe,fauna,Neobisium breuili,España
Europe|fauna|Dysdera hernandezi,Europe,fauna,Dysdera hernandezi,España
Europe|fauna|Caballo catalán,Europe,fauna,Caballo catalán,España
Europe|fauna|Sabueso serbio,Europe,fauna,Sabueso serbio,Serbia
Europe|fauna|Elaphocera hispalensis,Europe,fauna,Elaphocera hispalensis,España
Europe|fauna|Dysdera enghoffi,Europe,fauna,Dysdera enghoffi,España
Europe|fauna|Neobisium incertum,Europe,fauna,Neobisium incertum,Italia
Europe|fauna|Europs temporis,Europe,fauna,Europs temporis,Rusia
Europe|fauna|Discula echinulata,Europe,fauna,Discula echinulata,Portugal
Europe|fauna|Choristoneura lafauryana,Europe,fauna,Choristoneura lafauryana,Francia
Europe|fauna|Crocidura zimmermanni,Europe,fauna,Crocidura zimmermanni,Grecia
Europe|fauna|Caballo islandés,Europe,fauna,Caballo islandés,Islandia
Europe|fauna|Tropidoscincus,Europe,fauna,Tropidoscincus,Francia
Europe|fauna|Eupithecia gueneata,Europe,fauna,Eupithecia gueneata,Francia
Europe|fauna|Dapsa graeca,Europe,fauna,Dapsa graeca,Grecia
Europe|fauna|Bisetocreagris gracilis,Europe,fauna,Bisetocreagris gracilis,Rusia
Europe|flora|Dicheranthus,Europe,flora,Dicheranthus,España
Europe|flora|Masato,Europe,flora,Masato,Francia
Europe|flora|Idioma bue,Europe,flora,Idioma bue,Francia
Europe|flora|Corydoras sterbai,Europe,flora,Corydoras sterbai,Francia
Europe|flora|Arboretum de l'Étoile des Andaines,Europe,flora,Arboretum de l'Étoile des Andaines,Francia
Europe|flora|Thamnophilus cryptoleucus,Europe,flora,Thamnophilus cryptoleucus,Francia
Europe|flora|Río Paranã (Brasil),Europe,flora,Río Paranã (Brasil),Francia
Europe|flora|Val sans retour,Europe,flora,Val sans retour,Francia
Europe|flora|Pedicularis flammea,Europe,flora,Pedicularis flammea,Islandia
Europe|flora|Dengue Dengue Dengue!,Europe,flora,Dengue Dengue Dengue!,Francia
Europe|flora|Lagothrix cana,Europe,flora,Lagothrix cana,Francia
Europe|flora|Scleronycteris ega,Europe,flora,Scleronycteris ega,Francia
Europe|flora|Nannostomus trifasciatus,Europe,flora,Nannostomus trifasciatus,Francia
Europe|flora|Rhaponticum canariense,Europe,flora,Rhaponticum canariense,España
Europe|flora|Gymnocarpos decander,Europe,flora,Gymnocarpos decander,España
Europe|flora|Choloepus didactylus,Europe,flora,Choloepus didactylus,Francia
Europe|flora|Melanorivulus rutilicaudus,Europe,flora,Melanorivulus rutilicaudus,Francia
Europe|flora|Habenaria tridactylites,Europe,flora,Habenaria tridactylites,España
Europe|flora|Marlene Freitas da Silva,Europe,flora,Marlene Freitas da Silva,Francia
Europe|flora|Río Tarauacá,Europe,flora,Río Tarauacá,Francia
Europe|flora|Certhiaxis mustelinus,Europe,flora,Certhiaxis mustelinus,Francia
Europe|flora|Carnegiella schereri,Europe,flora,Carnegiella schereri,Francia
Europe|flora|Megaleporinus trifasciatus,Europe,flora,Megaleporinus trifasciatus,Francia
Europe|flora|La gran final,Europe,flora,La gran final,Francia
Europe|flora|Euphorbia mellifera,Europe,flora,Euphorbia mellifera,España
Europe|flora|Pimelodella peruensis,Europe,flora,Pimelodella peruensis,Francia
Europe|flora|Heliconia bihai,Europe,flora,Heliconia bihai,Francia
Europe|flora|Elachocharax mitopterus,Europe,flora,Elachocharax mitopterus,Francia
Europe|flora|Biscutella glacialis,Europe,flora,Biscutella glacialis,España
Europe|flora|Melanorivulus kayapo,Europe,flora,Melanorivulus kayapo,Francia
Europe|flora|Ada Ciganlija,Europe,flora,Ada Ciganlija,Serbia
Europe|flora|Apteronotus albifrons,Europe,flora,Apteronotus albifrons,Francia
Europe|flora|Tridens melanops,Europe,flora,Tridens melanops,Francia
Europe|flora|Artemisia barrelieri,Europe,flora,Artemisia barrelieri,España
Europe|flora|Boraro,Europe,flora,Boraro,Francia
Europe|flora|Salvia × sylvestris,Europe,flora,Salvia × sylvestris,España
Europe|flora|Río Pachitea,Europe,flora,Río Pachitea,Francia
Europe|flora|Limonium perezii,Europe,flora,Limonium perezii,España
Europe|flora|Pinar del Hacho,Europe,flora,Pinar del Hacho,España
Europe|flora|Rhamnus glandulosa,Europe,flora,Rhamnus glandulosa,España
Europe|flora|Río Tiquié,Europe,flora,Río Tiquié,Francia
Europe|flora|Eigenmannia antonioi,Europe,flora,Eigenmannia antonioi,Francia
Europe|flora|Hydrolycus tatauaia,Europe,flora,Hydrolycus tatauaia,Francia
Europe|flora|Alcornoque de El Rincón,Europe,flora,Alcornoque de El Rincón,España
Europe|flora|Ageratina riparia,Europe,flora,Ageratina riparia,España
Europe|flora|Templo de Manaos,Europe,flora,Templo de Manaos,Francia
Europe|flora|Lenguas mura-pirahã-matanawí,Europe,flora,Lenguas mura-pirahã-matanawí,Francia
Europe|flora|Amazonia Legal,Europe,flora,Amazonia Legal,Francia
Europe|flora|Constitución del Estado Amazonas,Europe,flora,Constitución del Estado Amazonas,Francia
Europe|flora|Protium crassipetalum,Europe,flora,Protium crassipetalum,Francia
Europe|flora|Sierra del Caurel,Europe,flora,Sierra del Caurel,España
Europe|flora|Hoja de banana,Europe,flora,Hoja de banana,Francia
Europe|flora|Roccella canariensis,Europe,flora,Roccella canariensis,España
Europe|flora|Sonchus bourgeaui,Europe,flora,Sonchus bourgeaui,España
Europe|flora|Euphorbia × balfourii,Europe,flora,Euphorbia × balfourii,España
Europe|flora|Ardenas (región),Europe,flora,Ardenas (región),Francia
Europe|flora|Río Taraira,Europe,flora,Río Taraira,Francia
Europe|flora|Río Arinos,Europe,flora,Río Arinos,Francia
Europe|flora|Cuenca de Marajó,Europe,flora,Cuenca de Marajó,Francia
Europe|flora|ExpoAmazónica,Europe,flora,ExpoAmazónica,Francia
Europe|flora|Idioma urarina,Europe,flora,Idioma urarina,Francia
Europe|flora|Asteriscus graveolens,Europe,flora,Asteriscus graveolens,España
Europe|flora|Lenguas peba-yagua,Europe,flora,Lenguas peba-yagua,Francia
Europe|flora|Tierra indígena del Valle del Yavarí,Europe,flora,Tierra indígena del Valle del Yavarí,Francia
Europe|flora|Hypocnemis ochrogyna,Europe,flora,Hypocnemis ochrogyna,Francia
Europe|flora|Ponche de Iquitos,Europe,flora,Ponche de Iquitos,Francia
Europe|flora|Euphorbia polygalifolia,Europe,flora,Euphorbia polygalifolia,España
Europe|flora|Arboretum de Pézanin,Europe,flora,Arboretum de Pézanin,Francia
Europe|flora|Cebuella pygmaea,Europe,flora,Cebuella pygmaea,Francia
Europe|flora|Allagopappus dichotomus,Europe,flora,Allagopappus dichotomus,España
Europe|flora|Río Jatapu,Europe,flora,Río Jatapu,Francia
Europe|flora|Arenaria nevadensis,Europe,flora,Arenaria nevadensis,España
Europe|flora|Melanorivulus crixas,Europe,flora,Melanorivulus crixas,Francia
Europe|flora|Lomelosia cretica,Europe,flora,Lomelosia cretica,España
Europe|flora|Hemiodus vorderwinkleri,Europe,flora,Hemiodus vorderwinkleri,Francia
Europe|flora|Gymnotus carapo madeirensis,Europe,flora,Gymnotus carapo madeirensis,Francia
Europe|flora|Anodontites,Europe,flora,Anodontites,Francia
Europe|flora|Oficina Nacional de Bosques (Francia),Europe,flora,Oficina Nacional de Bosques (Francia),Francia
Europe|flora|Aeonium canariense,Europe,flora,Aeonium canariense,España
Europe|flora|Hypostomus virescens,Europe,flora,Hypostomus virescens,Francia
Europe|flora|Arboretum du col du Haut-Jacques,Europe,flora,Arboretum du col du Haut-Jacques,Francia
Europe|flora|Teleocichla prionogenys,Europe,flora,Teleocichla prionogenys,Francia
Europe|flora|Campanula decumbens,Europe,flora,Campanula decumbens,España
Europe|flora|Phyllomedusa tomopterna,Europe,flora,Phyllomedusa tomopterna,Francia
Europe|flora|Isla Santa Rosa (Loreto),Europe,flora,Isla Santa Rosa (Loreto),Francia
Europe|flora|Ancistrus dolichopterus,Europe,flora,Ancistrus dolichopterus,Francia
Europe|flora|Scoloplax,Europe,flora,Scoloplax,Francia
Europe|flora|Thayeria obliqua,Europe,flora,Thayeria obliqua,Francia
Europe|flora|Pachyurus stewarti,Europe,flora,Pachyurus stewarti,Francia
Europe|flora|Corydoras leucomelas,Europe,flora,Corydoras leucomelas,Francia
Europe|flora|Bunocephalus aleuropsis,Europe,flora,Bunocephalus aleuropsis,Francia
Europe|flora|Crenicichla lucius,Europe,flora,Crenicichla lucius,Francia
Europe|flora|Ceropegia fusca,Europe,flora,Ceropegia fusca,España
Europe|flora|Nannoptopoma sternoptychum,Europe,flora,Nannoptopoma sternoptychum,Francia
Europe|flora|Rhegmatorhina gymnops,Europe,flora,Rhegmatorhina gymnops,Francia
Europe|flora|Hemiodus immaculatus,Europe,flora,Hemiodus immaculatus,Francia
Europe|flora|Campo Bahia,Europe,flora,Campo Bahia,Francia
Europe|flora|Euphorbia maresii,Europe,flora,Euphorbia maresii,España
Europe|flora|Melanorivulus zygonectes,Europe,flora,Melanorivulus zygonectes,Francia
Europe|flora|Arboretum Curie,Europe,flora,Arboretum Curie,Francia
Europe|geography|Asiria (provincia romana),Europe,geography,Asiria (provincia romana),Italia
Europe|geography|Golfo de Carnaro,Europe,geography,Golfo de Carnaro,Croacia
Europe|geography|Laugavegur (Reikiavik),Europe,geography,Laugavegur (Reikiavik),Islandia
Europe|geography|Sierra de Rates,Europe,geography,Sierra de Rates,Portugal
Europe|geography|Provincia marítima de Villagarcía,Europe,geography,Provincia marítima de Villagarcía,España
Europe|geography|Anfípolis,Europe,geography,Anfípolis,Grecia
Europe|geography|Barrio de Ealing (Londres),Europe,geography,Barrio de Ealing (Londres),Reino Unido
Europe|geography|Guerra de los Ducados,Europe,geography,Guerra de los Ducados,Alemania
Europe|geography|Provincia de Zara,Europe,geography,Provincia de Zara,Croacia
Europe|geography|Tkon,Europe,geography,Tkon,Croacia
Europe|geography|Lamium hybridum,Europe,geography,Lamium hybridum,Croacia
Europe|geography|Eurociudad Badajoz-Elvas-Campomayor,Europe,geography,Eurociudad Badajoz-Elvas-Campomayor,España
Europe|geography|Dürrnberg,Europe,geography,Dürrnberg,Alemania
Europe|geography|Konavle,Europe,geography,Konavle,Croacia
Europe|geography|Tučenik,Europe,geography,Tučenik,Croacia
Europe|geography|Coronilla scorpioides,Europe,geography,Coronilla scorpioides,Croacia
Europe|geography|Geología de Asturias,Europe,geography,Geología de Asturias,España
Europe|geography|Estrecho de Urrácal,Europe,geography,Estrecho de Urrácal,España
Europe|geography|Combatientes de la guerra en Donbass,Europe,geography,Combatientes de la guerra en Donbass,Rusia
Europe|geography|Distrito de Bialystok,Europe,geography,Distrito de Bialystok,Alemania
Europe|geography|Jardim do Arco do Cego,Europe,geography,Jardim do Arco do Cego,Portugal
Europe|geography|Trebula Mutuesca,Europe,geography,Trebula Mutuesca,Italia
Europe|geography|Stara Gradiška,Europe,geography,Stara Gradiška,Croacia
Europe|geography|Flim-Flam!,Europe,geography,Flim-Flam!,Portugal
Europe|geography|Bybrua,Europe,geography,Bybrua,Noruega
Europe|geography|Mačvanska Mitrovica,Europe,geography,Mačvanska Mitrovica,Serbia
Europe|geography|Regiones de Noruega,Europe,geography,Regiones de Noruega,Noruega
Europe|geography|Río Almá (Crimea),Europe,geography,Río Almá (Crimea),Rusia
Europe|geography|Humedal de Bolue,Europe,geography,Humedal de Bolue,España
Europe|geography|Minas de Serón,Europe,geography,Minas de Serón,España
Europe|geography|Distrito de Komló,Europe,geography,Distrito de Komló,Hungría
Europe|geography|Alcantarillaíta,Europe,geography,Alcantarillaíta,España
Europe|geography|Abrivado,Europe,geography,Abrivado,Francia
Europe|geography|Le Coudray-Montceaux,Europe,geography,Le Coudray-Montceaux,Francia
Europe|geography|Las Cabañas de Castilla,Europe,geography,Las Cabañas de Castilla,España
Europe|geography|Castillo de Neratzia,Europe,geography,Castillo de Neratzia,Grecia
Europe|geography|Estrechos de Moyle,Europe,geography,Estrechos de Moyle,Reino Unido
Europe|geography|Peralejos de las Truchas,Europe,geography,Peralejos de las Truchas,España
Europe|geography|Parque natural del Prado de Cabanes-Torreblanca,Europe,geography,Parque natural del Prado de Cabanes-Torreblanca,España
Europe|geography|Golfo de Botnia,Europe,geography,Golfo de Botnia,Suecia
Europe|geography|Parque nacional Sør-Spitsbergen,Europe,geography,Parque nacional Sør-Spitsbergen,Noruega
Europe|geography|Knarrevik/Straume,Europe,geography,Knarrevik/Straume,Noruega
Europe|geography|Raiones y municipios nacionales,Europe,geography,Raiones y municipios nacionales,Rusia
Europe|geography|Monte Sacro,Europe,geography,Monte Sacro,Italia
Europe|geography|Río Lagan (Suecia),Europe,geography,Río Lagan (Suecia),Suecia
Europe|geography|Santa Lucía de la Sierra,Europe,geography,Santa Lucía de la Sierra,España
Europe|geography|Meseta central siberiana,Europe,geography,Meseta central siberiana,Rusia
Europe|geography|Ruta alemana del vino,Europe,geography,Ruta alemana del vino,Alemania
Europe|geography|Gruta Azul,Europe,geography,Gruta Azul,Italia
Europe|geography|Charlton (Londres),Europe,geography,Charlton (Londres),Reino Unido
Europe|geography|Aegidius Tschudi,Europe,geography,Aegidius Tschudi,Suiza
Europe|geography|Fosa de las Kuriles,Europe,geography,Fosa de las Kuriles,Rusia
Europe|geography|Cabo Roche,Europe,geography,Cabo Roche,España
Europe|geography|Utö,Europe,geography,Utö,Finlandia
Europe|geography|Puerta de Plastunka,Europe,geography,Puerta de Plastunka,Rusia
Europe|geography|Particularismo,Europe,geography,Particularismo,España
Europe|geography|Gladiolus atroviolaceus,Europe,geography,Gladiolus atroviolaceus,Croacia
Europe|geography|Concha del Peregrino,Europe,geography,Concha del Peregrino,España
Europe|geography|Condado de Aubarede,Europe,geography,Condado de Aubarede,Francia
Europe|geography|Parque natural regional de los Pirineos de Ariège,Europe,geography,Parque natural regional de los Pirineos de Ariège,España
Europe|geography|Sucro (oppidum),Europe,geography,Sucro (oppidum),España
Europe|geography|Historia de la región mediterránea,Europe,geography,Historia de la región mediterránea,Croacia
Europe|geography|Diócesis de Treviso,Europe,geography,Diócesis de Treviso,Italia
Europe|geography|Valles Valdenses,Europe,geography,Valles Valdenses,Italia
Europe|geography|Cuminum cyminum,Europe,geography,Cuminum cyminum,Croacia
Europe|geography|Minica de los Colores,Europe,geography,Minica de los Colores,España
Europe|geography|Ilíberis,Europe,geography,Ilíberis,España
Europe|geography|Frontera entre Grecia y Turquía,Europe,geography,Frontera entre Grecia y Turquía,Grecia
Europe|geography|Depresión danubiana,Europe,geography,Depresión danubiana,Croacia
Europe|geography|Cerro Masatrigo,Europe,geography,Cerro Masatrigo,España
Europe|geography|Monte de Valdelatas,Europe,geography,Monte de Valdelatas,España
Europe|geography|Río Ussuri,Europe,geography,Río Ussuri,Rusia
Europe|geography|Cuenca del Mediterráneo,Europe,geography,Cuenca del Mediterráneo,Croacia
Europe|geography|Emilia (región),Europe,geography,Emilia (región),Italia
Europe|geography|Mediodía francés,Europe,geography,Mediodía francés,Francia
Europe|geography|Laguna de Bertiandos y San Pedro de Arco,Europe,geography,Laguna de Bertiandos y San Pedro de Arco,Portugal
Europe|geography|Antecedentes históricos de la guerra ruso-ucraniana,Europe,geography,Antecedentes históricos de la guerra ruso-ucraniana,Rusia
Europe|geography|Ist (isla),Europe,geography,Ist (isla),Croacia
Europe|geography|Támega (subregión),Europe,geography,Támega (subregión),Portugal
Europe|geography|Nørrebro (Copenhague),Europe,geography,Nørrebro (Copenhague),Dinamarca
Europe|geography|Sumidero del Danubio,Europe,geography,Sumidero del Danubio,Alemania
Europe|geography|Parque ornitológico de Teich,Europe,geography,Parque ornitológico de Teich,Francia
Europe|geography|Maestrazgo,Europe,geography,Maestrazgo,España
Europe|geography|Bahía de Lisa,Europe,geography,Bahía de Lisa,Rusia
Europe|geography|Arrecife de la Florida,Europe,geography,Arrecife de la Florida,Portugal
Europe|geography|Embalse de Kániv,Europe,geography,Embalse de Kániv,Ucrania
Europe|geography|Pradera boreal de las islas Feroe,Europe,geography,Pradera boreal de las islas Feroe,Dinamarca
Europe|geography|Geografía de la Unión Soviética,Europe,geography,Geografía de la Unión Soviética,Rusia
Europe|geography|Monasterio de San Juan (San Juan de Ortega),Europe,geography,Monasterio de San Juan (San Juan de Ortega),España
Europe|geography|Frías de Albarracín,Europe,geography,Frías de Albarracín,España
Europe|geography|Desfiladero de Collegats,Europe,geography,Desfiladero de Collegats,España
Europe|geography|Castrejón de la Peña,Europe,geography,Castrejón de la Peña,España
Europe|geography|Eryngium amethystinum,Europe,geography,Eryngium amethystinum,Croacia
Europe|geography|Grandes lagos landeses,Europe,geography,Grandes lagos landeses,Francia
Europe|geography|Condado de Bjelovar-Bilogora,Europe,geography,Condado de Bjelovar-Bilogora,Croacia
Europe|geography|Campaña romana,Europe,geography,Campaña romana,Italia
Europe|geography|Crestonia,Europe,geography,Crestonia,Grecia
Europe|geography|Nacionalidad histórica,Europe,geography,Nacionalidad histórica,España
Europe|geography|Stożek Wielki,Europe,geography,Stożek Wielki,Polonia
Europe|geography|Reserva natural marina de Cerbère-Banyuls,Europe,geography,Reserva natural marina de Cerbère-Banyuls,Francia
Europe|object|Amadeus IT Group,Europe,object,Amadeus IT Group,España
Europe|object|Pedro Masaveu Rovira,Europe,object,Pedro Masaveu Rovira,España
Europe|object|Central Uruguay Railway Company,Europe,object,Central Uruguay Railway Company,Reino Unido
Europe|object|Sniace,Europe,object,Sniace,España
Europe|object|Hispasat,Europe,object,Hispasat,España
Europe|object|Air Inter,Europe,object,Air Inter,Francia
Europe|object|Astilleros Euskalduna,Europe,object,Astilleros Euskalduna,España
Europe|object|Big Finish Productions,Europe,object,Big Finish Productions,Reino Unido
Europe|object|Supercor,Europe,object,Supercor,España
Europe|object|Liberbank,Europe,object,Liberbank,España
Europe|object|Jean-Marc Vacheron,Europe,object,Jean-Marc Vacheron,Suiza
Europe|object|Editorial Magisterio Español,Europe,object,Editorial Magisterio Español,España
Europe|object|Nokia Pure,Europe,object,Nokia Pure,Finlandia
Europe|object|Editorial Esencia,Europe,object,Editorial Esencia,España
Europe|object|Salmson,Europe,object,Salmson,Francia
Europe|object|Rohrbach Metall-Flugzeugbau,Europe,object,Rohrbach Metall-Flugzeugbau,Alemania
Europe|object|Factory Records,Europe,object,Factory Records,Reino Unido
Europe|object|Editorial Cruïlla,Europe,object,Editorial Cruïlla,España
Europe|object|IDTGV,Europe,object,IDTGV,Francia
Europe|object|Nokia Morph,Europe,object,Nokia Morph,Finlandia
Europe|object|Deconstructeam,Europe,object,Deconstructeam,España
Europe|object|Throne Records,Europe,object,Throne Records,España
Europe|object|Criterion Games,Europe,object,Criterion Games,Reino Unido
Europe|object|Verkami,Europe,object,Verkami,España
Europe|object|Dro-Soft,Europe,object,Dro-Soft,España
Europe|object|Bread Ahead,Europe,object,Bread Ahead,Reino Unido
Europe|object|Línea 232 (Interurbanos Madrid),Europe,object,Línea 232 (Interurbanos Madrid),España
Europe|object|Sandra-Stella Triebl,Europe,object,Sandra-Stella Triebl,Suiza
Europe|object|RAI,Europe,object,RAI,Italia
Europe|object|Low Cost Rail,Europe,object,Low Cost Rail,España
Europe|object|Iberdrola Renovables,Europe,object,Iberdrola Renovables,España
Europe|object|Acciona Rail Services,Europe,object,Acciona Rail Services,España
Europe|object|AIDA Cruises,Europe,object,AIDA Cruises,Alemania
Europe|object|Ferrocarril del Oeste de Cornualles,Europe,object,Ferrocarril del Oeste de Cornualles,Reino Unido
Europe|object|Prensa Española,Europe,object,Prensa Española,España
Europe|object|Pozo Santa Eulalia,Europe,object,Pozo Santa Eulalia,España
Europe|object|Sport 2000,Europe,object,Sport 2000,Francia
Europe|object|SummuS Render,Europe,object,SummuS Render,España
Europe|object|Planet Mu,Europe,object,Planet Mu,Reino Unido
Europe|object|Lola Cars,Europe,object,Lola Cars,Reino Unido
Europe|object|Grabaciones Accidentales,Europe,object,Grabaciones Accidentales,España
Europe|object|Opera Rara,Europe,object,Opera Rara,Reino Unido
Europe|object|Coordinadora de Mitjans,Europe,object,Coordinadora de Mitjans,España
Europe|object|Shipping Forecast,Europe,object,Shipping Forecast,Reino Unido
"Europe|object|Christian Dior, S. A.",Europe,object,"Christian Dior, S. A.",Francia
Europe|object|Nokia Eco Sensor,Europe,object,Nokia Eco Sensor,Finlandia
Europe|object|Rai Gulp,Europe,object,Rai Gulp,Italia
Europe|object|Far Cry 3,Europe,object,Far Cry 3,Francia
Europe|object|Riu Hotels & Resorts,Europe,object,Riu Hotels & Resorts,España
Europe|object|CTT (Portugal),Europe,object,CTT (Portugal),Portugal
Europe|object|AWAL,Europe,object,AWAL,Reino Unido
Europe|object|Fresnillo plc,Europe,object,Fresnillo plc,Reino Unido
Europe|object|Far Cry 6,Europe,object,Far Cry 6,Francia
Europe|object|Thomas Schmidheiny,Europe,object,Thomas Schmidheiny,Suiza
Europe|object|SENER,Europe,object,SENER,España
Europe|object|Dennis Publishing,Europe,object,Dennis Publishing,Reino Unido
Europe|object|Music & Arts,Europe,object,Music & Arts,Reino Unido
Europe|object|Iberia (aerolínea),Europe,object,Iberia (aerolínea),España
Europe|object|IndyCar Racing,Europe,object,IndyCar Racing,Reino Unido
Europe|object|Tom Clancy's Ghost Recon Predator,Europe,object,Tom Clancy's Ghost Recon Predator,Francia
Europe|object|Grupo Lagardère,Europe,object,Grupo Lagardère,Francia
Europe|object|DAF (banda),Europe,object,DAF (banda),Reino Unido
Europe|object|La cita,Europe,object,La cita,España
Europe|object|Glitterhouse Records,Europe,object,Glitterhouse Records,Alemania
Europe|object|Compañía Británica de Sudáfrica,Europe,object,Compañía Británica de Sudáfrica,Reino Unido
Europe|object|Rudolf Dassler,Europe,object,Rudolf Dassler,Alemania
Europe|object|Caja de Crédito de los Ingenieros,Europe,object,Caja de Crédito de los Ingenieros,España
Europe|object|Páginas de Espuma,Europe,object,Páginas de Espuma,España
Europe|object|Plus (supermercados),Europe,object,Plus (supermercados),Alemania
Europe|object|Minas de Sulitjelma,Europe,object,Minas de Sulitjelma,Noruega
Europe|object|Letona (empresa),Europe,object,Letona (empresa),España
Europe|object|Frederic Vidal i Puig,Europe,object,Frederic Vidal i Puig,España
Europe|object|Lima Corporate,Europe,object,Lima Corporate,Italia
Europe|object|Kaiserliche Werft Kiel,Europe,object,Kaiserliche Werft Kiel,Alemania
Europe|object|SFR,Europe,object,SFR,Francia
Europe|object|Disney's Pinocchio (videojuego),Europe,object,Disney's Pinocchio (videojuego),Reino Unido
Europe|object|Air Tahiti,Europe,object,Air Tahiti,Francia
Europe|object|Sea of Solitude,Europe,object,Sea of Solitude,Francia
Europe|object|Lancashire Watch Company,Europe,object,Lancashire Watch Company,Reino Unido
Europe|object|Debenhams,Europe,object,Debenhams,Reino Unido
Europe|object|Deutsche Post,Europe,object,Deutsche Post,Alemania
Europe|object|UTair Express,Europe,object,UTair Express,Rusia
Europe|object|L'Échappée,Europe,object,L'Échappée,Francia
Europe|object|Ara llibres,Europe,object,Ara llibres,España
Europe|object|AlmuzaraLibros,Europe,object,AlmuzaraLibros,España
Europe|object|Edificio Shell Mex,Europe,object,Edificio Shell Mex,Reino Unido
Europe|object|Túnel Contumil-Rio Tinto,Europe,object,Túnel Contumil-Rio Tinto,Portugal
Europe|object|Givenchy,Europe,object,Givenchy,Francia
Europe|object|Rumasa,Europe,object,Rumasa,España
Europe|object|Línea 42A (Movibus),Europe,object,Línea 42A (Movibus),España
Europe|object|Just Dance 2022,Europe,object,Just Dance 2022,Francia
Europe|object|Bricoman,Europe,object,Bricoman,Francia
Europe|object|Ebel,Europe,object,Ebel,Suiza
Europe|object|SpetsTechnoExport (STE),Europe,object,SpetsTechnoExport (STE),Ucrania
Europe|object|Línea 44 (Movibus),Europe,object,Línea 44 (Movibus),España
Europe|object|Johnny Kniga,Europe,object,Johnny Kniga,Finlandia
Europe|object|DOVO Solingen,Europe,object,DOVO Solingen,Alemania
Europe|object|Lotto (marca),Europe,object,Lotto (marca),Italia
Europe|object|Kartell,Europe,object,Kartell,Italia
Europe|object|Darwin Airline,Europe,object,Darwin Airline,Suiza
Europe|public_figure|Alessio Casimirri,Europe,public_figure,Alessio Casimirri,Italia
Europe|public_figure|Paul Falkenberg,Europe,public_figure,Paul Falkenberg,Alemania
Europe|public_figure|Johnny Speight,Europe,public_figure,Johnny Speight,Reino Unido
Europe|public_figure|Julian Tudor Hart,Europe,public_figure,Julian Tudor Hart,Reino Unido
Europe|public_figure|Ettore Pinelli,Europe,public_figure,Ettore Pinelli,Italia
Europe|public_figure|Tony Hadley,Europe,public_figure,Tony Hadley,Reino Unido
Europe|public_figure|Gustav Holst,Europe,public_figure,Gustav Holst,Reino Unido
Europe|public_figure|Jacqueline Joubert,Europe,public_figure,Jacqueline Joubert,Francia
Europe|public_figure|Gregorio II,Europe,public_figure,Gregorio II,Italia
Europe|public_figure|John Grenville,Europe,public_figure,John Grenville,Alemania
Europe|public_figure|Raffaele La Capria,Europe,public_figure,Raffaele La Capria,Italia
Europe|public_figure|Fara Williams,Europe,public_figure,Fara Williams,Reino Unido
Europe|public_figure|Guy Lux,Europe,public_figure,Guy Lux,Francia
Europe|public_figure|Cedric Teuchert,Europe,public_figure,Cedric Teuchert,Alemania
Europe|public_figure|Richard Barbieri,Europe,public_figure,Richard Barbieri,Reino Unido
Europe|public_figure|Joan Dowling,Europe,public_figure,Joan Dowling,Reino Unido
Europe|public_figure|George Steevens,Europe,public_figure,George Steevens,Reino Unido
Europe|public_figure|Harvey Horn,Europe,public_figure,Harvey Horn,Reino Unido
Europe|public_figure|Pinuccia Nava,Europe,public_figure,Pinuccia Nava,Italia
Europe|public_figure|Prosper Jolyot de Crébillon,Europe,public_figure,Prosper Jolyot de Crébillon,Francia
Europe|public_figure|Elisabeth Lutyens,Europe,public_figure,Elisabeth Lutyens,Reino Unido
Europe|public_figure|Samuel Scott,Europe,public_figure,Samuel Scott,Reino Unido
Europe|public_figure|Max Décugis,Europe,public_figure,Max Décugis,Francia
Europe|public_figure|Cum universi,Europe,public_figure,Cum universi,Italia
Europe|public_figure|Francisco de Frías y Jacott,Europe,public_figure,Francisco de Frías y Jacott,Francia
Europe|public_figure|Jean-François Coulon,Europe,public_figure,Jean-François Coulon,Francia
Europe|public_figure|Otto Bauer,Europe,public_figure,Otto Bauer,Francia
Europe|public_figure|Francis Hayman,Europe,public_figure,Francis Hayman,Reino Unido
Europe|public_figure|Kitty Garman,Europe,public_figure,Kitty Garman,Reino Unido
Europe|public_figure|Jules-Félix Coutan,Europe,public_figure,Jules-Félix Coutan,Francia
Europe|public_figure|Emmanuelle Bach,Europe,public_figure,Emmanuelle Bach,Francia
Europe|public_figure|Grégory Doucet,Europe,public_figure,Grégory Doucet,Francia
Europe|public_figure|Diego Demme,Europe,public_figure,Diego Demme,Alemania
Europe|public_figure|Patrick Eris,Europe,public_figure,Patrick Eris,Francia
Europe|public_figure|Bill Brandt,Europe,public_figure,Bill Brandt,Reino Unido
Europe|public_figure|Mort Shuman,Europe,public_figure,Mort Shuman,Reino Unido
Europe|public_figure|Ada Kourí Barreto,Europe,public_figure,Ada Kourí Barreto,Italia
Europe|public_figure|Martin Hume,Europe,public_figure,Martin Hume,Reino Unido
Europe|public_figure|Eustache du Caurroy,Europe,public_figure,Eustache du Caurroy,Francia
Europe|public_figure|Alexander Aoraha,Europe,public_figure,Alexander Aoraha,Reino Unido
Europe|public_figure|Anna Maria Rizzoli,Europe,public_figure,Anna Maria Rizzoli,Italia
Europe|public_figure|Ludovic Vitet,Europe,public_figure,Ludovic Vitet,Francia
Europe|public_figure|Berthold Bartosch,Europe,public_figure,Berthold Bartosch,Francia
Europe|public_figure|Jacob Rodrigues Pereira,Europe,public_figure,Jacob Rodrigues Pereira,Francia
Europe|public_figure|Agnes Arber,Europe,public_figure,Agnes Arber,Reino Unido
Europe|public_figure|Peter Gay,Europe,public_figure,Peter Gay,Alemania
Europe|public_figure|Elizabeth Lucar,Europe,public_figure,Elizabeth Lucar,Reino Unido
Europe|public_figure|Jörg Wunderlich,Europe,public_figure,Jörg Wunderlich,Alemania
Europe|public_figure|Natasha Richardson,Europe,public_figure,Natasha Richardson,Reino Unido
Europe|public_figure|Renato Corsetti,Europe,public_figure,Renato Corsetti,Italia
Europe|public_figure|Max Doumic,Europe,public_figure,Max Doumic,Francia
Europe|public_figure|Antonio Mije,Europe,public_figure,Antonio Mije,Francia
Europe|public_figure|Gemma Gibbons,Europe,public_figure,Gemma Gibbons,Reino Unido
Europe|public_figure|Hubert Juin,Europe,public_figure,Hubert Juin,Francia
Europe|public_figure|Mario Scelba,Europe,public_figure,Mario Scelba,Italia
Europe|public_figure|Doug Sampson,Europe,public_figure,Doug Sampson,Reino Unido
Europe|public_figure|Emilio Bieckert,Europe,public_figure,Emilio Bieckert,Francia
Europe|public_figure|Algernon Ashton,Europe,public_figure,Algernon Ashton,Reino Unido
Europe|public_figure|Eugenio Garzón (periodista),Europe,public_figure,Eugenio Garzón (periodista),Francia
Europe|public_figure|Guy-Crescent Fagon,Europe,public_figure,Guy-Crescent Fagon,Francia
Europe|public_figure|Raj Patel,Europe,public_figure,Raj Patel,Reino Unido
Europe|public_figure|Peter B. Hirsch,Europe,public_figure,Peter B. Hirsch,Alemania
Europe|public_figure|Adolphe Crémieux,Europe,public_figure,Adolphe Crémieux,Francia
Europe|public_figure|Paolo Di Canio,Europe,public_figure,Paolo Di Canio,Italia
Europe|public_figure|Giovanni Girolamo Morone,Europe,public_figure,Giovanni Girolamo Morone,Italia
Europe|public_figure|Hélène Carrère d'Encausse,Europe,public_figure,Hélène Carrère d'Encausse,Francia
Europe|public_figure|Gustav Heinrich Wiedemann,Europe,public_figure,Gustav Heinrich Wiedemann,Alemania
Europe|public_figure|Jules Combarieu,Europe,public_figure,Jules Combarieu,Francia
Europe|public_figure|Antoine Cassar,Europe,public_figure,Antoine Cassar,Reino Unido
Europe|public_figure|Giulia Tofana,Europe,public_figure,Giulia Tofana,Italia
Europe|public_figure|Cat Stevens,Europe,public_figure,Cat Stevens,Reino Unido
Europe|public_figure|Karsten Finger,Europe,public_figure,Karsten Finger,Alemania
Europe|public_figure|Julián de Speyer,Europe,public_figure,Julián de Speyer,Francia
Europe|public_figure|Edme-Louis Daubenton,Europe,public_figure,Edme-Louis Daubenton,Francia
Europe|public_figure|Julia von Heinz,Europe,public_figure,Julia von Heinz,Alemania
Europe|public_figure|Eric Gancylus,Europe,public_figure,Eric Gancylus,Francia
Europe|public_figure|Francesca Quondamcarlo,Europe,public_figure,Francesca Quondamcarlo,Italia
Europe|public_figure|Claude Martin (remero),Europe,public_figure,Claude Martin (remero),Francia
Europe|public_figure|Guido Cantelli,Europe,public_figure,Guido Cantelli,Francia
Europe|public_figure|John Dobbin,Europe,public_figure,John Dobbin,Reino Unido
Europe|public_figure|Herbert Busemann,Europe,public_figure,Herbert Busemann,Alemania
Europe|public_figure|Antoine Spire,Europe,public_figure,Antoine Spire,Francia
Europe|public_figure|George Sand,Europe,public_figure,George Sand,Francia
Europe|public_figure|David Gledhill,Europe,public_figure,David Gledhill,Reino Unido
Europe|public_figure|Fousseni Diawara,Europe,public_figure,Fousseni Diawara,Francia
Europe|public_figure|Maurice de Vlaminck,Europe,public_figure,Maurice de Vlaminck,Francia
Europe|public_figure|Roger Chapelain-Midy,Europe,public_figure,Roger Chapelain-Midy,Francia
Europe|public_figure|Charles De Wailly,Europe,public_figure,Charles De Wailly,Francia
Europe|public_figure|Edmund Purdom,Europe,public_figure,Edmund Purdom,Italia
Europe|public_figure|John Julius Norwich,Europe,public_figure,John Julius Norwich,Reino Unido
Europe|public_figure|Andy Selva,Europe,public_figure,Andy Selva,Italia
Europe|public_figure|Jean-Pierre Filiu,Europe,public_figure,Jean-Pierre Filiu,Francia
Europe|public_figure|Louis Caput,Europe,public_figure,Louis Caput,Francia
Europe|public_figure|Marie-Jeanne L'Héritier,Europe,public_figure,Marie-Jeanne L'Héritier,Francia
Europe|public_figure|René Sergent,Europe,public_figure,René Sergent,Francia
Europe|public_figure|Alphonse Alkan,Europe,public_figure,Alphonse Alkan,Francia
Europe|public_figure|Julia Daudet,Europe,public_figure,Julia Daudet,Francia
Europe|public_figure|Umberto Bindi,Europe,public_figure,Umberto Bindi,Italia
Europe|public_figure|Louis Graveure,Europe,public_figure,Louis Graveure,Reino Unido
Europe|public_figure|Jehan Georges Vibert,Europe,public_figure,Jehan Georges Vibert,Francia
Europe|tradition|Matija Nenadović,Europe,tradition,Matija Nenadović,Serbia
Europe|tradition|Juan Ítalo,Europe,tradition,Juan Ítalo,Grecia
Europe|tradition|Abadía de Innichen,Europe,tradition,Abadía de Innichen,Italia
Europe|tradition|Palas (gigante),Europe,tradition,Palas (gigante),Grecia
Europe|tradition|Juan Duarte Martín,Europe,tradition,Juan Duarte Martín,España
Europe|tradition|Kilometroak,Europe,tradition,Kilometroak,España
Europe|tradition|Haïm Korsia,Europe,tradition,Haïm Korsia,Francia
Europe|tradition|Cipotegato,Europe,tradition,Cipotegato,España
Europe|tradition|SoKo (cantante),Europe,tradition,SoKo (cantante),Francia
Europe|tradition|Martinez de Pasqually,Europe,tradition,Martinez de Pasqually,Francia
Europe|tradition|Mirra Komarovsky,Europe,tradition,Mirra Komarovsky,Rusia
Europe|tradition|Les Santes,Europe,tradition,Les Santes,España
Europe|tradition|Santuario de Fátima,Europe,tradition,Santuario de Fátima,Portugal
Europe|tradition|Capilla de Santa Maria Assunta dei Pignatelli,Europe,tradition,Capilla de Santa Maria Assunta dei Pignatelli,Italia
Europe|tradition|Dioniso,Europe,tradition,Dioniso,Grecia
Europe|tradition|Colegiata de Santa María la Mayor (Briviesca),Europe,tradition,Colegiata de Santa María la Mayor (Briviesca),España
Europe|tradition|Carl I. Hagen,Europe,tradition,Carl I. Hagen,Noruega
Europe|tradition|Casa del Agua (cabo Espíchel),Europe,tradition,Casa del Agua (cabo Espíchel),Portugal
Europe|tradition|Ossip Zadkine,Europe,tradition,Ossip Zadkine,Rusia
Europe|tradition|Targitao,Europe,tradition,Targitao,Grecia
Europe|tradition|Anna Morpurgo Davies,Europe,tradition,Anna Morpurgo Davies,Italia
Europe|tradition|Día de las Instituciones de Cantabria,Europe,tradition,Día de las Instituciones de Cantabria,España
Europe|tradition|Fidel Fuidio,Europe,tradition,Fidel Fuidio,España
Europe|tradition|Pablo León Murciego,Europe,tradition,Pablo León Murciego,España
Europe|tradition|Gregorio de Ibi,Europe,tradition,Gregorio de Ibi,España
Europe|tradition|Juan Jubí,Europe,tradition,Juan Jubí,España
Europe|tradition|Josip Bozanić,Europe,tradition,Josip Bozanić,Croacia
Europe|tradition|Nuño Coresma,Europe,tradition,Nuño Coresma,España
Europe|tradition|Juan García Carpintero,Europe,tradition,Juan García Carpintero,España
Europe|tradition|Diócesis de Copenhague (católica),Europe,tradition,Diócesis de Copenhague (católica),Dinamarca
Europe|tradition|Piñeiro (Puebla de Trives),Europe,tradition,Piñeiro (Puebla de Trives),España
Europe|tradition|Ernst Würthwein,Europe,tradition,Ernst Würthwein,Alemania
Europe|tradition|Peter Binsfeld,Europe,tradition,Peter Binsfeld,Alemania
Europe|tradition|Concatedral de Santa María (Castellón),Europe,tradition,Concatedral de Santa María (Castellón),España
Europe|tradition|Raquel Liberman,Europe,tradition,Raquel Liberman,Polonia
Europe|tradition|Lirneso,Europe,tradition,Lirneso,Grecia
Europe|tradition|Dominique Strauss-Kahn,Europe,tradition,Dominique Strauss-Kahn,Francia
Europe|tradition|Iglesia de Nuestra Señora del Rosario (Vladímir),Europe,tradition,Iglesia de Nuestra Señora del Rosario (Vladímir),Rusia
Europe|tradition|Johanne Luise Heiberg,Europe,tradition,Johanne Luise Heiberg,Dinamarca
Europe|tradition|Boris Berman (pianista),Europe,tradition,Boris Berman (pianista),Rusia
Europe|tradition|Bollo maimón,Europe,tradition,Bollo maimón,España
Europe|tradition|Diego López de Cogolludo,Europe,tradition,Diego López de Cogolludo,España
Europe|tradition|Arde Lucus,Europe,tradition,Arde Lucus,España
Europe|tradition|Templo de Némesis,Europe,tradition,Templo de Némesis,Grecia
Europe|tradition|Jacob Katz,Europe,tradition,Jacob Katz,Hungría
Europe|tradition|Bernhard Weiß (teólogo),Europe,tradition,Bernhard Weiß (teólogo),Alemania
Europe|tradition|Leif Erikson,Europe,tradition,Leif Erikson,Islandia
Europe|tradition|Manuel Sancho Aguilar,Europe,tradition,Manuel Sancho Aguilar,España
Europe|tradition|Pértiga (liturgia),Europe,tradition,Pértiga (liturgia),España
Europe|tradition|Iglesia de Nanortalik,Europe,tradition,Iglesia de Nanortalik,Dinamarca
Europe|tradition|Bernard-Henri Lévy,Europe,tradition,Bernard-Henri Lévy,Francia
Europe|tradition|Nuestra Señora de Rocamadour,Europe,tradition,Nuestra Señora de Rocamadour,Francia
Europe|tradition|Les Carroces de Valdesoto,Europe,tradition,Les Carroces de Valdesoto,España
Europe|tradition|Antínoo Braschi,Europe,tradition,Antínoo Braschi,Grecia
Europe|tradition|Kurt Hiller,Europe,tradition,Kurt Hiller,Alemania
Europe|tradition|Encierros de Guadalajara,Europe,tradition,Encierros de Guadalajara,España
Europe|tradition|Iglesia católica en Rusia,Europe,tradition,Iglesia católica en Rusia,Rusia
Europe|tradition|FesTVal,Europe,tradition,FesTVal,España
Europe|tradition|Sunday Assembly,Europe,tradition,Sunday Assembly,Reino Unido
Europe|tradition|José Olallo Valdés,Europe,tradition,José Olallo Valdés,España
Europe|tradition|Petición antisemita,Europe,tradition,Petición antisemita,Alemania
Europe|tradition|Sancho de Moncada,Europe,tradition,Sancho de Moncada,España
Europe|tradition|Sankt Augustins Kirke,Europe,tradition,Sankt Augustins Kirke,Dinamarca
Europe|tradition|César Tiempo,Europe,tradition,César Tiempo,Ucrania
Europe|tradition|Hoguera de San Roque,Europe,tradition,Hoguera de San Roque,España
Europe|tradition|Vaca enmaromada de Palazuelo de Vedija,Europe,tradition,Vaca enmaromada de Palazuelo de Vedija,España
Europe|tradition|Museo de Semana Santa de Zamora,Europe,tradition,Museo de Semana Santa de Zamora,España
Europe|tradition|Festival de Cine Fantástico Internacional de París,Europe,tradition,Festival de Cine Fantástico Internacional de París,Francia
Europe|tradition|Basílica de Nuestra Señora de las Victorias (París),Europe,tradition,Basílica de Nuestra Señora de las Victorias (París),Francia
Europe|tradition|Festa d'Aran,Europe,tradition,Festa d'Aran,España
Europe|tradition|Meiga,Europe,tradition,Meiga,España
Europe|tradition|Convento de San Francisco (Mahón),Europe,tradition,Convento de San Francisco (Mahón),España
Europe|tradition|Cristóbal de Mesa,Europe,tradition,Cristóbal de Mesa,España
Europe|tradition|Corrado Segre,Europe,tradition,Corrado Segre,Italia
Europe|tradition|Antonino de Sorrento,Europe,tradition,Antonino de Sorrento,Italia
Europe|tradition|Pedro de Alva,Europe,tradition,Pedro de Alva,España
Europe|tradition|Mariquelo,Europe,tradition,Mariquelo,España
Europe|tradition|Iglesia baptista de Roma,Europe,tradition,Iglesia baptista de Roma,Italia
Europe|tradition|Lev Rubinstein,Europe,tradition,Lev Rubinstein,Rusia
Europe|tradition|Evergislo de Tongres,Europe,tradition,Evergislo de Tongres,Alemania
Europe|tradition|Alcíone (pléyade),Europe,tradition,Alcíone (pléyade),Grecia
Europe|tradition|Religiosas Terciarias Trinitarias,Europe,tradition,Religiosas Terciarias Trinitarias,España
Europe|tradition|Nuestra Señora de la Puerta del Alba,Europe,tradition,Nuestra Señora de la Puerta del Alba,Polonia
Europe|tradition|Uriel da Costa,Europe,tradition,Uriel da Costa,España
Europe|tradition|Brauronias,Europe,tradition,Brauronias,Grecia
Europe|tradition|Festival Medieval de Elche,Europe,tradition,Festival Medieval de Elche,España
Europe|tradition|Fin dal principio,Europe,tradition,Fin dal principio,Italia
Europe|tradition|Iglesia de la Ascensión (Kolomenskoye),Europe,tradition,Iglesia de la Ascensión (Kolomenskoye),Rusia
Europe|tradition|Fritz Zwicky,Europe,tradition,Fritz Zwicky,Suiza
Europe|tradition|Gonzalo Puente Ojea,Europe,tradition,Gonzalo Puente Ojea,España
Europe|tradition|Jesús Juárez Párraga,Europe,tradition,Jesús Juárez Párraga,España
Europe|tradition|Alonso de Espinosa (banquero),Europe,tradition,Alonso de Espinosa (banquero),España
Europe|tradition|Tserkvas de madera de la región de los Cárpatos en Polonia y Ucrania,Europe,tradition,Tserkvas de madera de la región de los Cárpatos en Polonia y Ucrania,Polonia
Europe|tradition|Nodicia de kesos,Europe,tradition,Nodicia de kesos,España
Europe|tradition|Leopold Zunz,Europe,tradition,Leopold Zunz,Alemania
Europe|tradition|Feria de la Miel (Boal),Europe,tradition,Feria de la Miel (Boal),España
Europe|tradition|Maratón de los Cuentos,Europe,tradition,Maratón de los Cuentos,España
Europe|tradition|Carnaval del Toro,Europe,tradition,Carnaval del Toro,España
Europe|tradition|Neócoro,Europe,tradition,Neócoro,Grecia
Europe|tradition|Monasterio de Santa María de la Caridad,Europe,tradition,Monasterio de Santa María de la Caridad,España
LATAM|dish|Fainá,LATAM,dish,Fainá,Uruguay
LATAM|dish|Vino de Uruguay,LATAM,dish,Vino de Uruguay,Uruguay
LATAM|dish|chupilca,LATAM,dish,chupilca,Argentina
LATAM|dish|aguardiente,LATAM,dish,aguardiente,Colombia
LATAM|dish|aulacomya atra,LATAM,dish,aulacomya atra,Chile
LATAM|dish|majarete,LATAM,dish,majarete,Costa Rica
LATAM|dish|avena fatua,LATAM,dish,avena fatua,México
LATAM|dish|epazote,LATAM,dish,epazote,México
LATAM|dish|nixtamal,LATAM,dish,nixtamal,México
LATAM|dish|ajillo,LATAM,dish,ajillo,México
LATAM|dish|Gastronomía de la República Dominicana,LATAM,dish,Gastronomía de la República Dominicana,República Dominicana
LATAM|dish|Carbonada,LATAM,dish,Carbonada,Bolivia
LATAM|dish|mojo (salsa),LATAM,dish,mojo (salsa),Uruguay
LATAM|dish|Grisín,LATAM,dish,Grisín,Paraguay
LATAM|dish|caburé (comida),LATAM,dish,caburé (comida),Argentina
LATAM|dish|cocoroco,LATAM,dish,cocoroco,Bolivia
LATAM|dish|chile piquín,LATAM,dish,chile piquín,México
LATAM|dish|Gastronomía de Tlaxcala,LATAM,dish,Gastronomía de Tlaxcala,México
LATAM|dish|té de cascarilla,LATAM,dish,té de cascarilla,Uruguay
LATAM|dish|ulpo,LATAM,dish,ulpo,Chile
LATAM|dish|pisco chileno,LATAM,dish,pisco chileno,Chile
LATAM|dish|solterito,LATAM,dish,solterito,Perú
LATAM|dish|fiesta de pillos,LATAM,dish,fiesta de pillos,Bolivia
LATAM|dish|kam lu wantán,LATAM,dish,kam lu wantán,Perú
LATAM|dish|ximbó,LATAM,dish,ximbó,México
LATAM|dish|recado rojo,LATAM,dish,recado rojo,México
LATAM|dish|casa de la virreina,LATAM,dish,casa de la virreina,México
LATAM|dish|Canelazo,LATAM,dish,Canelazo,Ecuador
LATAM|dish|arrollado de huaso,LATAM,dish,arrollado de huaso,Chile
LATAM|dish|fricasé de cerdo,LATAM,dish,fricasé de cerdo,Bolivia
LATAM|dish|chocolate parviao,LATAM,dish,chocolate parviao,Colombia
LATAM|dish|Perú Cola,LATAM,dish,Perú Cola,Perú
LATAM|dish|catara,LATAM,dish,catara,Venezuela
LATAM|dish|cangrejo reventado,LATAM,dish,cangrejo reventado,Perú
LATAM|dish|Gastronomía de Arequipa,LATAM,dish,Gastronomía de Arequipa,Perú
LATAM|dish|huevos divorciados,LATAM,dish,huevos divorciados,México
LATAM|dish|sopa de chuchuka con patas de cerdo,LATAM,dish,sopa de chuchuka con patas de cerdo,Ecuador
LATAM|dish|Tumba negro,LATAM,dish,Tumba negro,Bolivia
LATAM|dish|cerveza paceña,LATAM,dish,cerveza paceña,Bolivia
LATAM|dish|pecten maximus,LATAM,dish,pecten maximus,Perú
LATAM|dish|ceviche peruano,LATAM,dish,ceviche peruano,Perú
LATAM|dish|menyul,LATAM,dish,menyul,México
LATAM|dish|supán,LATAM,dish,supán,Ecuador
LATAM|dish|hojuela,LATAM,dish,hojuela,Chile
LATAM|dish|mike mercedes,LATAM,dish,mike mercedes,República Dominicana
LATAM|dish|cervezas de méxico,LATAM,dish,cervezas de méxico,México
LATAM|dish|Frejol colado,LATAM,dish,Frejol colado,Perú
LATAM|dish|casado (plato),LATAM,dish,casado (plato),Costa Rica
LATAM|dish|hielito,LATAM,dish,hielito,Colombia
LATAM|dish|dominó (chile),LATAM,dish,dominó (chile),Chile
LATAM|dish|Instituto de la Uva de la UCLA,LATAM,dish,Instituto de la Uva de la UCLA,Venezuela
LATAM|dish|fritanga (bolivia),LATAM,dish,fritanga (bolivia),Bolivia
LATAM|dish|Tarefero,LATAM,dish,Tarefero,Bolivia
LATAM|dish|Alcitrón,LATAM,dish,Alcitrón,Honduras
LATAM|dish|chogosta,LATAM,dish,chogosta,México
LATAM|dish|hallaquita,LATAM,dish,hallaquita,Venezuela
LATAM|dish|pectinidae,LATAM,dish,pectinidae,Perú
LATAM|dish|comida corrida,LATAM,dish,comida corrida,México
LATAM|dish|mote con huesillos,LATAM,dish,mote con huesillos,Chile
LATAM|dish|Escuís,LATAM,dish,Escuís,México
LATAM|dish|capias,LATAM,dish,capias,Argentina
LATAM|dish|luces de la habana,LATAM,dish,luces de la habana,Cuba
LATAM|dish|guanta ahumada,LATAM,dish,guanta ahumada,Ecuador
LATAM|dish|salsa roja picante (méxico),LATAM,dish,salsa roja picante (méxico),México
LATAM|dish|teresa ocampo,LATAM,dish,teresa ocampo,Perú
LATAM|dish|pionono,LATAM,dish,pionono,Argentina
LATAM|dish|carne mechada (estofado),LATAM,dish,carne mechada (estofado),Colombia
LATAM|dish|tinga,LATAM,dish,tinga,México
LATAM|dish|naiboa,LATAM,dish,naiboa,Venezuela
LATAM|dish|bar cinzano,LATAM,dish,bar cinzano,Chile
LATAM|dish|chuchuhuasi (licor),LATAM,dish,chuchuhuasi (licor),Perú
LATAM|dish|Menudo (comida),LATAM,dish,Menudo (comida),México
LATAM|dish|pique macho,LATAM,dish,pique macho,Bolivia
LATAM|dish|beso de moza,LATAM,dish,beso de moza,Perú
LATAM|dish|Astor Birra,LATAM,dish,Astor Birra,Argentina
LATAM|dish|bar el hacha,LATAM,dish,bar el hacha,Uruguay
LATAM|dish|desayuno electoral,LATAM,dish,desayuno electoral,Perú
LATAM|dish|aguado de gallina,LATAM,dish,aguado de gallina,Ecuador
LATAM|dish|dulce de lechosa,LATAM,dish,dulce de lechosa,Venezuela
LATAM|dish|sucumbé,LATAM,dish,sucumbé,Bolivia
LATAM|dish|salsa criolla,LATAM,dish,salsa criolla,Argentina
LATAM|dish|mangú,LATAM,dish,mangú,República Dominicana
LATAM|dish|borgoña (bebida),LATAM,dish,borgoña (bebida),Chile
LATAM|dish|Pastel de choclo,LATAM,dish,Pastel de choclo,Argentina
LATAM|dish|suspiro (panameño),LATAM,dish,suspiro (panameño),Panamá
LATAM|dish|tlatonile,LATAM,dish,tlatonile,Bolivia
LATAM|dish|Rocoto relleno,LATAM,dish,Rocoto relleno,Perú
LATAM|dish|hervido (bebida),LATAM,dish,hervido (bebida),Colombia
LATAM|dish|hoja de maíz,LATAM,dish,hoja de maíz,México
LATAM|dish|Canna indica,LATAM,dish,Canna indica,México
LATAM|dish|crema de huacatay,LATAM,dish,crema de huacatay,Perú
LATAM|dish|pan de arani,LATAM,dish,pan de arani,Bolivia
LATAM|dish|gastronomía de salta,LATAM,dish,gastronomía de salta,Argentina
LATAM|dish|museo del vino de mendoza,LATAM,dish,museo del vino de mendoza,Argentina
LATAM|dish|virgilio martínez,LATAM,dish,virgilio martínez,Perú
LATAM|dish|blepharocalyx salicifolius,LATAM,dish,blepharocalyx salicifolius,Uruguay
LATAM|dish|nerita fulgurans,LATAM,dish,nerita fulgurans,Perú
LATAM|dish|chepina peralta,LATAM,dish,chepina peralta,México
LATAM|dish|garnacha (alimento),LATAM,dish,garnacha (alimento),México
LATAM|dish|café de paraguay,LATAM,dish,café de paraguay,Paraguay
LATAM|fauna|Acestrocephalus pallidus,LATAM,fauna,Acestrocephalus pallidus,Bolivia
LATAM|fauna|Patia cordillera,LATAM,fauna,Patia cordillera,Colombia
LATAM|fauna|Dekeyseria amazonica,LATAM,fauna,Dekeyseria amazonica,Colombia
LATAM|fauna|Pyrinia tarapotata,LATAM,fauna,Pyrinia tarapotata,Perú
LATAM|fauna|arapaima,LATAM,fauna,arapaima,Bolivia
LATAM|fauna|Cheracebus lugens,LATAM,fauna,Cheracebus lugens,Bolivia
LATAM|fauna|Pyrrhura rhodocephala,LATAM,fauna,Pyrrhura rhodocephala,Venezuela
LATAM|fauna|Astyanax venezuelae,LATAM,fauna,Astyanax venezuelae,Venezuela
LATAM|fauna|Amorbia rectilineana,LATAM,fauna,Amorbia rectilineana,Panamá
LATAM|fauna|Nephelornis oneilli,LATAM,fauna,Nephelornis oneilli,Perú
LATAM|fauna|Eleutherodactylus thomasi,LATAM,fauna,Eleutherodactylus thomasi,Cuba
LATAM|fauna|Mecaphesa gertschi,LATAM,fauna,Mecaphesa gertschi,El Salvador
LATAM|fauna|Saimiri oerstedii,LATAM,fauna,Saimiri oerstedii,Costa Rica
LATAM|fauna|dacnis flaviventer,LATAM,fauna,dacnis flaviventer,Bolivia
LATAM|fauna|Callicebus oenanthe,LATAM,fauna,Callicebus oenanthe,Perú
LATAM|fauna|leporinus friderici,LATAM,fauna,leporinus friderici,Bolivia
LATAM|fauna|Ischnoptera pallipes,LATAM,fauna,Ischnoptera pallipes,Perú
LATAM|fauna|Anolis macrophallus,LATAM,fauna,Anolis macrophallus,El Salvador
LATAM|fauna|Anomaloglossus tamacuarensis,LATAM,fauna,Anomaloglossus tamacuarensis,Venezuela
LATAM|fauna|Marmosops parvidens,LATAM,fauna,Marmosops parvidens,Venezuela
LATAM|fauna|Anelaphus yucatecus,LATAM,fauna,Anelaphus yucatecus,México
LATAM|fauna|Oncideres crassicornis,LATAM,fauna,Oncideres crassicornis,Ecuador
LATAM|fauna|centrolene savagei,LATAM,fauna,centrolene savagei,Colombia
LATAM|fauna|Centruroides suffusus,LATAM,fauna,Centruroides suffusus,México
LATAM|fauna|Colossoma macropomum,LATAM,fauna,Colossoma macropomum,Colombia
LATAM|fauna|pyrilia aurantiocephala,LATAM,fauna,pyrilia aurantiocephala,Bolivia
LATAM|fauna|Ancistrus variolus,LATAM,fauna,Ancistrus variolus,Colombia
LATAM|fauna|Leptotila pallida,LATAM,fauna,Leptotila pallida,Ecuador
LATAM|fauna|Anaxyrus californicus,LATAM,fauna,Anaxyrus californicus,México
LATAM|fauna|Amorbia concavana,LATAM,fauna,Amorbia concavana,Panamá
LATAM|fauna|Elateropsis reticulata,LATAM,fauna,Elateropsis reticulata,Cuba
LATAM|fauna|oncideres colombiana,LATAM,fauna,oncideres colombiana,Bolivia
LATAM|fauna|Pseudastur occidentalis,LATAM,fauna,Pseudastur occidentalis,Colombia
LATAM|fauna|Cerro Peñón Blanco,LATAM,fauna,Cerro Peñón Blanco,Venezuela
LATAM|fauna|eburodacrys inaequalis,LATAM,fauna,eburodacrys inaequalis,Bolivia
LATAM|fauna|Allobates bromelicola,LATAM,fauna,Allobates bromelicola,Venezuela
LATAM|fauna|Aegomorphus brevicornis,LATAM,fauna,Aegomorphus brevicornis,Argentina
LATAM|fauna|Contopus bogotensis,LATAM,fauna,Contopus bogotensis,México
LATAM|fauna|Tremacebus harringtoni,LATAM,fauna,Tremacebus harringtoni,Argentina
LATAM|fauna|platyrinchus platyrhynchos,LATAM,fauna,platyrinchus platyrhynchos,Bolivia
LATAM|fauna|Creagrutus lassoi,LATAM,fauna,Creagrutus lassoi,Venezuela
LATAM|fauna|asterophysus batrachus,LATAM,fauna,asterophysus batrachus,Bolivia
LATAM|fauna|Micrastur mintoni,LATAM,fauna,Micrastur mintoni,Colombia
LATAM|fauna|Streptoprocne phelpsi,LATAM,fauna,Streptoprocne phelpsi,Venezuela
LATAM|fauna|Pterygoplichthys punctatus,LATAM,fauna,Pterygoplichthys punctatus,Colombia
LATAM|fauna|Atelopus sorianoi,LATAM,fauna,Atelopus sorianoi,Venezuela
LATAM|fauna|Cupiennius salei,LATAM,fauna,Cupiennius salei,México
LATAM|fauna|Pheidole acutidens,LATAM,fauna,Pheidole acutidens,Argentina
LATAM|fauna|Girardinus cubensis,LATAM,fauna,Girardinus cubensis,Cuba
LATAM|fauna|cryptotis avia,LATAM,fauna,cryptotis avia,Colombia
LATAM|fauna|solenoptera intermedia,LATAM,fauna,solenoptera intermedia,Colombia
LATAM|fauna|Gastrotheca atympana,LATAM,fauna,Gastrotheca atympana,Perú
LATAM|fauna|Dendrotriton chujorum,LATAM,fauna,Dendrotriton chujorum,Guatemala
LATAM|fauna|Eunectes murinus,LATAM,fauna,Eunectes murinus,Bolivia
LATAM|fauna|Sicalis raimondii,LATAM,fauna,Sicalis raimondii,Perú
LATAM|fauna|Chamaeza campanisona,LATAM,fauna,Chamaeza campanisona,Venezuela
LATAM|fauna|Gastrotheca cuencana,LATAM,fauna,Gastrotheca cuencana,Ecuador
LATAM|fauna|Gnomidolon amaurum,LATAM,fauna,Gnomidolon amaurum,Perú
LATAM|fauna|Camarhynchus pauper,LATAM,fauna,Camarhynchus pauper,Ecuador
LATAM|fauna|phalcoboenus carunculatus,LATAM,fauna,phalcoboenus carunculatus,Colombia
LATAM|fauna|Día Internacional del Jaguar,LATAM,fauna,Día Internacional del Jaguar,Argentina
LATAM|fauna|Craugastor guerreroensis,LATAM,fauna,Craugastor guerreroensis,México
LATAM|fauna|sipia berlepschi,LATAM,fauna,sipia berlepschi,Colombia
LATAM|fauna|Elliotomyia viridicauda,LATAM,fauna,Elliotomyia viridicauda,Perú
LATAM|fauna|Gastrotheca guentheri,LATAM,fauna,Gastrotheca guentheri,Ecuador
LATAM|fauna|rhinella arunco,LATAM,fauna,rhinella arunco,Chile
LATAM|fauna|Myotis dinellii,LATAM,fauna,Myotis dinellii,Argentina
LATAM|fauna|Larus atlanticus,LATAM,fauna,Larus atlanticus,Uruguay
LATAM|fauna|Cyanolimnas cerverai,LATAM,fauna,Cyanolimnas cerverai,Cuba
LATAM|fauna|Pyrocephalus nanus,LATAM,fauna,Pyrocephalus nanus,Ecuador
LATAM|fauna|Marmosops cracens,LATAM,fauna,Marmosops cracens,Venezuela
LATAM|fauna|Crenicichla chicha,LATAM,fauna,Crenicichla chicha,Colombia
LATAM|fauna|petilipinnis grunniens,LATAM,fauna,petilipinnis grunniens,Bolivia
LATAM|fauna|Colobothea mosaica,LATAM,fauna,Colobothea mosaica,Venezuela
LATAM|fauna|Cryptotis hondurensis,LATAM,fauna,Cryptotis hondurensis,Honduras
LATAM|fauna|Tamandua mexicana,LATAM,fauna,Tamandua mexicana,Colombia
LATAM|fauna|Mysateles melanurus,LATAM,fauna,Mysateles melanurus,Cuba
LATAM|fauna|Nectocaecilia petersii,LATAM,fauna,Nectocaecilia petersii,Colombia
LATAM|fauna|topaza pella,LATAM,fauna,topaza pella,Bolivia
LATAM|fauna|atacamatitan chilensis,LATAM,fauna,atacamatitan chilensis,Chile
LATAM|fauna|Aegognathus leuthneri,LATAM,fauna,Aegognathus leuthneri,Ecuador
LATAM|fauna|Leptodactylus luctator,LATAM,fauna,Leptodactylus luctator,Argentina
LATAM|fauna|Gnomidolon colasi,LATAM,fauna,Gnomidolon colasi,Perú
LATAM|fauna|Aotus griseimembra,LATAM,fauna,Aotus griseimembra,Venezuela
LATAM|fauna|trogon mesurus,LATAM,fauna,trogon mesurus,Colombia
LATAM|fauna|natalus brevimanus,LATAM,fauna,natalus brevimanus,Colombia
LATAM|fauna|Glironia venusta,LATAM,fauna,Glironia venusta,Colombia
LATAM|fauna|Thorius tlaxiacus,LATAM,fauna,Thorius tlaxiacus,México
LATAM|fauna|Mazama nemorivaga,LATAM,fauna,Mazama nemorivaga,Bolivia
LATAM|fauna|lepidoblepharis nukak,LATAM,fauna,lepidoblepharis nukak,Colombia
LATAM|fauna|O Amigo da Onça,LATAM,fauna,O Amigo da Onça,Argentina
LATAM|fauna|Chiropterotriton miquihuanus,LATAM,fauna,Chiropterotriton miquihuanus,México
LATAM|fauna|Microcavia sorojchi,LATAM,fauna,Microcavia sorojchi,Argentina
LATAM|fauna|Deltochilum sericeum,LATAM,fauna,Deltochilum sericeum,Bolivia
LATAM|fauna|Grundulus bogotensis,LATAM,fauna,Grundulus bogotensis,Colombia
LATAM|fauna|Phrynus parvulus,LATAM,fauna,Phrynus parvulus,México
LATAM|fauna|hypancistrus inspector,LATAM,fauna,hypancistrus inspector,Bolivia
LATAM|fauna|Lonchophylla handleyi,LATAM,fauna,Lonchophylla handleyi,Ecuador
LATAM|fauna|Ancistrus eustictus,LATAM,fauna,Ancistrus eustictus,Colombia
LATAM|fauna|Chelonoidis porteri,LATAM,fauna,Chelonoidis porteri,Ecuador
LATAM|flora|cyttaria espinosae,LATAM,flora,cyttaria espinosae,Chile
LATAM|flora|hamadryas argentea,LATAM,flora,hamadryas argentea,Argentina
LATAM|flora|Acanthocereus chiapensis,LATAM,flora,Acanthocereus chiapensis,Guatemala
LATAM|flora|alstroemeria diluta,LATAM,flora,alstroemeria diluta,Chile
LATAM|flora|myrmecophila tibicinis,LATAM,flora,myrmecophila tibicinis,Colombia
LATAM|flora|Quercus sapotifolia,LATAM,flora,Quercus sapotifolia,Honduras
LATAM|flora|halimolobos jaegeri,LATAM,flora,halimolobos jaegeri,México
LATAM|flora|senna candolleana,LATAM,flora,senna candolleana,Chile
LATAM|flora|eriosyce robusta,LATAM,flora,eriosyce robusta,Chile
LATAM|flora|echeveria cante,LATAM,flora,echeveria cante,México
LATAM|flora|okenia hypogaea,LATAM,flora,okenia hypogaea,México
LATAM|flora|echinocereus berlandieri,LATAM,flora,echinocereus berlandieri,México
LATAM|flora|mammillaria sanchez-mejoradae,LATAM,flora,mammillaria sanchez-mejoradae,México
LATAM|flora|atriplex vallenarensis,LATAM,flora,atriplex vallenarensis,Chile
LATAM|flora|echeveria harmsii,LATAM,flora,echeveria harmsii,México
LATAM|flora|Beloglottis costaricensis,LATAM,flora,Beloglottis costaricensis,República Dominicana
LATAM|flora|barkeria strophinx,LATAM,flora,barkeria strophinx,México
LATAM|flora|eriosyce heinrichiana,LATAM,flora,eriosyce heinrichiana,Chile
LATAM|flora|heliopsis longipes,LATAM,flora,heliopsis longipes,México
LATAM|flora|pleopeltis pinnatifida,LATAM,flora,pleopeltis pinnatifida,Argentina
LATAM|flora|Aylostera einsteinii,LATAM,flora,Aylostera einsteinii,Argentina
LATAM|flora|Escallonia bifida,LATAM,flora,Escallonia bifida,Argentina
LATAM|flora|Cereus repandus,LATAM,flora,Cereus repandus,Colombia
LATAM|flora|echinocereus pentalophus,LATAM,flora,echinocereus pentalophus,México
LATAM|flora|Dicliptera squarrosa,LATAM,flora,Dicliptera squarrosa,Bolivia
LATAM|flora|Ramorinoa,LATAM,flora,Ramorinoa,Argentina
LATAM|flora|pilosocereus chrysacanthus,LATAM,flora,pilosocereus chrysacanthus,México
LATAM|flora|helicteres guazumifolia,LATAM,flora,helicteres guazumifolia,México
LATAM|flora|mammillaria luethyi,LATAM,flora,mammillaria luethyi,México
LATAM|flora|elaeagia pastoensis,LATAM,flora,elaeagia pastoensis,Colombia
LATAM|flora|tillandsia seleriana,LATAM,flora,tillandsia seleriana,México
LATAM|flora|balbisia miniata,LATAM,flora,balbisia miniata,Argentina
LATAM|flora|prunus salicifolia,LATAM,flora,prunus salicifolia,México
LATAM|flora|erigeron longipes,LATAM,flora,erigeron longipes,México
LATAM|flora|cyttaria harioti,LATAM,flora,cyttaria harioti,Chile
LATAM|flora|larrea nitida,LATAM,flora,larrea nitida,Argentina
LATAM|flora|Armatocereus procerus,LATAM,flora,Armatocereus procerus,Perú
LATAM|flora|gymnocalycium mostii,LATAM,flora,gymnocalycium mostii,Argentina
LATAM|flora|metastevia hintonii,LATAM,flora,metastevia hintonii,México
LATAM|flora|ourisia biflora,LATAM,flora,ourisia biflora,Bolivia
LATAM|flora|adesmia leiocarpa,LATAM,flora,adesmia leiocarpa,Chile
LATAM|flora|alstroemeria leporina,LATAM,flora,alstroemeria leporina,Chile
LATAM|flora|ateleia salicifolia,LATAM,flora,ateleia salicifolia,Cuba
LATAM|flora|solanum ovalifolium,LATAM,flora,solanum ovalifolium,Colombia
LATAM|flora|manilkara zapota,LATAM,flora,manilkara zapota,México
LATAM|flora|acacia bucheri,LATAM,flora,acacia bucheri,Cuba
LATAM|flora|ourisia breviflora subsp. breviflora,LATAM,flora,ourisia breviflora subsp. breviflora,Argentina
LATAM|flora|alstroemeria kingii,LATAM,flora,alstroemeria kingii,Chile
LATAM|flora|gevuina avellana,LATAM,flora,gevuina avellana,Chile
LATAM|flora|melochia manducata,LATAM,flora,melochia manducata,Cuba
LATAM|flora|coccothrinax salvatoris,LATAM,flora,coccothrinax salvatoris,Cuba
LATAM|flora|ferocactus diguetii,LATAM,flora,ferocactus diguetii,México
LATAM|flora|parodia aureicentra,LATAM,flora,parodia aureicentra,Argentina
LATAM|flora|corryocactus tarijensis,LATAM,flora,corryocactus tarijensis,Bolivia
LATAM|flora|adesmia aromatica,LATAM,flora,adesmia aromatica,Chile
LATAM|flora|cochemiea insularis,LATAM,flora,cochemiea insularis,México
LATAM|flora|Justicia roigii,LATAM,flora,Justicia roigii,Cuba
LATAM|flora|quercus virginiana,LATAM,flora,quercus virginiana,México
LATAM|flora|Echinopsis schieliana,LATAM,flora,Echinopsis schieliana,Bolivia
LATAM|flora|Cumulopuntia unguispina,LATAM,flora,Cumulopuntia unguispina,Perú
LATAM|flora|ceiba pentandra,LATAM,flora,ceiba pentandra,México
LATAM|flora|corynabutilon ochsenii,LATAM,flora,corynabutilon ochsenii,Chile
LATAM|flora|cylindropuntia leptocaulis,LATAM,flora,cylindropuntia leptocaulis,México
LATAM|flora|Condalia microphylla,LATAM,flora,Condalia microphylla,Argentina
LATAM|flora|paphinia rugosa,LATAM,flora,paphinia rugosa,Colombia
LATAM|flora|ovidia pillopillo,LATAM,flora,ovidia pillopillo,Chile
LATAM|flora|euphorbia gradyi,LATAM,flora,euphorbia gradyi,México
LATAM|flora|pseudonemacladus,LATAM,flora,pseudonemacladus,México
LATAM|flora|echinocereus viereckii,LATAM,flora,echinocereus viereckii,México
LATAM|flora|Pterygiosperma tehuelches,LATAM,flora,Pterygiosperma tehuelches,Argentina
LATAM|flora|Coccochondra,LATAM,flora,Coccochondra,Venezuela
LATAM|flora|acanthosyris asipapote,LATAM,flora,acanthosyris asipapote,Bolivia
LATAM|flora|stenocactus lamellosus,LATAM,flora,stenocactus lamellosus,México
LATAM|flora|allium atrorubens,LATAM,flora,allium atrorubens,México
LATAM|flora|harrisia martinii,LATAM,flora,harrisia martinii,Argentina
LATAM|flora|brocchinia hitchcockii,LATAM,flora,brocchinia hitchcockii,Venezuela
LATAM|flora|euphorbia bracteata,LATAM,flora,euphorbia bracteata,México
LATAM|flora|adesmia karraikensis,LATAM,flora,adesmia karraikensis,Argentina
LATAM|flora|passiflora pilosa,LATAM,flora,passiflora pilosa,México
LATAM|flora|adesmia tehuelcha,LATAM,flora,adesmia tehuelcha,Argentina
LATAM|flora|nothoscordum izaguirreae,LATAM,flora,nothoscordum izaguirreae,Uruguay
LATAM|flora|euphorbia parishii,LATAM,flora,euphorbia parishii,México
LATAM|flora|Cereus pachyrrhizus,LATAM,flora,Cereus pachyrrhizus,Paraguay
LATAM|flora|borzicactus tenuiserpens,LATAM,flora,borzicactus tenuiserpens,Perú
LATAM|flora|goodyera oblongifolia,LATAM,flora,goodyera oblongifolia,México
LATAM|flora|maxillaria desvauxiana,LATAM,flora,maxillaria desvauxiana,México
LATAM|flora|nolana sedifolia,LATAM,flora,nolana sedifolia,Chile
LATAM|flora|senecio aphanactis,LATAM,flora,senecio aphanactis,México
LATAM|flora|chromolaena bullata,LATAM,flora,chromolaena bullata,Colombia
LATAM|flora|oncidium incurvum,LATAM,flora,oncidium incurvum,México
LATAM|flora|Echinopsis caineana,LATAM,flora,Echinopsis caineana,Bolivia
LATAM|flora|nicté-ha,LATAM,flora,nicté-ha,México
LATAM|flora|brocchinia delicatula,LATAM,flora,brocchinia delicatula,Venezuela
LATAM|flora|castilleja affinis,LATAM,flora,castilleja affinis,México
LATAM|flora|selenicereus tonduzii,LATAM,flora,selenicereus tonduzii,Costa Rica
LATAM|flora|hoffmannseggia erecta,LATAM,flora,hoffmannseggia erecta,Argentina
LATAM|flora|Disocactus biformis,LATAM,flora,Disocactus biformis,El Salvador
LATAM|flora|mammillaria hahniana,LATAM,flora,mammillaria hahniana,México
LATAM|flora|tristagma graminifolium,LATAM,flora,tristagma graminifolium,Chile
LATAM|flora|brachystigma wrightii,LATAM,flora,brachystigma wrightii,México
LATAM|geography|iquique,LATAM,geography,iquique,Chile
LATAM|geography|Cabillus lacertops,LATAM,geography,Cabillus lacertops,Costa Rica
LATAM|geography|Informe Franck,LATAM,geography,Informe Franck,Costa Rica
LATAM|geography|Jean-Baptiste Charles Bouvet de Lozier,LATAM,geography,Jean-Baptiste Charles Bouvet de Lozier,Cuba
LATAM|geography|Potamotrygon amandae,LATAM,geography,Potamotrygon amandae,Paraguay
LATAM|geography|Junta Política de Hebei-Chahar,LATAM,geography,Junta Política de Hebei-Chahar,Costa Rica
LATAM|geography|Linconia (colonia),LATAM,geography,Linconia (colonia),Panamá
LATAM|geography|Copa Centroamericana Campeones de Copa 1991,LATAM,geography,Copa Centroamericana Campeones de Copa 1991,Guatemala
LATAM|geography|Groton (Connecticut),LATAM,geography,Groton (Connecticut),Cuba
LATAM|geography|páramo de ocetá,LATAM,geography,páramo de ocetá,Colombia
LATAM|geography|Isla Larga (Los Roques),LATAM,geography,Isla Larga (Los Roques),Venezuela
LATAM|geography|Península de La Guajira,LATAM,geography,Península de La Guajira,Colombia
LATAM|geography|Timushán,LATAM,geography,Timushán,Guatemala
LATAM|geography|eje central de bolivia,LATAM,geography,eje central de bolivia,Bolivia
LATAM|geography|El Caño,LATAM,geography,El Caño,Panamá
LATAM|geography|Nueva Mestre,LATAM,geography,Nueva Mestre,Paraguay
LATAM|geography|Pampa de Achala,LATAM,geography,Pampa de Achala,Argentina
LATAM|geography|Laguna Victoria,LATAM,geography,Laguna Victoria,Bolivia
LATAM|geography|efectos del temporal del norte de chile de 2015 en atacama,LATAM,geography,efectos del temporal del norte de chile de 2015 en atacama,Chile
LATAM|geography|Área recreativa Lago Gatún,LATAM,geography,Área recreativa Lago Gatún,Panamá
LATAM|geography|Río Iruyáñez,LATAM,geography,Río Iruyáñez,Bolivia
LATAM|geography|MS Berge Istra,LATAM,geography,MS Berge Istra,Costa Rica
LATAM|geography|Holmesina,LATAM,geography,Holmesina,El Salvador
LATAM|geography|Las Carreras,LATAM,geography,Las Carreras,Bolivia
LATAM|geography|Horario de verano de Uruguay,LATAM,geography,Horario de verano de Uruguay,Uruguay
LATAM|geography|MV Joyita,LATAM,geography,MV Joyita,Costa Rica
LATAM|geography|Branchiostoma caribaeum,LATAM,geography,Branchiostoma caribaeum,Cuba
LATAM|geography|Cantón de Sarapiquí,LATAM,geography,Cantón de Sarapiquí,Costa Rica
LATAM|geography|pomaire,LATAM,geography,pomaire,Chile
LATAM|geography|Estación Pedrera,LATAM,geography,Estación Pedrera,Uruguay
LATAM|geography|Departamento de Concepción (Paraguay),LATAM,geography,Departamento de Concepción (Paraguay),Paraguay
LATAM|geography|Alto Boquete,LATAM,geography,Alto Boquete,Panamá
LATAM|geography|Río Aranjuez,LATAM,geography,Río Aranjuez,Costa Rica
LATAM|geography|Hotel Guaraní,LATAM,geography,Hotel Guaraní,Paraguay
LATAM|geography|Villa Sandino,LATAM,geography,Villa Sandino,Nicaragua
LATAM|geography|Temporada de huracanes del Pacífico de 2005,LATAM,geography,Temporada de huracanes del Pacífico de 2005,Costa Rica
LATAM|geography|Samaná,LATAM,geography,Samaná,República Dominicana
LATAM|geography|Huaypan,LATAM,geography,Huaypan,Perú
LATAM|geography|San Fernando (Nicaragua),LATAM,geography,San Fernando (Nicaragua),Nicaragua
LATAM|geography|Península de Burica,LATAM,geography,Península de Burica,Costa Rica
LATAM|geography|Cordillera del Bálsamo,LATAM,geography,Cordillera del Bálsamo,El Salvador
LATAM|geography|Sabaneta (Venezuela),LATAM,geography,Sabaneta (Venezuela),Venezuela
LATAM|geography|Cantón Simón Bolívar,LATAM,geography,Cantón Simón Bolívar,Ecuador
LATAM|geography|plaza bolognesi (lima),LATAM,geography,plaza bolognesi (lima),Chile
LATAM|geography|Capitán Meza,LATAM,geography,Capitán Meza,Paraguay
LATAM|geography|Cantón Urcuquí,LATAM,geography,Cantón Urcuquí,Ecuador
LATAM|geography|tratado de ancón,LATAM,geography,tratado de ancón,Chile
LATAM|geography|Provincia de Aija,LATAM,geography,Provincia de Aija,Perú
LATAM|geography|Mycteroperca fusca,LATAM,geography,Mycteroperca fusca,Cuba
LATAM|geography|cordillera de doña ana,LATAM,geography,cordillera de doña ana,Chile
LATAM|geography|francisco varela,LATAM,geography,francisco varela,Chile
LATAM|geography|Pusa hispida,LATAM,geography,Pusa hispida,Cuba
LATAM|geography|Territorio Indígena Ujarrás,LATAM,geography,Territorio Indígena Ujarrás,Costa Rica
LATAM|geography|Necora puber,LATAM,geography,Necora puber,Cuba
LATAM|geography|Tiroteo en el Aeropuerto de Fort Lauderdale,LATAM,geography,Tiroteo en el Aeropuerto de Fort Lauderdale,Cuba
LATAM|geography|Bodianus prognathus,LATAM,geography,Bodianus prognathus,Costa Rica
LATAM|geography|Cerro La Gloria,LATAM,geography,Cerro La Gloria,Venezuela
LATAM|geography|Araújo (Uruguay),LATAM,geography,Araújo (Uruguay),Uruguay
LATAM|geography|Wiñaymarca,LATAM,geography,Wiñaymarca,Bolivia
LATAM|geography|Musa (La Molina),LATAM,geography,Musa (La Molina),Perú
LATAM|geography|Río Papaloteca,LATAM,geography,Río Papaloteca,Honduras
LATAM|geography|Orcotuna,LATAM,geography,Orcotuna,Perú
LATAM|geography|Kitakyushu,LATAM,geography,Kitakyushu,Costa Rica
LATAM|geography|HMS Sir Galahad (T226),LATAM,geography,HMS Sir Galahad (T226),Cuba
LATAM|geography|San Pedro de Quemes,LATAM,geography,San Pedro de Quemes,Bolivia
LATAM|geography|Los Nevados,LATAM,geography,Los Nevados,Venezuela
LATAM|geography|Cabarete,LATAM,geography,Cabarete,República Dominicana
LATAM|geography|Fort Lauderdale,LATAM,geography,Fort Lauderdale,Cuba
LATAM|geography|Cantón de San Pablo (Costa Rica),LATAM,geography,Cantón de San Pablo (Costa Rica),Costa Rica
LATAM|geography|lago calafquén,LATAM,geography,lago calafquén,Chile
LATAM|geography|Borrero (Ecuador),LATAM,geography,Borrero (Ecuador),Ecuador
LATAM|geography|Ingeniero Budge,LATAM,geography,Ingeniero Budge,Paraguay
LATAM|geography|sopocachi,LATAM,geography,sopocachi,Bolivia
LATAM|geography|Acasio,LATAM,geography,Acasio,Bolivia
LATAM|geography|Provincia del Santa,LATAM,geography,Provincia del Santa,Perú
LATAM|geography|corrimiento de tierra de antioquia,LATAM,geography,corrimiento de tierra de antioquia,Colombia
LATAM|geography|Río Platanar,LATAM,geography,Río Platanar,Costa Rica
LATAM|geography|Transporte Río Limay,LATAM,geography,Transporte Río Limay,Cuba
LATAM|geography|cuyania,LATAM,geography,cuyania,Argentina
LATAM|geography|frontera entre colombia y panamá,LATAM,geography,frontera entre colombia y panamá,Colombia
LATAM|geography|Yaviza,LATAM,geography,Yaviza,Panamá
LATAM|geography|Malacatiupán,LATAM,geography,Malacatiupán,El Salvador
LATAM|geography|Lago Capoey,LATAM,geography,Lago Capoey,Venezuela
LATAM|geography|Laguna de San Miguel del Monte,LATAM,geography,Laguna de San Miguel del Monte,Paraguay
LATAM|geography|Majagua,LATAM,geography,Majagua,Cuba
LATAM|geography|Batalla naval del Golfo de Cádiz,LATAM,geography,Batalla naval del Golfo de Cádiz,Cuba
LATAM|geography|Parque nacional San José la Colonia,LATAM,geography,Parque nacional San José la Colonia,Guatemala
LATAM|geography|Dunckerocampus,LATAM,geography,Dunckerocampus,Costa Rica
LATAM|geography|Cordillera Central (Panamá),LATAM,geography,Cordillera Central (Panamá),Panamá
LATAM|geography|Hoplostethus cadenati,LATAM,geography,Hoplostethus cadenati,Cuba
LATAM|geography|salar aguas calientes iv,LATAM,geography,salar aguas calientes iv,Chile
LATAM|geography|Diócesis de Stella Maris,LATAM,geography,Diócesis de Stella Maris,República Dominicana
LATAM|geography|Río Celeste,LATAM,geography,Río Celeste,Costa Rica
LATAM|geography|unión chocó,LATAM,geography,unión chocó,Colombia
LATAM|geography|Parque nacional Tingo María,LATAM,geography,Parque nacional Tingo María,Perú
LATAM|geography|Parroquia Vergel (Zamora Chinchipe),LATAM,geography,Parroquia Vergel (Zamora Chinchipe),Ecuador
LATAM|geography|Oiceoptoma nigropunctatum,LATAM,geography,Oiceoptoma nigropunctatum,Costa Rica
LATAM|geography|Leptura dimorpha,LATAM,geography,Leptura dimorpha,Costa Rica
LATAM|geography|Siuna,LATAM,geography,Siuna,Nicaragua
LATAM|geography|cordillera del mahuidanche,LATAM,geography,cordillera del mahuidanche,Chile
LATAM|object|chiripá (prenda),LATAM,object,chiripá (prenda),Argentina
LATAM|object|gabriela fernández,LATAM,object,gabriela fernández,Venezuela
LATAM|object|laura gonçalves,LATAM,object,laura gonçalves,Venezuela
LATAM|object|incrustado de la plata,LATAM,object,incrustado de la plata,Perú
LATAM|object|Alfarería lenca de La Campa,LATAM,object,Alfarería lenca de La Campa,México
LATAM|object|marjorie de sousa,LATAM,object,marjorie de sousa,Venezuela
LATAM|object|tiple,LATAM,object,tiple,Colombia
LATAM|object|indumentaria en la nueva españa,LATAM,object,indumentaria en la nueva españa,México
LATAM|object|estefany oliveira (actriz),LATAM,object,estefany oliveira (actriz),Venezuela
LATAM|object|ia-63 pampa,LATAM,object,ia-63 pampa,Argentina
LATAM|object|maracas,LATAM,object,maracas,Venezuela
LATAM|object|submarino flach,LATAM,object,submarino flach,Chile
LATAM|object|Annaé Torrealba,LATAM,object,Annaé Torrealba,Venezuela
LATAM|object|corneta china,LATAM,object,corneta china,Cuba
LATAM|object|cerámica de chulucanas,LATAM,object,cerámica de chulucanas,Perú
LATAM|object|Beba Rojas,LATAM,object,Beba Rojas,Venezuela
LATAM|object|Bongó,LATAM,object,Bongó,Cuba
LATAM|object|almirez,LATAM,object,almirez,Panamá
LATAM|object|rodolfo villena hernández,LATAM,object,rodolfo villena hernández,México
LATAM|object|Papá Roncón,LATAM,object,Papá Roncón,El Salvador
LATAM|object|absalón de los ríos,LATAM,object,absalón de los ríos,Venezuela
LATAM|object|lidia gonzález,LATAM,object,lidia gonzález,Chile
LATAM|object|piteado,LATAM,object,piteado,México
LATAM|object|chililitli,LATAM,object,chililitli,México
LATAM|object|fma ia 53 mamboretá,LATAM,object,fma ia 53 mamboretá,Argentina
LATAM|object|ayacachtli,LATAM,object,ayacachtli,México
LATAM|object|Salvador Trapani,LATAM,object,Salvador Trapani,Argentina
LATAM|object|Teponaztli,LATAM,object,Teponaztli,Guatemala
LATAM|object|karina velásquez,LATAM,object,karina velásquez,Venezuela
LATAM|object|mate burilado,LATAM,object,mate burilado,Perú
LATAM|object|reinaldo zavarce,LATAM,object,reinaldo zavarce,Venezuela
LATAM|object|guacharaca,LATAM,object,guacharaca,Colombia
LATAM|object|Bandola,LATAM,object,Bandola,Venezuela
LATAM|object|imelda guillermina barnett díaz,LATAM,object,imelda guillermina barnett díaz,México
LATAM|object|manuel pailós,LATAM,object,manuel pailós,Uruguay
LATAM|object|sabrina seara,LATAM,object,sabrina seara,Venezuela
LATAM|object|gorro chilote,LATAM,object,gorro chilote,Chile
LATAM|object|judith castillo,LATAM,object,judith castillo,Venezuela
LATAM|object|verbo américa,LATAM,object,verbo américa,Chile
LATAM|object|dalia reyes barrios,LATAM,object,dalia reyes barrios,Venezuela
LATAM|object|artesanías y arte popular en la ciudad de méxico,LATAM,object,artesanías y arte popular en la ciudad de méxico,México
LATAM|object|damarys ruiz,LATAM,object,damarys ruiz,Venezuela
LATAM|object|rodolfo camacho viera,LATAM,object,rodolfo camacho viera,Argentina
LATAM|object|hernán de vega,LATAM,object,hernán de vega,Argentina
LATAM|object|ariel ameijenda,LATAM,object,ariel ameijenda,Uruguay
LATAM|object|pinquillo,LATAM,object,pinquillo,Argentina
LATAM|object|manguaré,LATAM,object,manguaré,Colombia
LATAM|object|trapelacucha,LATAM,object,trapelacucha,Argentina
LATAM|object|Pututo,LATAM,object,Pututo,Argentina
LATAM|object|luis felipe manrique flores,LATAM,object,luis felipe manrique flores,Perú
LATAM|object|cajón de tapeo,LATAM,object,cajón de tapeo,México
LATAM|object|ehilin cuadros salek,LATAM,object,ehilin cuadros salek,Venezuela
LATAM|object|juan de dios rivera túpac,LATAM,object,juan de dios rivera túpac,Perú
LATAM|object|cicaré ch-1,LATAM,object,cicaré ch-1,Argentina
LATAM|object|Poncho salteño,LATAM,object,Poncho salteño,Bolivia
LATAM|object|eddy gaytán,LATAM,object,eddy gaytán,Colombia
LATAM|object|Maruch Méndez,LATAM,object,Maruch Méndez,México
LATAM|object|niurka acevedo,LATAM,object,niurka acevedo,Venezuela
LATAM|object|carmen maría montiel,LATAM,object,carmen maría montiel,Venezuela
LATAM|object|tarka,LATAM,object,tarka,Argentina
LATAM|object|tlecáxitl,LATAM,object,tlecáxitl,México
LATAM|object|Victor Feldman,LATAM,object,Victor Feldman,El Salvador
LATAM|object|miguel augusto rodríguez,LATAM,object,miguel augusto rodríguez,Venezuela
LATAM|object|pozahuanco,LATAM,object,pozahuanco,México
LATAM|object|hannelly quintero,LATAM,object,hannelly quintero,Venezuela
LATAM|object|yul bürkle,LATAM,object,yul bürkle,Venezuela
LATAM|object|guillermo ríos alcalá,LATAM,object,guillermo ríos alcalá,México
LATAM|object|artesanía de chile,LATAM,object,artesanía de chile,Chile
LATAM|object|diosa canales,LATAM,object,diosa canales,Venezuela
LATAM|object|génesis carmona,LATAM,object,génesis carmona,Venezuela
LATAM|object|cazuela de barro,LATAM,object,cazuela de barro,México
LATAM|object|isabella rodríguez,LATAM,object,isabella rodríguez,Venezuela
LATAM|object|marjorie magri,LATAM,object,marjorie magri,Venezuela
LATAM|object|huiringua,LATAM,object,huiringua,México
LATAM|object|tambores de candombe,LATAM,object,tambores de candombe,Uruguay
LATAM|object|sombrero de jipi,LATAM,object,sombrero de jipi,México
LATAM|object|jeudiel condado,LATAM,object,jeudiel condado,Venezuela
LATAM|object|chapareque,LATAM,object,chapareque,México
LATAM|object|tecla tofano,LATAM,object,tecla tofano,Venezuela
LATAM|object|Erke,LATAM,object,Erke,Bolivia
LATAM|object|chicas polar,LATAM,object,chicas polar,Venezuela
LATAM|object|kerly ruiz,LATAM,object,kerly ruiz,Venezuela
LATAM|object|bárbara clara,LATAM,object,bárbara clara,Venezuela
LATAM|object|juan carlos soto marín (lutier),LATAM,object,juan carlos soto marín (lutier),Costa Rica
LATAM|object|arco percutor,LATAM,object,arco percutor,México
LATAM|object|bombo legüero,LATAM,object,bombo legüero,Argentina
LATAM|object|Jhosskaren Carrizo,LATAM,object,Jhosskaren Carrizo,Venezuela
LATAM|object|carmen tapia,LATAM,object,carmen tapia,México
LATAM|object|alejandra ghersi perozo,LATAM,object,alejandra ghersi perozo,Venezuela
LATAM|object|sombrero vueltiao,LATAM,object,sombrero vueltiao,Colombia
LATAM|object|josé feher,LATAM,object,josé feher,México
LATAM|object|teresa carvallo rey,LATAM,object,teresa carvallo rey,Perú
LATAM|object|chajchas,LATAM,object,chajchas,Perú
LATAM|object|chicanel,LATAM,object,chicanel,México
LATAM|object|yelena maciel,LATAM,object,yelena maciel,Venezuela
LATAM|object|djane nany,LATAM,object,djane nany,Venezuela
LATAM|object|cerámica de barro negro en oaxaca,LATAM,object,cerámica de barro negro en oaxaca,México
LATAM|object|Luciano D'Alessandro,LATAM,object,Luciano D'Alessandro,Venezuela
LATAM|object|dayana colmenares,LATAM,object,dayana colmenares,Venezuela
LATAM|object|quena,LATAM,object,quena,Argentina
LATAM|public_figure|tom urrejola díaz,LATAM,public_figure,tom urrejola díaz,Chile
LATAM|public_figure|inevitable (canción de shakira),LATAM,public_figure,inevitable (canción de shakira),Colombia
LATAM|public_figure|estatua de shakira,LATAM,public_figure,estatua de shakira,Colombia
LATAM|public_figure|gemma contreras,LATAM,public_figure,gemma contreras,Chile
LATAM|public_figure|gaby vallejo canedo,LATAM,public_figure,gaby vallejo canedo,Bolivia
LATAM|public_figure|andrés pizarro,LATAM,public_figure,andrés pizarro,Chile
LATAM|public_figure|carlos isamitt,LATAM,public_figure,carlos isamitt,Chile
LATAM|public_figure|gabriel prieto,LATAM,public_figure,gabriel prieto,Chile
LATAM|public_figure|juan claudio lechín,LATAM,public_figure,juan claudio lechín,Bolivia
LATAM|public_figure|nicolás saavedra,LATAM,public_figure,nicolás saavedra,Chile
LATAM|public_figure|rita nuñez medina,LATAM,public_figure,rita nuñez medina,Chile
LATAM|public_figure|maite alberdi,LATAM,public_figure,maite alberdi,Chile
LATAM|public_figure|chabelita fuentes,LATAM,public_figure,chabelita fuentes,Chile
LATAM|public_figure|carmen valbuena,LATAM,public_figure,carmen valbuena,Chile
LATAM|public_figure|jenaro gajardo vera,LATAM,public_figure,jenaro gajardo vera,Chile
LATAM|public_figure|percy eaglehurst,LATAM,public_figure,percy eaglehurst,Chile
LATAM|public_figure|enrique moro,LATAM,public_figure,enrique moro,Chile
LATAM|public_figure|jaime vásquez (músico),LATAM,public_figure,jaime vásquez (músico),Chile
LATAM|public_figure|josé joaquín vallejo,LATAM,public_figure,josé joaquín vallejo,Chile
LATAM|public_figure|daniel puente encina,LATAM,public_figure,daniel puente encina,Chile
LATAM|public_figure|rodolfo opazo,LATAM,public_figure,rodolfo opazo,Chile
LATAM|public_figure|eva lefever,LATAM,public_figure,eva lefever,Chile
LATAM|public_figure|juan uribe echevarría,LATAM,public_figure,juan uribe echevarría,Chile
LATAM|public_figure|antonio pecorara,LATAM,public_figure,antonio pecorara,Chile
LATAM|public_figure|carmen prieto,LATAM,public_figure,carmen prieto,Chile
LATAM|public_figure|beby aponte (cantante),LATAM,public_figure,beby aponte (cantante),Bolivia
LATAM|public_figure|sofía von ellrichshausen,LATAM,public_figure,sofía von ellrichshausen,Chile
LATAM|public_figure|ankatu alquinta,LATAM,public_figure,ankatu alquinta,Chile
LATAM|public_figure|galo gómez,LATAM,public_figure,galo gómez,Chile
LATAM|public_figure|álvaro henríquez,LATAM,public_figure,álvaro henríquez,Chile
LATAM|public_figure|paulina brugnoli,LATAM,public_figure,paulina brugnoli,Chile
LATAM|public_figure|alejandra pérez núñez,LATAM,public_figure,alejandra pérez núñez,Chile
LATAM|public_figure|ruperto marchant pereira,LATAM,public_figure,ruperto marchant pereira,Chile
LATAM|public_figure|difuntos correa,LATAM,public_figure,difuntos correa,Chile
LATAM|public_figure|carlos concha (actor),LATAM,public_figure,carlos concha (actor),Chile
LATAM|public_figure|josé ángel cuevas,LATAM,public_figure,josé ángel cuevas,Chile
LATAM|public_figure|eskina familia skuad,LATAM,public_figure,eskina familia skuad,Chile
LATAM|public_figure|loba (álbum),LATAM,public_figure,loba (álbum),Colombia
LATAM|public_figure|carlos miranda,LATAM,public_figure,carlos miranda,Chile
LATAM|public_figure|abraham freifeld umanskaia,LATAM,public_figure,abraham freifeld umanskaia,Chile
LATAM|public_figure|gabriel alemparte,LATAM,public_figure,gabriel alemparte,Chile
LATAM|public_figure|magda arguedas villanueva,LATAM,public_figure,magda arguedas villanueva,Bolivia
LATAM|public_figure|alfredo jaar,LATAM,public_figure,alfredo jaar,Chile
LATAM|public_figure|jeannette pualuan,LATAM,public_figure,jeannette pualuan,Chile
LATAM|public_figure|sergio vuskovic,LATAM,public_figure,sergio vuskovic,Chile
LATAM|public_figure|antares de la luz,LATAM,public_figure,antares de la luz,Chile
LATAM|public_figure|f.a.m.e. (álbum de maluma),LATAM,public_figure,f.a.m.e. (álbum de maluma),Colombia
LATAM|public_figure|albanella chávez,LATAM,public_figure,albanella chávez,Bolivia
LATAM|public_figure|ximena cristi,LATAM,public_figure,ximena cristi,Chile
LATAM|public_figure|rubén sotoconil,LATAM,public_figure,rubén sotoconil,Chile
LATAM|public_figure|alex bowen,LATAM,public_figure,alex bowen,Chile
LATAM|public_figure|camba florencio,LATAM,public_figure,camba florencio,Bolivia
LATAM|public_figure|andrea garcía-huidobro,LATAM,public_figure,andrea garcía-huidobro,Chile
LATAM|public_figure|enrique campos menéndez,LATAM,public_figure,enrique campos menéndez,Chile
LATAM|public_figure|mahfúd massís,LATAM,public_figure,mahfúd massís,Chile
LATAM|public_figure|ruth krauskopf,LATAM,public_figure,ruth krauskopf,Chile
LATAM|public_figure|carmen cereceda,LATAM,public_figure,carmen cereceda,Chile
LATAM|public_figure|felipe castro,LATAM,public_figure,felipe castro,Chile
LATAM|public_figure|elodie fulton,LATAM,public_figure,elodie fulton,Chile
LATAM|public_figure|josé vicente asuar,LATAM,public_figure,josé vicente asuar,Chile
LATAM|public_figure|waldo rojas,LATAM,public_figure,waldo rojas,Chile
LATAM|public_figure|juan pablo piñeiro,LATAM,public_figure,juan pablo piñeiro,Bolivia
LATAM|public_figure|roberto vander,LATAM,public_figure,roberto vander,Chile
LATAM|public_figure|caterina nix,LATAM,public_figure,caterina nix,Chile
LATAM|public_figure|raúl ybarnegaray,LATAM,public_figure,raúl ybarnegaray,Bolivia
LATAM|public_figure|adolfo urzúa rosas,LATAM,public_figure,adolfo urzúa rosas,Chile
LATAM|public_figure|luis advis,LATAM,public_figure,luis advis,Chile
LATAM|public_figure|ricardo santander,LATAM,public_figure,ricardo santander,Chile
LATAM|public_figure|omar gonzález onostre,LATAM,public_figure,omar gonzález onostre,Bolivia
LATAM|public_figure|alejandra moffat,LATAM,public_figure,alejandra moffat,Chile
LATAM|public_figure|jaime artus,LATAM,public_figure,jaime artus,Chile
LATAM|public_figure|enrique heine,LATAM,public_figure,enrique heine,Chile
LATAM|public_figure|julio vicuña cifuentes,LATAM,public_figure,julio vicuña cifuentes,Chile
LATAM|public_figure|armando rubio huidobro,LATAM,public_figure,armando rubio huidobro,Chile
LATAM|public_figure|guille söhrens,LATAM,public_figure,guille söhrens,Chile
LATAM|public_figure|ventiscka,LATAM,public_figure,ventiscka,Chile
LATAM|public_figure|ricardo garcía (locutor),LATAM,public_figure,ricardo garcía (locutor),Chile
LATAM|public_figure|marta vergara,LATAM,public_figure,marta vergara,Chile
LATAM|public_figure|nicolás pérez (actor),LATAM,public_figure,nicolás pérez (actor),Chile
LATAM|public_figure|catalina telias,LATAM,public_figure,catalina telias,Chile
LATAM|public_figure|ricardo astorga,LATAM,public_figure,ricardo astorga,Chile
LATAM|public_figure|pablo díaz (actor chileno),LATAM,public_figure,pablo díaz (actor chileno),Chile
LATAM|public_figure|daniuska gonzález,LATAM,public_figure,daniuska gonzález,Chile
LATAM|public_figure|claudia peña claros,LATAM,public_figure,claudia peña claros,Bolivia
LATAM|public_figure|cergio prudencio,LATAM,public_figure,cergio prudencio,Bolivia
LATAM|public_figure|óscar contardo,LATAM,public_figure,óscar contardo,Chile
LATAM|public_figure|jaime soto león,LATAM,public_figure,jaime soto león,Chile
LATAM|public_figure|ramón núñez villarroel,LATAM,public_figure,ramón núñez villarroel,Chile
LATAM|public_figure|la fuerte,LATAM,public_figure,la fuerte,Colombia
LATAM|public_figure|fernando álvarez de toledo (conquistador),LATAM,public_figure,fernando álvarez de toledo (conquistador),Chile
LATAM|public_figure|unit (banda),LATAM,public_figure,unit (banda),Bolivia
LATAM|public_figure|maría urzúa,LATAM,public_figure,maría urzúa,Chile
LATAM|public_figure|lautaro yankas,LATAM,public_figure,lautaro yankas,Chile
LATAM|public_figure|voces morenas,LATAM,public_figure,voces morenas,Bolivia
LATAM|public_figure|botota fox,LATAM,public_figure,botota fox,Chile
LATAM|public_figure|ricardo yrarrázaval,LATAM,public_figure,ricardo yrarrázaval,Chile
LATAM|public_figure|dare (la la la),LATAM,public_figure,dare (la la la),Colombia
LATAM|public_figure|manuel andros flores,LATAM,public_figure,manuel andros flores,Chile
LATAM|public_figure|antonio skármeta,LATAM,public_figure,antonio skármeta,Chile
LATAM|public_figure|luis orrego luco,LATAM,public_figure,luis orrego luco,Chile
LATAM|tradition|carlos montbrun ocampo,LATAM,tradition,carlos montbrun ocampo,Argentina
LATAM|tradition|Josefina Peña,LATAM,tradition,Josefina Peña,Argentina
LATAM|tradition|Facundo Saravia,LATAM,tradition,Facundo Saravia,Argentina
LATAM|tradition|Dionisio Díaz,LATAM,tradition,Dionisio Díaz,Uruguay
LATAM|tradition|amo jesús de timbío,LATAM,tradition,amo jesús de timbío,Colombia
LATAM|tradition|Corita,LATAM,tradition,Corita,México
LATAM|tradition|Adilia Castillo,LATAM,tradition,Adilia Castillo,Venezuela
LATAM|tradition|carnaval en uruguay,LATAM,tradition,carnaval en uruguay,Uruguay
LATAM|tradition|Juan Fuentes (músico),LATAM,tradition,Juan Fuentes (músico),Argentina
LATAM|tradition|Edén Muñoz,LATAM,tradition,Edén Muñoz,México
LATAM|tradition|Abelardo Vásquez,LATAM,tradition,Abelardo Vásquez,Perú
LATAM|tradition|Balam,LATAM,tradition,Balam,México
LATAM|tradition|pala pala,LATAM,tradition,pala pala,Argentina
LATAM|tradition|Yohana Vaca,LATAM,tradition,Yohana Vaca,Bolivia
LATAM|tradition|Micaela Chauque,LATAM,tradition,Micaela Chauque,Argentina
LATAM|tradition|cíclope de la selva misquita,LATAM,tradition,cíclope de la selva misquita,Honduras
LATAM|tradition|Jaime Roos,LATAM,tradition,Jaime Roos,Uruguay
LATAM|tradition|Loquita mía,LATAM,tradition,Loquita mía,Argentina
LATAM|tradition|Amelia Abascal,LATAM,tradition,Amelia Abascal,México
LATAM|tradition|fiesta patronal de la virgen purísima de pampas,LATAM,tradition,fiesta patronal de la virgen purísima de pampas,Perú
LATAM|tradition|iglesia de santo domingo (ciudad de guatemala),LATAM,tradition,iglesia de santo domingo (ciudad de guatemala),Guatemala
LATAM|tradition|Raly Barrionuevo,LATAM,tradition,Raly Barrionuevo,Argentina
LATAM|tradition|Adolfo Riestra,LATAM,tradition,Adolfo Riestra,México
LATAM|tradition|Chabuca Granda,LATAM,tradition,Chabuca Granda,Perú
LATAM|tradition|folclore de antioquia,LATAM,tradition,folclore de antioquia,Colombia
LATAM|tradition|Esther Alzaibar,LATAM,tradition,Esther Alzaibar,Venezuela
LATAM|tradition|Amaru Aranway,LATAM,tradition,Amaru Aranway,Perú
LATAM|tradition|zulema alcayaga,LATAM,tradition,zulema alcayaga,Argentina
LATAM|tradition|fiesta provincial del sol (romang),LATAM,tradition,fiesta provincial del sol (romang),Argentina
LATAM|tradition|Rudy Chernicoff,LATAM,tradition,Rudy Chernicoff,Argentina
LATAM|tradition|Yuyo Montes,LATAM,tradition,Yuyo Montes,Argentina
LATAM|tradition|Rosalinda Cauich Ramírez,LATAM,tradition,Rosalinda Cauich Ramírez,México
LATAM|tradition|De Ushuaia a La Quiaca,LATAM,tradition,De Ushuaia a La Quiaca,Argentina
LATAM|tradition|Tlen Huicani,LATAM,tradition,Tlen Huicani,México
LATAM|tradition|elena montoya,LATAM,tradition,elena montoya,Chile
LATAM|tradition|Emilio Chamorro,LATAM,tradition,Emilio Chamorro,Argentina
LATAM|tradition|carnaval de huejotzingo,LATAM,tradition,carnaval de huejotzingo,México
LATAM|tradition|Efraín Morote Best,LATAM,tradition,Efraín Morote Best,Perú
LATAM|tradition|Los futuros murguistas,LATAM,tradition,Los futuros murguistas,Uruguay
LATAM|tradition|Festival Iberoamericano de Teatro de Bogotá,LATAM,tradition,Festival Iberoamericano de Teatro de Bogotá,Colombia
LATAM|tradition|ramón iriarte,LATAM,tradition,ramón iriarte,Argentina
LATAM|tradition|wallunk'a,LATAM,tradition,wallunk'a,Bolivia
LATAM|tradition|grito de dolores,LATAM,tradition,grito de dolores,México
LATAM|tradition|rey del acebo,LATAM,tradition,rey del acebo,Chile
LATAM|tradition|cueva del pirata,LATAM,tradition,cueva del pirata,Chile
LATAM|tradition|fiss 1965,LATAM,tradition,fiss 1965,Venezuela
LATAM|tradition|feria taurina de la macarena,LATAM,tradition,feria taurina de la macarena,Colombia
LATAM|tradition|discurso de navidad de 1942 de pío xii,LATAM,tradition,discurso de navidad de 1942 de pío xii,Chile
LATAM|tradition|tigo fest,LATAM,tradition,tigo fest,Guatemala
LATAM|tradition|eduardo lagos,LATAM,tradition,eduardo lagos,Argentina
LATAM|tradition|rubén izaurralde,LATAM,tradition,rubén izaurralde,Argentina
LATAM|tradition|Acústico en Suiza,LATAM,tradition,Acústico en Suiza,Argentina
LATAM|tradition|Danzas del Perú,LATAM,tradition,Danzas del Perú,Perú
LATAM|tradition|fiesta nacional del chamamé,LATAM,tradition,fiesta nacional del chamamé,Argentina
LATAM|tradition|Pirámide de la Serpiente Emplumada,LATAM,tradition,Pirámide de la Serpiente Emplumada,México
LATAM|tradition|fiesta de santa vera cruz en cochabamba,LATAM,tradition,fiesta de santa vera cruz en cochabamba,Bolivia
LATAM|tradition|elumbé,LATAM,tradition,elumbé,Uruguay
LATAM|tradition|Día de San Nicolás,LATAM,tradition,Día de San Nicolás,Argentina
LATAM|tradition|la tigrada,LATAM,tradition,la tigrada,México
LATAM|tradition|feria del alfeñique,LATAM,tradition,feria del alfeñique,México
LATAM|tradition|carnaval de cajamarca,LATAM,tradition,carnaval de cajamarca,Perú
LATAM|tradition|Juan de Nava,LATAM,tradition,Juan de Nava,Uruguay
LATAM|tradition|festival internacional de cine del norte de chile,LATAM,tradition,festival internacional de cine del norte de chile,Chile
LATAM|tradition|Chaquen,LATAM,tradition,Chaquen,Colombia
LATAM|tradition|micomalo,LATAM,tradition,micomalo,Costa Rica
LATAM|tradition|papel picado,LATAM,tradition,papel picado,México
LATAM|tradition|día de la unidad nacional (chile),LATAM,tradition,día de la unidad nacional (chile),Chile
LATAM|tradition|Fémina (grupo musical),LATAM,tradition,Fémina (grupo musical),Argentina
LATAM|tradition|Yohualtecuhtli,LATAM,tradition,Yohualtecuhtli,México
LATAM|tradition|Nenette Pepin Fitzpatrick,LATAM,tradition,Nenette Pepin Fitzpatrick,Argentina
LATAM|tradition|Laura Ros,LATAM,tradition,Laura Ros,Argentina
LATAM|tradition|Bernardo Rubin,LATAM,tradition,Bernardo Rubin,Argentina
LATAM|tradition|el caballito (tradición petenera),LATAM,tradition,el caballito (tradición petenera),Guatemala
LATAM|tradition|Gastronomía de Honduras,LATAM,tradition,Gastronomía de Honduras,Honduras
LATAM|tradition|tunupa,LATAM,tradition,tunupa,Bolivia
LATAM|tradition|festival internacional de teatro de mosquera,LATAM,tradition,festival internacional de teatro de mosquera,Colombia
LATAM|tradition|mataniño (gastronomía salvadoreña),LATAM,tradition,mataniño (gastronomía salvadoreña),El Salvador
LATAM|tradition|origen de la cueca,LATAM,tradition,origen de la cueca,Chile
LATAM|tradition|fiesta nacional del sábalo,LATAM,tradition,fiesta nacional del sábalo,Uruguay
LATAM|tradition|Augusto Bracca,LATAM,tradition,Augusto Bracca,Venezuela
LATAM|tradition|Festival Internacional de Teatro Universitario (FITU),LATAM,tradition,Festival Internacional de Teatro Universitario (FITU),México
LATAM|tradition|desfile de llamadas,LATAM,tradition,desfile de llamadas,Argentina
LATAM|tradition|luciel izumi,LATAM,tradition,luciel izumi,Bolivia
LATAM|tradition|Lorenzo Barcelata,LATAM,tradition,Lorenzo Barcelata,México
LATAM|tradition|fiesta nacional de la leche,LATAM,tradition,fiesta nacional de la leche,Argentina
LATAM|tradition|Apolinar Hernández Balcazar,LATAM,tradition,Apolinar Hernández Balcazar,México
LATAM|tradition|atol shuco,LATAM,tradition,atol shuco,El Salvador
LATAM|tradition|helenita vargas,LATAM,tradition,helenita vargas,Colombia
LATAM|tradition|Tinya palla,LATAM,tradition,Tinya palla,Perú
LATAM|tradition|San Borja del Yí,LATAM,tradition,San Borja del Yí,Uruguay
LATAM|tradition|Raúl Ybarnegaray,LATAM,tradition,Raúl Ybarnegaray,Bolivia
LATAM|tradition|tagetes patula,LATAM,tradition,tagetes patula,México
LATAM|tradition|Esmaltado de la plata,LATAM,tradition,Esmaltado de la plata,Perú
LATAM|tradition|Serpiente Emplumada,LATAM,tradition,Serpiente Emplumada,México
LATAM|tradition|Tamborita (Bolivia),LATAM,tradition,Tamborita (Bolivia),Bolivia
LATAM|tradition|Festival de Arte Negro,LATAM,tradition,Festival de Arte Negro,Perú
LATAM|tradition|Monumento al Tamboril,LATAM,tradition,Monumento al Tamboril,Uruguay
LATAM|tradition|Leyenda de los volcanes,LATAM,tradition,Leyenda de los volcanes,México
LATAM|tradition|maría mayela padilla monge,LATAM,tradition,maría mayela padilla monge,Costa Rica
LATAM|tradition|Cristo del Jubileo,LATAM,tradition,Cristo del Jubileo,México
USA|dish|Martes de tacos,USA,dish,Martes de tacos,Estados Unidos
USA|dish|Lynja,USA,dish,Lynja,Estados Unidos
USA|dish|Balisto,USA,dish,Balisto,Estados Unidos
USA|dish|Pastel de ángel,USA,dish,Pastel de ángel,Estados Unidos
USA|dish|Big Mac,USA,dish,Big Mac,Estados Unidos
USA|dish|Barco bananero,USA,dish,Barco bananero,Estados Unidos
USA|dish|Spencer (cerveza),USA,dish,Spencer (cerveza),Estados Unidos
USA|dish|Alcapurria,USA,dish,Alcapurria,Estados Unidos
USA|dish|Fannie Merritt Farmer,USA,dish,Fannie Merritt Farmer,Estados Unidos
USA|dish|Pilgrim (sándwich),USA,dish,Pilgrim (sándwich),Estados Unidos
USA|dish|Cherpumple,USA,dish,Cherpumple,Estados Unidos
USA|dish|Diplomacia de cañonero,USA,dish,Diplomacia de cañonero,Estados Unidos
USA|dish|Aros de cebolla,USA,dish,Aros de cebolla,Estados Unidos
USA|dish|Sándwich submarino,USA,dish,Sándwich submarino,Estados Unidos
USA|dish|Tarta colibrí,USA,dish,Tarta colibrí,Estados Unidos
USA|dish|KFConsole,USA,dish,KFConsole,Estados Unidos
USA|dish|Five Guys,USA,dish,Five Guys,Estados Unidos
USA|dish|Candace Nelson,USA,dish,Candace Nelson,Estados Unidos
USA|dish|Wendy's,USA,dish,Wendy's,Estados Unidos
USA|dish|Panceta con chocolate,USA,dish,Panceta con chocolate,Estados Unidos
USA|dish|Vino del Condado de Mendocino,USA,dish,Vino del Condado de Mendocino,Estados Unidos
USA|dish|Celery Victor,USA,dish,Celery Victor,Estados Unidos
USA|dish|Bun (papas fritas),USA,dish,Bun (papas fritas),Estados Unidos
USA|dish|Patty melt,USA,dish,Patty melt,Estados Unidos
USA|dish|MrBeast Burger,USA,dish,MrBeast Burger,Estados Unidos
USA|dish|Pizza estilo Chicago,USA,dish,Pizza estilo Chicago,Estados Unidos
USA|dish|Mantequilla de cacahuete,USA,dish,Mantequilla de cacahuete,Estados Unidos
USA|dish|The Wieners Circle,USA,dish,The Wieners Circle,Estados Unidos
USA|dish|Soda sucia,USA,dish,Soda sucia,Estados Unidos
USA|dish|Cocina lowcountry,USA,dish,Cocina lowcountry,Estados Unidos
USA|dish|Laulau,USA,dish,Laulau,Estados Unidos
USA|dish|Pastel de azúcar moravo,USA,dish,Pastel de azúcar moravo,Estados Unidos
USA|dish|Tomato pie,USA,dish,Tomato pie,Estados Unidos
USA|dish|Pan de Anón,USA,dish,Pan de Anón,Estados Unidos
USA|dish|Chow mein,USA,dish,Chow mein,Estados Unidos
USA|dish|7 Up,USA,dish,7 Up,Estados Unidos
USA|dish|Baconator,USA,dish,Baconator,Estados Unidos
USA|dish|Cincinnati chili,USA,dish,Cincinnati chili,Estados Unidos
USA|dish|Benihana,USA,dish,Benihana,Estados Unidos
USA|dish|Estómago de cerdo,USA,dish,Estómago de cerdo,Estados Unidos
USA|dish|Salsa de pato,USA,dish,Salsa de pato,Estados Unidos
USA|dish|Almejas fritas,USA,dish,Almejas fritas,Estados Unidos
USA|dish|Whiskey de maíz,USA,dish,Whiskey de maíz,Estados Unidos
USA|dish|Vio (bebida),USA,dish,Vio (bebida),Estados Unidos
USA|dish|Sal ahumada,USA,dish,Sal ahumada,Estados Unidos
USA|dish|Pizza de taco,USA,dish,Pizza de taco,Estados Unidos
USA|dish|Dagwood sándwich,USA,dish,Dagwood sándwich,Estados Unidos
USA|dish|Tasso ham,USA,dish,Tasso ham,Estados Unidos
USA|dish|Sopa de cangrejo y maíz,USA,dish,Sopa de cangrejo y maíz,Estados Unidos
USA|dish|Chimichanga,USA,dish,Chimichanga,Estados Unidos
USA|dish|Galleta con pepitas de chocolate,USA,dish,Galleta con pepitas de chocolate,Estados Unidos
USA|dish|Sirloin Stockade,USA,dish,Sirloin Stockade,Estados Unidos
USA|dish|Tiras de pollo,USA,dish,Tiras de pollo,Estados Unidos
USA|dish|Claudia Sandoval,USA,dish,Claudia Sandoval,Estados Unidos
USA|dish|Russian tea cake,USA,dish,Russian tea cake,Estados Unidos
USA|dish|Sándwich Elvis,USA,dish,Sándwich Elvis,Estados Unidos
USA|dish|Halls (caramelo mentolado),USA,dish,Halls (caramelo mentolado),Estados Unidos
USA|dish|Pollo al sésamo,USA,dish,Pollo al sésamo,Estados Unidos
USA|dish|Monte Cristo sándwich,USA,dish,Monte Cristo sándwich,Estados Unidos
USA|dish|Dumpling de manzana,USA,dish,Dumpling de manzana,Estados Unidos
USA|dish|Chenpi,USA,dish,Chenpi,Estados Unidos
USA|dish|Nugget de pollo,USA,dish,Nugget de pollo,Estados Unidos
USA|dish|Sex on the Beach,USA,dish,Sex on the Beach,Estados Unidos
USA|dish|Mayhaw,USA,dish,Mayhaw,Estados Unidos
USA|dish|Tostada,USA,dish,Tostada,Estados Unidos
USA|dish|She-crab soup,USA,dish,She-crab soup,Estados Unidos
USA|dish|Papas fritas de pollo BK,USA,dish,Papas fritas de pollo BK,Estados Unidos
USA|dish|Mezzo Mix,USA,dish,Mezzo Mix,Estados Unidos
USA|dish|Monkey bread,USA,dish,Monkey bread,Estados Unidos
USA|dish|Tacos franceses,USA,dish,Tacos franceses,Estados Unidos
USA|dish|Tab (bebida),USA,dish,Tab (bebida),Estados Unidos
USA|dish|Tarta helada,USA,dish,Tarta helada,Estados Unidos
USA|dish|Saimin,USA,dish,Saimin,Estados Unidos
USA|dish|Salsa Tabasco,USA,dish,Salsa Tabasco,Estados Unidos
USA|dish|Tetrazzini,USA,dish,Tetrazzini,Estados Unidos
USA|dish|Cole Ranch (AVA),USA,dish,Cole Ranch (AVA),Estados Unidos
USA|dish|Justified and Stripped Tour,USA,dish,Justified and Stripped Tour,Estados Unidos
USA|dish|Nueva cocina estadounidense,USA,dish,Nueva cocina estadounidense,Estados Unidos
USA|dish|Muffin inglés,USA,dish,Muffin inglés,Estados Unidos
USA|dish|Four Roses,USA,dish,Four Roses,Estados Unidos
USA|dish|Krumkake,USA,dish,Krumkake,Estados Unidos
USA|dish|Jumbo's,USA,dish,Jumbo's,Estados Unidos
USA|dish|Luther Burger,USA,dish,Luther Burger,Estados Unidos
USA|dish|Rollo de frutos secos,USA,dish,Rollo de frutos secos,Estados Unidos
USA|dish|The Boston cooking-school cook book,USA,dish,The Boston cooking-school cook book,Estados Unidos
USA|dish|Charlie Nagreen,USA,dish,Charlie Nagreen,Estados Unidos
USA|dish|Original Starbucks,USA,dish,Original Starbucks,Estados Unidos
USA|dish|Compañía Pisquera de Chile,USA,dish,Compañía Pisquera de Chile,Estados Unidos
USA|dish|Lunchables,USA,dish,Lunchables,Estados Unidos
USA|dish|Jamón campestre,USA,dish,Jamón campestre,Estados Unidos
USA|dish|Pepsi Max,USA,dish,Pepsi Max,Estados Unidos
USA|dish|Joya (refresco),USA,dish,Joya (refresco),Estados Unidos
USA|dish|Persillade,USA,dish,Persillade,Estados Unidos
USA|dish|Guacamole,USA,dish,Guacamole,Estados Unidos
USA|dish|Muffuletta,USA,dish,Muffuletta,Estados Unidos
USA|dish|Burrito (comida),USA,dish,Burrito (comida),Estados Unidos
USA|dish|White Castle (restaurante),USA,dish,White Castle (restaurante),Estados Unidos
USA|dish|Coca-Cola Cherry,USA,dish,Coca-Cola Cherry,Estados Unidos
USA|dish|El Adobe de Capistrano,USA,dish,El Adobe de Capistrano,Estados Unidos
USA|dish|Sándwich de albóndigas,USA,dish,Sándwich de albóndigas,Estados Unidos
USA|fauna|Spastonyx macswaini,USA,fauna,Spastonyx macswaini,Estados Unidos
USA|fauna|Tyrannochelifer floridanus,USA,fauna,Tyrannochelifer floridanus,Estados Unidos
USA|fauna|Novohorus obscurus,USA,fauna,Novohorus obscurus,Estados Unidos
USA|fauna|Pseudogarypus hesperus,USA,fauna,Pseudogarypus hesperus,Estados Unidos
USA|fauna|Pseudariotus notatus,USA,fauna,Pseudariotus notatus,Estados Unidos
USA|fauna|Araneus bonsallae,USA,fauna,Araneus bonsallae,Estados Unidos
USA|fauna|Cyprinella pyrrhomelas,USA,fauna,Cyprinella pyrrhomelas,Estados Unidos
USA|fauna|Polites sabuleti,USA,fauna,Polites sabuleti,Estados Unidos
USA|fauna|Cis crinitus,USA,fauna,Cis crinitus,Estados Unidos
USA|fauna|Metophthalmus sandersoni,USA,fauna,Metophthalmus sandersoni,Estados Unidos
USA|fauna|Orthocis immaturus,USA,fauna,Orthocis immaturus,Estados Unidos
USA|fauna|Eremobates scopulatellus,USA,fauna,Eremobates scopulatellus,Estados Unidos
USA|fauna|Eupithecia albimontanata,USA,fauna,Eupithecia albimontanata,Estados Unidos
USA|fauna|Elaphidion linsleyi,USA,fauna,Elaphidion linsleyi,Estados Unidos
USA|fauna|Ammotrechula catalinae,USA,fauna,Ammotrechula catalinae,Estados Unidos
USA|fauna|Mordellistena wolcotti,USA,fauna,Mordellistena wolcotti,Estados Unidos
USA|fauna|Morgan (caballo),USA,fauna,Morgan (caballo),Estados Unidos
USA|fauna|Albiorix edentatus,USA,fauna,Albiorix edentatus,Estados Unidos
USA|fauna|Canifa pallipennis,USA,fauna,Canifa pallipennis,Estados Unidos
USA|fauna|Lasionycta coracina,USA,fauna,Lasionycta coracina,Estados Unidos
USA|fauna|Oxacis nitidicollis,USA,fauna,Oxacis nitidicollis,Estados Unidos
USA|fauna|Orsonwelles,USA,fauna,Orsonwelles,Estados Unidos
USA|fauna|Copidita desecheonis,USA,fauna,Copidita desecheonis,Estados Unidos
USA|fauna|Aspidoscelis velox,USA,fauna,Aspidoscelis velox,Estados Unidos
USA|fauna|Ectobius lapponicus,USA,fauna,Ectobius lapponicus,Estados Unidos
USA|fauna|Callimoxys nigrinus,USA,fauna,Callimoxys nigrinus,Estados Unidos
USA|fauna|Pseudozonitis longicornis,USA,fauna,Pseudozonitis longicornis,Estados Unidos
USA|fauna|Archips packardiana,USA,fauna,Archips packardiana,Estados Unidos
USA|fauna|Pseudemys alabamensis,USA,fauna,Pseudemys alabamensis,Estados Unidos
USA|fauna|Xenochodaeus ulkei,USA,fauna,Xenochodaeus ulkei,Estados Unidos
USA|fauna|Mordellistena pauxilla,USA,fauna,Mordellistena pauxilla,Estados Unidos
USA|fauna|Alaskan Husky,USA,fauna,Alaskan Husky,Estados Unidos
USA|fauna|Pedilus arizonensis,USA,fauna,Pedilus arizonensis,Estados Unidos
USA|fauna|Leptura abdominalis,USA,fauna,Leptura abdominalis,Estados Unidos
USA|fauna|Cyclonaias tuberculata,USA,fauna,Cyclonaias tuberculata,Estados Unidos
USA|fauna|Cheiridium simulacrum,USA,fauna,Cheiridium simulacrum,Estados Unidos
USA|fauna|Nicrophorus vespilloides,USA,fauna,Nicrophorus vespilloides,Estados Unidos
USA|fauna|Epicauta emarginata,USA,fauna,Epicauta emarginata,Estados Unidos
USA|fauna|Cyrtinus subopacus,USA,fauna,Cyrtinus subopacus,Estados Unidos
USA|fauna|Achatinella casta,USA,fauna,Achatinella casta,Estados Unidos
USA|fauna|Plethodon teyahalee,USA,fauna,Plethodon teyahalee,Estados Unidos
USA|fauna|Eremobates kraepelini,USA,fauna,Eremobates kraepelini,Estados Unidos
USA|fauna|Amphicerus bicaudatus,USA,fauna,Amphicerus bicaudatus,Estados Unidos
USA|fauna|Ammotrechella pallida,USA,fauna,Ammotrechella pallida,Estados Unidos
USA|fauna|Planctolpium suteri,USA,fauna,Planctolpium suteri,Estados Unidos
USA|fauna|Archips rileyana,USA,fauna,Archips rileyana,Estados Unidos
USA|fauna|Orsonwelles falstaffius,USA,fauna,Orsonwelles falstaffius,Estados Unidos
USA|fauna|Acuminochernes crassopalpus,USA,fauna,Acuminochernes crassopalpus,Estados Unidos
USA|fauna|Mordella felix,USA,fauna,Mordella felix,Estados Unidos
USA|fauna|Paroxacis recendita,USA,fauna,Paroxacis recendita,Estados Unidos
USA|fauna|American shorthair,USA,fauna,American shorthair,Estados Unidos
USA|fauna|Choristoneura zapulata,USA,fauna,Choristoneura zapulata,Estados Unidos
USA|fauna|Antilocapra americana,USA,fauna,Antilocapra americana,Estados Unidos
USA|fauna|Mordellistena divisa,USA,fauna,Mordellistena divisa,Estados Unidos
USA|fauna|Eremobates scaber,USA,fauna,Eremobates scaber,Estados Unidos
USA|fauna|Oxacis fragilis,USA,fauna,Oxacis fragilis,Estados Unidos
USA|fauna|Earophila vasiliata,USA,fauna,Earophila vasiliata,Estados Unidos
USA|fauna|Parachelifer muricatus,USA,fauna,Parachelifer muricatus,Estados Unidos
USA|fauna|Metacarcinus magister,USA,fauna,Metacarcinus magister,Estados Unidos
USA|fauna|Chauliognathus arizonensis,USA,fauna,Chauliognathus arizonensis,Estados Unidos
USA|fauna|Linsleya suavissima,USA,fauna,Linsleya suavissima,Estados Unidos
USA|fauna|Cis ursulinus,USA,fauna,Cis ursulinus,Estados Unidos
USA|fauna|Neoeurygenius grahami,USA,fauna,Neoeurygenius grahami,Estados Unidos
USA|fauna|Elytrimitatrix undata,USA,fauna,Elytrimitatrix undata,Estados Unidos
USA|fauna|Neoblattella vomer,USA,fauna,Neoblattella vomer,Estados Unidos
USA|fauna|Achatinella sowerbyana,USA,fauna,Achatinella sowerbyana,Estados Unidos
USA|fauna|Epicauta pedalis,USA,fauna,Epicauta pedalis,Estados Unidos
USA|fauna|Oligonicella bolliana,USA,fauna,Oligonicella bolliana,Estados Unidos
USA|fauna|Hysterochelifer proprius,USA,fauna,Hysterochelifer proprius,Estados Unidos
USA|fauna|Agrypnus rectangularis,USA,fauna,Agrypnus rectangularis,Estados Unidos
USA|fauna|Aegialites farallonensis,USA,fauna,Aegialites farallonensis,Estados Unidos
USA|fauna|Mordellistena smithi,USA,fauna,Mordellistena smithi,Estados Unidos
USA|fauna|Cyphon johni,USA,fauna,Cyphon johni,Estados Unidos
USA|fauna|Bavia aericeps,USA,fauna,Bavia aericeps,Estados Unidos
USA|fauna|Sparganothis demissana,USA,fauna,Sparganothis demissana,Estados Unidos
USA|fauna|Lytta stygica,USA,fauna,Lytta stygica,Estados Unidos
USA|fauna|Notoxus werneri,USA,fauna,Notoxus werneri,Estados Unidos
USA|fauna|Mordellistena tarsalis,USA,fauna,Mordellistena tarsalis,Estados Unidos
USA|fauna|Himatolabus axillaris,USA,fauna,Himatolabus axillaris,Estados Unidos
USA|fauna|Elgaria panamintina,USA,fauna,Elgaria panamintina,Estados Unidos
USA|fauna|Mordella brevistylis,USA,fauna,Mordella brevistylis,Estados Unidos
USA|fauna|Myrmecoderus laevipennis,USA,fauna,Myrmecoderus laevipennis,Estados Unidos
USA|fauna|Lasionycta sasquatch,USA,fauna,Lasionycta sasquatch,Estados Unidos
USA|fauna|Eupithecia edna,USA,fauna,Eupithecia edna,Estados Unidos
USA|fauna|Eupithecia albigrisata,USA,fauna,Eupithecia albigrisata,Estados Unidos
USA|fauna|Kleptochthonius regulus,USA,fauna,Kleptochthonius regulus,Estados Unidos
USA|fauna|Alabamocreagris mortis,USA,fauna,Alabamocreagris mortis,Estados Unidos
USA|fauna|Nemognatha dubia,USA,fauna,Nemognatha dubia,Estados Unidos
USA|fauna|Dinocheirus aequalis,USA,fauna,Dinocheirus aequalis,Estados Unidos
USA|fauna|Phalonidia basiochreana,USA,fauna,Phalonidia basiochreana,Estados Unidos
USA|fauna|Tanarthrus cochisus,USA,fauna,Tanarthrus cochisus,Estados Unidos
USA|fauna|Ischnomera excavata,USA,fauna,Ischnomera excavata,Estados Unidos
USA|fauna|Emelinus huachucanus,USA,fauna,Emelinus huachucanus,Estados Unidos
USA|fauna|Tyrannochthonius felix,USA,fauna,Tyrannochthonius felix,Estados Unidos
USA|fauna|Chorisoneura texensis,USA,fauna,Chorisoneura texensis,Estados Unidos
USA|fauna|Hallomenus serricornis,USA,fauna,Hallomenus serricornis,Estados Unidos
USA|fauna|Lasionycta staudingeri,USA,fauna,Lasionycta staudingeri,Estados Unidos
USA|fauna|Eremobates zinni,USA,fauna,Eremobates zinni,Estados Unidos
USA|fauna|Atimia gannoni,USA,fauna,Atimia gannoni,Estados Unidos
USA|fauna|Epicauta virgulata,USA,fauna,Epicauta virgulata,Estados Unidos
USA|flora|Quercus virginiana,USA,flora,Quercus virginiana,Estados Unidos
USA|flora|Atriplex coronata,USA,flora,Atriplex coronata,Estados Unidos
USA|flora|Campus del Ventura County Community College District,USA,flora,Campus del Ventura County Community College District,Estados Unidos
USA|flora|Quercus john-tuckeri,USA,flora,Quercus john-tuckeri,California
USA|flora|Zanthoxylum clava-herculis,USA,flora,Zanthoxylum clava-herculis,Estados Unidos
USA|flora|Quercus bicolor,USA,flora,Quercus bicolor,Estados Unidos
USA|flora|Andropogon virginicus,USA,flora,Andropogon virginicus,Estados Unidos
USA|flora|Chionanthus virginicus,USA,flora,Chionanthus virginicus,Estados Unidos
USA|flora|Cyrtopodium punctatum,USA,flora,Cyrtopodium punctatum,Estados Unidos
USA|flora|Echinocereus davisii,USA,flora,Echinocereus davisii,Estados Unidos
USA|flora|Echinocereus bakeri,USA,flora,Echinocereus bakeri,Estados Unidos
USA|flora|Cirsium quercetorum,USA,flora,Cirsium quercetorum,Estados Unidos
USA|flora|Sanicula arctopoides,USA,flora,Sanicula arctopoides,Estados Unidos
USA|flora|Salix bonplandiana,USA,flora,Salix bonplandiana,Estados Unidos
USA|flora|Mammillaria heyderi,USA,flora,Mammillaria heyderi,Estados Unidos
USA|flora|Buddleja scordioides,USA,flora,Buddleja scordioides,Estados Unidos
USA|flora|Erythronium albidum,USA,flora,Erythronium albidum,Estados Unidos
USA|flora|Carex luzulina,USA,flora,Carex luzulina,Estados Unidos
USA|flora|Pastizales costeros del Golfo occidental,USA,flora,Pastizales costeros del Golfo occidental,Estados Unidos
USA|flora|Astragalus anserinus,USA,flora,Astragalus anserinus,Estados Unidos
USA|flora|Berberis aquifolium,USA,flora,Berberis aquifolium,Estados Unidos
USA|flora|Bosque nacional Okanogan,USA,flora,Bosque nacional Okanogan,Estados Unidos
USA|flora|Sclerocactus parviflorus,USA,flora,Sclerocactus parviflorus,Estados Unidos
USA|flora|Liatris cylindracea,USA,flora,Liatris cylindracea,Estados Unidos
USA|flora|Selva McCormick,USA,flora,Selva McCormick,Estados Unidos
USA|flora|Arctostaphylos myrtifolia,USA,flora,Arctostaphylos myrtifolia,Estados Unidos
USA|flora|Juglans cinerea,USA,flora,Juglans cinerea,Estados Unidos
USA|flora|Betula occidentalis,USA,flora,Betula occidentalis,Estados Unidos
USA|flora|Lyrocarpa coulteri,USA,flora,Lyrocarpa coulteri,Estados Unidos
USA|flora|Corydalis aurea,USA,flora,Corydalis aurea,Estados Unidos
USA|flora|Palafoxia arida,USA,flora,Palafoxia arida,Estados Unidos
USA|flora|Toxicoscordion exaltatum,USA,flora,Toxicoscordion exaltatum,Estados Unidos
USA|flora|Erythrina herbacea,USA,flora,Erythrina herbacea,Estados Unidos
USA|flora|Dudleya viscida,USA,flora,Dudleya viscida,Estados Unidos
USA|flora|Invernadero botánico Foellinger-Freimann,USA,flora,Invernadero botánico Foellinger-Freimann,Estados Unidos
USA|flora|Eysenhardtia polystachya,USA,flora,Eysenhardtia polystachya,Estados Unidos
USA|flora|Arboreto del Estado de Idaho,USA,flora,Arboreto del Estado de Idaho,Estados Unidos
USA|flora|Nolina arenicola,USA,flora,Nolina arenicola,Estados Unidos
USA|flora|Aesculus glabra,USA,flora,Aesculus glabra,Estados Unidos
USA|flora|Sclerocactus polyancistrus,USA,flora,Sclerocactus polyancistrus,Estados Unidos
USA|flora|Carex geyeri,USA,flora,Carex geyeri,Estados Unidos
USA|flora|Jardines de Selva de Sarasota,USA,flora,Jardines de Selva de Sarasota,Estados Unidos
USA|flora|Nolina lindheimeriana,USA,flora,Nolina lindheimeriana,Estados Unidos
USA|flora|Escobaria missouriensis,USA,flora,Escobaria missouriensis,Estados Unidos
USA|flora|Piperia dilatata,USA,flora,Piperia dilatata,Estados Unidos
USA|flora|Campanula angustiflora,USA,flora,Campanula angustiflora,Estados Unidos
USA|flora|Narthecium americanum,USA,flora,Narthecium americanum,Estados Unidos
USA|flora|Grossularia purpusii,USA,flora,Grossularia purpusii,Estados Unidos
USA|flora|Salix ligulifolia,USA,flora,Salix ligulifolia,Estados Unidos
USA|flora|Iodanthus pinnatifidus,USA,flora,Iodanthus pinnatifidus,Estados Unidos
USA|flora|Boechera perennans,USA,flora,Boechera perennans,Estados Unidos
USA|flora|Huntington Desert Garden,USA,flora,Huntington Desert Garden,Estados Unidos
USA|flora|Arboreto y Jardines de Montana,USA,flora,Arboreto y Jardines de Montana,Estados Unidos
USA|flora|Lysiloma latisiliquum,USA,flora,Lysiloma latisiliquum,Estados Unidos
USA|flora|Spiraea tomentosa,USA,flora,Spiraea tomentosa,Estados Unidos
USA|flora|Quercus marilandica,USA,flora,Quercus marilandica,Estados Unidos
USA|flora|Arctostaphylos hookeri,USA,flora,Arctostaphylos hookeri,Estados Unidos
USA|flora|Echinocereus poselgeri,USA,flora,Echinocereus poselgeri,Estados Unidos
USA|flora|Allium fibrillum,USA,flora,Allium fibrillum,Estados Unidos
USA|flora|Polystichum munitum,USA,flora,Polystichum munitum,Estados Unidos
USA|flora|Vauquelinia californica,USA,flora,Vauquelinia californica,Estados Unidos
USA|flora|Andropogon gerardii,USA,flora,Andropogon gerardii,Estados Unidos
USA|flora|Programa de las Leguminosas del Desierto,USA,flora,Programa de las Leguminosas del Desierto,Estados Unidos
USA|flora|Opuntia gosseliniana,USA,flora,Opuntia gosseliniana,Estados Unidos
USA|flora|Solanum fendleri,USA,flora,Solanum fendleri,Estados Unidos
USA|flora|Prosopis glandulosa,USA,flora,Prosopis glandulosa,Estados Unidos
USA|flora|Schwalbea americana,USA,flora,Schwalbea americana,Estados Unidos
USA|flora|Asclepias californica,USA,flora,Asclepias californica,Estados Unidos
USA|flora|Parthenice mollis,USA,flora,Parthenice mollis,Estados Unidos
USA|flora|Sassafras albidum,USA,flora,Sassafras albidum,Estados Unidos
USA|flora|Ebenopsis ebano,USA,flora,Ebenopsis ebano,Estados Unidos
USA|flora|Quercus emoryi,USA,flora,Quercus emoryi,Estados Unidos
USA|flora|Iris bracteata,USA,flora,Iris bracteata,Estados Unidos
USA|flora|Shinnersoseris,USA,flora,Shinnersoseris,Estados Unidos
USA|flora|Quercus michauxii,USA,flora,Quercus michauxii,Estados Unidos
USA|flora|Anisacanthus quadrifidus,USA,flora,Anisacanthus quadrifidus,Estados Unidos
USA|flora|Plantación Botánica Fay Hyland,USA,flora,Plantación Botánica Fay Hyland,Estados Unidos
USA|flora|Atriplex hymenelytra,USA,flora,Atriplex hymenelytra,Estados Unidos
USA|flora|Magnolia virginiana,USA,flora,Magnolia virginiana,Estados Unidos
USA|flora|Jardín de Kirpal,USA,flora,Jardín de Kirpal,Estados Unidos
USA|flora|Parque Estatal del Arboreto de Boyce Thompson,USA,flora,Parque Estatal del Arboreto de Boyce Thompson,Estados Unidos
USA|flora|Selva Fitzpatrick,USA,flora,Selva Fitzpatrick,Estados Unidos
USA|flora|Chrysothamnus nauseosus,USA,flora,Chrysothamnus nauseosus,Estados Unidos
USA|flora|Echinocereus fendleri,USA,flora,Echinocereus fendleri,Estados Unidos
USA|flora|Astragalus aridus,USA,flora,Astragalus aridus,Estados Unidos
USA|flora|Selva Tamarac,USA,flora,Selva Tamarac,Estados Unidos
USA|flora|Rubus spectabilis,USA,flora,Rubus spectabilis,Estados Unidos
USA|flora|Leucothrinax,USA,flora,Leucothrinax,Estados Unidos
USA|flora|Ulmus rubra,USA,flora,Ulmus rubra,Estados Unidos
USA|flora|Sclerocactus nyensis,USA,flora,Sclerocactus nyensis,Estados Unidos
USA|flora|Polemonium pulcherrimum,USA,flora,Polemonium pulcherrimum,Estados Unidos
USA|flora|Tsuga heterophylla,USA,flora,Tsuga heterophylla,Estados Unidos
USA|flora|Toxicoscordion micranthum,USA,flora,Toxicoscordion micranthum,Estados Unidos
USA|flora|Buchloe dactyloides,USA,flora,Buchloe dactyloides,Estados Unidos
USA|flora|Calochortus pulchellus,USA,flora,Calochortus pulchellus,Estados Unidos
USA|flora|Abies magnifica,USA,flora,Abies magnifica,Estados Unidos
USA|flora|Baccharis vanessae,USA,flora,Baccharis vanessae,Estados Unidos
USA|flora|Prunus subcordata,USA,flora,Prunus subcordata,Estados Unidos
USA|flora|Salvia columbariae,USA,flora,Salvia columbariae,Estados Unidos
USA|flora|Adenostoma fasciculatum,USA,flora,Adenostoma fasciculatum,Estados Unidos
USA|geography|Escalón (California),USA,geography,Escalón (California),California
USA|geography|Bowen (Illinois),USA,geography,Bowen (Illinois),Illinois
USA|geography|Niantic (Illinois),USA,geography,Niantic (Illinois),Illinois
USA|geography|North Miami Beach,USA,geography,North Miami Beach,Florida
USA|geography|Shenandoah (Texas),USA,geography,Shenandoah (Texas),Texas
USA|geography|Satellite Beach,USA,geography,Satellite Beach,Florida
USA|geography|Municipio de Deptford,USA,geography,Municipio de Deptford,Nueva Jersey
USA|geography|Paige (Texas),USA,geography,Paige (Texas),Texas
USA|geography|Municipio de Germanville,USA,geography,Municipio de Germanville,Illinois
USA|geography|Sims (Illinois),USA,geography,Sims (Illinois),Illinois
USA|geography|Benld,USA,geography,Benld,Illinois
USA|geography|Tiempo de Alaska,USA,geography,Tiempo de Alaska,Estados Unidos
USA|geography|Baker (Luisiana),USA,geography,Baker (Luisiana),Luisiana
USA|geography|2.º distrito congresional de Nueva Jersey,USA,geography,2.º distrito congresional de Nueva Jersey,Nueva Jersey
USA|geography|Latham (Illinois),USA,geography,Latham (Illinois),Illinois
USA|geography|Municipio de Camp Point,USA,geography,Municipio de Camp Point,Illinois
USA|geography|Armstrong (condado de Nevada),USA,geography,Armstrong (condado de Nevada),California
USA|geography|North Palm Beach,USA,geography,North Palm Beach,Florida
USA|geography|Cayo Congo,USA,geography,Cayo Congo,Estados Unidos
USA|geography|Arbee (California),USA,geography,Arbee (California),California
USA|geography|Surfside,USA,geography,Surfside,Florida
USA|geography|Lyons (Illinois),USA,geography,Lyons (Illinois),Illinois
USA|geography|Sparland (Illinois),USA,geography,Sparland (Illinois),Illinois
USA|geography|Kirby (Texas),USA,geography,Kirby (Texas),Texas
USA|geography|Pollock Pines,USA,geography,Pollock Pines,California
USA|geography|Winchuck,USA,geography,Winchuck,California
USA|geography|Magnolia grandiflora,USA,geography,Magnolia grandiflora,Estados Unidos
USA|geography|Municipio de Drummer,USA,geography,Municipio de Drummer,Illinois
USA|geography|Rockwood (Illinois),USA,geography,Rockwood (Illinois),Illinois
USA|geography|Theba (Arizona),USA,geography,Theba (Arizona),Arizona
USA|geography|Coronita,USA,geography,Coronita,California
USA|geography|Cholame (California),USA,geography,Cholame (California),California
USA|geography|Quesada (Texas),USA,geography,Quesada (Texas),Texas
USA|geography|Payne Springs,USA,geography,Payne Springs,Texas
USA|geography|Lawtey,USA,geography,Lawtey,Florida
USA|geography|Municipio de Clover (Illinois),USA,geography,Municipio de Clover (Illinois),Illinois
USA|geography|Twin Peaks (Condado de Tuolumne),USA,geography,Twin Peaks (Condado de Tuolumne),California
USA|geography|Chico (Texas),USA,geography,Chico (Texas),Texas
USA|geography|Patterson (California),USA,geography,Patterson (California),California
USA|geography|Municipio de Limestone (condado de Kankakee),USA,geography,Municipio de Limestone (condado de Kankakee),Illinois
USA|geography|Del Norte (Colorado),USA,geography,Del Norte (Colorado),Colorado
USA|geography|Quercus prinoides,USA,geography,Quercus prinoides,Estados Unidos
USA|geography|Stanley (Luisiana),USA,geography,Stanley (Luisiana),Luisiana
USA|geography|Richwood (Nueva Jersey),USA,geography,Richwood (Nueva Jersey),Nueva Jersey
USA|geography|Municipio de Deer Creek (Illinois),USA,geography,Municipio de Deer Creek (Illinois),Illinois
USA|geography|Richmond (Illinois),USA,geography,Richmond (Illinois),Illinois
USA|geography|Audubon (Nueva Jersey),USA,geography,Audubon (Nueva Jersey),Nueva Jersey
USA|geography|Pleasant Hill (Luisiana),USA,geography,Pleasant Hill (Luisiana),Luisiana
USA|geography|Independence (condado de Calaveras),USA,geography,Independence (condado de Calaveras),California
USA|geography|Bermuda Dunes,USA,geography,Bermuda Dunes,California
USA|geography|Sheldon (California),USA,geography,Sheldon (California),California
USA|geography|Tierras altas del interior,USA,geography,Tierras altas del interior,Estados Unidos
USA|geography|Batalla de Tuxpan,USA,geography,Batalla de Tuxpan,Texas
USA|geography|Mercedes (Texas),USA,geography,Mercedes (Texas),Texas
USA|geography|Eldorado (Texas),USA,geography,Eldorado (Texas),Texas
USA|geography|Distrito electoral de Albion n.º 2,USA,geography,Distrito electoral de Albion n.º 2,Illinois
USA|geography|Indian Creek (Florida),USA,geography,Indian Creek (Florida),Florida
USA|geography|Municipio de Hopedale,USA,geography,Municipio de Hopedale,Illinois
USA|geography|Cayo Grass,USA,geography,Cayo Grass,Estados Unidos
USA|geography|Three Rivers (Texas),USA,geography,Three Rivers (Texas),Texas
USA|geography|Newcastle (Texas),USA,geography,Newcastle (Texas),Texas
USA|geography|Thawville (Illinois),USA,geography,Thawville (Illinois),Illinois
USA|geography|Roby (Texas),USA,geography,Roby (Texas),Texas
USA|geography|Código Bimini,USA,geography,Código Bimini,Estados Unidos
USA|geography|Jardín Botánico de la Universidad del Sur de Florida,USA,geography,Jardín Botánico de la Universidad del Sur de Florida,Florida
USA|geography|Oquawka (Illinois),USA,geography,Oquawka (Illinois),Illinois
USA|geography|Isla Jarvis,USA,geography,Isla Jarvis,Estados Unidos
USA|geography|Ignacio (Colorado),USA,geography,Ignacio (Colorado),Colorado
USA|geography|Municipio de Cave (Illinois),USA,geography,Municipio de Cave (Illinois),Illinois
USA|geography|Municipio de Oxford (Illinois),USA,geography,Municipio de Oxford (Illinois),Illinois
USA|geography|Alondra Park,USA,geography,Alondra Park,California
USA|geography|Municipio de Wilmington (Illinois),USA,geography,Municipio de Wilmington (Illinois),Illinois
USA|geography|Cordilleras transversales,USA,geography,Cordilleras transversales,California
USA|geography|Bellair-Meadowbrook Terrace,USA,geography,Bellair-Meadowbrook Terrace,Florida
USA|geography|South River (Nueva Jersey),USA,geography,South River (Nueva Jersey),Nueva Jersey
USA|geography|CBP One,USA,geography,CBP One,Estados Unidos
USA|geography|Puerto del Cajón,USA,geography,Puerto del Cajón,Estados Unidos
USA|geography|Morriston (Florida),USA,geography,Morriston (Florida),Florida
USA|geography|Mer Rouge,USA,geography,Mer Rouge,Luisiana
USA|geography|Reserva india Yakama,USA,geography,Reserva india Yakama,Estados Unidos
USA|geography|Arroyo Cibolo,USA,geography,Arroyo Cibolo,Texas
USA|geography|Casa Lummis,USA,geography,Casa Lummis,California
USA|geography|La Grange (Illinois),USA,geography,La Grange (Illinois),Illinois
USA|geography|Municipio de New Berlin,USA,geography,Municipio de New Berlin,Illinois
USA|geography|Municipio de Monroe (Illinois),USA,geography,Municipio de Monroe (Illinois),Illinois
USA|geography|Beardstown,USA,geography,Beardstown,Illinois
USA|geography|The Pinery,USA,geography,The Pinery,Colorado
USA|geography|Volcano (California),USA,geography,Volcano (California),California
USA|geography|Municipio de Lee (condado de Brown),USA,geography,Municipio de Lee (condado de Brown),Illinois
USA|geography|Estanque reflectante del monumento a Lincoln,USA,geography,Estanque reflectante del monumento a Lincoln,Washington D. C.
USA|geography|Cedar Creek (Arizona),USA,geography,Cedar Creek (Arizona),Arizona
USA|geography|Yorba Linda,USA,geography,Yorba Linda,California
USA|geography|Santa Fe Plaza,USA,geography,Santa Fe Plaza,Estados Unidos
USA|geography|Municipio de Manlius (condado de Bureau),USA,geography,Municipio de Manlius (condado de Bureau),Illinois
USA|geography|Barrio Francés de Nueva Orleans,USA,geography,Barrio Francés de Nueva Orleans,Estados Unidos
USA|geography|Short Hills (Nueva Jersey),USA,geography,Short Hills (Nueva Jersey),Nueva Jersey
USA|geography|Cantrall (Illinois),USA,geography,Cantrall (Illinois),Illinois
USA|geography|Capitolio de los Estados Unidos,USA,geography,Capitolio de los Estados Unidos,Estados Unidos
USA|geography|New Milford (Illinois),USA,geography,New Milford (Illinois),Illinois
USA|geography|Área metropolitana de Hanford-Corcoran,USA,geography,Área metropolitana de Hanford-Corcoran,California
USA|object|Turn 10 Studios,USA,object,Turn 10 Studios,Estados Unidos
USA|object|UFC Fight Night: Silva vs. Irvin,USA,object,UFC Fight Night: Silva vs. Irvin,Las Vegas
USA|object|Freescale,USA,object,Freescale,Estados Unidos
USA|object|Thunder (película),USA,object,Thunder (película),Los Ángeles
USA|object|UFC on Fox: Weidman vs. Gastelum,USA,object,UFC on Fox: Weidman vs. Gastelum,Las Vegas
USA|object|First Republic Bank,USA,object,First Republic Bank,Estados Unidos
USA|object|Capers Jones,USA,object,Capers Jones,Nueva York
USA|object|The World Is Not Enough,USA,object,The World Is Not Enough,Los Ángeles
USA|object|Vuelo 771 de Gulf Air,USA,object,Vuelo 771 de Gulf Air,Seattle
USA|object|La maldición del escorpión de jade,USA,object,La maldición del escorpión de jade,California
USA|object|WarnerMedia,USA,object,WarnerMedia,Estados Unidos
USA|object|The Simpsons Ride,USA,object,The Simpsons Ride,Los Ángeles
USA|object|Cat's Eye (manga),USA,object,Cat's Eye (manga),California
USA|object|First Boston,USA,object,First Boston,Estados Unidos
USA|object|Electronic Arts,USA,object,Electronic Arts,Estados Unidos
USA|object|Tenor (sitio web),USA,object,Tenor (sitio web),Estados Unidos
USA|object|Walmart de México y Centroamérica,USA,object,Walmart de México y Centroamérica,Estados Unidos
USA|object|Ozark Air Lines,USA,object,Ozark Air Lines,Estados Unidos
USA|object|Searchlight Pictures,USA,object,Searchlight Pictures,Estados Unidos
USA|object|Martin Nodell,USA,object,Martin Nodell,Nueva York
USA|object|Tyla,USA,object,Tyla,Nueva York
USA|object|400 Millas de Daytona,USA,object,400 Millas de Daytona,Florida
USA|object|SuperBeef,USA,object,SuperBeef,Illinois
USA|object|Boeing XP-4,USA,object,Boeing XP-4,Seattle
USA|object|Tappan Company,USA,object,Tappan Company,Estados Unidos
USA|object|TIM Brasil,USA,object,TIM Brasil,Estados Unidos
USA|object|21 Savage,USA,object,21 Savage,Nueva York
USA|object|Robert Arneson,USA,object,Robert Arneson,Estados Unidos
USA|object|Corsair Gaming,USA,object,Corsair Gaming,Estados Unidos
USA|object|Smashbox Studios,USA,object,Smashbox Studios,Estados Unidos
USA|object|PARC,USA,object,PARC,Estados Unidos
USA|object|UFC on ESPN: Covington vs. Buckley,USA,object,UFC on ESPN: Covington vs. Buckley,Las Vegas
USA|object|Turbo C,USA,object,Turbo C,Texas
USA|object|G.I. Robot,USA,object,G.I. Robot,Nueva York
USA|object|Zebra Technologies,USA,object,Zebra Technologies,Estados Unidos
USA|object|This Island Earth,USA,object,This Island Earth,Los Ángeles
USA|object|NASCAR 06: Total Team Control,USA,object,NASCAR 06: Total Team Control,Florida
USA|object|USA Today,USA,object,USA Today,Estados Unidos
USA|object|American Bantam Company,USA,object,American Bantam Company,Estados Unidos
USA|object|Han Lue,USA,object,Han Lue,Los Ángeles
USA|object|Alto padre,USA,object,Alto padre,Nueva York
USA|object|Vuelo 214 de Asiana Airlines,USA,object,Vuelo 214 de Asiana Airlines,Seattle
USA|object|Reunion (álbum de Black Sabbath),USA,object,Reunion (álbum de Black Sabbath),Nueva York
USA|object|Ford en Fórmula 1,USA,object,Ford en Fórmula 1,Estados Unidos
USA|object|Kahndaq,USA,object,Kahndaq,Nueva York
USA|object|Addison-Wesley,USA,object,Addison-Wesley,Estados Unidos
USA|object|Julianna Peña,USA,object,Julianna Peña,Las Vegas
USA|object|BAE Systems Inc.,USA,object,BAE Systems Inc.,Estados Unidos
USA|object|Customers Bancorp,USA,object,Customers Bancorp,Estados Unidos
USA|object|Biker Boyz,USA,object,Biker Boyz,California
USA|object|Valentina Shevchenko,USA,object,Valentina Shevchenko,Las Vegas
USA|object|PolyGram,USA,object,PolyGram,Estados Unidos
USA|object|Monsanto,USA,object,Monsanto,Estados Unidos
USA|object|Electronic Data Systems,USA,object,Electronic Data Systems,Estados Unidos
USA|object|Teresa (película de 1951),USA,object,Teresa (película de 1951),Los Ángeles
USA|object|Heathen Chemistry,USA,object,Heathen Chemistry,Nueva York
USA|object|Dile al sol,USA,object,Dile al sol,Nueva York
USA|object|PRS Guitars,USA,object,PRS Guitars,Estados Unidos
USA|object|Ju-on: Origins,USA,object,Ju-on: Origins,California
USA|object|Peet's Coffee,USA,object,Peet's Coffee,California
USA|object|Gargoyles,USA,object,Gargoyles,Nueva York
USA|object|Microsoft Mobile,USA,object,Microsoft Mobile,Estados Unidos
USA|object|El que recibe las bofetadas (película de 1924),USA,object,El que recibe las bofetadas (película de 1924),Los Ángeles
USA|object|Williams Sonoma,USA,object,Williams Sonoma,Estados Unidos
USA|object|Boundin',USA,object,Boundin',California
USA|object|The Behemoth,USA,object,The Behemoth,Estados Unidos
USA|object|SpaceX CRS-14,USA,object,SpaceX CRS-14,Estados Unidos
USA|object|Denso Corporation,USA,object,Denso Corporation,Estados Unidos
USA|object|Long-Term Capital Management,USA,object,Long-Term Capital Management,Estados Unidos
USA|object|Valero Energy,USA,object,Valero Energy,Estados Unidos
USA|object|Astroworld,USA,object,Astroworld,Nueva York
USA|object|Venmo,USA,object,Venmo,Estados Unidos
USA|object|Boeing Model 204,USA,object,Boeing Model 204,Seattle
USA|object|Día de desarrolladores de Google,USA,object,Día de desarrolladores de Google,California
USA|object|Polaris Inc.,USA,object,Polaris Inc.,Estados Unidos
USA|object|Apple Fifth Avenue,USA,object,Apple Fifth Avenue,Estados Unidos
USA|object|Rome: Total War,USA,object,Rome: Total War,California
USA|object|Quake III Arena,USA,object,Quake III Arena,California
USA|object|Jorge el curioso (película),USA,object,Jorge el curioso (película),Los Ángeles
USA|object|Daily Journal Corporation,USA,object,Daily Journal Corporation,Estados Unidos
USA|object|United Express,USA,object,United Express,Illinois
USA|object|Call of Duty: Black Ops Cold War,USA,object,Call of Duty: Black Ops Cold War,California
USA|object|Fundación Banco Santander,USA,object,Fundación Banco Santander,Estados Unidos
USA|object|Aetna,USA,object,Aetna,Estados Unidos
USA|object|Fear (película),USA,object,Fear (película),Los Ángeles
USA|object|JBL,USA,object,JBL,Estados Unidos
USA|object|Touch of Evil,USA,object,Touch of Evil,Los Ángeles
USA|object|Amazon Glue,USA,object,Amazon Glue,Seattle
USA|object|EAT Club,USA,object,EAT Club,Estados Unidos
USA|object|UFC on ESPN: Brunson vs. Holland,USA,object,UFC on ESPN: Brunson vs. Holland,Las Vegas
USA|object|Remote Control Productions,USA,object,Remote Control Productions,Estados Unidos
USA|object|King of the Hill (película),USA,object,King of the Hill (película),Los Ángeles
USA|object|El navegante,USA,object,El navegante,Los Ángeles
USA|object|Cat Daddy Games,USA,object,Cat Daddy Games,Estados Unidos
USA|object|UFC Fight Night: Chiesa vs. Lee,USA,object,UFC Fight Night: Chiesa vs. Lee,Las Vegas
USA|object|Rough Draft Studios,USA,object,Rough Draft Studios,Estados Unidos
USA|object|La frontera (1982),USA,object,La frontera (1982),Los Ángeles
USA|object|Deseret Book,USA,object,Deseret Book,Estados Unidos
USA|object|Silver Surfer: Parábola,USA,object,Silver Surfer: Parábola,Nueva York
USA|object|Tommy Hilfiger (empresa),USA,object,Tommy Hilfiger (empresa),Estados Unidos
USA|public_figure|Rashee Rice,USA,public_figure,Rashee Rice,Texas
USA|public_figure|Elizabeth Yu,USA,public_figure,Elizabeth Yu,Nueva Jersey
USA|public_figure|Penny Halliwell,USA,public_figure,Penny Halliwell,San Francisco
USA|public_figure|Alice Ball,USA,public_figure,Alice Ball,Seattle
USA|public_figure|Sean Quinn,USA,public_figure,Sean Quinn,Los Ángeles
USA|public_figure|Jerian Grant,USA,public_figure,Jerian Grant,Chicago
USA|public_figure|Charles Pickering,USA,public_figure,Charles Pickering,Boston
USA|public_figure|Marc Benioff,USA,public_figure,Marc Benioff,San Francisco
USA|public_figure|Major Jones,USA,public_figure,Major Jones,Houston
USA|public_figure|Brianna McNeal,USA,public_figure,Brianna McNeal,Miami
USA|public_figure|Bernard Suits,USA,public_figure,Bernard Suits,Chicago
USA|public_figure|Gar Heard,USA,public_figure,Gar Heard,Chicago
USA|public_figure|Taylor Townsend,USA,public_figure,Taylor Townsend,Chicago
USA|public_figure|Kimberly Guilfoyle,USA,public_figure,Kimberly Guilfoyle,San Francisco
USA|public_figure|Dudley Randall,USA,public_figure,Dudley Randall,Washington D. C.
USA|public_figure|Austin Hollins,USA,public_figure,Austin Hollins,Arizona
USA|public_figure|Frederick Winslow Taylor,USA,public_figure,Frederick Winslow Taylor,Filadelfia
USA|public_figure|Bob Welch,USA,public_figure,Bob Welch,Los Ángeles
USA|public_figure|Bill Kennedy,USA,public_figure,Bill Kennedy,Filadelfia
USA|public_figure|Kate Grace,USA,public_figure,Kate Grace,California
USA|public_figure|Nora Dunn,USA,public_figure,Nora Dunn,Chicago
USA|public_figure|Adam F. Goldberg,USA,public_figure,Adam F. Goldberg,Filadelfia
USA|public_figure|Ari Emanuel,USA,public_figure,Ari Emanuel,Chicago
USA|public_figure|Rosanne Bailey,USA,public_figure,Rosanne Bailey,Chicago
USA|public_figure|José Mora y del Río,USA,public_figure,José Mora y del Río,Texas
USA|public_figure|The Reverend Horton Heat,USA,public_figure,The Reverend Horton Heat,Texas
USA|public_figure|Aaron Rodgers,USA,public_figure,Aaron Rodgers,California
USA|public_figure|Chairlift,USA,public_figure,Chairlift,Colorado
USA|public_figure|Louis Truscott,USA,public_figure,Louis Truscott,Houston
USA|public_figure|Baron Davis,USA,public_figure,Baron Davis,Los Ángeles
USA|public_figure|Belle L. Pettigrew,USA,public_figure,Belle L. Pettigrew,Chicago
USA|public_figure|Dan Flavin (político),USA,public_figure,Dan Flavin (político),Illinois
USA|public_figure|Samuel George Morton,USA,public_figure,Samuel George Morton,Filadelfia
USA|public_figure|Alice Gulick,USA,public_figure,Alice Gulick,Boston
USA|public_figure|Janet Stuart Oldershaw Durham,USA,public_figure,Janet Stuart Oldershaw Durham,Chicago
USA|public_figure|Robert Woodrow Wilson,USA,public_figure,Robert Woodrow Wilson,Houston
USA|public_figure|Reince Priebus,USA,public_figure,Reince Priebus,Nueva Jersey
USA|public_figure|Leslie Hendrix,USA,public_figure,Leslie Hendrix,San Francisco
USA|public_figure|Olivie Blake,USA,public_figure,Olivie Blake,California
USA|public_figure|Elizabeth Allen (actriz),USA,public_figure,Elizabeth Allen (actriz),Nueva Jersey
USA|public_figure|Dale Schlueter,USA,public_figure,Dale Schlueter,Atlanta
USA|public_figure|Josh Klinghoffer,USA,public_figure,Josh Klinghoffer,Los Ángeles
USA|public_figure|Carter Cruise,USA,public_figure,Carter Cruise,Atlanta
USA|public_figure|Candy Montgomery,USA,public_figure,Candy Montgomery,Texas
USA|public_figure|Chico Vaughn,USA,public_figure,Chico Vaughn,Atlanta
USA|public_figure|Mauricio Claver-Carone,USA,public_figure,Mauricio Claver-Carone,Miami
USA|public_figure|Marcia Strassman,USA,public_figure,Marcia Strassman,Los Ángeles
USA|public_figure|Felipe Baca,USA,public_figure,Felipe Baca,Colorado
USA|public_figure|Nadine Conner,USA,public_figure,Nadine Conner,California
USA|public_figure|John Franklin-Myers,USA,public_figure,John Franklin-Myers,Los Ángeles
USA|public_figure|Jennifer Sky,USA,public_figure,Jennifer Sky,Florida
USA|public_figure|Radical Face,USA,public_figure,Radical Face,Florida
USA|public_figure|Asher Brown Durand,USA,public_figure,Asher Brown Durand,Nueva Jersey
USA|public_figure|Uvaldo Luna,USA,public_figure,Uvaldo Luna,Houston
USA|public_figure|Trent Williams,USA,public_figure,Trent Williams,Texas
USA|public_figure|Brad Bufanda,USA,public_figure,Brad Bufanda,Los Ángeles
USA|public_figure|Calvin Garrett,USA,public_figure,Calvin Garrett,Houston
USA|public_figure|Jourdan Delacruz,USA,public_figure,Jourdan Delacruz,Dallas
USA|public_figure|Kevin Pollak,USA,public_figure,Kevin Pollak,Chicago
USA|public_figure|Marcos Abraham Freiberg,USA,public_figure,Marcos Abraham Freiberg,San Francisco
USA|public_figure|Dominick Barlow,USA,public_figure,Dominick Barlow,Atlanta
USA|public_figure|Art Williams,USA,public_figure,Art Williams,Texas
USA|public_figure|Derwin Kitchen,USA,public_figure,Derwin Kitchen,Florida
USA|public_figure|Lance McNaught,USA,public_figure,Lance McNaught,Texas
USA|public_figure|Lily Pons,USA,public_figure,Lily Pons,Dallas
USA|public_figure|Yeat,USA,public_figure,Yeat,Los Ángeles
USA|public_figure|Angelo DiGeorge,USA,public_figure,Angelo DiGeorge,Filadelfia
USA|public_figure|Rasheed Wallace,USA,public_figure,Rasheed Wallace,Atlanta
USA|public_figure|Luis Silva López,USA,public_figure,Luis Silva López,California
USA|public_figure|Greg Plitt,USA,public_figure,Greg Plitt,Los Ángeles
USA|public_figure|Jason Dolley,USA,public_figure,Jason Dolley,Los Ángeles
USA|public_figure|Julian Merryweather,USA,public_figure,Julian Merryweather,California
USA|public_figure|Henry Hyde,USA,public_figure,Henry Hyde,Chicago
USA|public_figure|Chico Hamilton,USA,public_figure,Chico Hamilton,Los Ángeles
USA|public_figure|Christian Watson,USA,public_figure,Christian Watson,Florida
USA|public_figure|Josh Christopher,USA,public_figure,Josh Christopher,Houston
USA|public_figure|Mandy Patinkin,USA,public_figure,Mandy Patinkin,Chicago
USA|public_figure|Nik Stauskas,USA,public_figure,Nik Stauskas,Filadelfia
USA|public_figure|Catherine Keener,USA,public_figure,Catherine Keener,Miami
USA|public_figure|Sean Burroughs,USA,public_figure,Sean Burroughs,Atlanta
USA|public_figure|Dianne Durham,USA,public_figure,Dianne Durham,Chicago
USA|public_figure|Andrew Bynum,USA,public_figure,Andrew Bynum,Nueva Jersey
USA|public_figure|Tom Brown,USA,public_figure,Tom Brown,Washington D. C.
USA|public_figure|Jimmy Ryce,USA,public_figure,Jimmy Ryce,Florida
USA|public_figure|Meredith Monroe,USA,public_figure,Meredith Monroe,Houston
USA|public_figure|Robert Barry,USA,public_figure,Robert Barry,Chicago
USA|public_figure|N'Dambi,USA,public_figure,N'Dambi,Dallas
USA|public_figure|David Hawkins,USA,public_figure,David Hawkins,Washington D. C.
USA|public_figure|Lon McCallister,USA,public_figure,Lon McCallister,Los Ángeles
USA|public_figure|Ken Reitz,USA,public_figure,Ken Reitz,San Francisco
USA|public_figure|Sarah Newberry-Moore,USA,public_figure,Sarah Newberry-Moore,Miami
USA|public_figure|Robert Serber,USA,public_figure,Robert Serber,Filadelfia
USA|public_figure|Álvaro Magaña,USA,public_figure,Álvaro Magaña,Chicago
USA|public_figure|Doug Kramer,USA,public_figure,Doug Kramer,Chicago
USA|public_figure|Phyllis Kaberry,USA,public_figure,Phyllis Kaberry,San Francisco
USA|public_figure|Dorothy Fay,USA,public_figure,Dorothy Fay,Arizona
USA|public_figure|Chelsea Marie,USA,public_figure,Chelsea Marie,Florida
USA|public_figure|Eddy Álvarez,USA,public_figure,Eddy Álvarez,Miami
USA|public_figure|Charles W. Mills,USA,public_figure,Charles W. Mills,Chicago
USA|public_figure|Delarrin Turner-Yell,USA,public_figure,Delarrin Turner-Yell,Texas
USA|tradition|Jodie Foster,USA,tradition,Jodie Foster,Estados Unidos
USA|tradition|Barry White,USA,tradition,Barry White,Estados Unidos
USA|tradition|Festival de Cine de Telluride,USA,tradition,Festival de Cine de Telluride,Estados Unidos
USA|tradition|Henry Fonda,USA,tradition,Henry Fonda,Estados Unidos
USA|tradition|Ángel Barajas,USA,tradition,Ángel Barajas,Florida
USA|tradition|Basílica del Sagrado Corazón de Jesús (Siracusa),USA,tradition,Basílica del Sagrado Corazón de Jesús (Siracusa),Nueva York
USA|tradition|Lynn Margulis,USA,tradition,Lynn Margulis,Estados Unidos
USA|tradition|Tiroteo en el Museo Conmemorativo del Holocausto en Washington D. C.,USA,tradition,Tiroteo en el Museo Conmemorativo del Holocausto en Washington D. C.,Estados Unidos
USA|tradition|David Proval,USA,tradition,David Proval,Estados Unidos
USA|tradition|Thomas Jonathan Jackson Altizer,USA,tradition,Thomas Jonathan Jackson Altizer,Estados Unidos
USA|tradition|William J. H. Boetcker,USA,tradition,William J. H. Boetcker,Estados Unidos
USA|tradition|Judíos estadounidenses,USA,tradition,Judíos estadounidenses,Estados Unidos
USA|tradition|Nauvoo Expositor,USA,tradition,Nauvoo Expositor,Estados Unidos
USA|tradition|Abadía de San León,USA,tradition,Abadía de San León,Florida
USA|tradition|Secular Coalition for America,USA,tradition,Secular Coalition for America,Estados Unidos
USA|tradition|Chanda Prescod-Weinstein,USA,tradition,Chanda Prescod-Weinstein,Estados Unidos
USA|tradition|Baba Ali,USA,tradition,Baba Ali,Estados Unidos
USA|tradition|Fotodrama de la Creación,USA,tradition,Fotodrama de la Creación,Estados Unidos
USA|tradition|Daud Rahbar,USA,tradition,Daud Rahbar,Estados Unidos
USA|tradition|Don Alden Adams,USA,tradition,Don Alden Adams,Estados Unidos
USA|tradition|Partido Político MIRA,USA,tradition,Partido Político MIRA,Florida
USA|tradition|Linda Sarsour,USA,tradition,Linda Sarsour,Estados Unidos
USA|tradition|Grupo de presión sionista en Estados Unidos,USA,tradition,Grupo de presión sionista en Estados Unidos,Estados Unidos
USA|tradition|Arquidiócesis de Nueva York,USA,tradition,Arquidiócesis de Nueva York,Nueva York
USA|tradition|Anton Szandor LaVey,USA,tradition,Anton Szandor LaVey,Estados Unidos
USA|tradition|Yaphet Kotto,USA,tradition,Yaphet Kotto,Estados Unidos
USA|tradition|Concatedral de Santa Teresa del Niño Jesús,USA,tradition,Concatedral de Santa Teresa del Niño Jesús,California
USA|tradition|Alex Kendrick,USA,tradition,Alex Kendrick,Estados Unidos
USA|tradition|Billy Wilder,USA,tradition,Billy Wilder,Estados Unidos
USA|tradition|Naya Rivera,USA,tradition,Naya Rivera,Estados Unidos
USA|tradition|Walter Wink,USA,tradition,Walter Wink,Estados Unidos
USA|tradition|Basílica de la Reina de Todos los Santos (Chicago),USA,tradition,Basílica de la Reina de Todos los Santos (Chicago),Illinois
USA|tradition|John Howard Yoder,USA,tradition,John Howard Yoder,Estados Unidos
USA|tradition|Freeman Dyson,USA,tradition,Freeman Dyson,Estados Unidos
USA|tradition|Sid Caesar,USA,tradition,Sid Caesar,Estados Unidos
USA|tradition|Richard Rorty,USA,tradition,Richard Rorty,Estados Unidos
USA|tradition|Alexander Berzin,USA,tradition,Alexander Berzin,Estados Unidos
USA|tradition|Cisma nestoriano,USA,tradition,Cisma nestoriano,Estados Unidos
USA|tradition|David Rosenhan,USA,tradition,David Rosenhan,Estados Unidos
USA|tradition|Catedral de San Juan (Fresno),USA,tradition,Catedral de San Juan (Fresno),California
USA|tradition|Gwendolyn Midlo Hall,USA,tradition,Gwendolyn Midlo Hall,Estados Unidos
USA|tradition|Robert Weinberg,USA,tradition,Robert Weinberg,Estados Unidos
USA|tradition|Disciplina congregacional de los testigos de Jehová,USA,tradition,Disciplina congregacional de los testigos de Jehová,Estados Unidos
USA|tradition|Felipe de Jesús Estévez,USA,tradition,Felipe de Jesús Estévez,Florida
USA|tradition|Erik Wielenberg,USA,tradition,Erik Wielenberg,Estados Unidos
USA|tradition|Ray Arcel,USA,tradition,Ray Arcel,Estados Unidos
USA|tradition|Henri Arnaud,USA,tradition,Henri Arnaud,Estados Unidos
USA|tradition|William B. Greene,USA,tradition,William B. Greene,Estados Unidos
USA|tradition|Festival Bach de Oregón,USA,tradition,Festival Bach de Oregón,Estados Unidos
USA|tradition|Guillermina Bravo Montaño,USA,tradition,Guillermina Bravo Montaño,Florida
USA|tradition|Ellen Johnson,USA,tradition,Ellen Johnson,Estados Unidos
USA|tradition|Alicia Silverstone,USA,tradition,Alicia Silverstone,Estados Unidos
USA|tradition|Catedral de Nuestra Señora del Rosario (San Bernardino),USA,tradition,Catedral de Nuestra Señora del Rosario (San Bernardino),California
USA|tradition|Seán Sammon,USA,tradition,Seán Sammon,Estados Unidos
USA|tradition|Steven Levy,USA,tradition,Steven Levy,Estados Unidos
USA|tradition|Medea Benjamin,USA,tradition,Medea Benjamin,Estados Unidos
USA|tradition|Catedral de San Fernando (San Antonio),USA,tradition,Catedral de San Fernando (San Antonio),Texas
USA|tradition|Brenda Song,USA,tradition,Brenda Song,Estados Unidos
USA|tradition|Richard Zare,USA,tradition,Richard Zare,Estados Unidos
USA|tradition|Separación de la Iglesia y el Estado en los Estados Unidos,USA,tradition,Separación de la Iglesia y el Estado en los Estados Unidos,Estados Unidos
USA|tradition|Catedral serbia ortodoxa de San Sava,USA,tradition,Catedral serbia ortodoxa de San Sava,Nueva York
USA|tradition|Abel Ferrara,USA,tradition,Abel Ferrara,Estados Unidos
USA|tradition|Moshé Soloveitchik,USA,tradition,Moshé Soloveitchik,Estados Unidos
USA|tradition|John Astin,USA,tradition,John Astin,Estados Unidos
USA|tradition|Summerfest,USA,tradition,Summerfest,Estados Unidos
USA|tradition|Posse Comitatus (organización),USA,tradition,Posse Comitatus (organización),Estados Unidos
USA|tradition|Anne Meara,USA,tradition,Anne Meara,Estados Unidos
USA|tradition|Gregory Bateson,USA,tradition,Gregory Bateson,Estados Unidos
USA|tradition|Opiniones religiosas de Thomas Jefferson,USA,tradition,Opiniones religiosas de Thomas Jefferson,Estados Unidos
USA|tradition|Frank Herbert,USA,tradition,Frank Herbert,Estados Unidos
USA|tradition|Josh Gondelman,USA,tradition,Josh Gondelman,Estados Unidos
USA|tradition|Lote del Templo,USA,tradition,Lote del Templo,Estados Unidos
USA|tradition|Edith Windsor,USA,tradition,Edith Windsor,Estados Unidos
USA|tradition|Madison Brengle,USA,tradition,Madison Brengle,Estados Unidos
USA|tradition|Wayne Static,USA,tradition,Wayne Static,Estados Unidos
USA|tradition|Marcia Davenport,USA,tradition,Marcia Davenport,Estados Unidos
USA|tradition|Diócesis de Tyler,USA,tradition,Diócesis de Tyler,Texas
USA|tradition|Iglesias de la Comunidad Metropolitana,USA,tradition,Iglesias de la Comunidad Metropolitana,Estados Unidos
USA|tradition|Blase Cupich,USA,tradition,Blase Cupich,Estados Unidos
USA|tradition|Deicide,USA,tradition,Deicide,Estados Unidos
USA|tradition|Rob Renzetti,USA,tradition,Rob Renzetti,Estados Unidos
USA|tradition|Diócesis de Peoria,USA,tradition,Diócesis de Peoria,Illinois
USA|tradition|Normani,USA,tradition,Normani,Estados Unidos
USA|tradition|John Courtney Murray,USA,tradition,John Courtney Murray,Estados Unidos
USA|tradition|Fran Drescher,USA,tradition,Fran Drescher,Estados Unidos
USA|tradition|Festival Internacional de Cine de Palm Springs,USA,tradition,Festival Internacional de Cine de Palm Springs,Estados Unidos
USA|tradition|Scott Mechlowicz,USA,tradition,Scott Mechlowicz,Estados Unidos
USA|tradition|Maud Nathan,USA,tradition,Maud Nathan,Estados Unidos
USA|tradition|Fantastic Fest,USA,tradition,Fantastic Fest,Estados Unidos
USA|tradition|Luis Miranda Rivera,USA,tradition,Luis Miranda Rivera,Estados Unidos
USA|tradition|Demografía de los testigos de Jehová,USA,tradition,Demografía de los testigos de Jehová,Estados Unidos
USA|tradition|Theodore Drange,USA,tradition,Theodore Drange,Estados Unidos
USA|tradition|Liga Católica por los Derechos Religiosos y Civiles,USA,tradition,Liga Católica por los Derechos Religiosos y Civiles,Estados Unidos
USA|tradition|Rubin Carter,USA,tradition,Rubin Carter,Estados Unidos
USA|tradition|Usha Haley,USA,tradition,Usha Haley,Estados Unidos
USA|tradition|Americanos Unidos por la Separación Iglesia-Estado,USA,tradition,Americanos Unidos por la Separación Iglesia-Estado,Estados Unidos
USA|tradition|Lucretia Mott,USA,tradition,Lucretia Mott,Estados Unidos
USA|tradition|Farm Aid,USA,tradition,Farm Aid,Estados Unidos
USA|tradition|Lisa Loeb,USA,tradition,Lisa Loeb,Estados Unidos
USA|tradition|Menachem Mendel Schneerson,USA,tradition,Menachem Mendel Schneerson,Estados Unidos
