entity_id,pregunta,n_triplets,n_relations,region,categoria,dificultad,n_links
Europe|dish|Camosa Groga Dolça,¿Qué es Camosa Groga Dolça?,1,1,Europe,dish,easy,0
Europe|dish|Camosa Groga Dolça,¿Dónde está cultivada la Camosa Groga Dolça?,1,1,Europe,dish,medium,0
Europe|dish|Camosa Groga Dolça,¿Cuál es la época de maduración y recolección de la Camosa Groga Dolça y en qué región es originaria?,3,3,Europe,dish,hard,0
Europe|dish|Bacalao al pil pil,¿Qué es el bacalao al pil pil?,2,2,Europe,dish,easy,0
Europe|dish|Bacalao al pil pil,¿Con qué ingredientes se elabora el bacalao al pil pil?,3,1,Europe,dish,medium,0
Europe|dish|Bacalao al pil pil,¿Por qué se confunde el bacalao al pil pil con el bacalao ligado?,1,1,Europe,dish,hard,0
Europe|dish|Abondance (queso),¿Qué es el Abondance?,3,3,Europe,dish,easy,0
Europe|dish|Abondance (queso),¿En qué departamento de Francia se elabora el Abondance?,1,1,Europe,dish,medium,0
Europe|dish|Abondance (queso),¿Qué características tiene la corteza del queso Abondance y cómo se presenta?,1,1,Europe,dish,hard,0
Europe|dish|Berenjena de Almagro,¿Qué es la berenjena de Almagro?,2,2,Europe,dish,easy,0
Europe|dish|Berenjena de Almagro,¿En qué comarca se cultiva la berenjena de Almagro?,1,1,Europe,dish,medium,0
Europe|dish|Berenjena de Almagro,¿Desde qué año posee la berenjena de Almagro el estatus de Indicación Geográfica Protegida y qué proceso se realiza para su conservación?,2,2,Europe,dish,hard,0
Europe|dish|Aceite de orujo de oliva,¿Qué es el aceite de orujo de oliva?,1,1,Europe,dish,easy,0
Europe|dish|Aceite de orujo de oliva,¿Para qué se utiliza el aceite de orujo de oliva en la hostelería e industria alimentaria?,1,1,Europe,dish,medium,0
Europe|dish|Aceite de orujo de oliva,¿Cuál es el proceso de obtención del aceite de orujo de oliva y qué porcentaje de la aceituna se convierte en este aceite?,2,2,Europe,dish,hard,0
Europe|dish|Brie de Melun,¿Qué tipo de producto es el Brie de Melun?,1,1,Europe,dish,easy,0
Europe|dish|Brie de Melun,¿Con qué tipo de leche se elabora el Brie de Melun?,1,1,Europe,dish,medium,0
Europe|dish|Brie de Melun,¿Qué reconocimientos obtuvo el Brie de Melun en 1980 y 1996?,2,1,Europe,dish,hard,0
Europe|dish|Belarda Blanca,¿Qué es la Belarda Blanca?,1,1,Europe,dish,easy,0
Europe|dish|Belarda Blanca,¿Dónde está cultivada la Belarda Blanca?,1,1,Europe,dish,medium,0
Europe|dish|Belarda Blanca,¿Cuál es la época de maduración y recolección de la Belarda Blanca y qué características tiene su fruto?,6,6,Europe,dish,hard,0
Europe|dish|Arroz de sarrabulho,¿Qué es el Arroz de sarrabulho?,1,1,Europe,dish,easy,0
Europe|dish|Arroz de sarrabulho,¿Con qué se elabora el Arroz de sarrabulho?,1,1,Europe,dish,medium,0
Europe|dish|Arroz de sarrabulho,¿Qué cofradía se creó en 2006 para divulgar los valores gastronómicos del Arroz de sarrabulho y cuál es su objetivo?,2,2,Europe,dish,hard,0
Europe|dish|Arroz a la valenciana,¿Qué es el arroz a la valenciana?,1,1,Europe,dish,easy,0
Europe|dish|Arroz a la valenciana,¿Qué especia se utiliza tradicionalmente para aromatizar el arroz a la valenciana?,1,1,Europe,dish,medium,1
Europe|dish|Arroz a la valenciana,¿Cómo se diferencia el arroz a la valenciana de la paella valenciana en términos de estandarización de ingredientes?,3,2,Europe,dish,hard,0
Europe|dish|Brandy,¿Qué es el brandy?,2,2,Europe,dish,easy,1
Europe|dish|Brandy,¿Qué porcentaje de volumen de alcohol tiene el brandy?,2,2,Europe,dish,medium,0
Europe|dish|Brandy,¿Desde cuándo se conoce el brandy y en qué siglo se hizo popular?,2,2,Europe,dish,hard,0
Europe|dish|Alto Crotonese,¿Qué es el Alto Crotonese?,3,3,Europe,dish,easy,0
Europe|dish|Alto Crotonese,¿Dónde se ubica la zona de producción del Alto Crotonese?,1,1,Europe,dish,medium,0
Europe|dish|Alto Crotonese,¿Qué características debe reunir el Alto Crotonese para ser considerado una denominación de origen protegida?,1,1,Europe,dish,hard,0
Europe|dish|Acqua pazza (comida),¿Qué es el acqua pazza?,1,1,Europe,dish,easy,0
Europe|dish|Acqua pazza (comida),¿Cuáles son algunos de los ingredientes estándar del acqua pazza?,5,1,Europe,dish,medium,1
Europe|dish|Acqua pazza (comida),¿Cuál es el contexto histórico de la creación del acqua pazza y en qué región de Italia se originó?,2,2,Europe,dish,hard,0
Europe|dish|Chip butty,¿Qué es un chip butty?,1,1,Europe,dish,easy,0
Europe|dish|Chip butty,¿Con qué se elabora un chip butty?,1,1,Europe,dish,medium,0
Europe|dish|Chip butty,"¿Por qué se considera el chip butty un sándwich de las ""clases trabajadoras"" en el Reino Unido?",1,1,Europe,dish,hard,0
Europe|dish|Coxinha,¿Qué es la coxinha?,1,1,Europe,dish,easy,0
Europe|dish|Coxinha,¿Con qué ingrediente principal se elabora la coxinha?,1,1,Europe,dish,medium,0
Europe|dish|Coxinha,¿Cuál es el origen histórico de la coxinha y qué relación tiene con un niño con discapacidades?,2,2,Europe,dish,hard,0
Europe|dish|Cantueso (licor),¿Qué es el cantueso?,2,2,Europe,dish,easy,0
Europe|dish|Cantueso (licor),¿Cuál es el contenido en alcohol del cantueso?,1,1,Europe,dish,medium,0
Europe|dish|Cantueso (licor),¿En qué ciudad se elabora especialmente el cantueso y cuál es su origen histórico?,2,2,Europe,dish,hard,0
Europe|dish|Crêpe Suzette,¿Qué es la crêpe Suzette?,2,2,Europe,dish,easy,0
Europe|dish|Crêpe Suzette,"¿Cuáles son los ingredientes principales del ""beurre Suzette""?",4,1,Europe,dish,medium,0
Europe|dish|Crêpe Suzette,¿Cuál es la historia más difundida sobre el origen de la crêpe Suzette y quién se atribuye su creación?,2,2,Europe,dish,hard,0
Europe|dish|Doce uvas,¿Qué es las doce uvas?,1,1,Europe,dish,easy,0
Europe|dish|Doce uvas,¿En qué fecha se comen las doce uvas?,1,1,Europe,dish,medium,0
Europe|dish|Doce uvas,¿Qué se cree que ocurre si se comen las doce uvas al compás de las campanadas?,1,1,Europe,dish,hard,0
Europe|dish|Chori (manzana),¿Qué es Chori?,2,2,Europe,dish,easy,0
Europe|dish|Chori (manzana),¿Dónde está cultivada la manzana Chori?,1,1,Europe,dish,medium,0
Europe|dish|Chori (manzana),¿Cuáles son las características del fruto de la manzana Chori en términos de tamaño y acidez?,2,2,Europe,dish,hard,0
Europe|dish|Chinchón (bebida),¿Qué tipo de bebida es el chinchón?,2,2,Europe,dish,easy,0
Europe|dish|Chinchón (bebida),¿Con qué ingrediente se elabora el chinchón?,1,1,Europe,dish,medium,0
Europe|dish|Chinchón (bebida),¿En qué año fue reconocido el chinchón como Indicación Geográfica dentro de la Unión Europea?,1,1,Europe,dish,hard,0
Europe|dish|Cura (pera),¿Qué es la Cura (pera)?,1,1,Europe,dish,easy,0
Europe|dish|Cura (pera),¿En qué país es originaria la Cura (pera)?,1,1,Europe,dish,medium,0
Europe|dish|Cura (pera),¿Cuál fue la mejor época de cultivo comercial de la Cura (pera) y en qué contexto se considera su cultivo en la actualidad?,2,2,Europe,dish,hard,0
Europe|dish|Denominación de Origen Aceite de los Montes de Toledo,¿Qué es la Denominación de Origen Aceite de los Montes de Toledo?,1,1,Europe,dish,easy,0
Europe|dish|Denominación de Origen Aceite de los Montes de Toledo,¿Qué tipo de aceites ampara la Denominación de Origen Aceite de los Montes de Toledo?,1,1,Europe,dish,medium,0
Europe|dish|Denominación de Origen Aceite de los Montes de Toledo,¿Qué requisitos debe cumplir el Aceite de los Montes de Toledo según su reglamento?,1,1,Europe,dish,hard,0
Europe|dish|Felipes de Fornos,¿Qué son los felipes de Fornos?,2,2,Europe,dish,easy,0
Europe|dish|Felipes de Fornos,¿Con qué se realizan los felipes de Fornos?,1,1,Europe,dish,medium,0
Europe|dish|Felipes de Fornos,"¿Por qué se denomina ""felipes"" a los felipes de Fornos?",1,1,Europe,dish,hard,0
Europe|dish|Cátedras Ambulantes,¿Qué fue las Cátedras Ambulantes?,3,3,Europe,dish,easy,0
Europe|dish|Cátedras Ambulantes,¿Qué contenían los camiones de las Cátedras Ambulantes?,3,3,Europe,dish,medium,0
Europe|dish|Cátedras Ambulantes,¿Qué tareas específicas realizaban las Cátedras Ambulantes y qué objetivo tenían en relación con las mujeres del mundo rural?,4,3,Europe,dish,hard,0
Europe|dish|Día del plato único,¿Qué se servía durante el Día del Plato Único en España?,1,1,Europe,dish,easy,0
Europe|dish|Día del plato único,¿Qué porcentaje de los ingresos debían ceder los establecimientos hosteleros durante el Día del Plato Único?,1,1,Europe,dish,medium,0
Europe|dish|Día del plato único,¿En qué contexto histórico se estableció el Día del Plato Único y qué se justificaba con su implementación?,2,2,Europe,dish,hard,0
Europe|dish|Daube,¿Qué es la daube?,2,2,Europe,dish,easy,0
Europe|dish|Daube,¿Con qué tipo de carne se elabora la daube?,6,2,Europe,dish,medium,0
Europe|dish|Daube,¿Qué variaciones de la daube se pueden encontrar en la región de Aviñón?,3,3,Europe,dish,hard,0
Europe|dish|Carquiñol,¿Qué es el carquiñol?,1,1,Europe,dish,easy,0
Europe|dish|Carquiñol,¿Cuáles son algunos de los ingredientes necesarios para elaborar carquiñoles?,4,1,Europe,dish,medium,0
Europe|dish|Carquiñol,¿En qué regiones son típicos los carquiñoles y con qué dulce tradicional andaluz son similares?,3,2,Europe,dish,hard,0
Europe|dish|Federweißer,¿Qué es el Federweißer?,1,1,Europe,dish,easy,0
Europe|dish|Federweißer,¿Cuál es la graduación alcohólica del Federweißer?,1,1,Europe,dish,medium,0
Europe|dish|Federweißer,¿Qué alimentos son comunes para acompañar el Federweißer y en qué época del año suele venderse?,3,2,Europe,dish,hard,0
Europe|dish|Fougasse,¿Qué es la fougasse?,2,2,Europe,dish,easy,0
Europe|dish|Fougasse,¿Qué ingredientes suelen estar incorporados en la masa de la fougasse?,1,1,Europe,dish,medium,0
Europe|dish|Fougasse,¿Cómo se utilizaba tradicionalmente la fougasse en relación con el horno de leña?,1,1,Europe,dish,hard,0
Europe|dish|Ferraúra,¿Qué es la ferraúra?,1,1,Europe,dish,easy,0
Europe|dish|Ferraúra,¿En qué meses se siembra la ferraúra?,2,1,Europe,dish,medium,0
Europe|dish|Ferraúra,¿Con qué otra variedad de judía se confunde la ferraúra y qué característica la distingue?,2,2,Europe,dish,hard,0
Europe|dish|Gallinejas,¿Qué son las gallinejas?,1,1,Europe,dish,easy,0
Europe|dish|Gallinejas,¿Dónde se localizan casi de modo exclusivo las gallinejas?,1,1,Europe,dish,medium,0
Europe|dish|Gallinejas,¿Qué ingredientes componen las gallinejas y cómo se preparan?,2,1,Europe,dish,hard,0
Europe|dish|Fina Puigdevall,¿Quién es Fina Puigdevall?,1,1,Europe,dish,easy,0
Europe|dish|Fina Puigdevall,¿En qué año recibió Fina Puigdevall la primera estrella Michelín?,1,1,Europe,dish,medium,0
Europe|dish|Fina Puigdevall,¿Qué filosofía de cocina promueve Fina Puigdevall en su restaurante Les Cols y qué tipo de productos utiliza?,2,2,Europe,dish,hard,0
Europe|dish|Galette-saucisse,¿Qué es la galette-saucisse?,1,1,Europe,dish,easy,0
Europe|dish|Galette-saucisse,¿En qué región de Francia se consume principalmente la galette-saucisse?,1,1,Europe,dish,medium,0
Europe|dish|Galette-saucisse,¿Qué dos productos típicos de la cocina bretona une la galette-saucisse y en qué siglo fue popularizada?,2,2,Europe,dish,hard,0
Europe|dish|Gaig,¿Qué es Gaig?,2,2,Europe,dish,easy,0
Europe|dish|Gaig,¿Quién fundó Gaig?,1,1,Europe,dish,medium,0
Europe|dish|Gaig,¿En qué año fue inaugurado Gaig y qué premio recibió cuatro años después?,3,3,Europe,dish,hard,0
Europe|dish|Gastronomía de la provincia de Pontevedra,¿Qué plato típico de la provincia de Pontevedra se elabora con grelos?,2,2,Europe,dish,easy,0
Europe|dish|Gastronomía de la provincia de Pontevedra,¿Qué tipo de ingredientes marítimos proporciona la Gastronomía de la provincia de Pontevedra?,1,1,Europe,dish,medium,0
Europe|dish|Gastronomía de la provincia de Pontevedra,¿Qué plato típico de la provincia de Pontevedra se consume en las fiestas populares y está elaborado con mariscos de la ría?,3,3,Europe,dish,hard,0
Europe|dish|Golmajería,¿Qué es la golmajería?,2,2,Europe,dish,easy,0
Europe|dish|Golmajería,¿Qué dulce tradicional de La Rioja se incluye en la golmajería y es originario de Arnedo?,3,3,Europe,dish,medium,0
Europe|dish|Golmajería,¿Qué relación tiene la golmajería con las reminiscencias musulmanas y qué dulces incluye de la Comarca de Cervera?,4,4,Europe,dish,hard,0
Europe|dish|Huevas aliñás,¿Qué son las huevas aliñás?,2,2,Europe,dish,easy,0
Europe|dish|Huevas aliñás,¿Qué tipo de huevas se suele emplear en la elaboración de las huevas aliñás?,1,1,Europe,dish,medium,0
Europe|dish|Huevas aliñás,¿Qué proceso necesita realizarse para cocer las huevas enteras en la preparación de las huevas aliñás?,1,1,Europe,dish,hard,0
Europe|dish|Grupo Calvo,¿En qué año fue fundada la empresa Grupo Calvo?,1,1,Europe,dish,easy,0
Europe|dish|Grupo Calvo,¿En cuántos países está presente Grupo Calvo?,1,1,Europe,dish,medium,0
Europe|dish|Grupo Calvo,"¿Qué porcentaje de poder tiene la familia Calvo en la empresa Grupo Calvo desde 2017 y qué empresa adquirió el 22,2% restante?",2,1,Europe,dish,hard,0
Europe|dish|Gastronomía de Basilicata,¿Qué es el peperone crusco en la gastronomía de Basilicata?,1,1,Europe,dish,easy,0
Europe|dish|Gastronomía de Basilicata,¿Qué tipo de aceite se produce principalmente en la gastronomía de Basilicata?,1,1,Europe,dish,medium,0
Europe|dish|Gastronomía de Basilicata,¿Qué platos típicos de la gastronomía de Basilicata utilizan cavatelli y qué ingredientes adicionales pueden incluir?,5,2,Europe,dish,hard,1
Europe|dish|Gastronomía de Inglaterra,¿Qué tipo de queso es el más común en la gastronomía de Inglaterra?,1,1,Europe,dish,easy,0
Europe|dish|Gastronomía de Inglaterra,¿Cuántas variedades de queso se elaboran en Inglaterra según el Cheese Board inglés?,1,1,Europe,dish,medium,0
Europe|dish|Gastronomía de Inglaterra,¿Qué platos populares de la gastronomía de Inglaterra incluyen pescado y cuáles son algunas especies utilizadas en su preparación?,6,2,Europe,dish,hard,0
Europe|dish|Kesra,¿Qué es el pan kesra?,3,3,Europe,dish,easy,0
Europe|dish|Kesra,¿Con qué se prepara el pan kesra?,1,1,Europe,dish,medium,0
Europe|dish|Kesra,¿Quién describió el pan kesra y en qué contexto histórico se menciona?,2,2,Europe,dish,hard,0
Europe|dish|Kluski negros,¿Qué son los kluski negros?,2,2,Europe,dish,easy,0
Europe|dish|Kluski negros,¿Con qué se hacen principalmente los kluski negros?,1,1,Europe,dish,medium,0
Europe|dish|Kluski negros,¿En qué tipo de eventos se sirven los kluski negros y en qué números deben ser servidos?,3,2,Europe,dish,hard,0
Europe|dish|Huevos moles,¿Qué es los huevos moles?,3,3,Europe,dish,easy,0
Europe|dish|Huevos moles,¿En qué provincias de España es muy típica la preparación de los huevos moles?,2,1,Europe,dish,medium,0
Europe|dish|Huevos moles,¿Cómo se elabora el huevo chimbo en Perú y qué ingredientes se utilizan?,3,2,Europe,dish,hard,1
Europe|dish|Lambig,¿Qué es el lambig?,1,1,Europe,dish,easy,0
Europe|dish|Lambig,¿Cómo se produce el lambig?,1,1,Europe,dish,medium,0
Europe|dish|Lambig,¿Cuánto tiempo debe ser envejecido el lambig y con qué es equivalente?,3,3,Europe,dish,hard,0
Europe|dish|Judías a lo tío Lucas,¿Qué es las judías a lo tío Lucas?,2,2,Europe,dish,easy,0
Europe|dish|Judías a lo tío Lucas,¿Con qué se elabora las judías a lo tío Lucas?,2,1,Europe,dish,medium,0
Europe|dish|Judías a lo tío Lucas,¿Qué ingredientes se incluyen en la preparación de las judías a lo tío Lucas y cuánto tiempo se deja cocinar?,4,2,Europe,dish,hard,0
Europe|dish|Libra Sagarra,¿Qué es Libra Sagarra?,1,1,Europe,dish,easy,0
Europe|dish|Libra Sagarra,¿Dónde está cultivada la variedad de manzano Libra Sagarra?,1,1,Europe,dish,medium,0
Europe|dish|Libra Sagarra,¿Cuál es la época de maduración y recolección de la manzana Libra Sagarra y para qué se utiliza?,3,2,Europe,dish,hard,0
Europe|dish|Lane's Prince Albert,¿Qué es Lane's Prince Albert?,2,2,Europe,dish,easy,0
Europe|dish|Lane's Prince Albert,¿Quién crió Lane's Prince Albert y en qué año?,2,2,Europe,dish,medium,0
Europe|dish|Lane's Prince Albert,¿Qué características tiene el fruto de Lane's Prince Albert y en qué contexto histórico fue introducido?,6,6,Europe,dish,hard,0
Europe|dish|Laxton's Leader,¿Qué es Laxton's Leader?,2,2,Europe,dish,easy,0
Europe|dish|Laxton's Leader,¿En qué año fue introducida Laxton's Leader en el mercado?,1,1,Europe,dish,medium,0
Europe|dish|Laxton's Leader,¿Cuál es el origen histórico de Laxton's Leader y qué variedades se cruzaron para su creación?,6,5,Europe,dish,hard,0
Europe|dish|Lucas González de Caso,¿Quién fue Lucas González de Caso?,2,2,Europe,dish,easy,0
Europe|dish|Lucas González de Caso,¿Qué platos populares se asocian con Lucas González de Caso?,3,1,Europe,dish,medium,0
Europe|dish|Lucas González de Caso,"¿Cuál es la influencia cultural de los platos de Lucas González de Caso, considerando su origen y la vigencia de su denominación en la gastronomía de Madrid?",1,1,Europe,dish,hard,0
Europe|dish|Macedonia de frutas,¿Qué es la macedonia de frutas?,1,1,Europe,dish,easy,0
Europe|dish|Macedonia de frutas,¿En qué países es típica la macedonia de frutas como postre?,1,1,Europe,dish,medium,0
Europe|dish|Macedonia de frutas,"¿De qué creación proviene el nombre ""macedonia"" en la gastronomía?",1,1,Europe,dish,hard,0
Europe|dish|Livarot (queso),¿Qué tipo de producto es el livarot?,1,1,Europe,dish,easy,0
Europe|dish|Livarot (queso),¿En qué región de Francia se fabrica el livarot?,1,1,Europe,dish,medium,0
Europe|dish|Livarot (queso),¿Qué características distintivas tiene la corteza del livarot y qué le da su color anaranjado?,2,2,Europe,dish,hard,0
Europe|dish|Lebkuchen,¿Qué tipo de galleta es la Lebkuchen?,2,2,Europe,dish,easy,1
Europe|dish|Lebkuchen,¿Desde qué año es mundialmente conocida la Nürnberger Lebkuchen?,1,1,Europe,dish,medium,0
Europe|dish|Lebkuchen,¿Qué requisitos específicos debe cumplir el Elisen-Lebkuchen en cuanto a la cantidad de frutos secos y harina?,3,3,Europe,dish,hard,0
Europe|dish|Lukaniko,¿Qué es Lukaniko?,1,1,Europe,dish,easy,0
Europe|dish|Lukaniko,¿Cómo se sirve comúnmente el Lukaniko?,1,1,Europe,dish,medium,0
Europe|dish|Lukaniko,¿De dónde procede el nombre Lukaniko y desde cuándo ha sido usado en griego?,2,2,Europe,dish,hard,0
Europe|dish|Kloß,¿Qué es el Kloß?,2,2,Europe,dish,easy,0
Europe|dish|Kloß,¿En qué tipo de agua se cuecen los Klöße?,1,1,Europe,dish,medium,0
Europe|dish|Kloß,¿Cuáles son algunas de las variantes de Kloß que se elaboran con patatas?,3,1,Europe,dish,hard,1
Europe|dish|Longaniza de Graus,¿Qué tipo de embutido es la longaniza de Graus?,2,2,Europe,dish,easy,0
Europe|dish|Longaniza de Graus,¿Qué porcentaje mínimo de carne magra de cerdo posee la longaniza de Graus?,1,1,Europe,dish,medium,0
Europe|dish|Longaniza de Graus,¿Qué evento se celebra cada julio en Graus relacionado con la longaniza de Graus y qué récord obtuvo en 1997?,4,3,Europe,dish,hard,0
Europe|dish|Kvas,¿Qué es el kvas?,1,1,Europe,dish,easy,0
Europe|dish|Kvas,¿Cuáles son los ingredientes básicos con los que se elabora el kvas?,4,1,Europe,dish,medium,0
Europe|dish|Kvas,¿En qué países es popular el kvas y qué sopa fría se elabora con él en la cocina rusa?,7,3,Europe,dish,hard,0
Europe|dish|Manteiga de Ouro (pera),¿Qué es la Manteiga de Ouro?,1,1,Europe,dish,easy,0
Europe|dish|Manteiga de Ouro (pera),¿Dónde está cultivada la Manteiga de Ouro?,1,1,Europe,dish,medium,0
Europe|dish|Manteiga de Ouro (pera),¿Cuál es la época de maduración y recolección de la Manteiga de Ouro y en qué región de España es originaria?,2,2,Europe,dish,hard,0
Europe|dish|Montado de lomo,¿Qué es el montado de lomo?,1,1,Europe,dish,easy,0
Europe|dish|Montado de lomo,¿Dónde se puede solicitar el montado de lomo?,1,1,Europe,dish,medium,0
Europe|dish|Montado de lomo,¿Qué se suele aplicar al montado de lomo después de asarlo a la plancha?,1,1,Europe,dish,hard,0
Europe|dish|Mantecosa Dorada de Bilbao (pera),¿Qué es la Mantecosa Dorada de Bilbao?,1,1,Europe,dish,easy,0
Europe|dish|Mantecosa Dorada de Bilbao (pera),¿Dónde está cultivada la Mantecosa Dorada de Bilbao?,1,1,Europe,dish,medium,0
Europe|dish|Mantecosa Dorada de Bilbao (pera),¿En qué época tuvo su mejor cultivo comercial la Mantecosa Dorada de Bilbao y qué características la hacen considerada una variedad autóctona muy antigua?,2,2,Europe,dish,hard,0
Europe|dish|Morro de Bou (manzana),¿Qué es la Morro de Bou?,2,2,Europe,dish,easy,0
Europe|dish|Morro de Bou (manzana),¿Dónde está cultivada la Morro de Bou?,1,1,Europe,dish,medium,0
Europe|dish|Morro de Bou (manzana),¿En qué década tuvo su mejor época de cultivo comercial la Morro de Bou?,1,1,Europe,dish,hard,0
Europe|dish|Museo del Cántaro (Valoria la Buena),¿En qué municipio se encuentra el Museo del Cántaro?,1,1,Europe,dish,easy,0
Europe|dish|Museo del Cántaro (Valoria la Buena),¿Qué tipo de colección alberga el Museo del Cántaro?,1,1,Europe,dish,medium,0
Europe|dish|Museo del Cántaro (Valoria la Buena),¿Qué se explica en el Museo del Cántaro sobre el cántaro de agua y cómo está distribuida la exposición?,2,2,Europe,dish,hard,0
Europe|dish|Metsovone,¿Qué es el Metsovone?,3,3,Europe,dish,easy,0
Europe|dish|Metsovone,¿Dónde se produce el Metsovone?,1,1,Europe,dish,medium,0
Europe|dish|Metsovone,¿Qué características tiene el Metsovone en cuanto a su textura y forma?,4,4,Europe,dish,hard,0
Europe|dish|Navalmoral de Béjar variedad3,¿Qué es Navalmoral de Béjar variedad3?,2,2,Europe,dish,easy,0
Europe|dish|Navalmoral de Béjar variedad3,¿Dónde está cultivada la variedad Navalmoral de Béjar variedad3?,1,1,Europe,dish,medium,0
Europe|dish|Navalmoral de Béjar variedad3,¿Cuál es la época de maduración y recolección de fruto de la variedad Navalmoral de Béjar variedad3 y para qué se utiliza?,3,2,Europe,dish,hard,0
Europe|dish|Merkalin (manzana),¿Qué es la manzana Merkalin?,1,1,Europe,dish,easy,0
Europe|dish|Merkalin (manzana),¿Dónde es originaria la manzana Merkalin?,1,1,Europe,dish,medium,0
Europe|dish|Merkalin (manzana),¿Qué características tiene la manzana Merkalin en relación a su uso en la cocina y la elaboración de sidra?,2,2,Europe,dish,hard,0
Europe|dish|Mushy peas,¿Qué son los mushy peas?,1,1,Europe,dish,easy,0
Europe|dish|Mushy peas,¿Cómo se preparan los mushy peas antes de cocinarlos?,1,1,Europe,dish,medium,0
Europe|dish|Mushy peas,¿Qué plato tradicional del norte de Inglaterra suele acompañar a los mushy peas?,2,2,Europe,dish,hard,0
Europe|dish|Opson,¿Qué era el opson en la cocina de la antigua Grecia?,2,2,Europe,dish,easy,0
Europe|dish|Opson,¿A qué parte de la comida se integraba el opson en la antigua Grecia?,2,2,Europe,dish,medium,0
Europe|dish|Opson,¿Qué preocupación moral generaba el uso excesivo de opson entre los griegos antiguos?,2,2,Europe,dish,hard,0
Europe|dish|Mortadela de Campotosto,¿Qué es la mortadela de Campotosto?,3,3,Europe,dish,easy,0
Europe|dish|Mortadela de Campotosto,¿Con qué tipo de carne se elabora la mortadela de Campotosto?,1,1,Europe,dish,medium,0
Europe|dish|Mortadela de Campotosto,¿Cuánto tiempo se deja curar la mortadela de Campotosto y qué ingredientes se añaden durante su preparación?,3,2,Europe,dish,hard,0
Europe|dish|Märzenbier,¿Qué es Märzenbier?,1,1,Europe,dish,easy,0
Europe|dish|Märzenbier,¿En qué mes se prepara la Märzenbier?,1,1,Europe,dish,medium,0
Europe|dish|Märzenbier,¿Qué restricciones legales llevaron a la creación de la Märzenbier en el siglo XVI en Baviera?,3,3,Europe,dish,hard,0
Europe|dish|Pain aux raisins,¿Qué es el pain aux raisins?,1,1,Europe,dish,easy,0
Europe|dish|Pain aux raisins,¿Con qué se elabora el pain aux raisins?,3,1,Europe,dish,medium,0
Europe|dish|Pain aux raisins,¿Cómo se llama el pain aux raisins en Alemania y qué se le da para darle lustre?,4,2,Europe,dish,hard,0
Europe|dish|Pebrada,¿Qué es la pebrada?,2,2,Europe,dish,easy,0
Europe|dish|Pebrada,¿Para qué se utiliza mayormente la pebrada?,1,1,Europe,dish,medium,0
Europe|dish|Pebrada,¿Desde cuándo se tiene constancia de la pebrada y qué la hacía apreciada en el Medievo?,3,2,Europe,dish,hard,0
Europe|dish|Pichela,¿Qué es una pichela?,2,2,Europe,dish,easy,0
Europe|dish|Pichela,¿Cuál es la capacidad aproximada de una pichela?,1,1,Europe,dish,medium,0
Europe|dish|Pichela,¿En qué regiones se ha rastreado etnográficamente la producción de pichelas?,1,1,Europe,dish,hard,0
Europe|dish|Pasta,¿Cuál es el ingrediente básico de la pasta?,1,1,Europe,dish,easy,1
Europe|dish|Pasta,¿Qué se puede añadir a la pasta además de sal?,2,1,Europe,dish,medium,0
Europe|dish|Pasta,"¿Qué ingredientes se mezclan para preparar la pasta, y cuál es su ingrediente básico?",3,2,Europe,dish,hard,2
Europe|dish|Pastel de cerdo,¿Qué es el pastel de cerdo?,2,2,Europe,dish,easy,0
Europe|dish|Pastel de cerdo,¿Qué ingredientes principales componen el pastel de cerdo?,3,2,Europe,dish,medium,0
Europe|dish|Pastel de cerdo,¿En qué localidad de Gran Bretaña adquirió fama el pastel de cerdo y qué estatus se le otorgó en 2009?,2,2,Europe,dish,hard,0
Europe|dish|Pescado a la teja,¿Qué es el Pescado a la teja?,2,2,Europe,dish,easy,0
Europe|dish|Pescado a la teja,¿En qué consiste el Pescado a la teja?,1,1,Europe,dish,medium,0
Europe|dish|Pescado a la teja,¿Dónde se realiza la Fiesta del Pescado a la Teja y qué tipo de pescado se cocina en este estilo?,2,2,Europe,dish,hard,0
Europe|dish|Pizza dolce di Beridde,¿Qué es la pizza dolce di Beridde?,2,2,Europe,dish,easy,0
Europe|dish|Pizza dolce di Beridde,¿Qué ingredientes incluye la pizza dolce di Beridde?,1,1,Europe,dish,medium,0
Europe|dish|Pizza dolce di Beridde,¿Por qué se prepara la pizza dolce di Beridde y quién la elabora?,2,2,Europe,dish,hard,0
Europe|dish|Pizza estilo Nueva York,¿Qué es la pizza estilo Nueva York?,3,3,Europe,dish,easy,0
Europe|dish|Pizza estilo Nueva York,¿Cuántas porciones se suele dividir una pizza estilo Nueva York?,1,1,Europe,dish,medium,0
Europe|dish|Pizza estilo Nueva York,¿Qué ingredientes se utilizan comúnmente en la pizza estilo Nueva York y qué tipo de harina se requiere para su elaboración?,3,2,Europe,dish,hard,1
Europe|dish|Pimentón,¿Qué es el pimentón?,3,3,Europe,dish,easy,0
Europe|dish|Pimentón,¿De qué se obtiene el pimentón?,1,1,Europe,dish,medium,0
Europe|dish|Pimentón,¿Cuáles son las tres variedades importantes de pimentón y en qué se diferencian?,3,1,Europe,dish,hard,0
Europe|dish|Pan dormido,¿Qué es el pan dormido?,3,2,Europe,dish,easy,1
Europe|dish|Pan dormido,¿Qué ingredientes contiene el pan dormido?,7,1,Europe,dish,medium,1
Europe|dish|Pan dormido,¿Qué relación tiene el pan dormido con las tradiciones de Semana Santa en su región?,2,2,Europe,dish,hard,0
Europe|dish|Piriñaca,¿Qué es la piriñaca?,1,1,Europe,dish,easy,0
Europe|dish|Piriñaca,¿Cuál es el ingrediente básico de la piriñaca?,1,1,Europe,dish,medium,0
Europe|dish|Piriñaca,¿En qué región de España se consume la piriñaca como guarnición de pescado azul asado?,2,2,Europe,dish,hard,0
Europe|dish|Pimporrete,¿Qué es el pimporrete?,2,2,Europe,dish,easy,1
Europe|dish|Pimporrete,¿Cuáles son los ingredientes con los que se elabora el pimporrete?,4,1,Europe,dish,medium,0
Europe|dish|Pimporrete,¿Por qué se considera al pimporrete uno de los únicos salmorejos sin aceite de oliva y en qué época del año se suele servir?,2,2,Europe,dish,hard,0
Europe|dish|Plim,¿Qué es Plim?,2,2,Europe,dish,easy,0
Europe|dish|Plim,¿En qué año se inventó Plim?,2,2,Europe,dish,medium,0
Europe|dish|Plim,¿Qué bebida se elabora con Plim y es considerada la bebida oficial de la fiesta mayor en Reus?,2,2,Europe,dish,hard,0
Europe|dish|Rich tea,¿Qué tipo de galleta es el rich tea?,1,1,Europe,dish,easy,0
Europe|dish|Rich tea,¿En qué siglo fue desarrollado el rich tea?,2,2,Europe,dish,medium,0
Europe|dish|Rich tea,¿Para qué clases sociales fue desarrollado originalmente el rich tea y quién es acreditado como su creador?,2,2,Europe,dish,hard,0
Europe|dish|Pâté en croûte,¿Qué es el pâté en croûte?,1,1,Europe,dish,easy,0
Europe|dish|Pâté en croûte,¿Cómo se cocina el pâté en croûte?,1,1,Europe,dish,medium,0
Europe|dish|Pâté en croûte,¿Cuáles son los ingredientes principales del pâté en croûte y qué variantes existen?,3,2,Europe,dish,hard,0
Europe|dish|Salmis,¿Qué es el salmis?,2,2,Europe,dish,easy,0
Europe|dish|Salmis,¿Sobre qué tipo de aves se emplea el salmis?,1,1,Europe,dish,medium,0
Europe|dish|Salmis,¿Qué indica la denominación salmis en la cocina y en qué culturas es una preparación culinaria tradicional?,3,2,Europe,dish,hard,0
Europe|dish|Sanguinaccio dolce,¿Qué es el sanguinaccio dolce?,1,1,Europe,dish,easy,0
Europe|dish|Sanguinaccio dolce,¿Con qué se toma tradicionalmente el sanguinaccio dolce?,1,1,Europe,dish,medium,0
Europe|dish|Sanguinaccio dolce,¿Por qué dejó de hacerse el sanguinaccio dolce con sangre de cerdo?,2,2,Europe,dish,hard,0
Europe|dish|Prekmurska gibanica,¿Qué es la prekmurska gibanica?,2,1,Europe,dish,easy,0
Europe|dish|Prekmurska gibanica,¿Qué ingredientes contiene la prekmurska gibanica?,5,1,Europe,dish,medium,0
Europe|dish|Prekmurska gibanica,¿Qué estatus ha logrado la prekmurska gibanica en Eslovenia y en qué contexto fue elegida para representar al país?,2,2,Europe,dish,hard,0
Europe|dish|Salsa suprema,¿Qué es la salsa suprema?,2,2,Europe,dish,easy,1
Europe|dish|Salsa suprema,¿Qué tipo de salsa es la salsa suprema en la cocina francesa?,2,2,Europe,dish,medium,0
Europe|dish|Salsa suprema,¿En qué obra se emplea la receta de la salsa suprema y en qué año fue publicada?,2,2,Europe,dish,hard,0
Europe|dish|Salmocejos,¿Qué es un salmocejo?,3,3,Europe,dish,easy,0
Europe|dish|Salmocejos,¿Con qué se elabora el salmocejo?,1,1,Europe,dish,medium,0
Europe|dish|Salmocejos,¿En qué meses se suele servir el salmocejo y cómo se prepara en términos de etapas?,2,2,Europe,dish,hard,0
Europe|dish|Segorbina (manzana),¿Qué es la Segorbina?,1,1,Europe,dish,easy,0
Europe|dish|Segorbina (manzana),¿En qué época tuvo su mejor cultivo comercial la manzana Segorbina?,1,1,Europe,dish,medium,0
Europe|dish|Segorbina (manzana),¿Cuál es la época de maduración y recolección de la manzana Segorbina y en qué meses se recoge?,2,2,Europe,dish,hard,0
Europe|dish|Raya en pimentón,¿Qué es la raya en pimentón?,3,3,Europe,dish,easy,0
Europe|dish|Raya en pimentón,¿Qué ingredientes se emplean en la preparación de la raya en pimentón?,2,1,Europe,dish,medium,0
Europe|dish|Raya en pimentón,¿Cómo se elabora la raya en pimentón y en qué se diferencia su preparación en diversas partes de la costa onubense?,2,2,Europe,dish,hard,0
Europe|dish|Smörgåsbord,¿Qué es el smörgåsbord?,2,2,Europe,dish,easy,0
Europe|dish|Smörgåsbord,¿Qué ingredientes incluye el smörgåsbord?,1,1,Europe,dish,medium,0
Europe|dish|Smörgåsbord,¿Cuál es el origen histórico del smörgåsbord y cómo se popularizó en los hoteles?,3,3,Europe,dish,hard,0
Europe|dish|Sopa de antruejo,¿Qué es la sopa de antruejo?,2,2,Europe,dish,easy,0
Europe|dish|Sopa de antruejo,¿En qué lugar es muy popular la sopa de antruejo?,1,1,Europe,dish,medium,0
Europe|dish|Sopa de antruejo,¿Qué ingredientes cárnicos se emplean en la sopa de antruejo y cómo se sirve tradicionalmente?,2,2,Europe,dish,hard,0
Europe|dish|Sopa de trucha,¿Qué es la sopa de trucha?,1,1,Europe,dish,easy,0
Europe|dish|Sopa de trucha,¿Con qué se elabora la sopa de trucha?,1,1,Europe,dish,medium,0
Europe|dish|Sopa de trucha,¿Qué ingredientes se utilizan para saborizar la sopa de trucha y qué aspecto tiene debido a uno de ellos?,3,3,Europe,dish,hard,0
Europe|dish|Tuscan (manzana),¿Qué es la manzana Tuscan?,2,2,Europe,dish,easy,0
Europe|dish|Tuscan (manzana),¿En qué año fue creado el cultivar de manzana Tuscan?,1,1,Europe,dish,medium,0
Europe|dish|Tuscan (manzana),¿Qué características distintivas tiene el hábito de crecimiento de la manzana Tuscan y dónde fue desarrollada?,3,3,Europe,dish,hard,0
Europe|dish|Urraca Grande (pera),¿Qué es la Urraca Grande?,1,1,Europe,dish,easy,0
Europe|dish|Urraca Grande (pera),¿Dónde está cultivada la Urraca Grande?,1,1,Europe,dish,medium,0
Europe|dish|Urraca Grande (pera),¿Cuál es la época de maduración y recolección de la Urraca Grande y qué importancia tiene su cultivo en la actualidad?,2,2,Europe,dish,hard,0
Europe|dish|Tienda de montañés,¿Qué es una tienda de montañés?,2,2,Europe,dish,easy,0
Europe|dish|Tienda de montañés,¿En qué año se describe la tienda de montañés?,1,1,Europe,dish,medium,0
Europe|dish|Tienda de montañés,¿Cómo se relaciona la tienda de montañés con los inmigrantes cántabros en Andalucía y qué autor contribuyó a su divulgación?,2,2,Europe,dish,hard,0
Europe|dish|Sopa de cangrejos,¿Qué es la sopa de cangrejos?,3,3,Europe,dish,easy,0
Europe|dish|Sopa de cangrejos,¿Qué tipo de sopa es popular en Estados Unidos que incluye cangrejo?,3,3,Europe,dish,medium,0
Europe|dish|Sopa de cangrejos,¿En qué cocina se considera la sopa de cangrejos un componente principal y qué otras preparaciones se incluyen en su variedad?,2,2,Europe,dish,hard,1
Europe|dish|Túrós csusza,¿Qué son los túrós csusza?,1,1,Europe,dish,easy,0
Europe|dish|Túrós csusza,¿Con qué se mezcla los túrós csusza?,1,1,Europe,dish,medium,0
Europe|dish|Túrós csusza,¿Qué ingredientes se utilizan para hacer los fideos húngaros de los túrós csusza y cómo se cuecen?,3,2,Europe,dish,hard,0
Europe|dish|Tarta de Mondoñedo,¿Qué es la tarta de Mondoñedo?,2,2,Europe,dish,easy,0
Europe|dish|Tarta de Mondoñedo,¿Quién popularizó la tarta de Mondoñedo en la década de 1950?,2,2,Europe,dish,medium,0
Europe|dish|Tarta de Mondoñedo,¿En qué siglo se originó la tarta de Mondoñedo y dónde?,3,3,Europe,dish,hard,0
Europe|dish|Valdepeñas (vino),¿Qué es Valdepeñas en el contexto del vino?,2,2,Europe,dish,easy,0
Europe|dish|Valdepeñas (vino),¿En qué lugar se encuentra situada la Denominación de Origen Valdepeñas?,1,1,Europe,dish,medium,0
Europe|dish|Valdepeñas (vino),¿Qué importancia tuvo el vino de Valdepeñas en la historia de Madrid durante el reinado de Felipe II?,2,2,Europe,dish,hard,0
Europe|fauna|Acanthocreagris balearica,¿Qué tipo de especie es Acanthocreagris balearica?,3,3,Europe,fauna,easy,0
Europe|fauna|Acanthocreagris balearica,¿Dónde se encuentra Acanthocreagris balearica?,2,1,Europe,fauna,medium,0
Europe|fauna|Acanthocreagris balearica,¿Qué artículo tiene Acanthocreagris balearica y en qué plataforma se encuentra?,1,1,Europe,fauna,hard,0
Europe|dish|Puñao,¿Qué es el puñao?,1,1,Europe,dish,easy,0
Europe|dish|Puñao,¿En qué localidades se ofrece el puñao?,13,1,Europe,dish,medium,0
Europe|dish|Puñao,¿Qué se ofrece junto al puñao en las fiestas y en qué localidades se puede encontrar?,14,2,Europe,dish,hard,0
Europe|fauna|Anaspis horni,¿Qué tipo de especie es Anaspis horni?,2,2,Europe,fauna,easy,0
Europe|fauna|Anaspis horni,¿Dónde se encuentra Anaspis horni?,1,1,Europe,fauna,medium,0
Europe|fauna|Anaspis horni,¿Qué familia pertenece Anaspis horni y qué características distintivas podría tener un coleóptero de esta familia?,1,1,Europe,fauna,hard,0
Europe|fauna|Acanthocreagris granulata robusta,¿Qué tipo de especie es Acanthocreagris granulata robusta?,3,3,Europe,fauna,easy,0
Europe|fauna|Acanthocreagris granulata robusta,¿Dónde se encuentra Acanthocreagris granulata robusta?,1,1,Europe,fauna,medium,0
Europe|fauna|Acanthocreagris granulata robusta,¿Qué características distintivas tiene Acanthocreagris granulata robusta y en qué región geográfica se distribuye?,4,4,Europe,fauna,hard,0
Europe|fauna|Amphicoma abdominalis,¿Qué tipo de especie es Amphicoma abdominalis?,2,2,Europe,fauna,easy,0
Europe|fauna|Amphicoma abdominalis,¿Dónde se encuentra Amphicoma abdominalis?,1,1,Europe,fauna,medium,0
Europe|fauna|Amphicoma abdominalis,¿Qué familia pertenece Amphicoma abdominalis y qué tipo de hábitat se asocia con su distribución geográfica?,2,2,Europe,fauna,hard,0
Europe|fauna|Aethes prangana,¿Qué tipo de especie es Aethes prangana?,1,1,Europe,fauna,easy,0
Europe|fauna|Aethes prangana,¿En qué país se distribuye Aethes prangana?,1,1,Europe,fauna,medium,0
Europe|fauna|Aethes prangana,¿Quién describió Aethes prangana y en qué año fue publicada?,2,2,Europe,fauna,hard,0
Europe|fauna|Actinella fausta,¿Qué tipo de especie es Actinella fausta?,3,3,Europe,fauna,easy,0
Europe|fauna|Actinella fausta,¿Dónde se encuentra Actinella fausta?,1,1,Europe,fauna,medium,0
Europe|fauna|Actinella fausta,¿Por qué se encuentra amenazada de extinción Actinella fausta?,1,1,Europe,fauna,hard,0
Europe|fauna|Acrocephalus rimitarae,¿Qué tipo de especie es Acrocephalus rimitarae?,2,2,Europe,fauna,easy,0
Europe|fauna|Acrocephalus rimitarae,¿Dónde se encuentra Acrocephalus rimitarae?,1,1,Europe,fauna,medium,0
Europe|fauna|Acrocephalus rimitarae,¿Cuál es el hábitat natural de Acrocephalus rimitarae y qué características distintivas tiene?,2,1,Europe,fauna,hard,0
Europe|fauna|Acanthocreagris gallica,¿Qué tipo de especie es Acanthocreagris gallica?,4,3,Europe,fauna,easy,0
Europe|fauna|Acanthocreagris gallica,¿Dónde se encuentra Acanthocreagris gallica?,1,1,Europe,fauna,medium,0
Europe|fauna|Acanthocreagris gallica,¿A qué familia pertenece Acanthocreagris gallica y qué características distintivas tiene dentro de su orden?,3,3,Europe,fauna,hard,0
Europe|fauna|Aethes moribundana,¿Qué tipo de especie es Aethes moribundana?,2,2,Europe,fauna,easy,0
Europe|fauna|Aethes moribundana,¿En qué tribu está categorizada Aethes moribundana?,1,1,Europe,fauna,medium,0
Europe|fauna|Aethes moribundana,¿Quién describió Aethes moribundana y en qué año fue descrita?,2,2,Europe,fauna,hard,0
Europe|fauna|Amadotrogus patruelis,¿Qué tipo de especie es Amadotrogus patruelis?,2,2,Europe,fauna,easy,0
Europe|fauna|Amadotrogus patruelis,¿Dónde habita Amadotrogus patruelis?,1,1,Europe,fauna,medium,1
Europe|fauna|Amadotrogus patruelis,¿Qué tipo de coleóptero es Amadotrogus patruelis y dónde se encuentra?,3,3,Europe,fauna,hard,1
Europe|fauna|Bisetocreagris gracilis,¿Qué tipo de especie es Bisetocreagris gracilis?,3,3,Europe,fauna,easy,0
Europe|fauna|Bisetocreagris gracilis,¿Dónde se encuentra Bisetocreagris gracilis?,1,1,Europe,fauna,medium,0
Europe|fauna|Bisetocreagris gracilis,¿A qué familia pertenece Bisetocreagris gracilis y qué tipo de hábitat podría tener en su distribución geográfica en Rusia?,1,1,Europe,fauna,hard,0
Europe|fauna|Armadillidium espanyoli,¿Qué tipo de especie es Armadillidium espanyoli?,2,2,Europe,fauna,easy,0
Europe|fauna|Armadillidium espanyoli,¿Dónde se encuentra Armadillidium espanyoli?,2,2,Europe,fauna,medium,0
Europe|fauna|Armadillidium espanyoli,¿Qué características distintivas tiene Armadillidium espanyoli y dónde se encuentra?,4,4,Europe,fauna,hard,0
Europe|fauna|Buthus elongatus,¿Qué tipo de especie es Buthus elongatus?,2,2,Europe,fauna,easy,0
Europe|fauna|Buthus elongatus,¿Dónde es endémico Buthus elongatus?,1,1,Europe,fauna,medium,0
Europe|fauna|Buthus elongatus,¿En qué provincias de España es considerado Buthus elongatus como endémico?,2,2,Europe,fauna,hard,0
Europe|fauna|Caballo islandés,¿Qué tipo de raza es el caballo islandés?,1,1,Europe,fauna,easy,0
Europe|fauna|Caballo islandés,¿Dónde se desarrolló el caballo islandés?,1,1,Europe,fauna,medium,0
Europe|fauna|Caballo islandés,¿Qué características distintivas tiene el caballo islandés y en qué año se creó la primera Sociedad del Caballo Islandés?,2,2,Europe,fauna,hard,0
Europe|fauna|Caballo catalán,¿Qué es el caballo catalán?,2,2,Europe,fauna,easy,0
Europe|fauna|Caballo catalán,¿Dónde había sido propio el caballo catalán?,1,1,Europe,fauna,medium,0
Europe|fauna|Caballo catalán,¿Con qué tipo de caballos se fundió el caballo catalán y qué dio lugar a esta fusión?,2,2,Europe,fauna,hard,0
Europe|fauna|Chalcides striatus,¿Qué tipo de especie es Chalcides striatus?,1,1,Europe,fauna,easy,0
Europe|fauna|Chalcides striatus,¿Dónde se distribuye principalmente Chalcides striatus?,1,1,Europe,fauna,medium,0
Europe|fauna|Chalcides striatus,¿Qué características distintivas presenta Chalcides striatus y en qué tipo de hábitat se encuentra?,2,2,Europe,fauna,hard,0
Europe|fauna|Campodea melici,¿Qué tipo de especie es Campodea melici?,2,2,Europe,fauna,easy,0
Europe|fauna|Campodea melici,¿Dónde se encuentra Campodea melici?,1,1,Europe,fauna,medium,0
Europe|fauna|Campodea melici,¿Qué característica distintiva tiene Campodea melici en relación a su ubicación geográfica?,1,1,Europe,fauna,hard,0
Europe|fauna|Braco francés,¿Qué es el braco francés?,2,2,Europe,fauna,easy,0
Europe|fauna|Braco francés,¿Dónde se desarrolló el braco francés?,1,1,Europe,fauna,medium,0
Europe|fauna|Braco francés,¿Cuáles son las características distintivas del pelaje del braco francés y qué color no está admitido como parte de esta raza?,3,3,Europe,fauna,hard,0
Europe|fauna|Caseolus calvus,¿Qué tipo de especie es Caseolus calvus?,3,3,Europe,fauna,easy,0
Europe|fauna|Caseolus calvus,¿Dónde se encuentra Caseolus calvus?,1,1,Europe,fauna,medium,0
Europe|fauna|Caseolus calvus,¿Por qué se encuentra amenazada de extinción Caseolus calvus?,1,1,Europe,fauna,hard,0
Europe|fauna|Braco alemán de pelo corto,¿Qué tipo de raza es el braco alemán de pelo corto?,3,3,Europe,fauna,easy,0
Europe|fauna|Braco alemán de pelo corto,¿En qué siglo fue creado el braco alemán de pelo corto para la caza?,2,2,Europe,fauna,medium,0
Europe|fauna|Braco alemán de pelo corto,¿Cuáles son algunas de las características que hacen al braco alemán de pelo corto un perro de caza versátil y polivalente?,7,1,Europe,fauna,hard,0
Europe|fauna|Chthonius cassolai,¿Qué tipo de especie es Chthonius cassolai?,4,2,Europe,fauna,easy,0
Europe|fauna|Chthonius cassolai,¿Dónde se encuentra Chthonius cassolai?,1,1,Europe,fauna,medium,0
Europe|fauna|Chthonius cassolai,"¿Qué familia y orden pertenecen a Chthonius cassolai, y en qué región geográfica se encuentra?",3,2,Europe,fauna,hard,0
Europe|fauna|Choristoneura lafauryana,¿Qué tipo de especie es Choristoneura lafauryana?,2,2,Europe,fauna,easy,0
Europe|fauna|Choristoneura lafauryana,¿Quién describió científicamente a Choristoneura lafauryana y en qué año?,2,2,Europe,fauna,medium,0
Europe|fauna|Choristoneura lafauryana,¿En qué región de Europa se distribuye Choristoneura lafauryana y a qué tribu pertenece?,2,2,Europe,fauna,hard,0
Europe|fauna|Chthonius ischnocheles stammeri,¿Qué tipo de especie es Chthonius ischnocheles stammeri?,3,3,Europe,fauna,easy,0
Europe|fauna|Chthonius ischnocheles stammeri,¿Dónde se encuentra Chthonius ischnocheles stammeri?,1,1,Europe,fauna,medium,0
Europe|fauna|Chthonius ischnocheles stammeri,"¿Qué familia y orden pertenecen a Chthonius ischnocheles stammeri, y en qué país se distribuye geográficamente?",3,3,Europe,fauna,hard,0
Europe|fauna|Clepsis aerosana,¿Qué tipo de especie es Clepsis aerosana?,1,1,Europe,fauna,easy,0
Europe|fauna|Clepsis aerosana,¿Dónde se distribuye Clepsis aerosana?,1,1,Europe,fauna,medium,0
Europe|fauna|Clepsis aerosana,¿Quién describió la especie Clepsis aerosana y en qué año?,2,2,Europe,fauna,hard,0
Europe|fauna|Craspedoma hespericum,¿Qué tipo de especie es Craspedoma hespericum?,1,1,Europe,fauna,easy,0
Europe|fauna|Craspedoma hespericum,¿Dónde se encuentra Craspedoma hespericum?,1,1,Europe,fauna,medium,0
Europe|fauna|Craspedoma hespericum,¿A qué familia pertenece Craspedoma hespericum y qué orden de gasterópodos representa?,2,2,Europe,fauna,hard,0
Europe|fauna|Ciliellopsis oglasae,¿Qué tipo de especie es Ciliellopsis oglasae?,3,3,Europe,fauna,easy,0
Europe|fauna|Ciliellopsis oglasae,¿Dónde es endémica Ciliellopsis oglasae?,1,1,Europe,fauna,medium,0
Europe|fauna|Ciliellopsis oglasae,¿Cuál es el hábitat natural de Ciliellopsis oglasae y por qué se encuentra amenazada?,2,2,Europe,fauna,hard,0
Europe|fauna|Chthonius leoi,¿Qué tipo de especie es Chthonius leoi?,3,3,Europe,fauna,easy,0
Europe|fauna|Chthonius leoi,¿Dónde se encuentra Chthonius leoi?,1,1,Europe,fauna,medium,0
Europe|fauna|Chthonius leoi,¿Qué familia y orden pertenecen a Chthonius leoi y en qué región geográfica se encuentra?,3,3,Europe,fauna,hard,0
Europe|fauna|Cylichnidia ovuliformis,¿Qué tipo de especie es Cylichnidia ovuliformis?,1,1,Europe,fauna,easy,0
Europe|fauna|Cylichnidia ovuliformis,¿Dónde se encuentra Cylichnidia ovuliformis?,1,1,Europe,fauna,medium,0
Europe|fauna|Cylichnidia ovuliformis,¿A qué familia pertenece Cylichnidia ovuliformis y qué orden la clasifica?,2,2,Europe,fauna,hard,0
Europe|fauna|Crocidura zimmermanni,¿Qué tipo de mamífero es Crocidura zimmermanni?,2,2,Europe,fauna,easy,0
Europe|fauna|Crocidura zimmermanni,¿Dónde es endémica Crocidura zimmermanni?,1,1,Europe,fauna,medium,0
Europe|fauna|Crocidura zimmermanni,¿Qué especie compite con Crocidura zimmermanni y cuándo fue introducida en Creta?,3,3,Europe,fauna,hard,0
Europe|fauna|Columba bollii,¿Qué tipo de especie es Columba bollii?,2,2,Europe,fauna,easy,0
Europe|fauna|Columba bollii,¿En qué tipo de hábitat se encuentra Columba bollii?,1,1,Europe,fauna,medium,0
Europe|fauna|Columba bollii,¿Con qué pariente comparte hábitat Columba bollii y qué nombre se le da en las islas donde se encuentra?,7,2,Europe,fauna,hard,0
Europe|fauna|Cyrtocarenum,¿Qué tipo de arañas es Cyrtocarenum?,1,1,Europe,fauna,easy,0
Europe|fauna|Cyrtocarenum,¿En qué países se encuentra Cyrtocarenum?,2,1,Europe,fauna,medium,0
Europe|fauna|Cyrtocarenum,¿Qué características distintivas tiene Cyrtocarenum y en qué regiones se encuentra?,3,2,Europe,fauna,hard,0
Europe|fauna|Dapsa graeca,¿Qué tipo de especie es Dapsa graeca?,3,2,Europe,fauna,easy,0
Europe|fauna|Dapsa graeca,¿Dónde se encuentra Dapsa graeca?,1,1,Europe,fauna,medium,0
Europe|fauna|Dapsa graeca,¿Qué familia pertenece Dapsa graeca y qué características distintivas podría tener un coleóptero de esta familia?,1,1,Europe,fauna,hard,0
Europe|fauna|Dienerella angelinii,¿Qué tipo de especie es Dienerella angelinii?,2,2,Europe,fauna,easy,0
Europe|fauna|Dienerella angelinii,¿Dónde se encuentra Dienerella angelinii?,1,1,Europe,fauna,medium,0
Europe|fauna|Dienerella angelinii,¿Qué familia pertenece Dienerella angelinii y en qué región específica de Italia se encuentra?,2,2,Europe,fauna,hard,0
Europe|fauna|Dysdera hernandezi,¿Qué tipo de especie es Dysdera hernandezi?,2,2,Europe,fauna,easy,0
Europe|fauna|Dysdera hernandezi,¿Dónde se encuentra Dysdera hernandezi?,1,1,Europe,fauna,medium,0
Europe|fauna|Dysdera hernandezi,¿Qué característica distintiva tiene Dysdera hernandezi en relación a su distribución geográfica?,1,1,Europe,fauna,hard,0
Europe|fauna|Dysdera enghoffi,¿Qué tipo de especie es Dysdera enghoffi?,2,2,Europe,fauna,easy,0
Europe|fauna|Dysdera enghoffi,¿Dónde se encuentra Dysdera enghoffi?,1,1,Europe,fauna,medium,0
Europe|fauna|Dysdera enghoffi,¿Cuál es la importancia del endemismo de Dysdera enghoffi en el contexto de la fauna de las Islas Canarias?,1,1,Europe,fauna,hard,0
Europe|fauna|Discula echinulata,¿Qué tipo de especie es Discula echinulata?,3,3,Europe,fauna,easy,0
Europe|fauna|Discula echinulata,¿Dónde se encuentra Discula echinulata?,1,1,Europe,fauna,medium,0
Europe|fauna|Discula echinulata,¿Qué característica distintiva tiene Discula echinulata en relación a su distribución geográfica?,1,1,Europe,fauna,hard,0
Europe|fauna|Dysdera mahan,¿Qué tipo de especie es Dysdera mahan?,1,1,Europe,fauna,easy,0
Europe|fauna|Dysdera mahan,¿Dónde se encuentra Dysdera mahan?,1,1,Europe,fauna,medium,0
Europe|fauna|Dysdera mahan,¿Qué características distintivas tiene Dysdera mahan y dónde es endémica?,1,1,Europe,fauna,hard,0
Europe|fauna|Cymindis collaris,¿Qué tipo de especie es Cymindis collaris?,2,2,Europe,fauna,easy,0
Europe|fauna|Cymindis collaris,¿Quién describió a Cymindis collaris y en qué año?,2,2,Europe,fauna,medium,0
Europe|fauna|Cymindis collaris,¿En qué países se encuentra Cymindis collaris?,6,1,Europe,fauna,hard,0
Europe|fauna|Elaphocera hispalensis,¿Qué tipo de especie es Elaphocera hispalensis?,2,2,Europe,fauna,easy,0
Europe|fauna|Elaphocera hispalensis,¿Dónde se encuentra Elaphocera hispalensis?,1,1,Europe,fauna,medium,1
Europe|fauna|Elaphocera hispalensis,¿Qué familia pertenece Elaphocera hispalensis y qué características distintivas pueden tener los coleópteros de esta familia?,3,3,Europe,fauna,hard,0
Europe|fauna|Elodes denticulata,¿Qué tipo de especie es Elodes denticulata?,2,2,Europe,fauna,easy,0
Europe|fauna|Elodes denticulata,¿Dónde se encuentra Elodes denticulata?,1,1,Europe,fauna,medium,0
Europe|fauna|Elodes denticulata,¿A qué familia pertenece Elodes denticulata y en qué país se encuentra?,2,2,Europe,fauna,hard,0
Europe|fauna|Enicmus atriceps,¿Qué tipo de especie es Enicmus atriceps?,2,2,Europe,fauna,easy,0
Europe|fauna|Enicmus atriceps,¿Dónde se encuentra Enicmus atriceps?,1,1,Europe,fauna,medium,0
Europe|fauna|Enicmus atriceps,¿A qué familia pertenece Enicmus atriceps y qué tipo de hábitat se asocia comúnmente con los coleópteros de esta familia?,1,1,Europe,fauna,hard,0
Europe|fauna|Elo (perro),¿Qué es el Elo?,1,1,Europe,fauna,easy,0
Europe|fauna|Elo (perro),¿En qué año comienza el desarrollo de la raza Elo?,1,1,Europe,fauna,medium,0
Europe|fauna|Elo (perro),¿Qué características se consideran en la crianza del Elo y quién supervisa su desarrollo?,2,2,Europe,fauna,hard,0
Europe|fauna|Europs temporis,¿Qué tipo de especie es Europs temporis?,2,2,Europe,fauna,easy,0
Europe|fauna|Europs temporis,¿Dónde se encuentra Europs temporis?,2,1,Europe,fauna,medium,0
Europe|fauna|Europs temporis,¿Qué familia pertenece Europs temporis y en qué regiones se distribuye geográficamente?,3,2,Europe,fauna,hard,0
Europe|fauna|Forficula apennina,¿Qué tipo de especie es Forficula apennina?,2,2,Europe,fauna,easy,0
Europe|fauna|Forficula apennina,¿En qué continente se distribuye Forficula apennina?,1,1,Europe,fauna,medium,0
Europe|fauna|Forficula apennina,¿Quién describió Forficula apennina y en qué año?,2,2,Europe,fauna,hard,0
Europe|fauna|Eupithecia gueneata,¿Qué tipo de especie es Eupithecia gueneata?,2,2,Europe,fauna,easy,0
Europe|fauna|Eupithecia gueneata,¿En qué año fue descrita la especie Eupithecia gueneata?,1,1,Europe,fauna,medium,0
Europe|fauna|Eupithecia gueneata,¿Qué características distintivas tiene Eupithecia gueneata en comparación con otras especies de su región?,2,1,Europe,fauna,hard,0
Europe|fauna|Eupithecia alishana,¿Qué tipo de especie es Eupithecia alishana?,2,2,Europe,fauna,easy,0
Europe|fauna|Eupithecia alishana,¿En qué año fue descrita Eupithecia alishana?,1,1,Europe,fauna,medium,0
Europe|fauna|Eupithecia alishana,¿Dónde se encuentra Eupithecia alishana y a qué altitud se ha registrado?,2,2,Europe,fauna,hard,0
Europe|fauna|Helix obruta,¿Qué tipo de especie es Helix obruta?,3,3,Europe,fauna,easy,0
Europe|fauna|Helix obruta,¿Dónde se encuentra Helix obruta?,1,1,Europe,fauna,medium,0
Europe|fauna|Helix obruta,¿Qué característica distintiva tiene Helix obruta en relación a su distribución geográfica?,1,1,Europe,fauna,hard,0
Europe|fauna|Genêt d'Espagne,¿Qué es el Genêt d'Espagne?,1,1,Europe,fauna,easy,0
Europe|fauna|Genêt d'Espagne,¿Cuál es el uso principal del Genêt d'Espagne en la Edad Media?,2,1,Europe,fauna,medium,0
Europe|fauna|Genêt d'Espagne,"¿Qué relación tiene el Genêt d'Espagne con la etimología de la palabra ""jinete""?",4,3,Europe,fauna,hard,0
Europe|fauna|Hyalinobatrachium kawense,¿Qué tipo de especie es Hyalinobatrachium kawense?,2,2,Europe,fauna,easy,0
Europe|fauna|Hyalinobatrachium kawense,¿Dónde se encuentra Hyalinobatrachium kawense?,1,1,Europe,fauna,medium,0
Europe|fauna|Hyalinobatrachium kawense,¿Qué características distintivas tiene Hyalinobatrachium kawense y en qué región es endémica?,3,3,Europe,fauna,hard,0
Europe|fauna|Hilaira nivalis,¿Qué tipo de especie es Hilaira nivalis?,1,1,Europe,fauna,easy,0
Europe|fauna|Hilaira nivalis,¿Dónde se distribuye Hilaira nivalis?,3,3,Europe,fauna,medium,0
Europe|fauna|Hilaira nivalis,¿Quién describió Hilaira nivalis y en qué año?,2,2,Europe,fauna,hard,0
Europe|fauna|Gynnidomorpha minimana,¿Qué tipo de especie es Gynnidomorpha minimana?,1,1,Europe,fauna,easy,0
Europe|fauna|Gynnidomorpha minimana,¿Quién describió científicamente a Gynnidomorpha minimana y en qué año?,2,2,Europe,fauna,medium,0
Europe|fauna|Gynnidomorpha minimana,¿En qué regiones de Europa se puede encontrar Gynnidomorpha minimana?,9,1,Europe,fauna,hard,0
Europe|fauna|Listado de Especies Silvestres en Régimen de Protección Especial,¿Qué es el Listado de Especies Silvestres en Régimen de Protección Especial?,1,1,Europe,fauna,easy,0
Europe|fauna|Listado de Especies Silvestres en Régimen de Protección Especial,¿Cuántas especies protegidas recoge el Listado de Especies Silvestres en Régimen de Protección Especial?,1,1,Europe,fauna,medium,0
Europe|fauna|Listado de Especies Silvestres en Régimen de Protección Especial,¿Qué ley regula la creación del Listado de Especies Silvestres en Régimen de Protección Especial y qué necesidad establece?,2,2,Europe,fauna,hard,0
Europe|fauna|Lasaeola grancanariensis,¿Qué tipo de especie es Lasaeola grancanariensis?,2,2,Europe,fauna,easy,0
Europe|fauna|Lasaeola grancanariensis,¿Dónde se encuentra Lasaeola grancanariensis?,1,1,Europe,fauna,medium,0
Europe|fauna|Lasaeola grancanariensis,¿Qué característica distintiva tiene Lasaeola grancanariensis en relación a su distribución geográfica?,1,1,Europe,fauna,hard,0
Europe|fauna|Lasionycta leucocycla,¿Qué tipo de especie es Lasionycta leucocycla?,2,2,Europe,fauna,easy,0
Europe|fauna|Lasionycta leucocycla,¿Dónde se puede encontrar Lasionycta leucocycla?,1,1,Europe,fauna,medium,0
Europe|fauna|Lasionycta leucocycla,¿Qué especies de plantas se alimentan del néctar de Lasionycta leucocycla?,3,1,Europe,fauna,hard,0
Europe|fauna|Leiostyla relevata,¿Qué tipo de especie es Leiostyla relevata?,3,3,Europe,fauna,easy,0
Europe|fauna|Leiostyla relevata,¿Dónde se encuentra Leiostyla relevata?,1,1,Europe,fauna,medium,0
Europe|fauna|Leiostyla relevata,¿Por qué se encuentra amenazada de extinción Leiostyla relevata?,1,1,Europe,fauna,hard,0
Europe|fauna|Malpaisomys insularis,¿Qué tipo de especie es Malpaisomys insularis?,1,1,Europe,fauna,easy,0
Europe|fauna|Malpaisomys insularis,¿Dónde se han encontrado restos de Malpaisomys insularis?,3,1,Europe,fauna,medium,0
Europe|fauna|Malpaisomys insularis,¿Qué factor se considera responsable de la extinción de Malpaisomys insularis y cuándo ocurrió esta extinción?,2,2,Europe,fauna,hard,0
Europe|fauna|Malthodes zacynthius,¿Qué tipo de especie es Malthodes zacynthius?,2,2,Europe,fauna,easy,0
Europe|fauna|Malthodes zacynthius,¿Dónde se encuentra Malthodes zacynthius?,1,1,Europe,fauna,medium,0
Europe|fauna|Malthodes zacynthius,¿Qué familia pertenece Malthodes zacynthius y en qué país se encuentra?,2,2,Europe,fauna,hard,0
Europe|fauna|Lagynochthonius curvidigitatus,¿Qué tipo de especie es Lagynochthonius curvidigitatus?,3,3,Europe,fauna,easy,0
Europe|fauna|Lagynochthonius curvidigitatus,¿Dónde se encuentra Lagynochthonius curvidigitatus?,3,1,Europe,fauna,medium,0
Europe|fauna|Lagynochthonius curvidigitatus,¿Qué característica distintiva tiene Lagynochthonius curvidigitatus en relación a su distribución geográfica?,3,1,Europe,fauna,hard,0
Europe|fauna|Locustella amnicola,¿Qué tipo de especie es la buscarla de Stepanyan?,1,1,Europe,fauna,easy,0
Europe|fauna|Locustella amnicola,¿Dónde se encuentra la buscarla de Stepanyan?,3,1,Europe,fauna,medium,0
Europe|fauna|Locustella amnicola,¿Cuál es el hábitat de la buscarla de Stepanyan y en qué regiones pasa el invierno?,4,2,Europe,fauna,hard,0
Europe|fauna|Meloe apenninicus,¿Qué tipo de especie es Meloe apenninicus?,2,2,Europe,fauna,easy,0
Europe|fauna|Meloe apenninicus,¿Dónde se encuentra Meloe apenninicus?,1,1,Europe,fauna,medium,0
Europe|fauna|Meloe apenninicus,¿Qué familia pertenece Meloe apenninicus y en qué región específica de Italia se encuentra?,2,2,Europe,fauna,hard,0
Europe|fauna|Microcreagrina cavicola,¿Qué tipo de especie es Microcreagrina cavicola?,3,3,Europe,fauna,easy,0
Europe|fauna|Microcreagrina cavicola,¿Dónde se encuentra Microcreagrina cavicola?,1,1,Europe,fauna,medium,0
Europe|fauna|Microcreagrina cavicola,¿Qué relación tiene Microcreagrina cavicola con las islas Canarias y qué tipo de organismo es?,4,4,Europe,fauna,hard,0
Europe|fauna|Neobisium auberti,¿Qué tipo de arácnido es Neobisium auberti?,2,2,Europe,fauna,easy,0
Europe|fauna|Neobisium auberti,¿Dónde se encuentra Neobisium auberti?,1,1,Europe,fauna,medium,0
Europe|fauna|Neobisium auberti,¿A qué familia pertenece Neobisium auberti y qué características distintivas tiene dentro de su orden?,1,1,Europe,fauna,hard,0
Europe|fauna|Mordellistena episternaloides,¿Qué tipo de especie es Mordellistena episternaloides?,2,2,Europe,fauna,easy,0
Europe|fauna|Mordellistena episternaloides,¿Dónde se encuentra Mordellistena episternaloides?,1,1,Europe,fauna,medium,0
Europe|fauna|Mordellistena episternaloides,¿Qué familia pertenece Mordellistena episternaloides y qué tipo de hábitat se asocia comúnmente con los coleópteros de esta familia?,2,2,Europe,fauna,hard,0
Europe|fauna|Microcreagrina subterranea,¿Qué tipo de especie es Microcreagrina subterranea?,3,3,Europe,fauna,easy,0
Europe|fauna|Microcreagrina subterranea,¿Dónde se encuentra Microcreagrina subterranea?,1,1,Europe,fauna,medium,0
Europe|fauna|Microcreagrina subterranea,¿Qué característica distintiva tiene Microcreagrina subterranea en relación a su distribución geográfica?,1,1,Europe,fauna,hard,0
Europe|fauna|Monotropus staudingeri,¿Qué tipo de especie es Monotropus staudingeri?,2,2,Europe,fauna,easy,0
Europe|fauna|Monotropus staudingeri,¿Dónde habita Monotropus staudingeri?,1,1,Europe,fauna,medium,1
Europe|fauna|Monotropus staudingeri,¿Qué tipo de coleóptero es Monotropus staudingeri y en qué región se encuentra?,3,3,Europe,fauna,hard,1
Europe|fauna|Neobisium incertum,¿Qué tipo de especie es Neobisium incertum?,3,2,Europe,fauna,easy,0
Europe|fauna|Neobisium incertum,¿Dónde se encuentra Neobisium incertum?,1,1,Europe,fauna,medium,0
Europe|fauna|Neobisium incertum,"¿Qué familia y orden pertenecen a Neobisium incertum, y en qué región geográfica se encuentra?",3,2,Europe,fauna,hard,0
Europe|fauna|Nyctalus azoreum,¿Qué tipo de especie es Nyctalus azoreum?,2,2,Europe,fauna,easy,0
Europe|fauna|Nyctalus azoreum,¿Dónde se encuentra restringido Nyctalus azoreum?,1,1,Europe,fauna,medium,0
Europe|fauna|Nyctalus azoreum,¿Cómo se comporta Nyctalus azoreum en comparación con la mayoría de los murciélagos?,1,1,Europe,fauna,hard,0
Europe|fauna|Neobisium bernardi bernardi,¿Qué tipo de arácnido es Neobisium bernardi bernardi?,3,3,Europe,fauna,easy,0
Europe|fauna|Neobisium bernardi bernardi,¿En qué países se encuentra Neobisium bernardi bernardi?,2,1,Europe,fauna,medium,0
Europe|fauna|Neobisium bernardi bernardi,"¿Qué familia y orden pertenecen a Neobisium bernardi bernardi, y en qué regiones geográficas se distribuye?",4,3,Europe,fauna,hard,0
Europe|fauna|Neobisium breuili,¿Qué tipo de especie es Neobisium breuili?,4,2,Europe,fauna,easy,0
Europe|fauna|Neobisium breuili,¿Dónde se encuentra Neobisium breuili?,1,1,Europe,fauna,medium,0
Europe|fauna|Neobisium breuili,¿Qué familia pertenece Neobisium breuili y qué características distintivas tiene dentro de su orden?,3,2,Europe,fauna,hard,0
Europe|fauna|Neobisium speleophilum,¿Qué tipo de especie es Neobisium speleophilum?,3,3,Europe,fauna,easy,0
Europe|fauna|Neobisium speleophilum,¿Dónde se encuentra Neobisium speleophilum?,1,1,Europe,fauna,medium,0
Europe|fauna|Neobisium speleophilum,¿A qué familia pertenece Neobisium speleophilum y qué características distintivas tiene dentro de su orden?,3,3,Europe,fauna,hard,0
Europe|fauna|Origmatogona catalonica,¿Qué tipo de especie es Origmatogona catalonica?,1,1,Europe,fauna,easy,0
Europe|fauna|Origmatogona catalonica,¿A qué familia pertenece Origmatogona catalonica?,1,1,Europe,fauna,medium,0
Europe|fauna|Origmatogona catalonica,¿Dónde se encuentra Origmatogona catalonica y qué característica distintiva tiene en cuanto a su distribución?,2,2,Europe,fauna,hard,0
Europe|fauna|Oberea kostini,¿Qué tipo de especie es Oberea kostini?,2,2,Europe,fauna,easy,0
Europe|fauna|Oberea kostini,¿En qué países se distribuye Oberea kostini?,2,1,Europe,fauna,medium,0
Europe|fauna|Oberea kostini,¿Quién describió científicamente a Oberea kostini y en qué año?,2,2,Europe,fauna,hard,0
Europe|fauna|Ochthebius crenulatus,¿Qué tipo de especie es Ochthebius crenulatus?,2,2,Europe,fauna,easy,0
Europe|fauna|Ochthebius crenulatus,¿Quién describió científicamente a Ochthebius crenulatus y en qué año?,2,2,Europe,fauna,medium,0
Europe|fauna|Ochthebius crenulatus,¿Dónde se distribuye Ochthebius crenulatus y a qué altitudes se ha encontrado?,2,2,Europe,fauna,hard,0
Europe|fauna|Ochthebius gibbosus,¿Qué tipo de especie es Ochthebius gibbosus?,2,2,Europe,fauna,easy,0
Europe|fauna|Ochthebius gibbosus,¿A qué familia pertenece Ochthebius gibbosus?,1,1,Europe,fauna,medium,0
Europe|fauna|Ochthebius gibbosus,¿Quién describió científicamente a Ochthebius gibbosus y en qué año?,2,2,Europe,fauna,hard,0
Europe|fauna|Ovis nivicola,¿Qué tipo de mamífero es Ovis nivicola?,3,3,Europe,fauna,easy,0
Europe|fauna|Ovis nivicola,¿Dónde vive principalmente Ovis nivicola?,2,1,Europe,fauna,medium,0
Europe|fauna|Ovis nivicola,¿Cuáles son algunas características distintivas de Ovis nivicola en términos de tamaño y hábitat?,3,3,Europe,fauna,hard,0
Europe|fauna|Oveja frisona oriental,¿Qué tipo de especie es la oveja frisona oriental?,1,1,Europe,fauna,easy,0
Europe|fauna|Oveja frisona oriental,¿Dónde se originó la oveja frisona oriental?,2,2,Europe,fauna,medium,0
Europe|fauna|Oveja frisona oriental,¿Qué características distintivas tiene la oveja frisona oriental y cómo se ha utilizado en la cría para mejorar la producción de leche en otras razas?,5,3,Europe,fauna,hard,0
Europe|fauna|Pelibuey,¿Qué tipo de especie es la pelibuey?,1,1,Europe,fauna,easy,0
Europe|fauna|Pelibuey,¿Dónde es nativa la pelibuey?,1,1,Europe,fauna,medium,0
Europe|fauna|Pelibuey,¿Por qué la pelibuey es especialmente útil en regiones intertropicales?,2,2,Europe,fauna,hard,0
Europe|fauna|Phyllodromica nuragica,¿Qué tipo de especie es Phyllodromica nuragica?,2,2,Europe,fauna,easy,0
Europe|fauna|Phyllodromica nuragica,¿Quiénes describieron científicamente a Phyllodromica nuragica y en qué año?,2,2,Europe,fauna,medium,0
Europe|fauna|Phyllodromica nuragica,¿En qué familia se clasifica Phyllodromica nuragica y en qué país habita?,2,2,Europe,fauna,hard,0
Europe|fauna|Pajuna,¿Qué es la pajuna?,3,3,Europe,fauna,easy,0
Europe|fauna|Pajuna,¿En qué provincias de España se distribuye la pajuna?,2,1,Europe,fauna,medium,0
Europe|fauna|Pajuna,¿Qué características físicas distintivas posee la pajuna y para qué se utiliza?,2,2,Europe,fauna,hard,0
Europe|fauna|Porcellio ferroi,¿Qué tipo de especie es Porcellio ferroi?,1,1,Europe,fauna,easy,0
Europe|fauna|Porcellio ferroi,¿Dónde se encuentra Porcellio ferroi?,1,1,Europe,fauna,medium,0
Europe|fauna|Porcellio ferroi,¿Qué familia pertenece Porcellio ferroi y qué característica distintiva tiene en relación a su distribución?,2,2,Europe,fauna,hard,0
Europe|fauna|Porcellio baeticensis,¿Qué tipo de especie es Porcellio baeticensis?,2,2,Europe,fauna,easy,0
Europe|fauna|Porcellio baeticensis,¿Dónde se encuentra Porcellio baeticensis?,2,1,Europe,fauna,medium,0
Europe|fauna|Porcellio baeticensis,¿Qué artículo tiene Porcellio baeticensis y en qué plataforma se encuentra?,1,1,Europe,fauna,hard,0
Europe|fauna|Pseudoabsidia ossetica,¿Qué tipo de especie es Pseudoabsidia ossetica?,2,2,Europe,fauna,easy,0
Europe|fauna|Pseudoabsidia ossetica,¿Dónde se encuentra Pseudoabsidia ossetica?,1,1,Europe,fauna,medium,0
Europe|fauna|Pseudoabsidia ossetica,¿Qué familia de insectos pertenece Pseudoabsidia ossetica y en qué país se distribuye?,2,2,Europe,fauna,hard,0
Europe|fauna|Perro de Castro Laboreiro,¿Qué tipo de raza es el Perro de Castro Laboreiro?,2,2,Europe,fauna,easy,0
Europe|fauna|Perro de Castro Laboreiro,¿Para qué fue utilizado principalmente el Perro de Castro Laboreiro?,1,1,Europe,fauna,medium,0
Europe|fauna|Perro de Castro Laboreiro,¿Cuál es la relación entre el Perro de Castro Laboreiro y su origen geográfico en Portugal?,1,1,Europe,fauna,hard,0
Europe|fauna|Parabathyscia genuensis,¿Qué tipo de especie es Parabathyscia genuensis?,2,2,Europe,fauna,easy,0
Europe|fauna|Parabathyscia genuensis,¿A qué familia pertenece Parabathyscia genuensis?,1,1,Europe,fauna,medium,0
Europe|fauna|Parabathyscia genuensis,¿Quién describió Parabathyscia genuensis y en qué año?,2,2,Europe,fauna,hard,0
Europe|fauna|Porcelana (Perro),¿Qué tipo de perro es el Porcelana?,2,2,Europe,fauna,easy,0
Europe|fauna|Porcelana (Perro),¿Qué características tiene la piel del Porcelana?,1,1,Europe,fauna,medium,0
Europe|fauna|Porcelana (Perro),¿Cuál es el origen histórico del Porcelana y qué razas se considera que contribuyeron a su desarrollo?,3,1,Europe,fauna,hard,0
Europe|fauna|Pygopleurus humeralis,¿Qué tipo de especie es Pygopleurus humeralis?,2,2,Europe,fauna,easy,0
Europe|fauna|Pygopleurus humeralis,¿En qué territorios habita Pygopleurus humeralis?,1,1,Europe,fauna,medium,0
Europe|fauna|Pygopleurus humeralis,¿En qué tres países se encuentra Pygopleurus humeralis?,3,1,Europe,fauna,hard,0
Europe|fauna|Rhagonycha chironi,¿Qué tipo de especie es Rhagonycha chironi?,2,2,Europe,fauna,easy,0
Europe|fauna|Rhagonycha chironi,¿Dónde se encuentra Rhagonycha chironi?,1,1,Europe,fauna,medium,0
Europe|fauna|Rhagonycha chironi,¿A qué familia pertenece Rhagonycha chironi y en qué país se encuentra?,2,2,Europe,fauna,hard,0
Europe|fauna|Scutogona vivesi,¿Qué tipo de especie es Scutogona vivesi?,1,1,Europe,fauna,easy,0
Europe|fauna|Scutogona vivesi,¿A qué familia pertenece Scutogona vivesi?,1,1,Europe,fauna,medium,0
Europe|fauna|Scutogona vivesi,¿Dónde se encuentra Scutogona vivesi y qué característica distintiva tiene en relación a su ubicación?,2,2,Europe,fauna,hard,0
Europe|fauna|Roncus vidali,¿Qué tipo de especie es Roncus vidali?,3,3,Europe,fauna,easy,0
Europe|fauna|Roncus vidali,¿Dónde se encuentra Roncus vidali?,1,1,Europe,fauna,medium,0
Europe|fauna|Roncus vidali,¿Qué características distintivas tiene Roncus vidali y en qué región se encuentra?,4,4,Europe,fauna,hard,0
Europe|fauna|Rhagonycha planicollis,¿Qué tipo de especie es Rhagonycha planicollis?,2,2,Europe,fauna,easy,0
Europe|fauna|Rhagonycha planicollis,¿Dónde se encuentra Rhagonycha planicollis?,1,1,Europe,fauna,medium,0
Europe|fauna|Rhagonycha planicollis,¿Qué familia pertenece Rhagonycha planicollis y qué características distintivas pueden tener los coleópteros de esta familia?,2,2,Europe,fauna,hard,0
Europe|fauna|Parda de montaña,¿Qué tipo de raza es la parda de montaña?,1,1,Europe,fauna,easy,0
Europe|fauna|Parda de montaña,¿En qué sistema se suele criar la parda de montaña?,1,1,Europe,fauna,medium,0
Europe|fauna|Parda de montaña,¿Qué razas se cruzaron para crear la parda de montaña y en qué regiones de España se encuentra actualmente?,6,2,Europe,fauna,hard,0
Europe|fauna|Sireuma nobile,¿Qué tipo de especie es Sireuma nobile?,1,1,Europe,fauna,easy,0
Europe|fauna|Sireuma nobile,¿A qué familia pertenece Sireuma nobile?,1,1,Europe,fauna,medium,0
Europe|fauna|Sireuma nobile,¿Dónde se encuentra Sireuma nobile y qué característica distintiva tiene en relación a su distribución?,2,2,Europe,fauna,hard,0
Europe|fauna|Sabueso serbio,¿Qué es el Sabueso serbio?,2,2,Europe,fauna,easy,0
Europe|fauna|Sabueso serbio,¿Cuál es el rango de altura del Sabueso serbio a la cruz?,1,1,Europe,fauna,medium,0
Europe|fauna|Sabueso serbio,¿De qué se cree que desciende el Sabueso serbio y qué características lo distinguen?,2,2,Europe,fauna,hard,0
Europe|fauna|Roncus caucasicus,¿Qué tipo de especie es Roncus caucasicus?,3,3,Europe,fauna,easy,0
Europe|fauna|Roncus caucasicus,¿Dónde se encuentra Roncus caucasicus?,2,1,Europe,fauna,medium,0
Europe|fauna|Roncus caucasicus,¿Qué familia pertenece Roncus caucasicus y qué características distintivas tiene dentro de su orden?,3,3,Europe,fauna,hard,0
Europe|fauna|Saanen (raza caprina),¿Qué tipo de raza es la Saanen?,2,2,Europe,fauna,easy,0
Europe|fauna|Saanen (raza caprina),¿En qué año se importaron animales de la raza Saanen a Argentina?,2,2,Europe,fauna,medium,0
Europe|fauna|Saanen (raza caprina),¿Qué características físicas tiene la raza Saanen y cuál es su período de lactación promedio?,2,2,Europe,fauna,hard,0
Europe|fauna|Strangulogona lugoensis,¿Qué tipo de especie es Strangulogona lugoensis?,1,1,Europe,fauna,easy,0
Europe|fauna|Strangulogona lugoensis,¿Dónde se encuentra Strangulogona lugoensis?,1,1,Europe,fauna,medium,0
Europe|fauna|Strangulogona lugoensis,¿Cuál es la familia a la que pertenece Strangulogona lugoensis y qué característica distintiva tiene en relación a su ubicación?,2,2,Europe,fauna,hard,0
Europe|fauna|Thanatus lanatus,¿Qué tipo de especie es Thanatus lanatus?,2,2,Europe,fauna,easy,0
Europe|fauna|Thanatus lanatus,¿Quién describió científicamente a Thanatus lanatus y en qué año?,2,2,Europe,fauna,medium,0
Europe|fauna|Thanatus lanatus,¿En qué región se encuentra Thanatus lanatus y a qué familia pertenece?,2,2,Europe,fauna,hard,0
Europe|fauna|Tropidoscincus,¿Qué tipo de especie es Tropidoscincus?,1,1,Europe,fauna,easy,0
Europe|fauna|Tropidoscincus,¿A qué familia pertenece Tropidoscincus?,1,1,Europe,fauna,medium,0
Europe|fauna|Tropidoscincus,¿Dónde se encuentra Tropidoscincus y qué característica distintiva tiene en cuanto a su distribución?,2,2,Europe,fauna,hard,0
Europe|fauna|Troglochthonius doratodactylus,¿Qué tipo de especie es Troglochthonius doratodactylus?,3,3,Europe,fauna,easy,0
Europe|fauna|Troglochthonius doratodactylus,¿Dónde se encuentra Troglochthonius doratodactylus?,1,1,Europe,fauna,medium,0
Europe|fauna|Troglochthonius doratodactylus,¿Qué artículo tiene Troglochthonius doratodactylus en línea?,1,1,Europe,fauna,hard,0
Europe|flora|Ada Ciganlija,¿Qué tipo de lugar es Ada Ciganlija?,1,1,Europe,flora,easy,0
Europe|flora|Ada Ciganlija,¿En qué municipio se encuentra Ada Ciganlija?,1,1,Europe,flora,medium,0
Europe|flora|Ada Ciganlija,¿Qué características geográficas tiene Ada Ciganlija en términos de su extensión y ubicación?,2,2,Europe,flora,hard,0
Europe|flora|Ageratina riparia,¿Qué tipo de planta es Ageratina riparia?,2,2,Europe,flora,easy,0
Europe|flora|Ageratina riparia,¿Dónde es originaria Ageratina riparia?,1,1,Europe,flora,medium,0
Europe|flora|Ageratina riparia,"¿Qué significa el epíteto ""riparia"" en Ageratina riparia y qué implicaciones tiene en su hábitat?",1,1,Europe,flora,hard,0
Europe|flora|Allagopappus dichotomus,¿Qué tipo de especie es Allagopappus dichotomus?,1,1,Europe,flora,easy,0
Europe|flora|Allagopappus dichotomus,¿Dónde es originaria Allagopappus dichotomus?,1,1,Europe,flora,medium,0
Europe|flora|Allagopappus dichotomus,¿Qué características distintivas tiene Allagopappus dichotomus que la diferencian de otras especies del género Allagopappus?,1,1,Europe,flora,hard,0
Europe|flora|Aeonium canariense,¿Qué tipo de planta es Aeonium canariense?,2,2,Europe,flora,easy,0
Europe|flora|Aeonium canariense,¿Dónde se encuentra localmente abundante Aeonium canariense?,1,1,Europe,flora,medium,0
Europe|flora|Aeonium canariense,¿Qué características distintivas tiene Aeonium canariense en comparación con otras especies de su grupo?,3,2,Europe,flora,hard,0
Europe|fauna|Solinus hispanus,¿Qué tipo de especie es Solinus hispanus?,3,3,Europe,fauna,easy,0
Europe|fauna|Solinus hispanus,¿Dónde se encuentra Solinus hispanus?,1,1,Europe,fauna,medium,0
Europe|fauna|Solinus hispanus,¿Qué características distintivas tiene Solinus hispanus y en qué región se encuentra?,4,4,Europe,fauna,hard,0
Europe|flora|Apteronotus albifrons,¿Qué tipo de especie es Apteronotus albifrons?,1,1,Europe,flora,easy,0
Europe|flora|Apteronotus albifrons,¿Dónde se distribuye Apteronotus albifrons?,1,1,Europe,flora,medium,0
Europe|flora|Apteronotus albifrons,¿Qué características distintivas presenta Apteronotus albifrons en su morfología?,2,1,Europe,flora,hard,0
Europe|flora|Alcornoque de El Rincón,¿Qué tipo de entidad es el alcornoque de El Rincón?,2,2,Europe,flora,easy,0
Europe|flora|Alcornoque de El Rincón,¿Dónde se encuentra el alcornoque de El Rincón?,2,1,Europe,flora,medium,0
Europe|flora|Alcornoque de El Rincón,¿Qué características distintivas tiene el alcornoque de El Rincón en cuanto a su edad y dimensiones?,2,2,Europe,flora,hard,0
Europe|flora|Anodontites,¿Qué tipo de organismo es Anodontites?,1,1,Europe,flora,easy,0
Europe|flora|Anodontites,¿En qué cuencas se distribuye Anodontites ferrarisii en Uruguay?,2,1,Europe,flora,medium,0
Europe|flora|Anodontites,¿Cuál es la especie de Anodontites que se encuentra en todas las cuencas de Uruguay y qué tipo de sustratos prefiere Anodontites tenebricosus?,2,2,Europe,flora,hard,0
Europe|flora|Ancistrus dolichopterus,¿Qué tipo de especie es Ancistrus dolichopterus?,3,3,Europe,flora,easy,0
Europe|flora|Ancistrus dolichopterus,¿Dónde se distribuye Ancistrus dolichopterus?,2,2,Europe,flora,medium,0
Europe|flora|Ancistrus dolichopterus,¿Qué características distintivas tiene Ancistrus dolichopterus y en qué tipo de hábitat se encuentra?,2,2,Europe,flora,hard,0
Europe|flora|Arboretum Curie,¿Qué tipo de entidad es el Arboretum Curie?,1,1,Europe,flora,easy,0
Europe|flora|Arboretum Curie,¿En qué año fue creado el Arboretum Curie?,1,1,Europe,flora,medium,0
Europe|flora|Arboretum Curie,¿Qué organización administra el Arboretum Curie y cuántos taxones contiene actualmente?,2,2,Europe,flora,hard,0
Europe|flora|Amazonia Legal,¿Qué es la Amazonia Legal?,2,2,Europe,flora,easy,0
Europe|flora|Amazonia Legal,¿Cuántos municipios están distribuidos en la Amazonia Legal?,2,2,Europe,flora,medium,0
Europe|flora|Amazonia Legal,¿Qué porcentaje del territorio brasileño corresponde a la Amazonia Legal y qué bioma detiene?,2,2,Europe,flora,hard,0
Europe|flora|Arboretum de l'Étoile des Andaines,¿Qué es el Arboretum de l'Étoile des Andaines?,2,2,Europe,flora,easy,0
Europe|flora|Arboretum de l'Étoile des Andaines,¿Cuántas especies forestales y ornamentales tiene el Arboretum de l'Étoile des Andaines?,1,1,Europe,flora,medium,0
Europe|flora|Arboretum de l'Étoile des Andaines,¿En qué año fue creado el Arboretum de l'Étoile des Andaines y quién lo administra actualmente?,2,2,Europe,flora,hard,0
Europe|flora|Ardenas (región),¿Qué tipo de región son las Ardenas?,1,1,Europe,flora,easy,0
Europe|flora|Ardenas (región),¿Cuál es el punto más alto de las Ardenas?,1,1,Europe,flora,medium,0
Europe|flora|Ardenas (región),¿De dónde toma su nombre la región de Ardenas y qué bosque se menciona en su historia?,2,2,Europe,flora,hard,0
Europe|flora|Asteriscus graveolens,¿Qué tipo de especie es Asteriscus graveolens?,1,1,Europe,flora,easy,0
Europe|flora|Asteriscus graveolens,¿Dónde se encuentra Asteriscus graveolens?,1,1,Europe,flora,medium,0
Europe|flora|Asteriscus graveolens,¿Qué características distintivas tiene Asteriscus graveolens en su subespecie stenophyllus en comparación con la subespecie odorus?,1,1,Europe,flora,hard,0
Europe|flora|Arboretum du col du Haut-Jacques,¿Qué es el Arboretum du col du Haut-Jacques?,2,2,Europe,flora,easy,0
Europe|flora|Arboretum du col du Haut-Jacques,¿En qué altitud se encuentra el Arboretum du col du Haut-Jacques?,1,1,Europe,flora,medium,0
Europe|flora|Arboretum du col du Haut-Jacques,¿Quién creó el Arboretum du col du Haut-Jacques y en qué año fue establecido?,2,2,Europe,flora,hard,0
Europe|flora|Arboretum de Pézanin,¿Qué es el Arboretum de Pézanin?,2,2,Europe,flora,easy,0
Europe|flora|Arboretum de Pézanin,¿En qué año fue establecido el Arboretum de Pézanin?,1,1,Europe,flora,medium,0
Europe|flora|Arboretum de Pézanin,¿Qué entidad es responsable de la administración del Arboretum de Pézanin y en qué año fue adquirido por el Estado?,2,2,Europe,flora,hard,0
Europe|flora|Arenaria nevadensis,¿Qué tipo de planta es Arenaria nevadensis?,2,2,Europe,flora,easy,0
Europe|flora|Arenaria nevadensis,¿Dónde se encuentra Arenaria nevadensis?,1,1,Europe,flora,medium,0
Europe|flora|Arenaria nevadensis,¿Por qué se considera a Arenaria nevadensis en peligro de extinción?,1,1,Europe,flora,hard,0
Europe|flora|Biscutella glacialis,¿Qué tipo de planta es Biscutella glacialis?,2,2,Europe,flora,easy,0
Europe|flora|Biscutella glacialis,¿A qué altitud se encuentra Biscutella glacialis en las montañas béticas?,2,2,Europe,flora,medium,0
Europe|flora|Biscutella glacialis,¿Quién describió Biscutella glacialis y en qué año fue publicado?,3,3,Europe,flora,hard,0
Europe|flora|Boraro,¿Qué es el Boraro?,1,1,Europe,flora,easy,0
Europe|flora|Boraro,¿Dónde se desarrolla el Boraro?,1,1,Europe,flora,medium,0
Europe|flora|Boraro,¿Qué características físicas distintivas tiene el Boraro que le permiten burlar a sus perseguidores?,2,2,Europe,flora,hard,0
Europe|flora|Artemisia barrelieri,¿Qué tipo de especie es Artemisia barrelieri?,2,2,Europe,flora,easy,0
Europe|flora|Artemisia barrelieri,¿Dónde se encuentra Artemisia barrelieri?,2,1,Europe,flora,medium,0
Europe|flora|Artemisia barrelieri,¿Quién describió Artemisia barrelieri y en qué publicación se realizó?,2,2,Europe,flora,hard,0
Europe|flora|Campanula decumbens,¿Qué tipo de planta es Campanula decumbens?,1,1,Europe,flora,easy,0
Europe|flora|Campanula decumbens,¿En qué tipo de suelos se encuentra Campanula decumbens?,1,1,Europe,flora,medium,0
Europe|flora|Campanula decumbens,¿Quién describió Campanula decumbens y en qué año fue publicado?,2,2,Europe,flora,hard,0
Europe|flora|Campo Bahia,¿Qué tipo de instalación es Campo Bahia?,1,1,Europe,flora,easy,0
Europe|flora|Campo Bahia,¿Cuántos edificios de dos pisos consta Campo Bahia?,1,1,Europe,flora,medium,0
Europe|flora|Campo Bahia,¿Por qué fue seleccionada Campo Bahia como sede base de la selección nacional alemana durante la Copa Mundial de la FIFA 2014?,4,2,Europe,flora,hard,0
Europe|flora|Constitución del Estado Amazonas,¿Qué es la Constitución del Estado Amazonas?,1,1,Europe,flora,easy,0
Europe|flora|Constitución del Estado Amazonas,¿Qué idioma se declara como oficial en la Constitución del Estado Amazonas?,1,1,Europe,flora,medium,0
Europe|flora|Constitución del Estado Amazonas,¿Qué derechos garantiza la Constitución del Estado Amazonas a los pueblos indígenas y qué idiomas se reconocen oficialmente?,3,2,Europe,flora,hard,0
Europe|flora|Ceropegia fusca,¿Qué tipo de planta es Ceropegia fusca?,2,2,Europe,flora,easy,0
Europe|flora|Ceropegia fusca,¿Dónde se encuentra Ceropegia fusca?,2,1,Europe,flora,medium,0
Europe|flora|Ceropegia fusca,¿Qué características distintivas tiene Ceropegia fusca en cuanto a su hábitat y su morfología?,4,3,Europe,flora,hard,0
Europe|flora|Cebuella pygmaea,¿Qué tipo de primate es Cebuella pygmaea?,2,2,Europe,flora,easy,0
Europe|flora|Cebuella pygmaea,¿Dónde prefiere habitar Cebuella pygmaea?,1,1,Europe,flora,medium,0
Europe|flora|Cebuella pygmaea,¿Cuáles son las características distintivas de Cebuella pygmaea en términos de tamaño y peso?,2,2,Europe,flora,hard,0
Europe|flora|Certhiaxis mustelinus,¿Qué tipo de especie es Certhiaxis mustelinus?,1,1,Europe,flora,easy,0
Europe|flora|Certhiaxis mustelinus,¿Dónde se distribuye Certhiaxis mustelinus?,1,1,Europe,flora,medium,1
Europe|flora|Certhiaxis mustelinus,¿Cuál es el hábitat natural de Certhiaxis mustelinus y qué características distintivas presenta?,4,4,Europe,flora,hard,0
Europe|flora|Choloepus didactylus,¿Qué tipo de especie es Choloepus didactylus?,1,1,Europe,flora,easy,0
Europe|flora|Choloepus didactylus,¿Dónde habita principalmente Choloepus didactylus?,1,1,Europe,flora,medium,1
Europe|flora|Choloepus didactylus,¿Cuáles son algunas características distintivas de Choloepus didactylus en comparación con el perezoso tridáctilo?,4,4,Europe,flora,hard,0
Europe|flora|Carnegiella schereri,¿Qué tipo de especie es Carnegiella schereri?,3,3,Europe,flora,easy,0
Europe|flora|Carnegiella schereri,¿Dónde se encuentra Carnegiella schereri?,4,1,Europe,flora,medium,0
Europe|flora|Carnegiella schereri,¿Cuál es el hábitat de Carnegiella schereri y qué características distintivas tiene?,2,2,Europe,flora,hard,0
Europe|flora|Cuenca de Marajó,¿Qué tipo de entidad es la cuenca de Marajó?,2,2,Europe,flora,easy,0
Europe|flora|Cuenca de Marajó,¿Qué separa la cuenca de Marajó de la cuenca sedimentaria del Amazonas?,2,1,Europe,flora,medium,1
Europe|flora|Cuenca de Marajó,¿Qué características geológicas se asocian a la cuenca de Marajó en relación con su formación y las secuencias sedimentarias?,1,1,Europe,flora,hard,0
Europe|flora|Corydoras sterbai,¿Qué tipo de especie es Corydoras sterbai?,3,3,Europe,flora,easy,0
Europe|flora|Corydoras sterbai,¿Dónde se encuentra Corydoras sterbai?,3,1,Europe,flora,medium,0
Europe|flora|Corydoras sterbai,¿Qué características distintivas tiene Corydoras sterbai en su morfología?,2,1,Europe,flora,hard,0
Europe|flora|Corydoras leucomelas,¿Qué tipo de especie es Corydoras leucomelas?,1,1,Europe,flora,easy,0
Europe|flora|Corydoras leucomelas,¿Dónde se encuentra Corydoras leucomelas?,1,1,Europe,flora,medium,0
Europe|flora|Corydoras leucomelas,¿Qué características distintivas tiene Corydoras leucomelas y en qué hábitat se encuentra?,3,2,Europe,flora,hard,0
Europe|flora|Bunocephalus aleuropsis,¿Qué tipo de especie es Bunocephalus aleuropsis?,3,3,Europe,flora,easy,0
Europe|flora|Bunocephalus aleuropsis,¿Dónde se encuentra Bunocephalus aleuropsis?,2,1,Europe,flora,medium,0
Europe|flora|Bunocephalus aleuropsis,¿Qué tipo de pez es Bunocephalus aleuropsis y qué come?,4,3,Europe,flora,hard,0
Europe|flora|Crenicichla lucius,¿Qué tipo de especie es Crenicichla lucius?,3,3,Europe,flora,easy,0
Europe|flora|Crenicichla lucius,¿Dónde se encuentra Crenicichla lucius?,1,1,Europe,flora,medium,0
Europe|flora|Crenicichla lucius,¿En qué cuenca se encuentra Crenicichla lucius y en qué países específicos?,3,2,Europe,flora,hard,0
Europe|flora|Dicheranthus,¿Qué tipo de especie es Dicheranthus?,2,2,Europe,flora,easy,0
Europe|flora|Dicheranthus,¿Dónde se encuentra Dicheranthus?,1,1,Europe,flora,medium,0
Europe|flora|Dicheranthus,¿Quién describió Dicheranthus y en qué año fue publicado?,2,2,Europe,flora,hard,0
Europe|flora|Dengue Dengue Dengue!,¿Qué tipo de entidad es Dengue Dengue Dengue!?,3,3,Europe,flora,easy,0
Europe|flora|Dengue Dengue Dengue!,¿Quiénes son los integrantes de Dengue Dengue Dengue!?,2,1,Europe,flora,medium,0
Europe|flora|Dengue Dengue Dengue!,¿Qué álbum de Dengue Dengue Dengue! se publicó en 2012 y qué influencias musicales tienen?,3,3,Europe,flora,hard,1
Europe|flora|Elachocharax mitopterus,¿Qué tipo de especie es Elachocharax mitopterus?,3,3,Europe,flora,easy,0
Europe|flora|Elachocharax mitopterus,¿En qué tipo de clima vive Elachocharax mitopterus?,1,1,Europe,flora,medium,0
Europe|flora|Elachocharax mitopterus,¿Dónde se encuentra Elachocharax mitopterus y en qué cuencas específicas?,3,2,Europe,flora,hard,0
Europe|flora|Euphorbia maresii,¿Qué tipo de especie es Euphorbia maresii?,2,2,Europe,flora,easy,0
Europe|flora|Euphorbia maresii,¿Dónde se encuentra Euphorbia maresii?,2,1,Europe,flora,medium,0
Europe|flora|Euphorbia maresii,¿Quién describió Euphorbia maresii y en qué publicación se realizó?,2,2,Europe,flora,hard,0
Europe|flora|Eigenmannia antonioi,¿Qué tipo de especie es Eigenmannia antonioi?,3,3,Europe,flora,easy,0
Europe|flora|Eigenmannia antonioi,¿Dónde se distribuye Eigenmannia antonioi?,1,1,Europe,flora,medium,0
Europe|flora|Eigenmannia antonioi,¿Qué características distintivas posee Eigenmannia antonioi que le permiten ser diferenciada de E. trilineata en sentido amplio?,2,2,Europe,flora,hard,0
Europe|flora|Euphorbia mellifera,¿Cómo se conoce en castellano a Euphorbia mellifera?,2,1,Europe,flora,easy,0
Europe|flora|Euphorbia mellifera,¿Qué tipo de planta es Euphorbia mellifera?,2,1,Europe,flora,medium,0
Europe|flora|Euphorbia mellifera,¿Cuál es el estado de conservación de Euphorbia mellifera en Canarias y qué protección tiene?,3,2,Europe,flora,hard,1
Europe|flora|Euphorbia × balfourii,¿Qué tipo de especie es Euphorbia × balfourii?,1,1,Europe,flora,easy,0
Europe|flora|Euphorbia × balfourii,¿A qué familia pertenece Euphorbia × balfourii?,1,1,Europe,flora,medium,0
Europe|flora|Euphorbia × balfourii,¿Quién describió Euphorbia × balfourii y en qué año fue publicado?,2,2,Europe,flora,hard,0
Europe|flora|ExpoAmazónica,¿Qué es la ExpoAmazónica?,1,1,Europe,flora,easy,0
Europe|flora|ExpoAmazónica,¿En qué lugar se desarrolló la primera ExpoAmazónica?,1,1,Europe,flora,medium,0
Europe|flora|ExpoAmazónica,¿Qué evento se utilizó para fomentar el turismo y las políticas de desarrollo sostenible en la Amazonía peruana?,1,1,Europe,flora,hard,0
Europe|flora|Euphorbia polygalifolia,¿Qué tipo de especie es Euphorbia polygalifolia?,2,2,Europe,flora,easy,0
Europe|flora|Euphorbia polygalifolia,¿Dónde se encuentra Euphorbia polygalifolia?,2,1,Europe,flora,medium,0
Europe|flora|Euphorbia polygalifolia,¿A qué altitud se encuentra Euphorbia polygalifolia en el norte de la península ibérica y quién la describió?,3,3,Europe,flora,hard,0
Europe|flora|Gymnotus carapo madeirensis,¿Qué tipo de pez es Gymnotus carapo madeirensis?,3,2,Europe,flora,easy,0
Europe|flora|Gymnotus carapo madeirensis,¿Dónde se distribuye Gymnotus carapo madeirensis?,1,1,Europe,flora,medium,0
Europe|flora|Gymnotus carapo madeirensis,¿Qué características distintivas tiene Gymnotus carapo madeirensis en comparación con otras subespecies?,3,1,Europe,flora,hard,0
Europe|flora|Habenaria tridactylites,¿Qué tipo de especie es Habenaria tridactylites?,2,2,Europe,flora,easy,0
Europe|flora|Habenaria tridactylites,¿Dónde se encuentra la especie Habenaria tridactylites?,1,1,Europe,flora,medium,0
Europe|flora|Habenaria tridactylites,¿Quién describió la especie Habenaria tridactylites y en qué publicación se realizó?,2,2,Europe,flora,hard,0
Europe|flora|Heliconia bihai,¿Cuál es el nombre popular de Heliconia bihai?,2,1,Europe,flora,easy,0
Europe|flora|Heliconia bihai,¿En qué regiones es común encontrar Heliconia bihai?,2,1,Europe,flora,medium,1
Europe|flora|Heliconia bihai,¿Qué características distintivas tiene Heliconia bihai en cuanto a su altura y forma de las hojas?,2,2,Europe,flora,hard,0
Europe|flora|Gymnocarpos decander,¿Qué tipo de planta es Gymnocarpos decander?,2,2,Europe,flora,easy,0
Europe|flora|Gymnocarpos decander,¿Cuál es la altura típica de Gymnocarpos decander?,1,1,Europe,flora,medium,0
Europe|flora|Gymnocarpos decander,¿En qué regiones se distribuye Gymnocarpos decander?,12,1,Europe,flora,hard,0
Europe|flora|Idioma urarina,¿Qué es el idioma urarina?,2,2,Europe,flora,easy,0
Europe|flora|Idioma urarina,¿En qué provincia se habla el idioma urarina?,1,1,Europe,flora,medium,0
Europe|flora|Idioma urarina,¿Cuál es el orden de constituyentes que presenta el idioma urarina y por qué es significativo?,2,2,Europe,flora,hard,0
Europe|flora|Hemiodus vorderwinkleri,¿Qué tipo de especie es Hemiodus vorderwinkleri?,3,3,Europe,flora,easy,0
Europe|flora|Hemiodus vorderwinkleri,¿Dónde se encuentra Hemiodus vorderwinkleri?,4,1,Europe,flora,medium,0
Europe|flora|Hemiodus vorderwinkleri,¿Qué tipo de pez es Hemiodus vorderwinkleri y en qué tipo de hábitat vive?,2,2,Europe,flora,hard,0
Europe|flora|Hypostomus virescens,¿Qué tipo de especie es Hypostomus virescens?,2,2,Europe,flora,easy,0
Europe|flora|Hypostomus virescens,¿Dónde se encuentra Hypostomus virescens?,1,1,Europe,flora,medium,0
Europe|flora|Hypostomus virescens,¿En qué país se encuentra Hypostomus virescens y en qué cuenca específica?,2,2,Europe,flora,hard,0
Europe|flora|Hypocnemis ochrogyna,¿Qué tipo de especie es Hypocnemis ochrogyna?,3,3,Europe,flora,easy,0
Europe|flora|Hypocnemis ochrogyna,¿Dónde se distribuye Hypocnemis ochrogyna?,1,1,Europe,flora,medium,0
Europe|flora|Hypocnemis ochrogyna,¿Quién describió inicialmente a Hypocnemis ochrogyna y en qué año?,2,2,Europe,flora,hard,0
Europe|flora|Idioma bue,¿Qué tipo de lengua es el idioma bue?,1,1,Europe,flora,easy,0
Europe|flora|Idioma bue,¿Cuántas personas hablan el idioma bue?,1,1,Europe,flora,medium,0
Europe|flora|Idioma bue,¿En qué países se habla el idioma bue y a qué familia de lenguas pertenece?,3,2,Europe,flora,hard,0
Europe|flora|Isla Santa Rosa (Loreto),¿Qué tipo de lugar es la isla Santa Rosa (Loreto)?,1,1,Europe,flora,easy,0
Europe|flora|Isla Santa Rosa (Loreto),¿Con qué isla limita por el norte la isla Santa Rosa (Loreto)?,1,1,Europe,flora,medium,0
Europe|flora|Isla Santa Rosa (Loreto),¿Qué características culturales muestra la isla Santa Rosa (Loreto) y con qué idiomas se relaciona?,1,1,Europe,flora,hard,0
Europe|flora|Hydrolycus tatauaia,¿Qué tipo de especie es Hydrolycus tatauaia?,3,3,Europe,flora,easy,0
Europe|flora|Hydrolycus tatauaia,¿En qué tipo de hábitat se encuentra Hydrolycus tatauaia?,2,2,Europe,flora,medium,0
Europe|flora|Hydrolycus tatauaia,¿Dónde se distribuye geográficamente Hydrolycus tatauaia?,3,1,Europe,flora,hard,0
Europe|flora|Hoja de banana,¿Qué parte de la bananera o platanera es la hoja de banana?,1,1,Europe,flora,easy,0
Europe|flora|Hoja de banana,¿Cuáles son algunas de las características de la hoja de banana?,5,1,Europe,flora,medium,0
Europe|flora|Hoja de banana,¿Qué usos culinarios tiene la hoja de banana en diferentes culturas?,4,1,Europe,flora,hard,0
Europe|flora|La gran final,"¿Qué es ""La gran final""?",2,2,Europe,flora,easy,0
Europe|flora|La gran final,"¿Cuántas historias paralelas cuenta ""La gran final""?",1,1,Europe,flora,medium,0
Europe|flora|La gran final,"¿Qué tipo de hombres muestra ""La gran final"" y qué dificultades enfrentan para ver la televisión?",2,1,Europe,flora,hard,0
Europe|flora|Lagothrix cana,¿Qué tipo de primate es Lagothrix cana?,2,2,Europe,flora,easy,0
Europe|flora|Lagothrix cana,¿En qué hábitat vive principalmente Lagothrix cana?,1,1,Europe,flora,medium,0
Europe|flora|Lagothrix cana,¿Cuáles son las principales amenazas que enfrenta Lagothrix cana y en qué estado de conservación se encuentra?,3,2,Europe,flora,hard,0
Europe|flora|Lenguas peba-yagua,¿Qué tipo de lenguas son las lenguas peba-yagua?,1,1,Europe,flora,easy,0
Europe|flora|Lenguas peba-yagua,¿Cuántos hablantes tenía el yihamwo en 1997?,1,1,Europe,flora,medium,0
Europe|flora|Lenguas peba-yagua,¿Qué relación se ha propuesto entre las lenguas peba-yagua y las lenguas zaparoanas?,2,2,Europe,flora,hard,0
Europe|flora|Lenguas mura-pirahã-matanawí,¿Qué tipo de entidad son las lenguas mura-pirahã-matanawí?,2,2,Europe,flora,easy,0
Europe|flora|Lenguas mura-pirahã-matanawí,¿Cuántas personas pertenecen al grupo étnico que habla las lenguas mura-pirahã-matanawí?,1,1,Europe,flora,medium,0
Europe|flora|Lenguas mura-pirahã-matanawí,¿Qué características lingüísticas son distintivas de las lenguas mura-pirahã-matanawí?,2,1,Europe,flora,hard,0
Europe|flora|Hemiodus immaculatus,¿Qué tipo de especie es Hemiodus immaculatus?,3,3,Europe,flora,easy,0
Europe|flora|Hemiodus immaculatus,¿Dónde se encuentra Hemiodus immaculatus?,9,1,Europe,flora,medium,0
Europe|flora|Hemiodus immaculatus,¿Qué tipo de pez es Hemiodus immaculatus y cómo se reproduce?,3,3,Europe,flora,hard,0
Europe|flora|Lomelosia cretica,¿Qué tipo de especie es Lomelosia cretica?,2,2,Europe,flora,easy,0
Europe|flora|Lomelosia cretica,¿Dónde se encuentra Lomelosia cretica?,1,1,Europe,flora,medium,0
Europe|flora|Lomelosia cretica,¿Cuál es el nombre anterior de Lomelosia cretica y en qué obra fue descrita?,2,2,Europe,flora,hard,0
Europe|flora|Limonium perezii,¿Qué tipo de planta es Limonium perezii?,2,2,Europe,flora,easy,0
Europe|flora|Limonium perezii,¿Dónde es originaria Limonium perezii?,1,1,Europe,flora,medium,0
Europe|flora|Limonium perezii,¿Qué características distintivas tiene Limonium perezii en cuanto a su hábitat y su morfología?,3,3,Europe,flora,hard,0
Europe|flora|Melanorivulus crixas,¿Qué tipo de pez es Melanorivulus crixas?,1,1,Europe,flora,easy,0
Europe|flora|Melanorivulus crixas,¿En qué cuenca hidrográfica se distribuye Melanorivulus crixas?,1,1,Europe,flora,medium,0
Europe|flora|Melanorivulus crixas,¿Qué características distintivas tiene Melanorivulus crixas y dónde se encuentra?,2,2,Europe,flora,hard,0
Europe|flora|Megaleporinus trifasciatus,¿Qué tipo de especie es Megaleporinus trifasciatus?,2,2,Europe,flora,easy,0
Europe|flora|Megaleporinus trifasciatus,¿Dónde se distribuye Megaleporinus trifasciatus?,1,1,Europe,flora,medium,0
Europe|flora|Megaleporinus trifasciatus,¿Quién describió originalmente a Megaleporinus trifasciatus y en qué año?,2,2,Europe,flora,hard,0
Europe|flora|Masato,¿Qué es el masato?,2,2,Europe,flora,easy,0
Europe|flora|Masato,¿Cómo se elabora el masato en Colombia?,2,2,Europe,flora,medium,0
Europe|flora|Masato,¿Qué ingredientes se utilizan en la preparación tradicional del masato en Perú y cómo se lleva a cabo su fermentación?,3,3,Europe,flora,hard,0
Europe|flora|Melanorivulus rutilicaudus,¿Qué tipo de especie es Melanorivulus rutilicaudus?,1,1,Europe,flora,easy,0
Europe|flora|Melanorivulus rutilicaudus,¿En qué cuenca se distribuye Melanorivulus rutilicaudus?,1,1,Europe,flora,medium,0
Europe|flora|Melanorivulus rutilicaudus,¿Dónde se encuentra Melanorivulus rutilicaudus y qué comportamiento tiene en su hábitat?,2,2,Europe,flora,hard,0
Europe|flora|Melanorivulus kayapo,¿Qué tipo de especie es Melanorivulus kayapo?,1,1,Europe,flora,easy,0
Europe|flora|Melanorivulus kayapo,¿Dónde se distribuye Melanorivulus kayapo?,1,1,Europe,flora,medium,0
Europe|flora|Melanorivulus kayapo,¿En qué río habita Melanorivulus kayapo y en qué parte de la cuenca del río Araguaia se encuentra?,2,2,Europe,flora,hard,0
Europe|flora|Marlene Freitas da Silva,¿Dónde nació Marlene Freitas da Silva?,1,1,Europe,flora,easy,0
Europe|flora|Marlene Freitas da Silva,¿Qué género revisó Marlene Freitas da Silva en su maestría?,1,1,Europe,flora,medium,0
Europe|flora|Marlene Freitas da Silva,¿Qué aportes significativos hizo Marlene Freitas da Silva en el campo de la botánica y en qué publicación se reflejan sus resultados sobre el género Dimorphandra?,3,3,Europe,flora,hard,0
Europe|flora|Nannoptopoma sternoptychum,¿Qué tipo de especie es Nannoptopoma sternoptychum?,3,3,Europe,flora,easy,0
Europe|flora|Nannoptopoma sternoptychum,¿Dónde se encuentra Nannoptopoma sternoptychum?,4,2,Europe,flora,medium,1
Europe|flora|Nannoptopoma sternoptychum,¿Qué tipo de pez es Nannoptopoma sternoptychum y en qué tipo de hábitat se desarrolla?,2,2,Europe,flora,hard,0
Europe|flora|Melanorivulus zygonectes,¿Qué tipo de pez es Melanorivulus zygonectes?,1,1,Europe,flora,easy,0
Europe|flora|Melanorivulus zygonectes,¿Cuál es la longitud máxima descrita de Melanorivulus zygonectes?,1,1,Europe,flora,medium,0
Europe|flora|Melanorivulus zygonectes,¿En qué tipo de hábitat se encuentra Melanorivulus zygonectes y qué características tiene el agua en esos ambientes?,4,2,Europe,flora,hard,0
Europe|flora|Nannostomus trifasciatus,¿Qué tipo de especie es Nannostomus trifasciatus?,1,1,Europe,flora,easy,0
Europe|flora|Nannostomus trifasciatus,¿Dónde se encuentra Nannostomus trifasciatus de forma natural?,5,1,Europe,flora,medium,0
Europe|flora|Nannostomus trifasciatus,¿Qué características distintivas tiene Nannostomus trifasciatus y qué tipo de agua requiere para su mantenimiento en acuarios?,2,2,Europe,flora,hard,0
Europe|flora|Phyllomedusa tomopterna,¿Qué tipo de especie es Phyllomedusa tomopterna?,2,2,Europe,flora,easy,0
Europe|flora|Phyllomedusa tomopterna,¿En qué tipo de hábitats naturales se encuentra Phyllomedusa tomopterna?,1,1,Europe,flora,medium,0
Europe|flora|Phyllomedusa tomopterna,¿Por qué está amenazada de extinción Phyllomedusa tomopterna y cuáles son sus hábitats naturales?,3,2,Europe,flora,hard,0
Europe|flora|Pimelodella peruensis,¿Qué tipo de especie es Pimelodella peruensis?,3,3,Europe,flora,easy,0
Europe|flora|Pimelodella peruensis,¿Dónde se encuentra Pimelodella peruensis?,1,1,Europe,flora,medium,0
Europe|flora|Pimelodella peruensis,¿Cuál es la longitud total que pueden alcanzar los machos de Pimelodella peruensis y en qué tipo de hábitat viven?,2,2,Europe,flora,hard,0
Europe|flora|Pachyurus stewarti,¿Qué tipo de especie es Pachyurus stewarti?,3,3,Europe,flora,easy,0
Europe|flora|Pachyurus stewarti,¿Dónde se encuentra Pachyurus stewarti?,1,1,Europe,flora,medium,0
Europe|flora|Pachyurus stewarti,¿Qué hábitat ocupa Pachyurus stewarti y qué características lo definen?,3,3,Europe,flora,hard,0
Europe|flora|Oficina Nacional de Bosques (Francia),¿Qué es la Oficina Nacional de Bosques en Francia?,2,2,Europe,flora,easy,0
Europe|flora|Oficina Nacional de Bosques (Francia),¿Cuántos kilómetros cuadrados de bosques públicos gestiona la Oficina Nacional de Bosques en Francia?,1,1,Europe,flora,medium,0
Europe|flora|Oficina Nacional de Bosques (Francia),¿Cuáles son las tres misiones principales de la Oficina Nacional de Bosques en Francia?,3,1,Europe,flora,hard,0
Europe|flora|Pedicularis flammea,¿Qué tipo de planta es Pedicularis flammea?,1,1,Europe,flora,easy,0
Europe|flora|Pedicularis flammea,¿Cuáles son las características de las flores de Pedicularis flammea?,2,2,Europe,flora,medium,0
Europe|flora|Pedicularis flammea,¿En qué lugares se distribuye Pedicularis flammea y quién la describió?,5,2,Europe,flora,hard,0
Europe|flora|Pinar del Hacho,¿Qué tipo de espacio es el Pinar del Hacho?,2,2,Europe,flora,easy,0
Europe|flora|Pinar del Hacho,¿Qué tipo de pinar cubre la mayor parte del Pinar del Hacho?,2,2,Europe,flora,medium,0
Europe|flora|Pinar del Hacho,¿Qué yacimientos arqueológicos se incluyen en el Pinar del Hacho y qué tipo son?,4,2,Europe,flora,hard,0
Europe|flora|Protium crassipetalum,¿Qué tipo de especie es Protium crassipetalum?,2,2,Europe,flora,easy,0
Europe|flora|Protium crassipetalum,¿Dónde es nativa Protium crassipetalum?,1,1,Europe,flora,medium,1
Europe|flora|Protium crassipetalum,¿Qué características tiene el fruto de Protium crassipetalum y qué lo distingue?,3,3,Europe,flora,hard,0
Europe|flora|Ponche de Iquitos,¿Qué es el ponche de Iquitos?,3,2,Europe,flora,easy,0
Europe|flora|Ponche de Iquitos,¿Con qué se complementa el ponche de Iquitos?,2,1,Europe,flora,medium,1
Europe|flora|Ponche de Iquitos,¿Por qué es muy habitual el ponche de Iquitos en los sectores de clase trabajadora y de indios-mestizos?,3,2,Europe,flora,hard,0
Europe|flora|Roccella canariensis,¿Qué tipo de especie es Roccella canariensis?,1,1,Europe,flora,easy,0
Europe|flora|Roccella canariensis,¿Dónde se da Roccella canariensis?,1,1,Europe,flora,medium,0
Europe|flora|Roccella canariensis,¿Por qué fue especialmente valorado Roccella canariensis en el siglo XV?,2,2,Europe,flora,hard,0
Europe|flora|Rhaponticum canariense,¿Cómo se conoce vulgarmente a Rhaponticum canariense?,1,1,Europe,flora,easy,0
Europe|flora|Rhaponticum canariense,¿Cuál es la familia a la que pertenece Rhaponticum canariense?,1,1,Europe,flora,medium,0
Europe|flora|Rhaponticum canariense,¿En qué altitudes se encuentra Rhaponticum canariense y cuál es su estado de conservación?,2,2,Europe,flora,hard,0
Europe|flora|Rhamnus glandulosa,¿Qué tipo de especie es Rhamnus glandulosa?,2,2,Europe,flora,easy,0
Europe|flora|Rhamnus glandulosa,¿Dónde se halla endémicamente Rhamnus glandulosa?,2,1,Europe,flora,medium,0
Europe|flora|Rhamnus glandulosa,¿Quién describió Rhamnus glandulosa y en qué año fue publicado en Hortus Kew?,3,3,Europe,flora,hard,0
Europe|flora|Río Jatapu,¿Qué tipo de río es el río Jatapu?,1,1,Europe,flora,easy,0
Europe|flora|Río Jatapu,¿Cuál es la longitud del río Jatapu?,1,1,Europe,flora,medium,0
Europe|flora|Río Jatapu,¿En qué dirección discurre el río Jatapu y qué sierra bordea?,2,2,Europe,flora,hard,0
Europe|flora|Río Pachitea,¿Qué es el río Pachitea?,1,1,Europe,flora,easy,0
Europe|flora|Río Pachitea,¿Dónde se localiza el río Pachitea?,1,1,Europe,flora,medium,0
Europe|flora|Río Pachitea,¿De qué cordillera procede el río Pachitea y qué nombre lleva primero?,2,2,Europe,flora,hard,0
Europe|flora|Río Arinos,¿Qué tipo de entidad es el río Arinos?,1,1,Europe,flora,easy,0
Europe|flora|Río Arinos,¿En qué estado de Brasil discurre el río Arinos?,1,1,Europe,flora,medium,0
Europe|flora|Río Arinos,¿Quién fue el primer europeo en descubrir y navegar por el río Arinos?,2,2,Europe,flora,hard,0
Europe|flora|Río Tiquié,¿Qué tipo de curso de agua es el río Tiquié?,1,1,Europe,flora,easy,0
Europe|flora|Río Tiquié,¿En qué territorio nace el río Tiquié?,1,1,Europe,flora,medium,0
Europe|flora|Río Tiquié,¿Qué tipo de vegetación predomina en el alto Tiquié y qué tipo en el medio y bajo curso del río?,2,1,Europe,flora,hard,0
Europe|flora|Rhegmatorhina gymnops,¿Qué tipo de especie es Rhegmatorhina gymnops?,2,2,Europe,flora,easy,0
Europe|flora|Rhegmatorhina gymnops,¿Dónde se distribuye Rhegmatorhina gymnops?,2,2,Europe,flora,medium,0
Europe|flora|Rhegmatorhina gymnops,¿Por qué ha sido calificado Rhegmatorhina gymnops como «vulnerable» por la Unión Internacional para la Conservación de la Naturaleza?,6,6,Europe,flora,hard,0
Europe|flora|Río Paranã (Brasil),¿Qué tipo de entidad es el río Paranã?,1,1,Europe,flora,easy,0
Europe|flora|Río Paranã (Brasil),¿Cuántos kilómetros de longitud tiene el río Paranã?,1,1,Europe,flora,medium,0
Europe|flora|Río Paranã (Brasil),¿Qué ríos se reúnen para dar lugar al nacimiento del río Tocantins?,2,1,Europe,flora,hard,0
Europe|flora|Río Tarauacá,¿Qué tipo de río es el río Tarauacá?,1,1,Europe,flora,easy,0
Europe|flora|Río Tarauacá,¿Cuántos kilómetros de longitud tiene el río Tarauacá?,1,1,Europe,flora,medium,0
Europe|flora|Río Tarauacá,¿En qué estados de Brasil discurre el río Tarauacá y qué municipios atraviesa?,6,2,Europe,flora,hard,2
Europe|flora|Scleronycteris ega,¿Qué tipo de especie es Scleronycteris ega?,2,2,Europe,flora,easy,0
Europe|flora|Scleronycteris ega,¿Dónde se encuentra Scleronycteris ega?,1,1,Europe,flora,medium,0
Europe|flora|Scleronycteris ega,¿Cuál es la distribución geográfica de Scleronycteris ega y qué la caracteriza como el único miembro de su género?,3,2,Europe,flora,hard,0
Europe|flora|Scoloplax,¿Qué tipo de pez es Scoloplax?,1,1,Europe,flora,easy,0
Europe|flora|Scoloplax,¿Cuántas filas de odontodos tiene Scoloplax?,1,1,Europe,flora,medium,0
Europe|flora|Scoloplax,¿En qué cuencas se encuentra Scoloplax dicra?,2,1,Europe,flora,hard,1
Europe|flora|Río Taraira,¿Qué tipo de río es el río Taraira?,2,2,Europe,flora,easy,0
Europe|flora|Río Taraira,¿Cuál es el afluente del río Taraira?,1,1,Europe,flora,medium,0
Europe|flora|Río Taraira,¿Qué límite internacional forma el río Taraira y entre qué regiones se encuentra?,3,2,Europe,flora,hard,0
Europe|flora|Salvia × sylvestris,¿Qué tipo de planta es Salvia × sylvestris?,2,2,Europe,flora,easy,0
Europe|flora|Salvia × sylvestris,¿A qué altitud se encuentra Salvia × sylvestris?,1,1,Europe,flora,medium,0
Europe|flora|Salvia × sylvestris,¿Quién describió Salvia × sylvestris y en qué obra fue publicado?,2,2,Europe,flora,hard,0
Europe|flora|Sierra del Caurel,¿Qué tipo de entidad es la Sierra del Caurel?,1,1,Europe,flora,easy,0
Europe|flora|Sierra del Caurel,¿Cuál es la extensión de la Sierra del Caurel?,1,1,Europe,flora,medium,0
Europe|flora|Sierra del Caurel,¿Por qué se considera la Sierra del Caurel la reserva botánica más importante de Galicia?,2,2,Europe,flora,hard,0
Europe|flora|Templo de Manaos,¿Qué es el Templo de Manaos?,3,3,Europe,flora,easy,0
Europe|flora|Templo de Manaos,¿Dónde está ubicado el Templo de Manaos?,1,1,Europe,flora,medium,0
Europe|flora|Templo de Manaos,¿Cuándo fue anunciado el Templo de Manaos y cuántos templos SUD hay en Brasil?,3,3,Europe,flora,hard,0
Europe|flora|Thamnophilus cryptoleucus,¿Qué tipo de especie es Thamnophilus cryptoleucus?,2,2,Europe,flora,easy,0
Europe|flora|Thamnophilus cryptoleucus,¿Dónde se distribuye Thamnophilus cryptoleucus?,2,1,Europe,flora,medium,0
Europe|flora|Thamnophilus cryptoleucus,¿Qué nombre científico se le dio originalmente a Thamnophilus cryptoleucus y quiénes lo describieron?,4,3,Europe,flora,hard,0
Europe|geography|Abrivado,"¿Qué significa la palabra ""abrivado"" en provenzal?",1,1,Europe,geography,easy,0
Europe|geography|Abrivado,¿En qué consiste la tradición del abrivado?,1,1,Europe,geography,medium,0
Europe|geography|Abrivado,¿Cuál es la relación entre el abrivado y el encierro en España?,1,1,Europe,geography,hard,0
Europe|flora|Tierra indígena del Valle del Yavarí,¿Qué es la Tierra indígena del Valle del Yavarí?,1,1,Europe,flora,easy,0
Europe|flora|Tierra indígena del Valle del Yavarí,¿Dónde está situada la Tierra indígena del Valle del Yavarí?,1,1,Europe,flora,medium,0
Europe|flora|Tierra indígena del Valle del Yavarí,¿Qué área total tiene la Tierra indígena del Valle del Yavarí y cómo se compara con Austria?,2,2,Europe,flora,hard,0
Europe|flora|Tridens melanops,¿Qué tipo de especie es Tridens melanops?,3,3,Europe,flora,easy,0
Europe|flora|Tridens melanops,¿Dónde se encuentra Tridens melanops?,2,1,Europe,flora,medium,0
Europe|flora|Tridens melanops,¿Qué tipo de pez es Tridens melanops y en qué hábitat se desarrolla?,2,2,Europe,flora,hard,0
Europe|flora|Val sans retour,¿Qué es el Val sans retour?,1,1,Europe,flora,easy,0
Europe|flora|Val sans retour,¿Quién creó el Val sans retour?,1,1,Europe,flora,medium,0
Europe|flora|Val sans retour,¿Qué representa el episodio del Val sans retour en la literatura artúrica y quién lo menciona?,2,2,Europe,flora,hard,0
Europe|geography|Alcantarillaíta,¿Qué es la alcantarillaíta?,1,1,Europe,geography,easy,0
Europe|geography|Alcantarillaíta,¿De qué color es la alcantarillaíta?,1,1,Europe,geography,medium,0
Europe|geography|Alcantarillaíta,¿En qué año fue aprobada la alcantarillaíta como especie por la Asociación Internacional de Mineralogía?,2,2,Europe,geography,hard,0
Europe|flora|Thayeria obliqua,¿Qué tipo de especie es Thayeria obliqua?,2,2,Europe,flora,easy,0
Europe|flora|Thayeria obliqua,¿En qué tipo de clima vive Thayeria obliqua?,2,2,Europe,flora,medium,0
Europe|flora|Thayeria obliqua,¿Dónde se encuentra Thayeria obliqua y qué tipo de especie es?,6,3,Europe,flora,hard,0
Europe|geography|Aegidius Tschudi,¿Cuándo nació Aegidius Tschudi?,1,1,Europe,geography,easy,0
Europe|geography|Aegidius Tschudi,¿Qué obra escribió Aegidius Tschudi que se publicó en 1538?,2,2,Europe,geography,medium,0
Europe|geography|Aegidius Tschudi,¿Qué rol desempeñó Aegidius Tschudi en 1558 y qué reconocimiento recibió posteriormente?,3,3,Europe,geography,hard,0
Europe|flora|Teleocichla prionogenys,¿Qué tipo de especie es Teleocichla prionogenys?,3,3,Europe,flora,easy,0
Europe|flora|Teleocichla prionogenys,¿Dónde se encuentra Teleocichla prionogenys?,5,1,Europe,flora,medium,1
Europe|flora|Teleocichla prionogenys,¿En qué tipo de hábitat vive Teleocichla prionogenys y dónde se encuentra geográficamente?,6,2,Europe,flora,hard,1
Europe|flora|Sonchus bourgeaui,¿Qué tipo de planta es Sonchus bourgeaui?,3,3,Europe,flora,easy,0
Europe|flora|Sonchus bourgeaui,¿Dónde se encuentra Sonchus bourgeaui?,2,1,Europe,flora,medium,0
Europe|flora|Sonchus bourgeaui,¿Quién describió Sonchus bourgeaui y en qué obra fue publicado?,2,2,Europe,flora,hard,0
Europe|geography|Anfípolis,¿Qué tipo de lugar es Anfípolis?,1,1,Europe,geography,easy,0
Europe|geography|Anfípolis,¿A qué distancia se encontraba Anfípolis de la desembocadura del río Estrimón?,1,1,Europe,geography,medium,0
Europe|geography|Anfípolis,¿Qué importancia tuvo Anfípolis para Atenas desde 435 a. C. y qué relación tuvo con la ciudad de Eyón?,3,3,Europe,geography,hard,0
Europe|geography|Bybrua,¿Qué tipo de lugar es Bybrua?,1,1,Europe,geography,easy,0
Europe|geography|Bybrua,¿Dónde se encuentra ubicada Bybrua?,1,1,Europe,geography,medium,0
Europe|geography|Bybrua,¿Cuál es la población estimada de Bybrua a 1 de enero de 2017 y en qué zona geográfica se encuentra?,2,2,Europe,geography,hard,0
Europe|geography|Arrecife de la Florida,¿Qué es el Arrecife de la Florida?,1,1,Europe,geography,easy,0
Europe|geography|Arrecife de la Florida,¿Dónde se ubica el Arrecife de la Florida?,1,1,Europe,geography,medium,0
Europe|geography|Arrecife de la Florida,¿Cuántas especies de plantas marinas y animales viven en el Arrecife de la Florida y qué importancia tiene en relación con los corales tropicales?,2,2,Europe,geography,hard,0
Europe|geography|Antecedentes históricos de la guerra ruso-ucraniana,¿Qué acuerdo firmó Ucrania en 1994 para abandonar su arsenal nuclear?,3,3,Europe,geography,easy,0
Europe|geography|Antecedentes históricos de la guerra ruso-ucraniana,¿Qué proceso histórico se menciona como un factor que contribuyó a la formación de las chispas de las protestas prorrusas en Ucrania?,1,1,Europe,geography,medium,0
Europe|geography|Antecedentes históricos de la guerra ruso-ucraniana,¿Qué tratado permitió la independencia nominal del Kanato de Crimea en 1774 y qué evento histórico ocurrió en Crimea en 988?,4,3,Europe,geography,hard,0
Europe|geography|Cabo Roche,¿Qué tipo de lugar es el cabo Roche?,3,3,Europe,geography,easy,1
Europe|geography|Cabo Roche,¿Dónde se localiza el cabo Roche?,1,1,Europe,geography,medium,0
Europe|geography|Cabo Roche,¿Qué importancia tiene el cabo Roche en la migración de aves y qué se ha estudiado en relación a su conservación?,2,2,Europe,geography,hard,0
Europe|geography|Barrio de Ealing (Londres),¿Qué tipo de lugar es el barrio de Ealing?,1,1,Europe,geography,easy,0
Europe|geography|Barrio de Ealing (Londres),¿En qué año se abrió la estación en Ealing Broadway?,1,1,Europe,geography,medium,0
Europe|geography|Barrio de Ealing (Londres),"¿Por qué se conoció a Ealing como la ""Reina de los Suburbios""?",2,2,Europe,geography,hard,0
Europe|geography|Asiria (provincia romana),¿Qué era la provincia romana de Asiria?,3,3,Europe,geography,easy,0
Europe|geography|Asiria (provincia romana),¿En qué año fue creada la provincia romana de Asiria?,1,1,Europe,geography,medium,0
Europe|geography|Asiria (provincia romana),¿Qué dificultades enfrentó la provincia romana de Asiria desde su creación hasta su evacuación?,1,1,Europe,geography,hard,0
Europe|geography|Bahía de Lisa,¿Qué tipo de lugar es la bahía de Lisa?,1,1,Europe,geography,easy,0
Europe|geography|Bahía de Lisa,¿Dónde se ubica la bahía de Lisa?,1,1,Europe,geography,medium,0
Europe|geography|Bahía de Lisa,"¿Cuál es la etimología del nombre ""bahía de Lisa"" y qué características geográficas la rodean?",2,2,Europe,geography,hard,0
Europe|geography|Castrejón de la Peña,¿Qué tipo de lugar es Castrejón de la Peña?,1,1,Europe,geography,easy,0
Europe|geography|Castrejón de la Peña,¿En qué comarca se ubica Castrejón de la Peña?,1,1,Europe,geography,medium,0
Europe|geography|Castrejón de la Peña,¿Qué evento importante en la historia de Castrejón de la Peña ocurrió en 1916?,2,2,Europe,geography,hard,0
Europe|geography|Castillo de Neratzia,¿Qué es el castillo de Neratzia?,4,2,Europe,geography,easy,0
Europe|geography|Castillo de Neratzia,¿Quiénes construyeron el castillo de Neratzia?,1,1,Europe,geography,medium,0
Europe|geography|Castillo de Neratzia,¿Cuál es la importancia estratégica del castillo de Neratzia en relación con el estrecho entre Cos y Bodrum?,2,1,Europe,geography,hard,0
Europe|geography|Cerro Masatrigo,¿Qué tipo de lugar es el Cerro Masatrigo?,2,2,Europe,geography,easy,0
Europe|geography|Cerro Masatrigo,¿En qué provincia se encuentra el Cerro Masatrigo?,1,1,Europe,geography,medium,0
Europe|geography|Cerro Masatrigo,¿Qué características geográficas y climáticas se asocian al Cerro Masatrigo y su entorno?,4,3,Europe,geography,hard,0
Europe|geography|Concha del Peregrino,¿Qué es la Concha del Peregrino?,1,1,Europe,geography,easy,0
Europe|geography|Concha del Peregrino,¿Qué objeto se les concedía a todos los peregrinos que habían llegado a Santiago de Compostela?,1,1,Europe,geography,medium,0
Europe|geography|Concha del Peregrino,¿Cuál era la consideración cultural de la Concha del Peregrino en relación al Apóstol y cómo ha cambiado su uso a lo largo del tiempo?,2,2,Europe,geography,hard,0
Europe|geography|Charlton (Londres),¿Qué tipo de lugar es Charlton?,1,1,Europe,geography,easy,0
Europe|geography|Charlton (Londres),¿Cuál era la población de Charlton según el censo de 2011?,1,1,Europe,geography,medium,0
Europe|geography|Charlton (Londres),¿Dónde se ubica Charlton y qué tipo de lugar es?,2,2,Europe,geography,hard,0
Europe|geography|Campaña romana,¿Qué tipo de lugar es la Campaña romana?,3,3,Europe,geography,easy,0
Europe|geography|Campaña romana,¿Qué ríos surcan la Campaña romana?,1,1,Europe,geography,medium,0
Europe|geography|Campaña romana,¿Por qué fue abandonada la Campaña romana en la Edad Media?,3,2,Europe,geography,hard,0
Europe|geography|Condado de Aubarede,¿Qué tipo de lugar es el Condado de Aubarede?,1,1,Europe,geography,easy,0
Europe|geography|Condado de Aubarede,¿Quién creó el Condado de Aubarede?,1,1,Europe,geography,medium,0
Europe|geography|Condado de Aubarede,¿Qué relación tiene el Condado de Aubarede con la Revolución francesa y su estatus actual?,2,2,Europe,geography,hard,0
Europe|geography|Cuenca del Mediterráneo,¿Qué es la Cuenca del Mediterráneo?,2,2,Europe,geography,easy,0
Europe|geography|Cuenca del Mediterráneo,¿Qué territorios incluye la Cuenca del Mediterráneo?,1,1,Europe,geography,medium,0
Europe|geography|Cuenca del Mediterráneo,¿Cuál es la relación entre la Cuenca del Mediterráneo y la civilización occidental?,2,2,Europe,geography,hard,0
Europe|geography|Crestonia,¿Qué tipo de lugar es Crestonia?,1,1,Europe,geography,easy,0
Europe|geography|Crestonia,¿Dónde se hallaba la ciudad llamada Crestona?,1,1,Europe,geography,medium,0
Europe|geography|Crestonia,¿Qué ríos delimitan la ubicación de Crestonia?,2,1,Europe,geography,hard,0
Europe|geography|Combatientes de la guerra en Donbass,¿Qué tipo de lugar es Donbass?,1,1,Europe,geography,easy,0
Europe|geography|Combatientes de la guerra en Donbass,¿Qué porcentaje de los combatientes en Donbass son fuerzas separatistas?,2,2,Europe,geography,medium,0
Europe|geography|Combatientes de la guerra en Donbass,¿Cuál fue la fusión que ocurrió el 16 de noviembre entre grupos armados en Donbass y qué nombre recibió?,3,3,Europe,geography,hard,0
Europe|geography|Cuminum cyminum,¿Qué tipo de planta es Cuminum cyminum?,1,1,Europe,geography,easy,0
Europe|geography|Cuminum cyminum,¿Dónde es originaria Cuminum cyminum?,1,1,Europe,geography,medium,1
Europe|geography|Cuminum cyminum,¿Qué importancia histórica tuvo Cuminum cyminum en la Antigua Creta y cómo se menciona en la Biblia?,3,2,Europe,geography,hard,0
Europe|geography|Coronilla scorpioides,¿Qué tipo de planta es Coronilla scorpioides?,2,2,Europe,geography,easy,0
Europe|geography|Coronilla scorpioides,¿En qué tipo de hábitat se encuentra Coronilla scorpioides?,1,1,Europe,geography,medium,0
Europe|geography|Coronilla scorpioides,¿Cuál es la altitud en la que se encuentra Coronilla scorpioides y en qué regiones se distribuye?,3,2,Europe,geography,hard,0
Europe|geography|Desfiladero de Collegats,¿Qué tipo de lugar es el desfiladero de Collegats?,2,2,Europe,geography,easy,0
Europe|geography|Desfiladero de Collegats,¿Qué río forma el desfiladero de Collegats?,1,1,Europe,geography,medium,0
Europe|geography|Desfiladero de Collegats,¿En qué año fue protegido el desfiladero de Collegats por el Plan de Espacios de Interés Natural (PEIN) de la Generalidad de Cataluña?,2,2,Europe,geography,hard,0
Europe|geography|Distrito de Komló,¿Qué tipo de lugar es el distrito de Komló?,1,1,Europe,geography,easy,0
Europe|geography|Distrito de Komló,¿A qué condado pertenece el distrito de Komló?,1,1,Europe,geography,medium,0
Europe|geography|Distrito de Komló,¿Qué incluye el distrito de Komló en su conformación?,2,1,Europe,geography,hard,0
Europe|geography|Depresión danubiana,¿Qué es la depresión danubiana?,2,2,Europe,geography,easy,0
Europe|geography|Depresión danubiana,¿Qué tipo de unidad geomorfológica forma la depresión danubiana junto con la cuenca de Neusiedl y la cuenca de Győr?,2,2,Europe,geography,medium,0
Europe|geography|Depresión danubiana,¿Cuáles son las dos partes que forman la depresión danubiana y qué tipo de actividades se desarrollan en esta zona?,4,3,Europe,geography,hard,0
Europe|geography|Distrito de Bialystok,¿Qué tipo de unidad administrativa fue el Distrito de Bialystok?,1,1,Europe,geography,easy,0
Europe|geography|Distrito de Bialystok,¿En qué fecha fue establecido el Distrito de Bialystok?,1,1,Europe,geography,medium,0
Europe|geography|Distrito de Bialystok,¿Qué relación tuvo el Distrito de Bialystok con la Unión Soviética y Alemania durante la Segunda Guerra Mundial?,4,4,Europe,geography,hard,0
Europe|geography|Emilia (región),¿Qué tipo de lugar es Emilia?,1,1,Europe,geography,easy,0
Europe|geography|Emilia (región),¿En torno a qué está estructurada la región de Emilia?,1,1,Europe,geography,medium,0
Europe|geography|Emilia (región),¿Qué provincias comprende la región histórica de Emilia y con qué región administrativa se constituye actualmente?,2,2,Europe,geography,hard,0
Europe|geography|Diócesis de Treviso,¿Qué es la diócesis de Treviso?,3,3,Europe,geography,easy,0
Europe|geography|Diócesis de Treviso,¿Cuántas parroquias tiene la diócesis de Treviso?,1,1,Europe,geography,medium,0
Europe|geography|Diócesis de Treviso,¿En qué año fue ampliada la diócesis de Treviso cuando Otón I suprimió la diócesis de Asolo?,2,2,Europe,geography,hard,0
Europe|geography|Embalse de Kániv,¿Qué tipo de lugar es el embalse de Kániv?,1,1,Europe,geography,easy,0
Europe|geography|Embalse de Kániv,¿En qué río se ubica el embalse de Kániv?,2,1,Europe,geography,medium,0
Europe|geography|Embalse de Kániv,¿Qué características tiene el embalse de Kániv en términos de longitud y superficie?,2,2,Europe,geography,hard,0
Europe|geography|Dürrnberg,¿Qué tipo de yacimiento es Dürrnberg?,1,1,Europe,geography,easy,0
Europe|geography|Dürrnberg,¿Dónde está situado Dürrnberg?,1,1,Europe,geography,medium,0
Europe|geography|Dürrnberg,¿Qué indica la uniformidad social encontrada en las tumbas de Dürrnberg en comparación con otros sitios no vinculados a la sal?,1,1,Europe,geography,hard,0
Europe|geography|Eryngium amethystinum,¿Qué tipo de planta es Eryngium amethystinum?,2,2,Europe,geography,easy,0
Europe|geography|Eryngium amethystinum,¿Dónde es nativa Eryngium amethystinum?,1,1,Europe,geography,medium,0
Europe|geography|Eryngium amethystinum,¿Qué características distintivas tiene Eryngium amethystinum y en qué tipo de hábitat crece?,3,3,Europe,geography,hard,0
Europe|geography|Eurociudad Badajoz-Elvas-Campomayor,¿Qué tipo de entidad es la Eurociudad Badajoz-Elvas-Campomayor?,1,1,Europe,geography,easy,0
Europe|geography|Eurociudad Badajoz-Elvas-Campomayor,¿Cuántos habitantes aproximadamente tiene la Eurociudad Badajoz-Elvas-Campomayor?,1,1,Europe,geography,medium,0
Europe|geography|Eurociudad Badajoz-Elvas-Campomayor,¿Qué resultado tuvo la firma del protocolo entre la Cámara Municipal de Elvas y el Ayuntamiento de Badajoz en 2013?,1,1,Europe,geography,hard,0
Europe|geography|Flim-Flam!,"¿Quién es el autor de ""Flim-Flam!""?",1,1,Europe,geography,easy,0
Europe|geography|Flim-Flam!,"¿Qué tipo de investigaciones critica James Randi en ""Flim-Flam!""?",2,2,Europe,geography,medium,0
Europe|geography|Flim-Flam!,"¿Qué premio anual anuncia James Randi en ""Flim-Flam!"" y qué condiciones se establecen para su obtención?",2,2,Europe,geography,hard,0
Europe|geography|Fosa de las Kuriles,¿Qué tipo de lugar es la fosa de las Kuriles?,1,1,Europe,geography,easy,0
Europe|geography|Fosa de las Kuriles,¿Cuál es la profundidad máxima de la fosa de las Kuriles?,1,1,Europe,geography,medium,0
Europe|geography|Fosa de las Kuriles,¿Qué fenómeno geológico ha dado lugar a la formación de la fosa de las Kuriles?,1,1,Europe,geography,hard,0
Europe|geography|Estrecho de Urrácal,¿Qué tipo de lugar es el Estrecho de Urrácal?,1,1,Europe,geography,easy,0
Europe|geography|Estrecho de Urrácal,¿A qué altitud se encuentra el Estrecho de Urrácal?,1,1,Europe,geography,medium,0
Europe|geography|Estrecho de Urrácal,¿Qué importancia geológica tiene el Estrecho de Urrácal en relación con el Dominio Cortical de Alborán y su geomorfología?,2,2,Europe,geography,hard,0
Europe|geography|Frontera entre Grecia y Turquía,¿Qué tipo de ruta sigue la frontera entre Grecia y Turquía en Tracia?,1,1,Europe,geography,easy,0
Europe|geography|Frontera entre Grecia y Turquía,¿Qué río sigue la ruta fluvial de la frontera entre Grecia y Turquía?,1,1,Europe,geography,medium,0
Europe|geography|Frontera entre Grecia y Turquía,¿Qué tratado estableció definitivamente la frontera terrestre entre Grecia y Turquía y en qué año se firmó?,2,2,Europe,geography,hard,0
Europe|geography|Frías de Albarracín,¿Qué tipo de lugar es Frías de Albarracín?,3,2,Europe,geography,easy,0
Europe|geography|Frías de Albarracín,¿En qué comarca se ubica Frías de Albarracín?,1,1,Europe,geography,medium,0
Europe|geography|Frías de Albarracín,¿Qué población tenía Frías de Albarracín en el siglo XIX y cómo se llamaba antes de 1916?,2,2,Europe,geography,hard,0
Europe|geography|Geología de Asturias,¿Qué tipo de lugar es la Geología de Asturias?,1,1,Europe,geography,easy,0
Europe|geography|Geología de Asturias,¿Dónde se ubica la cordillera cantábrica en relación con la Geología de Asturias?,1,1,Europe,geography,medium,0
Europe|geography|Geología de Asturias,¿Qué eventos geológicos ocurrieron en la Geología de Asturias durante la Era Cenozoica y cómo afectaron su formación?,4,3,Europe,geography,hard,0
Europe|geography|Gladiolus atroviolaceus,¿Qué tipo de especie es Gladiolus atroviolaceus?,1,1,Europe,geography,easy,0
Europe|geography|Gladiolus atroviolaceus,¿Dónde se encuentra Gladiolus atroviolaceus?,1,1,Europe,geography,medium,0
Europe|geography|Gladiolus atroviolaceus,¿Quién describió Gladiolus atroviolaceus y en qué año fue publicado?,2,2,Europe,geography,hard,0
Europe|geography|Golfo de Carnaro,¿Qué tipo de lugar es el Golfo de Carnaro?,1,1,Europe,geography,easy,0
Europe|geography|Golfo de Carnaro,¿Dónde se encuentra el Golfo de Carnaro?,1,1,Europe,geography,medium,0
Europe|geography|Golfo de Carnaro,¿Qué características del Golfo de Carnaro permiten la entrada de buques de gran calado en el puerto de Fiume?,1,1,Europe,geography,hard,0
Europe|geography|Geografía de la Unión Soviética,¿Qué tipo de lugar era la Unión Soviética en términos de geografía?,2,2,Europe,geography,easy,0
Europe|geography|Geografía de la Unión Soviética,¿Cuántos kilómetros cuadrados de superficie tenía la Unión Soviética?,1,1,Europe,geography,medium,0
Europe|geography|Geografía de la Unión Soviética,¿Cuáles eran los países que compartían frontera con la Unión Soviética en Europa y Asia?,12,1,Europe,geography,hard,0
Europe|geography|Grandes lagos landeses,¿Qué son los grandes lagos landeses?,2,2,Europe,geography,easy,0
Europe|geography|Grandes lagos landeses,¿En qué departamentos se encuentran los grandes lagos landeses?,1,1,Europe,geography,medium,0
Europe|geography|Grandes lagos landeses,¿Qué importancia tienen los grandes lagos landeses en términos de protección ambiental?,1,1,Europe,geography,hard,0
Europe|geography|Golfo de Botnia,¿Qué tipo de lugar es el golfo de Botnia?,2,2,Europe,geography,easy,0
Europe|geography|Golfo de Botnia,¿Cuál es la longitud del golfo de Botnia?,1,1,Europe,geography,medium,0
Europe|geography|Golfo de Botnia,¿Qué relación tiene el golfo de Botnia con el Escudo Báltico y qué tipo de rocas lo forman?,2,2,Europe,geography,hard,0
Europe|geography|Historia de la región mediterránea,¿Qué es la historia de la región mediterránea?,1,1,Europe,geography,easy,0
Europe|geography|Historia de la región mediterránea,¿Qué civilización fue la primera en surgir en la región mediterránea?,1,1,Europe,geography,medium,0
Europe|geography|Historia de la región mediterránea,¿Cómo se conocía al mar mediterráneo durante el Imperio romano y qué significaba este término?,2,2,Europe,geography,hard,1
Europe|geography|Gruta Azul,¿Qué tipo de lugar es la Gruta Azul?,1,1,Europe,geography,easy,0
Europe|geography|Gruta Azul,¿Quién popularizó la Gruta Azul en 1826?,3,3,Europe,geography,medium,0
Europe|geography|Gruta Azul,¿Qué función tenía la Gruta Azul para los emperadores romanos y cómo se relaciona esto con su uso actual como atracción turística?,3,3,Europe,geography,hard,0
Europe|geography|Guerra de los Ducados,¿Qué conflicto militar se conoce como la guerra de los Ducados?,1,1,Europe,geography,easy,0
Europe|geography|Guerra de los Ducados,¿Qué potencias se enfrentaron en la guerra de los Ducados?,3,1,Europe,geography,medium,0
Europe|geography|Guerra de los Ducados,¿Qué territorios fueron cedidos por Dinamarca tras la guerra de los Ducados y bajo qué dominio quedaron?,4,2,Europe,geography,hard,0
Europe|geography|Humedal de Bolue,¿Qué tipo de lugar es el humedal de Bolue?,1,1,Europe,geography,easy,0
Europe|geography|Humedal de Bolue,¿Qué tipo de vegetación rodea el humedal de Bolue?,2,1,Europe,geography,medium,0
Europe|geography|Humedal de Bolue,¿Qué aves migratorias son visitadas en el humedal de Bolue y qué especie ha sido repoblada en este lugar?,2,2,Europe,geography,hard,0
Europe|geography|Condado de Bjelovar-Bilogora,¿Qué tipo de lugar es el condado de Bjelovar-Bilogora?,1,1,Europe,geography,easy,0
Europe|geography|Condado de Bjelovar-Bilogora,¿Cuál es la población del condado de Bjelovar-Bilogora según el censo de 2021?,1,1,Europe,geography,medium,0
Europe|geography|Condado de Bjelovar-Bilogora,¿Cuántas ciudades y municipios componen el condado de Bjelovar-Bilogora y cuál es su centro administrativo?,3,3,Europe,geography,hard,0
Europe|geography|Jardim do Arco do Cego,¿Qué tipo de lugar es el Jardim do Arco do Cego?,1,1,Europe,geography,easy,0
Europe|geography|Jardim do Arco do Cego,¿En qué año fue inaugurado el Jardim do Arco do Cego?,1,1,Europe,geography,medium,0
Europe|geography|Jardim do Arco do Cego,¿Qué escultura se encuentra en el Jardim do Arco do Cego y a quién homenajea?,2,2,Europe,geography,hard,0
Europe|geography|Knarrevik/Straume,¿Qué tipo de lugar es Knarrevik/Straume?,1,1,Europe,geography,easy,0
Europe|geography|Knarrevik/Straume,¿En qué provincia se encuentra Knarrevik/Straume?,1,1,Europe,geography,medium,0
Europe|geography|Knarrevik/Straume,¿Qué características geográficas destacan sobre la ubicación de Knarrevik/Straume en relación con el fiordo de Hardanger y la ciudad de Bergen?,2,1,Europe,geography,hard,0
Europe|geography|Konavle,¿Qué tipo de lugar es Konavle?,1,1,Europe,geography,easy,0
Europe|geography|Konavle,¿Cuál es la población total de Konavle según el censo de 2001?,1,1,Europe,geography,medium,0
Europe|geography|Konavle,¿Qué relación tiene Konavle con el suministro de agua y cómo se relaciona esto con su nombre?,1,1,Europe,geography,hard,0
Europe|geography|Ist (isla),¿Qué tipo de lugar es Ist?,2,2,Europe,geography,easy,0
Europe|geography|Ist (isla),¿Cuál es la población permanente de la isla Ist?,1,1,Europe,geography,medium,0
Europe|geography|Ist (isla),¿Qué ha sido testigo la isla Ist en los últimos 50 años y qué está haciendo el Gobierno de Croacia al respecto?,4,4,Europe,geography,hard,0
Europe|geography|Laguna de Bertiandos y San Pedro de Arco,¿Qué tipo de lugar es la Laguna de Bertiandos y San Pedro de Arco?,1,1,Europe,geography,easy,0
Europe|geography|Laguna de Bertiandos y San Pedro de Arco,¿Cuántas hectáreas tiene la Laguna de Bertiandos y San Pedro de Arco?,1,1,Europe,geography,medium,0
Europe|geography|Laguna de Bertiandos y San Pedro de Arco,¿En qué red está incluida la Laguna de Bertiandos y San Pedro de Arco y qué símbolo adoptó para su protección?,2,2,Europe,geography,hard,0
Europe|geography|Ilíberis,¿Qué tipo de lugar fue Ilíberis?,2,2,Europe,geography,easy,0
Europe|geography|Ilíberis,¿Dónde estaba situada Ilíberis?,1,1,Europe,geography,medium,0
Europe|geography|Ilíberis,¿Qué estatuto obtuvo Ilíberis de César y cómo fue citada en las fuentes romanas?,4,4,Europe,geography,hard,0
Europe|geography|Lamium hybridum,¿Qué tipo de planta es Lamium hybridum?,2,2,Europe,geography,easy,0
Europe|geography|Lamium hybridum,¿Dónde se encuentra Lamium hybridum?,1,1,Europe,geography,medium,0
Europe|geography|Lamium hybridum,¿En qué se diferencia Lamium hybridum de Lamium amplexicaule?,3,3,Europe,geography,hard,0
Europe|geography|Laugavegur (Reikiavik),¿Qué es Laugavegur en Reikiavik?,1,1,Europe,geography,easy,0
Europe|geography|Laugavegur (Reikiavik),¿En qué año fue construida Laugavegur?,1,1,Europe,geography,medium,0
Europe|geography|Laugavegur (Reikiavik),¿Qué significa el nombre Laugavegur y a qué lugar solía conducir?,2,2,Europe,geography,hard,0
Europe|geography|Estrechos de Moyle,¿Qué es el estrecho de Moyle?,2,2,Europe,geography,easy,0
Europe|geography|Estrechos de Moyle,¿Cuánto mide el canal del Norte en los estrechos de Moyle?,2,2,Europe,geography,medium,0
Europe|geography|Estrechos de Moyle,¿Por qué son famosos los estrechos de Moyle en la mitología celta irlandesa?,2,2,Europe,geography,hard,0
Europe|geography|Maestrazgo,¿Qué es el Maestrazgo?,1,1,Europe,geography,easy,0
Europe|geography|Maestrazgo,¿Dónde se extiende el Maestrazgo?,2,1,Europe,geography,medium,0
Europe|geography|Maestrazgo,¿Qué importancia histórica tuvo el Maestrazgo durante la primera guerra carlista?,2,2,Europe,geography,hard,0
Europe|geography|Le Coudray-Montceaux,¿Qué tipo de lugar es Le Coudray-Montceaux?,2,1,Europe,geography,easy,0
Europe|geography|Le Coudray-Montceaux,¿En qué región se ubica Le Coudray-Montceaux?,1,1,Europe,geography,medium,0
Europe|geography|Le Coudray-Montceaux,¿En qué departamento y distrito se encuentra Le Coudray-Montceaux?,2,1,Europe,geography,hard,0
Europe|geography|Mediodía francés,¿Qué territorio designa el Mediodía francés?,1,1,Europe,geography,easy,0
Europe|geography|Mediodía francés,¿Desde qué ciudad comienza generalmente el Mediodía francés?,1,1,Europe,geography,medium,0
Europe|geography|Mediodía francés,¿Cuáles son las dos partes principales que se consideran dentro del Mediodía francés?,2,1,Europe,geography,hard,0
Europe|geography|Monasterio de San Juan (San Juan de Ortega),¿Qué tipo de lugar es el Monasterio de San Juan de Ortega?,1,1,Europe,geography,easy,0
Europe|geography|Monasterio de San Juan (San Juan de Ortega),¿Dónde se encuentra el Monasterio de San Juan de Ortega?,1,1,Europe,geography,medium,0
Europe|geography|Monasterio de San Juan (San Juan de Ortega),¿Quién tomó bajo su protección el Monasterio de San Juan de Ortega y qué tipo de monjes lo habitaron después de su deterioro en 1431?,2,2,Europe,geography,hard,0
Europe|geography|Monte Sacro,¿Qué tipo de lugar es el monte Sacro?,1,1,Europe,geography,easy,0
Europe|geography|Monte Sacro,¿Dónde se levanta el monte Sacro?,1,1,Europe,geography,medium,0
Europe|geography|Monte Sacro,¿Qué evento histórico importante ocurrió en el monte Sacro y quién lo llevó a cabo?,2,2,Europe,geography,hard,0
Europe|geography|Minas de Serón,¿Qué tipo de explotaciones eran las Minas de Serón?,2,2,Europe,geography,easy,0
Europe|geography|Minas de Serón,¿En qué año comenzó la extracción de mineral de hierro en las Minas de Serón?,1,1,Europe,geography,medium,0
Europe|geography|Minas de Serón,¿Qué factores contribuyeron al cierre de la actividad minera en las Minas de Serón en 1968?,4,2,Europe,geography,hard,0
Europe|geography|Minica de los Colores,¿Qué tipo de lugar es la Minica de los Colores?,1,1,Europe,geography,easy,0
Europe|geography|Minica de los Colores,¿En qué término municipal se halla la Minica de los Colores?,1,1,Europe,geography,medium,0
Europe|geography|Minica de los Colores,¿Hasta qué siglo estuvo en uso la Minica de los Colores y para qué se utilizaba principalmente?,2,2,Europe,geography,hard,0
Europe|geography|Monte de Valdelatas,¿Qué tipo de área es el Monte de Valdelatas?,1,1,Europe,geography,easy,0
Europe|geography|Monte de Valdelatas,¿Cuál es la altitud media del Monte de Valdelatas?,1,1,Europe,geography,medium,0
Europe|geography|Monte de Valdelatas,¿Qué relación tiene el Monte de Valdelatas con el Parque Regional de la Cuenca Alta del Manzanares?,1,1,Europe,geography,hard,0
Europe|geography|Las Cabañas de Castilla,¿Qué tipo de lugar es Las Cabañas de Castilla?,2,2,Europe,geography,easy,0
Europe|geography|Las Cabañas de Castilla,¿A qué provincia pertenece Las Cabañas de Castilla?,1,1,Europe,geography,medium,0
Europe|geography|Las Cabañas de Castilla,¿En qué año se modificó el nombre de Las Cabañas a Las Cabañas de Castilla?,2,2,Europe,geography,hard,0
Europe|geography|Meseta central siberiana,¿Qué tipo de lugar es la meseta central siberiana?,2,2,Europe,geography,easy,0
Europe|geography|Meseta central siberiana,¿Cuál es la altitud que oscila en la meseta central siberiana?,1,1,Europe,geography,medium,0
Europe|geography|Meseta central siberiana,¿Qué ríos delimitan la ubicación de la meseta central siberiana?,2,1,Europe,geography,hard,0
Europe|geography|Mačvanska Mitrovica,¿Qué tipo de lugar es Mačvanska Mitrovica?,3,2,Europe,geography,easy,0
Europe|geography|Mačvanska Mitrovica,¿En qué distrito se encuentra Mačvanska Mitrovica?,1,1,Europe,geography,medium,0
Europe|geography|Mačvanska Mitrovica,¿Qué significa el nombre Mačvanska Mitrovica en lengua serbia y qué población conecta mediante puentes?,2,2,Europe,geography,hard,0
Europe|geography|Nørrebro (Copenhague),¿Qué tipo de lugar es Nørrebro?,1,1,Europe,geography,easy,0
Europe|geography|Nørrebro (Copenhague),¿Dónde se encuentra ubicado Nørrebro en relación al centro de Copenhague?,1,1,Europe,geography,medium,0
Europe|geography|Nørrebro (Copenhague),"¿Qué importancia cultural tiene Nørrebro en Copenhague y qué tipo de ambiente se puede encontrar en su calle principal, Nørrebrogade?",3,3,Europe,geography,hard,0
Europe|geography|Parque natural del Prado de Cabanes-Torreblanca,¿Qué tipo de lugar es el Parque Natural del Prado de Cabanes-Torreblanca?,1,1,Europe,geography,easy,0
Europe|geography|Parque natural del Prado de Cabanes-Torreblanca,¿En qué provincia se encuentra ubicado el Parque Natural del Prado de Cabanes-Torreblanca?,1,1,Europe,geography,medium,0
Europe|geography|Parque natural del Prado de Cabanes-Torreblanca,¿Qué características geográficas limitan al Parque Natural del Prado de Cabanes-Torreblanca?,2,1,Europe,geography,hard,0
Europe|geography|Particularismo,¿Qué es el particularismo?,1,1,Europe,geography,easy,0
Europe|geography|Particularismo,¿A qué historia se aplica el particularismo?,1,1,Europe,geography,medium,0
Europe|geography|Particularismo,¿Qué hechos históricos en la historia de España se interpretan a través del particularismo?,2,2,Europe,geography,hard,0
Europe|geography|Peralejos de las Truchas,¿Qué tipo de lugar es Peralejos de las Truchas?,4,2,Europe,geography,easy,0
Europe|geography|Peralejos de las Truchas,¿En qué comunidad autónoma se encuentra Peralejos de las Truchas?,1,1,Europe,geography,medium,0
Europe|geography|Peralejos de las Truchas,¿Cuál es la relación histórica de Peralejos de las Truchas con el Señorío de Molina?,1,1,Europe,geography,hard,0
Europe|geography|Parque nacional Sør-Spitsbergen,¿En qué año se abrió el parque nacional Sør-Spitsbergen?,1,1,Europe,geography,easy,0
Europe|geography|Parque nacional Sør-Spitsbergen,¿Qué porcentaje de la región del parque nacional Sør-Spitsbergen está cubierta con glaciares o hielo y nieve permanente?,1,1,Europe,geography,medium,0
Europe|geography|Parque nacional Sør-Spitsbergen,¿Qué características geográficas se distinguen en el parque nacional Sør-Spitsbergen y qué tipo de fauna se encuentra en el fiordo de Hornsund?,2,2,Europe,geography,hard,0
Europe|geography|Puerta de Plastunka,¿Qué tipo de lugar es la Puerta de Plastunka?,1,1,Europe,geography,easy,0
Europe|geography|Puerta de Plastunka,¿Dónde se ubica la Puerta de Plastunka?,1,1,Europe,geography,medium,0
Europe|geography|Puerta de Plastunka,¿Qué evento histórico significativo tuvo lugar en la Puerta de Plastunka durante la Guerra civil rusa?,1,1,Europe,geography,hard,0
Europe|geography|Nacionalidad histórica,"¿Qué término se utiliza en la política española para designar a comunidades autónomas con una identidad colectiva, lingüística o cultural diferenciada?",2,2,Europe,geography,easy,0
Europe|geography|Nacionalidad histórica,¿Cuáles son algunas de las comunidades autónomas que se consideran nacionalidades históricas en España?,8,1,Europe,geography,medium,0
Europe|geography|Nacionalidad histórica,¿Qué diferencia existe entre las comunidades autónomas con nacionalidad histórica y las que se consideran comunidades con nacionalidad histórica en relación a su proceso de autonomía según la Constitución Española de 1978?,1,1,Europe,geography,hard,0
Europe|geography|Regiones de Noruega,¿Cuántas regiones de Noruega existen?,1,1,Europe,geography,easy,0
Europe|geography|Regiones de Noruega,¿Qué tipo de carácter tienen las regiones de Noruega?,1,1,Europe,geography,medium,0
Europe|geography|Regiones de Noruega,¿En qué se basan los límites entre las regiones de Noruega?,1,1,Europe,geography,hard,0
Europe|geography|Pradera boreal de las islas Feroe,¿Qué tipo de ecorregión es la pradera boreal de las islas Feroe?,1,1,Europe,geography,easy,0
Europe|geography|Pradera boreal de las islas Feroe,¿Cuál es la extensión de la pradera boreal de las islas Feroe?,1,1,Europe,geography,medium,0
Europe|geography|Pradera boreal de las islas Feroe,¿Qué características geográficas y de conservación tiene la pradera boreal de las islas Feroe?,2,2,Europe,geography,hard,0
Europe|geography|Parque ornitológico de Teich,¿Qué tipo de lugar es el Parque ornitológico de Teich?,2,2,Europe,geography,easy,0
Europe|geography|Parque ornitológico de Teich,¿Dónde se encuentra situado el Parque ornitológico de Teich?,2,1,Europe,geography,medium,0
Europe|geography|Parque ornitológico de Teich,¿Cuántas especies son frecuentadas por el Parque ornitológico de Teich y cuántas de ellas anidan in situ?,2,2,Europe,geography,hard,0
Europe|geography|Reserva natural marina de Cerbère-Banyuls,¿Qué tipo de lugar es la reserva natural marina de Cerbère-Banyuls?,1,1,Europe,geography,easy,0
Europe|geography|Reserva natural marina de Cerbère-Banyuls,¿En qué año fue creada la reserva natural marina de Cerbère-Banyuls?,1,1,Europe,geography,medium,0
Europe|geography|Reserva natural marina de Cerbère-Banyuls,¿Qué importancia tiene la reserva natural marina de Cerbère-Banyuls en términos de biodiversidad y hábitats mediterráneos?,1,1,Europe,geography,hard,0
Europe|geography|Provincia de Zara,¿Qué tipo de lugar fue la provincia de Zara?,3,3,Europe,geography,easy,0
Europe|geography|Provincia de Zara,¿Cuántas comunas tenía la provincia de Zara?,2,2,Europe,geography,medium,0
Europe|geography|Provincia de Zara,¿Qué cambios territoriales experimentó la provincia de Zara entre 1941 y 1943 y cuál fue su población en ese momento?,3,3,Europe,geography,hard,0
Europe|geography|Raiones y municipios nacionales,¿Qué son los raiones y municipios nacionales?,4,3,Europe,geography,easy,0
Europe|geography|Raiones y municipios nacionales,¿Cuántas regiones de estatus nacional existían en Rusia en 2011?,2,2,Europe,geography,medium,0
Europe|geography|Raiones y municipios nacionales,¿Qué tipos de asentamientos incluyen los raiones y municipios nacionales en la República de Sajá?,2,1,Europe,geography,hard,0
Europe|geography|Provincia marítima de Villagarcía,¿Qué tipo de lugar es la provincia marítima de Villagarcía?,2,2,Europe,geography,easy,0
Europe|geography|Provincia marítima de Villagarcía,¿Cuáles son los puertos más importantes de la provincia marítima de Villagarcía?,2,1,Europe,geography,medium,0
Europe|geography|Provincia marítima de Villagarcía,¿Con qué provincias marítimas limita la provincia marítima de Villagarcía y cuáles son sus distritos marítimos?,7,3,Europe,geography,hard,0
Europe|geography|Parque natural regional de los Pirineos de Ariège,¿Qué tipo de lugar es el Parque natural regional de los Pirineos de Ariège?,1,1,Europe,geography,easy,0
Europe|geography|Parque natural regional de los Pirineos de Ariège,¿En qué departamento se encuentra el Parque natural regional de los Pirineos de Ariège?,1,1,Europe,geography,medium,0
Europe|geography|Parque natural regional de los Pirineos de Ariège,¿Qué porcentaje del departamento de Ariège ocupa el Parque natural regional de los Pirineos de Ariège y qué punto es el más alto dentro de él?,2,2,Europe,geography,hard,0
Europe|geography|Río Almá (Crimea),¿Qué tipo de lugar es el río Almá?,2,2,Europe,geography,easy,0
Europe|geography|Río Almá (Crimea),¿Dónde desemboca el río Almá?,1,1,Europe,geography,medium,0
Europe|geography|Río Almá (Crimea),¿Qué evento histórico tuvo lugar cerca del río Almá el 20 de septiembre de 1854 y quiénes fueron los defensores?,4,4,Europe,geography,hard,0
Europe|geography|Río Lagan (Suecia),¿Qué tipo de lugar es el río Lagan?,1,1,Europe,geography,easy,0
Europe|geography|Río Lagan (Suecia),¿En qué costa desemboca el río Lagan?,1,1,Europe,geography,medium,1
Europe|geography|Río Lagan (Suecia),¿Qué ciudades importantes atraviesa el río Lagan en Suecia?,3,1,Europe,geography,hard,0
Europe|geography|Ruta alemana del vino,¿Qué es la ruta alemana del vino?,1,1,Europe,geography,easy,0
Europe|geography|Ruta alemana del vino,¿En qué región se ubica la ruta alemana del vino?,1,1,Europe,geography,medium,0
Europe|geography|Ruta alemana del vino,¿Qué festivales del vino se celebran a lo largo de la ruta alemana del vino y qué características tienen?,2,2,Europe,geography,hard,0
Europe|geography|Santa Lucía de la Sierra,¿Qué tipo de lugar es Santa Lucía de la Sierra?,3,2,Europe,geography,easy,0
Europe|geography|Santa Lucía de la Sierra,¿A qué provincia pertenece Santa Lucía de la Sierra?,1,1,Europe,geography,medium,0
Europe|geography|Santa Lucía de la Sierra,¿En qué año fue modificado el nombre del municipio de Santa Lucía a Santa Lucía de la Sierra?,2,2,Europe,geography,hard,0
Europe|geography|Stożek Wielki,¿Qué tipo de lugar es Stożek Wielki?,2,2,Europe,geography,easy,0
Europe|geography|Stożek Wielki,¿Cuál es la altura de Stożek Wielki?,1,1,Europe,geography,medium,0
Europe|geography|Stożek Wielki,¿Qué tipo de vegetación crece en las laderas de Stożek Wielki y desde cuándo existe un refugio turístico en la montaña?,2,2,Europe,geography,hard,0
Europe|geography|Trebula Mutuesca,¿Qué tipo de lugar fue Trebula Mutuesca?,1,1,Europe,geography,easy,0
Europe|geography|Trebula Mutuesca,¿En qué provincia se hallaba Trebula Mutuesca?,1,1,Europe,geography,medium,0
Europe|geography|Trebula Mutuesca,¿Qué importancia tuvo Lucio Mumio en la historia de Trebula Mutuesca?,1,1,Europe,geography,hard,0
Europe|geography|Sumidero del Danubio,¿Qué tipo de lugar es el sumidero del Danubio?,1,1,Europe,geography,easy,0
Europe|geography|Sumidero del Danubio,¿Dónde se encuentra el sumidero del Danubio?,1,1,Europe,geography,medium,0
Europe|geography|Sumidero del Danubio,¿Cuál es la altitud del sumidero del Danubio y cuántos días al año desaparece bajo tierra?,2,2,Europe,geography,hard,0
Europe|geography|Stara Gradiška,¿Qué tipo de lugar es Stara Gradiška?,3,3,Europe,geography,easy,0
Europe|geography|Stara Gradiška,¿Dónde se encuentra ubicada Stara Gradiška?,1,1,Europe,geography,medium,0
Europe|geography|Stara Gradiška,¿Qué características tenía Stara Gradiška en 1655 en términos de población y religión?,3,1,Europe,geography,hard,0
Europe|geography|Támega (subregión),¿Qué tipo de lugar es Támega?,1,1,Europe,geography,easy,0
Europe|geography|Támega (subregión),¿Cuántos concelhos comprende la subregión de Támega?,1,1,Europe,geography,medium,0
Europe|geography|Támega (subregión),¿Con qué regiones limita Támega al norte y al este?,3,2,Europe,geography,hard,1
Europe|geography|Sierra de Rates,¿Qué tipo de lugar es la Sierra de Rates?,1,1,Europe,geography,easy,0
Europe|geography|Sierra de Rates,¿Cuál es el principal monte de la Sierra de Rates?,1,1,Europe,geography,medium,0
Europe|geography|Sierra de Rates,¿Qué características diferencian las dos áreas que la Sierra de Rates divide en el concelho de Póvoa de Varzim?,4,4,Europe,geography,hard,0
Europe|geography|Tkon,¿Qué tipo de lugar es Tkon?,3,2,Europe,geography,easy,0
Europe|geography|Tkon,¿A qué altitud se encuentra Tkon?,1,1,Europe,geography,medium,0
Europe|geography|Tkon,¿Cuál fue el total de población de Tkon en el censo de 2011 y qué tipo de lugar es?,4,3,Europe,geography,hard,0
Europe|geography|Río Ussuri,¿Qué tipo de lugar es el río Ussuri?,1,1,Europe,geography,easy,0
Europe|geography|Río Ussuri,¿Cuál es la longitud del río Ussuri?,1,1,Europe,geography,medium,0
Europe|geography|Río Ussuri,¿Qué importancia histórica tuvo el río Ussuri en 1969?,1,1,Europe,geography,hard,0
Europe|geography|Utö,¿Qué tipo de lugar es Utö?,2,2,Europe,geography,easy,1
Europe|geography|Utö,¿A qué municipio pertenece la isla de Utö?,1,1,Europe,geography,medium,0
Europe|geography|Utö,¿Por qué es conocida la isla de Utö en relación con el accidente de M/S Estonia?,1,1,Europe,geography,hard,0
Europe|geography|Tučenik,¿Qué tipo de lugar es Tučenik?,2,2,Europe,geography,easy,0
Europe|geography|Tučenik,¿En qué municipio se encuentra Tučenik?,1,1,Europe,geography,medium,0
Europe|geography|Tučenik,¿Cuál es la altitud a la que se encuentra Tučenik y cuántos habitantes tenía según el censo de 2011?,2,2,Europe,geography,hard,0
Europe|geography|Valles Valdenses,¿Qué es los Valles Valdenses?,1,1,Europe,geography,easy,0
Europe|geography|Valles Valdenses,¿Dónde se ubican los Valles Valdenses?,1,1,Europe,geography,medium,0
Europe|geography|Valles Valdenses,¿Qué eventos históricos significativos han ocurrido en los Valles Valdenses relacionados con la población valdense?,3,1,Europe,geography,hard,1
Europe|object|Air Tahiti,¿Qué es Air Tahiti?,1,1,Europe,object,easy,0
Europe|object|Air Tahiti,¿Dónde se encuentra la sede de Air Tahiti?,1,1,Europe,object,medium,0
Europe|object|Air Tahiti,¿Quiénes fundaron Air Tahiti y en qué año fue establecida?,3,2,Europe,object,hard,0
Europe|object|Air Inter,¿Qué es Air Inter?,1,1,Europe,object,easy,0
Europe|object|Air Inter,¿En qué año se constituyó Air Inter?,1,1,Europe,object,medium,0
Europe|object|Air Inter,¿Qué ocurrió con Air Inter el 1 de abril de 1997?,2,2,Europe,object,hard,1
Europe|object|AlmuzaraLibros,¿Qué es AlmuzaraLibros?,1,1,Europe,object,easy,0
Europe|object|AlmuzaraLibros,¿En qué ciudad se creó oficialmente AlmuzaraLibros?,1,1,Europe,object,medium,0
Europe|object|AlmuzaraLibros,¿Quién creó AlmuzaraLibros y en qué año fue fundada?,2,2,Europe,object,hard,0
Europe|object|Acciona Rail Services,¿Qué es Acciona Rail Services?,3,3,Europe,object,easy,0
Europe|object|Acciona Rail Services,¿Cuándo obtuvo Acciona Rail Services la Licencia de Empresa Ferroviaria para el transporte de mercancías?,1,1,Europe,object,medium,0
Europe|object|Acciona Rail Services,¿Qué servicio cubrió Acciona Rail Services al convertirse en la primera operadora de ferrocarril en romper el monopolio de Renfe en el transporte de mercancías?,2,2,Europe,object,hard,1
Europe|object|Amadeus IT Group,¿Qué es Amadeus IT Group?,1,1,Europe,object,easy,0
Europe|object|Amadeus IT Group,¿En qué año fue fundada Amadeus IT Group?,1,1,Europe,object,medium,0
Europe|object|Amadeus IT Group,¿Qué porcentaje del mercado mundial de soluciones tecnológicas para la industria del viaje ostentaba Amadeus IT Group en 2015 y en cuántos países opera?,2,2,Europe,object,hard,0
Europe|object|AWAL,¿Qué es AWAL?,3,2,Europe,object,easy,0
Europe|object|AWAL,¿Qué servicio principal ofrece AWAL?,1,1,Europe,object,medium,0
Europe|object|AWAL,¿Qué modelo de negocio sigue AWAL en comparación con un sello discográfico tradicional?,2,1,Europe,object,hard,0
Europe|object|Astilleros Euskalduna,¿En qué año fue fundada la Compañía Euskalduna de Construcción y Reparación de Buques?,1,1,Europe,object,easy,0
Europe|object|Astilleros Euskalduna,¿Qué tipo de construcción naval se dedicó principalmente Astilleros Euskalduna?,1,1,Europe,object,medium,0
Europe|object|Astilleros Euskalduna,¿Qué ocurrió con Astilleros Euskalduna en 1988 y qué impacto tuvo en la zona donde se ubicaba?,2,2,Europe,object,hard,0
Europe|object|AIDA Cruises,¿Qué es AIDA Cruises?,3,3,Europe,object,easy,0
Europe|object|AIDA Cruises,¿En qué década entró AIDA Cruises en la industria de los cruceros?,1,1,Europe,object,medium,0
Europe|object|AIDA Cruises,¿Qué barco de AIDA Cruises partió de Hamburgo en octubre de 2017 y regresó el 10 de febrero de 2018?,3,3,Europe,object,hard,0
Europe|object|Ara llibres,¿Qué es Ara Llibres?,1,1,Europe,object,easy,0
Europe|object|Ara llibres,¿En qué año nació Ara Llibres?,1,1,Europe,object,medium,0
Europe|object|Ara llibres,¿Qué derechos adquirió Ara Llibres en 2011 y qué relación tiene esto con su compromiso social?,2,2,Europe,object,hard,0
Europe|geography|Sucro (oppidum),¿Qué es Sucro (oppidum)?,1,1,Europe,geography,easy,0
Europe|geography|Sucro (oppidum),¿Dónde quedó localizado Sucro (oppidum) en relación al recorrido de Publio Cornelio Escipión?,1,1,Europe,geography,medium,0
Europe|geography|Sucro (oppidum),¿Cuál fue la causa del motín en Sucro (oppidum) y quiénes se amotinaron contra Publio Cornelio Escipión?,3,2,Europe,geography,hard,0
Europe|object|Big Finish Productions,¿Qué es Big Finish Productions?,1,1,Europe,object,easy,0
Europe|object|Big Finish Productions,¿Qué tipo de producciones realiza Big Finish Productions?,2,1,Europe,object,medium,0
Europe|object|Big Finish Productions,¿Qué franquicia es especialmente conocida por Big Finish Productions y qué licencia obtuvo para producir obras oficiales?,2,2,Europe,object,hard,0
Europe|object|Central Uruguay Railway Company,¿Qué es la Central Uruguay Railway Company?,1,1,Europe,object,easy,0
Europe|object|Central Uruguay Railway Company,¿En qué año fue fundada la Central Uruguay Railway Company?,1,1,Europe,object,medium,0
Europe|object|Central Uruguay Railway Company,¿Qué ocurrió con la Central Uruguay Railway Company en 1949 y qué implicaciones tuvo para el servicio ferroviario en Uruguay?,2,2,Europe,object,hard,0
Europe|object|Bread Ahead,¿Qué es Bread Ahead?,2,2,Europe,object,easy,0
Europe|object|Bread Ahead,¿Cuántas tiendas tiene Bread Ahead en Londres?,2,2,Europe,object,medium,0
Europe|object|Bread Ahead,¿En qué año se fundó Bread Ahead y quién fue su fundador?,2,2,Europe,object,hard,0
Europe|object|Coordinadora de Mitjans,¿Qué es la Coordinadora de Mitjans?,1,1,Europe,object,easy,0
Europe|object|Coordinadora de Mitjans,¿En qué año se constituyó la Coordinadora de Mitjans?,1,1,Europe,object,medium,0
Europe|object|Coordinadora de Mitjans,¿Cuáles son dos de los medios que forman parte de la Coordinadora de Mitjans?,2,1,Europe,object,hard,0
"Europe|object|Christian Dior, S. A.","¿Quién fundó Christian Dior, S.A.?",1,1,Europe,object,easy,0
"Europe|object|Christian Dior, S. A.","¿Dónde se encuentra la sede de Christian Dior, S.A.?",1,1,Europe,object,medium,0
"Europe|object|Christian Dior, S. A.","¿Qué medidas tomó Christian Dior, S.A. en respuesta a la invasión de Rusia a Ucrania en 2022?",2,1,Europe,object,hard,0
Europe|object|Compañía Británica de Sudáfrica,¿Qué es la Compañía Británica de Sudáfrica?,2,2,Europe,object,easy,0
Europe|object|Compañía Británica de Sudáfrica,¿En qué año se hizo efectiva la Carta Real de la Compañía Británica de Sudáfrica?,1,1,Europe,object,medium,0
Europe|object|Compañía Británica de Sudáfrica,¿Qué relación tuvo la Compañía Británica de Sudáfrica con la Asociación Central de Búsqueda en términos de concesiones mineras?,2,2,Europe,object,hard,0
Europe|object|Criterion Games,¿Qué es Criterion Games?,2,2,Europe,object,easy,0
Europe|object|Criterion Games,¿Qué videojuego lanzó Criterion Games en 2010?,2,2,Europe,object,medium,0
Europe|object|Criterion Games,¿Qué relación tiene Need for Speed: Hot Pursuit con Need for Speed III: Hot Pursuit?,1,1,Europe,object,hard,0
Europe|object|Bricoman,¿Qué es Bricoman?,3,3,Europe,object,easy,0
Europe|object|Bricoman,¿Cuántas tiendas tiene Bricoman en España?,2,2,Europe,object,medium,0
Europe|object|Bricoman,¿Qué nombre operó Bricoman en España antes de cambiar a Obramat en noviembre de 2022?,3,3,Europe,object,hard,0
Europe|object|DAF (banda),¿Qué es DAF?,1,1,Europe,object,easy,0
Europe|object|DAF (banda),¿Quiénes fueron los fundadores de DAF?,2,1,Europe,object,medium,0
Europe|object|DAF (banda),¿Qué estilos musicales ha practicado DAF a lo largo de su carrera y en qué géneros ha influido?,3,2,Europe,object,hard,0
Europe|object|Darwin Airline,¿Cuándo se fundó Darwin Airline?,1,1,Europe,object,easy,0
Europe|object|Darwin Airline,¿Qué nombre utilizó Darwin Airline tras la compra por parte de Etihad Airways?,2,2,Europe,object,medium,0
Europe|object|Darwin Airline,¿Qué ocurrió con Darwin Airline después de ser comprada por el holding propietario de Adria Airways en julio de 2017?,4,4,Europe,object,hard,0
Europe|object|Debenhams,¿Qué tipo de entidad era Debenhams?,1,1,Europe,object,easy,0
Europe|object|Debenhams,¿Cuántas tiendas tenía Debenhams?,1,1,Europe,object,medium,0
Europe|object|Debenhams,¿En qué año se declaró en bancarrota Debenhams y cuántos empleados anunció que despediría?,2,2,Europe,object,hard,0
Europe|object|Dennis Publishing,¿Qué es Dennis Publishing?,1,1,Europe,object,easy,0
Europe|object|Dennis Publishing,¿En qué año fue fundada Dennis Publishing?,1,1,Europe,object,medium,0
Europe|object|Dennis Publishing,¿Qué revistas de estilo de vida publicó Dennis Publishing en el mercado estadounidense durante la década de 1990?,3,1,Europe,object,hard,0
Europe|object|DOVO Solingen,¿Qué tipo de objeto es DOVO Solingen?,1,1,Europe,object,easy,0
Europe|object|DOVO Solingen,¿En qué año fue fundada DOVO Solingen?,1,1,Europe,object,medium,0
Europe|object|DOVO Solingen,¿Qué porcentaje de los productos de DOVO Solingen se exporta a otros países y qué tipo de productos fabrica?,8,3,Europe,object,hard,0
Europe|object|CTT (Portugal),¿Qué es CTT?,2,2,Europe,object,easy,0
Europe|object|CTT (Portugal),¿En qué año fue fundada CTT?,1,1,Europe,object,medium,0
Europe|object|CTT (Portugal),¿Qué transformación experimentó CTT en 1969 y qué servicios asumía en ese momento?,4,2,Europe,object,hard,0
Europe|object|Deutsche Post,¿Qué es Deutsche Post?,1,1,Europe,object,easy,0
Europe|object|Deutsche Post,¿En qué año fue fundada Deutsche Post?,1,1,Europe,object,medium,0
Europe|object|Deutsche Post,¿Qué porcentaje de acciones de DHL compró Deutsche Post en 1998 y cuándo adquirió el 49% restante?,4,4,Europe,object,hard,0
Europe|object|Disney's Pinocchio (videojuego),¿En qué año se lanzó Disney's Pinocchio (videojuego)?,1,1,Europe,object,easy,0
Europe|object|Disney's Pinocchio (videojuego),¿Para qué plataformas fue lanzado Disney's Pinocchio (videojuego)?,3,1,Europe,object,medium,0
Europe|object|Disney's Pinocchio (videojuego),¿Qué historia utiliza Disney's Pinocchio (videojuego) para transmitir su narrativa entre niveles?,1,1,Europe,object,hard,0
Europe|object|Dro-Soft,¿Qué fue Dro-Soft?,4,3,Europe,object,easy,0
Europe|object|Dro-Soft,¿En qué año se inició Dro-Soft?,1,1,Europe,object,medium,0
Europe|object|Dro-Soft,¿Qué compañía adquirió Dro-Soft y para qué propósito?,2,2,Europe,object,hard,0
Europe|object|Deconstructeam,¿Qué es Deconstructeam?,4,4,Europe,object,easy,0
Europe|object|Deconstructeam,¿En qué año fue fundada Deconstructeam?,1,1,Europe,object,medium,0
Europe|object|Deconstructeam,¿Qué videojuegos desarrolló Deconstructeam y qué empresa los publicó?,4,2,Europe,object,hard,2
Europe|object|Editorial Esencia,¿Qué es la Editorial Esencia?,2,2,Europe,object,easy,0
Europe|object|Editorial Esencia,¿Quién dirige actualmente la Editorial Esencia?,1,1,Europe,object,medium,0
Europe|object|Editorial Esencia,¿En qué año fue creada la Editorial Esencia y qué tipo de literatura publica principalmente?,2,2,Europe,object,hard,0
Europe|object|Ebel,¿Qué es Ebel?,1,1,Europe,object,easy,0
Europe|object|Ebel,¿En qué año se fundó Ebel?,1,1,Europe,object,medium,0
Europe|object|Ebel,¿Quiénes fundaron Ebel y qué relación tienen con el nombre de la marca?,3,2,Europe,object,hard,0
Europe|object|Editorial Cruïlla,¿Qué es Editorial Cruïlla?,1,1,Europe,object,easy,1
Europe|object|Editorial Cruïlla,¿En qué año fue fundada Editorial Cruïlla?,1,1,Europe,object,medium,0
Europe|object|Editorial Cruïlla,¿Cuáles son las dos colecciones más destacadas de Editorial Cruïlla y qué premios literarios están asociadas a ellas?,4,2,Europe,object,hard,0
Europe|object|Edificio Shell Mex,¿Qué estilo arquitectónico tiene el Edificio Shell Mex?,2,2,Europe,object,easy,0
Europe|object|Edificio Shell Mex,¿En qué año se completó la construcción del Edificio Shell Mex?,1,1,Europe,object,medium,0
Europe|object|Edificio Shell Mex,¿Qué empresas albergó el Edificio Shell Mex al inaugurarse y qué material se utilizó para cubrir su fachada?,4,2,Europe,object,hard,0
Europe|object|Far Cry 3,¿Qué tipo de videojuego es Far Cry 3?,2,1,Europe,object,easy,0
Europe|object|Far Cry 3,¿Quién es el protagonista de Far Cry 3?,1,1,Europe,object,medium,0
Europe|object|Far Cry 3,¿En qué fecha fue lanzado oficialmente Far Cry 3 y quién lo creó?,2,2,Europe,object,hard,1
Europe|object|Far Cry 6,¿Qué tipo de videojuego es Far Cry 6?,1,1,Europe,object,easy,0
Europe|object|Far Cry 6,¿Quién desarrolló Far Cry 6?,1,1,Europe,object,medium,0
Europe|object|Far Cry 6,¿En qué año fue lanzado Far Cry 6 y qué país inspiró su ambientación?,2,2,Europe,object,hard,0
Europe|object|Ferrocarril del Oeste de Cornualles,¿Qué es el Ferrocarril del Oeste de Cornualles?,1,1,Europe,object,easy,0
Europe|object|Ferrocarril del Oeste de Cornualles,¿En qué año se formó el Ferrocarril del Oeste de Cornualles?,1,1,Europe,object,medium,0
Europe|object|Ferrocarril del Oeste de Cornualles,¿Qué ocurrió con el Ferrocarril del Oeste de Cornualles el 1 de enero de 1866?,2,2,Europe,object,hard,0
Europe|object|Frederic Vidal i Puig,¿Quién fue Frederic Vidal i Puig?,1,1,Europe,object,easy,0
Europe|object|Frederic Vidal i Puig,¿En qué museo se puede ver una obra de Frederic Vidal i Puig?,1,1,Europe,object,medium,0
Europe|object|Frederic Vidal i Puig,"¿Qué técnica inusual utilizó Frederic Vidal i Puig en su taller, y quién fue su padre?",2,2,Europe,object,hard,0
Europe|object|Givenchy,¿Quién fundó la marca Givenchy?,1,1,Europe,object,easy,0
Europe|object|Givenchy,¿En qué año fue lanzada la ropa de hombre de Givenchy?,1,1,Europe,object,medium,0
Europe|object|Givenchy,¿Qué diseñador fue nombrado director artístico de la línea masculina y accesorios de diseño de Givenchy en 2001?,2,2,Europe,object,hard,0
Europe|object|Factory Records,¿Qué es Factory Records?,4,4,Europe,object,easy,0
Europe|object|Factory Records,¿Quién fue el fundador de Factory Records?,1,1,Europe,object,medium,0
Europe|object|Factory Records,¿Qué bandas de Mánchester fueron parte del inicio de Factory Records?,4,2,Europe,object,hard,0
Europe|object|Fresnillo plc,¿Qué tipo de compañía es Fresnillo plc?,2,2,Europe,object,easy,0
Europe|object|Fresnillo plc,¿Cuántas minas de oro y plata tiene Fresnillo plc en México?,1,1,Europe,object,medium,0
Europe|object|Fresnillo plc,¿Qué producción de plata y oro tuvo Fresnillo plc en 2007 y qué subproductos generó?,4,4,Europe,object,hard,0
Europe|object|Grabaciones Accidentales,¿Qué es Grabaciones Accidentales?,1,1,Europe,object,easy,0
Europe|object|Grabaciones Accidentales,¿Quiénes fueron los fundadores de Grabaciones Accidentales?,3,1,Europe,object,medium,0
Europe|object|Grabaciones Accidentales,¿Qué relación tuvo Grabaciones Accidentales con DRO en 1984?,2,2,Europe,object,hard,0
Europe|object|Hispasat,¿Qué es Hispasat?,3,3,Europe,object,easy,0
Europe|object|Hispasat,¿Cuándo fue constituida Hispasat?,1,1,Europe,object,medium,0
Europe|object|Hispasat,¿Qué satélite puso en órbita Hispasat el 11 de septiembre de 1992 y en qué posición geoestacionaria se situó?,3,3,Europe,object,hard,0
Europe|object|Grupo Lagardère,¿Qué es el Grupo Lagardère?,2,2,Europe,object,easy,0
Europe|object|Grupo Lagardère,¿Quién creó el Grupo Lagardère?,2,2,Europe,object,medium,0
Europe|object|Grupo Lagardère,¿Qué porcentaje de EADS poseía el Grupo Lagardère y qué importancia tiene EADS en la industria?,3,3,Europe,object,hard,0
Europe|object|Iberdrola Renovables,¿Qué es Iberdrola Renovables?,3,3,Europe,object,easy,0
Europe|object|Iberdrola Renovables,¿En qué año salió a bolsa Iberdrola Renovables?,1,1,Europe,object,medium,0
Europe|object|Iberdrola Renovables,¿Qué porcentaje del capital social de Iberdrola Renovables era poseído por Iberdrola antes de su fusión en 2011?,2,2,Europe,object,hard,0
Europe|object|Jean-Marc Vacheron,¿Quién fue Jean-Marc Vacheron?,1,1,Europe,object,easy,0
Europe|object|Jean-Marc Vacheron,¿En qué año abrió Jean-Marc Vacheron su tienda de relojes?,1,1,Europe,object,medium,0
Europe|object|Jean-Marc Vacheron,¿Qué relación tenía Jean-Marc Vacheron con Jean-Jacques Rousseau y Voltaire?,2,1,Europe,object,hard,0
Europe|object|Iberia (aerolínea),¿Qué es Iberia?,1,1,Europe,object,easy,0
Europe|object|Iberia (aerolínea),¿En qué año fue fundada Iberia?,1,1,Europe,object,medium,0
Europe|object|Iberia (aerolínea),¿Qué evento importante ocurrió el 22 de septiembre de 1946 relacionado con Iberia?,2,2,Europe,object,hard,0
Europe|object|Glitterhouse Records,¿Qué es Glitterhouse Records?,2,2,Europe,object,easy,0
Europe|object|Glitterhouse Records,¿En qué año fue fundada Glitterhouse Records?,1,1,Europe,object,medium,0
Europe|object|Glitterhouse Records,"¿Quiénes fundaron Glitterhouse Records y qué relación tienen con el fanzine ""Glitterhouse""?",4,2,Europe,object,hard,0
Europe|object|Johnny Kniga,¿Qué es Johnny Kniga?,1,1,Europe,object,easy,0
Europe|object|Johnny Kniga,¿Quién dirige actualmente la compañía Johnny Kniga?,1,1,Europe,object,medium,0
Europe|object|Johnny Kniga,¿Qué libro famoso publicó Johnny Kniga y de qué banda es?,4,4,Europe,object,hard,0
Europe|object|Just Dance 2022,¿Qué es Just Dance 2022?,1,1,Europe,object,easy,0
Europe|object|Just Dance 2022,¿Cuándo se estrenó Just Dance 2022?,1,1,Europe,object,medium,0
Europe|object|Just Dance 2022,¿Qué servicio de streaming ofrece Just Dance 2022 y qué tipo de contenido incluye?,2,2,Europe,object,hard,0
Europe|object|IndyCar Racing,¿Qué es IndyCar Racing?,3,3,Europe,object,easy,0
Europe|object|IndyCar Racing,¿Qué tipo de simulación ofrece IndyCar Racing?,2,2,Europe,object,medium,0
Europe|object|IndyCar Racing,¿Qué premios recibió IndyCar Racing en 1994 y qué lo destacó en el ámbito de los videojuegos?,2,1,Europe,object,hard,0
Europe|object|Kaiserliche Werft Kiel,¿Qué es el Kaiserliche Werft Kiel?,2,2,Europe,object,easy,0
Europe|object|Kaiserliche Werft Kiel,¿En qué año fue clausurado el Kaiserliche Werft Kiel?,1,1,Europe,object,medium,0
Europe|object|Kaiserliche Werft Kiel,¿Cuál fue el nombre original del Kaiserliche Werft Kiel y en qué año cambió su nombre?,2,2,Europe,object,hard,0
Europe|object|Editorial Magisterio Español,¿Qué tipo de entidad fue la Editorial Magisterio Español?,2,2,Europe,object,easy,0
Europe|object|Editorial Magisterio Español,¿En qué fecha fue constituida la Editorial Magisterio Español?,1,1,Europe,object,medium,0
Europe|object|Editorial Magisterio Español,¿Qué ocurrió con la Editorial Magisterio Español el 31 de marzo de 2011 y qué grupo la absorbió?,2,2,Europe,object,hard,0
Europe|object|L'Échappée,¿Qué es L'Échappée?,3,3,Europe,object,easy,0
Europe|object|L'Échappée,¿En qué año fue fundada L'Échappée?,1,1,Europe,object,medium,0
Europe|object|L'Échappée,¿Qué tipo de pensamiento promueve L'Échappée y quiénes la fundaron?,2,2,Europe,object,hard,0
Europe|object|Kartell,¿Qué es Kartell?,3,3,Europe,object,easy,0
Europe|object|Kartell,¿Quiénes fundaron Kartell?,2,1,Europe,object,medium,0
Europe|object|Kartell,¿Cuál fue el primer producto lanzado por Kartell y quién lo diseñó?,2,2,Europe,object,hard,0
Europe|object|Letona (empresa),¿Qué es Letona?,1,1,Europe,object,easy,0
Europe|object|Letona (empresa),¿Quién fundó Letona?,1,1,Europe,object,medium,0
Europe|object|Letona (empresa),¿Qué ocurrió con Letona durante la guerra civil española?,2,2,Europe,object,hard,0
Europe|object|Lola Cars,¿Qué es Lola Cars?,1,1,Europe,object,easy,0
Europe|object|Lola Cars,¿Quién fundó Lola Cars?,1,1,Europe,object,medium,0
Europe|object|Lola Cars,¿En qué año cesó operaciones oficialmente Lola Cars?,1,1,Europe,object,hard,0
Europe|object|La cita,"¿Qué es ""La cita"" en el contexto de la obra de Francisco de Goya?",3,2,Europe,object,easy,0
Europe|object|La cita,"¿Para qué espacio estaba destinado el óleo ""La cita"" de Francisco de Goya?",2,2,Europe,object,medium,0
Europe|object|La cita,"¿Qué técnica y características se aprecian en ""La cita"" de Francisco de Goya, y cómo se relaciona esto con su contexto cultural?",6,5,Europe,object,hard,0
Europe|object|Liberbank,¿Qué es Liberbank?,2,2,Europe,object,easy,0
Europe|object|Liberbank,¿En qué año fue constituido Liberbank?,1,1,Europe,object,medium,0
Europe|object|Liberbank,¿Qué entidad absorbió a Liberbank en 2021?,3,3,Europe,object,hard,0
Europe|object|Lima Corporate,¿Qué tipo de compañía es Lima Corporate?,1,1,Europe,object,easy,0
Europe|object|Lima Corporate,¿En qué año fue fundada Lima Corporate?,1,1,Europe,object,medium,0
Europe|object|Lima Corporate,¿Qué especialización decidió adoptar Lima Corporate en el año 2000 y quién fue su fundador?,3,3,Europe,object,hard,0
Europe|object|Lancashire Watch Company,¿En qué año fue fundada la Lancashire Watch Company?,1,1,Europe,object,easy,0
Europe|object|Lancashire Watch Company,¿Quién fue el fundador de la Lancashire Watch Company?,1,1,Europe,object,medium,0
Europe|object|Lancashire Watch Company,¿Por qué la Lancashire Watch Company tuvo dificultades para competir en el mercado relojero?,1,1,Europe,object,hard,0
Europe|object|Low Cost Rail,¿Qué tipo de operadora es Low Cost Rail?,1,1,Europe,object,easy,0
Europe|object|Low Cost Rail,¿En qué año fue fundada Low Cost Rail?,1,1,Europe,object,medium,0
Europe|object|Low Cost Rail,¿Qué especialización ha tenido Low Cost Rail en el transporte de mercancías y cuáles son algunos de los principales corredores ferroviarios que utiliza?,9,2,Europe,object,hard,0
Europe|object|Línea 232 (Interurbanos Madrid),¿Qué une la línea 232 de la red de autobuses interurbanos de Madrid?,1,1,Europe,object,easy,0
Europe|object|Línea 232 (Interurbanos Madrid),¿Cuánto tiempo tarda aproximadamente la línea 232 en recorrer su trayecto?,1,1,Europe,object,medium,0
Europe|object|Línea 232 (Interurbanos Madrid),¿Qué empresa opera la línea 232 y qué concesión administrativa tiene asignada?,2,2,Europe,object,hard,0
Europe|object|Minas de Sulitjelma,¿Qué tipo de empresa fueron las Minas de Sulitjelma?,2,2,Europe,object,easy,0
Europe|object|Minas de Sulitjelma,¿En qué año se fundó la empresa Sulitelma Aktiebolags Gruber?,1,1,Europe,object,medium,0
Europe|object|Minas de Sulitjelma,¿Qué importancia tuvieron las Minas de Sulitjelma durante la Segunda Guerra Mundial y qué orden se dio respecto a su producción?,2,2,Europe,object,hard,0
Europe|object|Music & Arts,¿Qué es Music & Arts?,1,1,Europe,object,easy,0
Europe|object|Music & Arts,¿En qué año fue fundada Music & Arts?,1,1,Europe,object,medium,0
Europe|object|Music & Arts,¿Qué tipo de música incorporó Music & Arts a su oferta en 1989 y con qué tipo de grabaciones se presentó?,3,3,Europe,object,hard,0
Europe|object|Línea 42A (Movibus),¿Qué une la línea 42A de Movibus?,2,1,Europe,object,easy,0
Europe|object|Línea 42A (Movibus),¿Qué carretera recorre la línea 42A en su trayecto?,1,1,Europe,object,medium,0
Europe|object|Línea 42A (Movibus),¿Qué cambios experimentó la línea 42A en su numeración y gestión a partir de diciembre de 2023?,3,3,Europe,object,hard,0
Europe|object|Línea 44 (Movibus),¿Qué es la Línea 44 (Movibus)?,1,1,Europe,object,easy,0
Europe|object|Línea 44 (Movibus),¿Qué ruta une la Línea 44 (Movibus)?,1,1,Europe,object,medium,0
Europe|object|Línea 44 (Movibus),¿Qué cambios experimentó la Línea 44 (Movibus) en su gestión y numeración desde 2021 hasta 2023?,4,4,Europe,object,hard,0
Europe|object|Nokia Pure,¿Qué es Nokia Pure?,1,1,Europe,object,easy,0
Europe|object|Nokia Pure,¿Para qué fue diseñada principalmente Nokia Pure?,1,1,Europe,object,medium,0
Europe|object|Nokia Pure,¿Qué recaudó fondos destinados a la British Dyslexia Association en la exhibición «The Nokia Pure Exhibition»?,2,2,Europe,object,hard,0
Europe|object|Nokia Morph,¿Qué es el Nokia Morph?,1,1,Europe,object,easy,0
Europe|object|Nokia Morph,¿Quién desarrolló el Nokia Morph?,1,1,Europe,object,medium,0
Europe|object|Nokia Morph,¿Qué características hacen del Nokia Morph un dispositivo revolucionario en comparación con los teléfonos móviles tradicionales?,5,5,Europe,object,hard,0
Europe|object|Opera Rara,¿Qué es Opera Rara?,1,1,Europe,object,easy,0
Europe|object|Opera Rara,¿En qué año fue fundada Opera Rara?,1,1,Europe,object,medium,0
Europe|object|Opera Rara,¿Qué ópera completa editó Opera Rara en 1972 y quién fue la soprano que actuó en ella?,4,4,Europe,object,hard,0
Europe|object|Planet Mu,¿Qué es Planet Mu?,1,1,Europe,object,easy,0
Europe|object|Planet Mu,¿Quién creó y gestiona Planet Mu?,1,1,Europe,object,medium,0
Europe|object|Planet Mu,¿Qué relación tiene Planet Mu con Virgin Records y qué decisión tomó Mike Paradinas respecto al sello?,2,2,Europe,object,hard,0
Europe|object|Nokia Eco Sensor,¿Qué es el Nokia Eco Sensor?,2,2,Europe,object,easy,0
Europe|object|Nokia Eco Sensor,¿En qué evento fue presentado el Nokia Eco Sensor?,1,1,Europe,object,medium,0
Europe|object|Nokia Eco Sensor,¿Qué características ambientales puede vigilar el Nokia Eco Sensor y qué tipo de sensor incluye?,8,2,Europe,object,hard,0
Europe|object|Plus (supermercados),¿Qué es Plus (supermercados)?,1,1,Europe,object,easy,0
Europe|object|Plus (supermercados),¿En qué año se abrió el primer supermercado Plus en la ciudad de Duisburgo?,2,2,Europe,object,medium,0
Europe|object|Plus (supermercados),¿Qué grupo adquirió Plus Supermercados en España y en qué año se realizó la compra?,2,2,Europe,object,hard,0
Europe|object|Pedro Masaveu Rovira,¿En qué año nació Pedro Masaveu Rovira?,1,1,Europe,object,easy,0
Europe|object|Pedro Masaveu Rovira,¿Qué compañía fundó Pedro Masaveu Rovira que se convirtió en el núcleo del Grupo Masaveu?,2,2,Europe,object,medium,0
Europe|object|Pedro Masaveu Rovira,¿Qué relación tuvo Pedro Masaveu Rovira con la creación del Banco de Oviedo y qué otros negocios importantes estableció en Asturias?,3,2,Europe,object,hard,0
Europe|object|Prensa Española,¿Qué es Prensa Española?,1,1,Europe,object,easy,0
Europe|object|Prensa Española,¿En qué año se fundó Prensa Española?,1,1,Europe,object,medium,0
Europe|object|Prensa Española,¿Con qué grupo se fusionó Prensa Española en 2001?,2,2,Europe,object,hard,0
Europe|object|Pozo Santa Eulalia,¿Qué es el Pozo Santa Eulalia?,3,3,Europe,object,easy,0
Europe|object|Pozo Santa Eulalia,¿Dónde se encuentra el Pozo Santa Eulalia?,3,1,Europe,object,medium,0
Europe|object|Pozo Santa Eulalia,¿Qué cambios se realizaron en el Pozo Santa Eulalia tras su incorporación a Hunosa?,2,1,Europe,object,hard,0
Europe|object|RAI,¿Qué es la RAI?,2,2,Europe,object,easy,0
Europe|object|RAI,¿Cuándo fue fundada oficialmente la RAI?,1,1,Europe,object,medium,0
Europe|object|RAI,¿Qué cambios significativos ocurrieron en la RAI tras la aprobación de la Ley 103 el 14 de abril de 1975?,5,5,Europe,object,hard,0
Europe|object|Páginas de Espuma,¿Qué es Páginas de Espuma?,2,2,Europe,object,easy,0
Europe|object|Páginas de Espuma,¿En qué año fue fundada Páginas de Espuma?,1,1,Europe,object,medium,0
Europe|object|Páginas de Espuma,¿Qué premios concede Páginas de Espuma y en qué áreas se especializa?,4,2,Europe,object,hard,0
Europe|object|Rudolf Dassler,¿Quién fue Rudolf Dassler?,1,1,Europe,object,easy,0
Europe|object|Rudolf Dassler,¿Qué empresa fundó Rudolf Dassler?,1,1,Europe,object,medium,0
Europe|object|Rudolf Dassler,"¿Qué relación tenían Rudolf Dassler y Adolf ""Adi"" Dassler antes de fundar sus propias empresas?",2,2,Europe,object,hard,0
Europe|object|Rohrbach Metall-Flugzeugbau,¿Qué tipo de compañía fue Rohrbach Metall-Flugzeugbau?,2,2,Europe,object,easy,0
Europe|object|Rohrbach Metall-Flugzeugbau,¿En qué año fue establecida la Rohrbach Metall-Flugzeugbau?,1,1,Europe,object,medium,0
Europe|object|Rohrbach Metall-Flugzeugbau,¿Qué modelo de avión fue el más construido por la Rohrbach Metall-Flugzeugbau y en qué año se desarrolló?,2,2,Europe,object,hard,0
Europe|object|Riu Hotels & Resorts,¿Qué es Riu Hotels & Resorts?,3,3,Europe,object,easy,0
Europe|object|Riu Hotels & Resorts,¿En qué año fue fundada Riu Hotels & Resorts?,1,1,Europe,object,medium,0
Europe|object|Riu Hotels & Resorts,¿Qué alianza estratégica mantiene Riu Hotels & Resorts y desde qué año?,2,2,Europe,object,hard,0
Europe|object|SENER,¿Qué es Sener?,1,1,Europe,object,easy,0
Europe|object|SENER,¿En qué año fue fundada Sener?,1,1,Europe,object,medium,0
Europe|object|SENER,¿Qué tipo de soluciones aporta Sener en el área de Infraestructuras y movilidad?,2,2,Europe,object,hard,0
Europe|object|Salmson,¿Qué es Salmson?,1,1,Europe,object,easy,0
Europe|object|Salmson,¿En qué campo estuvo activa Salmson desde 1912 hasta 1957?,3,3,Europe,object,medium,0
Europe|object|Salmson,"¿Quién fundó Salmson y en qué año se cambió su nombre a ""Émile Salmson & Cie""?",3,3,Europe,object,hard,0
Europe|object|SFR,¿Qué es SFR?,1,1,Europe,object,easy,0
Europe|object|SFR,¿Quién creó SFR y en qué año?,2,2,Europe,object,medium,0
Europe|object|SFR,¿Qué cambios de propiedad ha tenido SFR desde su creación hasta 2018?,6,6,Europe,object,hard,0
Europe|object|Sea of Solitude,"¿Qué tipo de objeto es ""Sea of Solitude""?",1,1,Europe,object,easy,0
Europe|object|Sea of Solitude,"¿Quién desarrolló ""Sea of Solitude""?",1,1,Europe,object,medium,0
Europe|object|Sea of Solitude,"¿Qué temas aborda ""Sea of Solitude"" y cómo se relacionan con la experiencia personal de su directora creativa, Cornelia Geppert?",4,3,Europe,object,hard,0
Europe|object|Shipping Forecast,¿Qué es el Shipping Forecast?,1,1,Europe,object,easy,0
Europe|object|Shipping Forecast,¿Cuántas veces al día se emite el Shipping Forecast?,1,1,Europe,object,medium,0
Europe|object|Shipping Forecast,¿Quién emite el Shipping Forecast y según qué datos se basa?,2,2,Europe,object,hard,1
Europe|object|Rai Gulp,¿Qué es Rai Gulp?,3,3,Europe,object,easy,0
Europe|object|Rai Gulp,¿Cuándo comenzó Rai Gulp sus emisiones?,1,1,Europe,object,medium,0
Europe|object|Rai Gulp,¿Qué cambios se realizaron en la programación de Rai Gulp en el otoño de 2010 y qué estructura coordina su programación?,2,2,Europe,object,hard,0
Europe|object|Sandra-Stella Triebl,¿Cuándo nació Sandra-Stella Triebl?,1,1,Europe,object,easy,0
Europe|object|Sandra-Stella Triebl,¿Qué editorial fundó Sandra-Stella Triebl en 2007?,2,2,Europe,object,medium,0
Europe|object|Sandra-Stella Triebl,¿Cuál es el objetivo del primer Foro de Innovación Femenina fundado por Sandra-Stella Triebl en 2018?,3,3,Europe,object,hard,0
Europe|object|SpetsTechnoExport (STE),¿Qué es SpetsTechnoExport (STE)?,1,1,Europe,object,easy,0
Europe|object|SpetsTechnoExport (STE),¿En qué ciudad está basado SpetsTechnoExport (STE)?,1,1,Europe,object,medium,0
Europe|object|SpetsTechnoExport (STE),¿Qué relación tiene SpetsTechnoExport (STE) con el Consorcio estatal Ukroboronprom?,1,1,Europe,object,hard,0
Europe|object|Sniace,¿Qué es Sniace?,1,1,Europe,object,easy,0
Europe|object|Sniace,¿En qué año comenzó Sniace su producción de celulosa?,2,2,Europe,object,medium,0
Europe|object|Sniace,¿Qué proyecto decidió abordar Sniace en 2004 y cuál era su capacidad de producción?,3,3,Europe,object,hard,0
Europe|object|Sport 2000,¿Qué es Sport 2000?,4,4,Europe,object,easy,0
Europe|object|Sport 2000,¿En qué año comenzó Sport 2000 sus actividades?,1,1,Europe,object,medium,0
Europe|object|Sport 2000,¿Qué tipo de indumentaria comenzó a fabricar Sport 2000 en 1985 y a qué clubes viste en Argentina?,2,2,Europe,object,hard,0
Europe|object|Throne Records,¿Qué es Throne Records?,3,3,Europe,object,easy,0
Europe|object|Throne Records,¿En qué año se organizó el evento conocido como Throne Fest?,1,1,Europe,object,medium,0
Europe|object|Throne Records,¿Qué limitación impuso Throne Records a su distribución en 2009 y qué comunicado hizo público al respecto?,2,2,Europe,object,hard,0
Europe|object|Túnel Contumil-Rio Tinto,¿Qué tipo de objeto es el Túnel Contumil-Rio Tinto?,1,1,Europe,object,easy,0
Europe|object|Túnel Contumil-Rio Tinto,¿Cuántos metros de extensión tiene el Túnel Contumil-Rio Tinto?,1,1,Europe,object,medium,0
Europe|object|Túnel Contumil-Rio Tinto,¿En qué periodo fue construido el Túnel Contumil-Rio Tinto y qué línea del Metro de Porto sirve?,2,2,Europe,object,hard,0
Europe|object|Tom Clancy's Ghost Recon Predator,¿Qué tipo de videojuego es Tom Clancy's Ghost Recon Predator?,2,2,Europe,object,easy,0
Europe|object|Tom Clancy's Ghost Recon Predator,¿Quién desarrolló Tom Clancy's Ghost Recon Predator?,1,1,Europe,object,medium,0
Europe|object|Tom Clancy's Ghost Recon Predator,¿En qué año fue publicado Tom Clancy's Ghost Recon Predator y qué empresa lo publicó?,2,2,Europe,object,hard,1
Europe|object|SummuS Render,¿Qué es SummuS Render?,2,2,Europe,object,easy,0
Europe|object|SummuS Render,¿En qué año fue fundada SummuS Render?,1,1,Europe,object,medium,0
Europe|object|SummuS Render,¿Qué tipo de servicios ha prestado SummuS Render y a qué tipo de producciones están asociados?,2,2,Europe,object,hard,0
Europe|object|Supercor,¿Qué es Supercor?,2,2,Europe,object,easy,0
Europe|object|Supercor,¿En qué países opera Supercor?,2,1,Europe,object,medium,0
Europe|object|Supercor,¿Qué diferencia a Supercor de otras cadenas de supermercados en términos de superficie y variedad de productos?,2,1,Europe,object,hard,0
Europe|object|UTair Express,¿Qué es UTair Express?,1,1,Europe,object,easy,0
Europe|object|UTair Express,¿Quién será el propietario de UTair Express?,1,1,Europe,object,medium,0
Europe|object|UTair Express,¿Qué aviones utilizará UTair Express y cuál es la flota que se planea sustituir?,3,2,Europe,object,hard,0
Europe|object|Thomas Schmidheiny,¿En qué año nació Thomas Schmidheiny?,1,1,Europe,object,easy,0
Europe|object|Thomas Schmidheiny,¿Qué porcentaje de la compañía Lafarge-Holcim posee Thomas Schmidheiny?,1,1,Europe,object,medium,0
Europe|object|Thomas Schmidheiny,¿Qué relación tuvo Thomas Schmidheiny con Holcim y qué ocurrió en 2003?,4,4,Europe,object,hard,0
Europe|object|Verkami,¿Qué es Verkami?,1,1,Europe,object,easy,0
Europe|object|Verkami,¿En qué año fue fundada Verkami?,1,1,Europe,object,medium,0
Europe|object|Verkami,¿Qué récord europeo de micromecenazgo consiguió Verkami en 2013 y con qué proyecto?,2,2,Europe,object,hard,0
Europe|object|Lotto (marca),¿Qué tipo de empresa es Lotto?,1,1,Europe,object,easy,0
Europe|object|Lotto (marca),¿En qué año se fundó Lotto?,1,1,Europe,object,medium,0
Europe|object|Lotto (marca),¿Qué implementos deportivos fabrica Lotto y para qué equipo de fútbol comenzó su producción?,2,2,Europe,object,hard,0
Europe|public_figure|Adolphe Crémieux,¿Quién fue Adolphe Crémieux?,2,2,Europe,public_figure,easy,0
Europe|public_figure|Adolphe Crémieux,¿En qué año se graduó Adolphe Crémieux como abogado?,2,2,Europe,public_figure,medium,0
Europe|public_figure|Adolphe Crémieux,¿Qué ley importante dictó Adolphe Crémieux como Ministro de Justicia en 1870 y qué significó para los judíos de Argelia Francesa?,4,4,Europe,public_figure,hard,0
Europe|public_figure|Alessio Casimirri,¿Dónde nació Alessio Casimirri?,1,1,Europe,public_figure,easy,0
Europe|public_figure|Alessio Casimirri,¿En qué año se nacionalizó Alessio Casimirri como nicaragüense?,1,1,Europe,public_figure,medium,0
Europe|public_figure|Alessio Casimirri,¿Qué grupo terrorista italiano fue Alessio Casimirri miembro y en qué año dejó dicho grupo?,2,2,Europe,public_figure,hard,0
Europe|public_figure|Ada Kourí Barreto,¿En qué año nació Ada Kourí Barreto?,1,1,Europe,public_figure,easy,0
Europe|public_figure|Ada Kourí Barreto,¿Cuál fue la ocupación principal de Ada Kourí Barreto?,1,1,Europe,public_figure,medium,0
Europe|public_figure|Ada Kourí Barreto,¿Qué contribuciones hizo Ada Kourí Barreto en el Instituto de Higiene de Cuba?,3,2,Europe,public_figure,hard,0
Europe|public_figure|Alexander Aoraha,¿Dónde nació Alexander Aoraha?,1,1,Europe,public_figure,easy,0
Europe|public_figure|Alexander Aoraha,¿Qué posición juega Alexander Aoraha en el fútbol?,1,1,Europe,public_figure,medium,0
Europe|public_figure|Alexander Aoraha,¿En qué fecha hizo su debut Alexander Aoraha con la selección nacional de Irak y contra qué equipo?,2,2,Europe,public_figure,hard,0
Europe|object|IDTGV,¿Qué es iDTGV?,3,3,Europe,object,easy,0
Europe|object|IDTGV,¿Cómo se realiza la comercialización de billetes de iDTGV?,1,1,Europe,object,medium,0
Europe|object|IDTGV,¿Qué servicios opera iDTGV y cómo se diferencian en función del horario?,4,2,Europe,object,hard,0
Europe|public_figure|Andy Selva,¿Cuándo nació Andy Selva?,1,1,Europe,public_figure,easy,0
Europe|public_figure|Andy Selva,¿Qué posición jugaba Andy Selva en el fútbol?,1,1,Europe,public_figure,medium,0
Europe|public_figure|Andy Selva,"¿Cuál es el total de goles que ha anotado Andy Selva en su carrera, sumando los goles con su selección y en clubes?",1,1,Europe,public_figure,hard,0
Europe|public_figure|Alphonse Alkan,¿Quién fue Alphonse Alkan?,1,1,Europe,public_figure,easy,0
Europe|public_figure|Alphonse Alkan,¿En qué año nació Alphonse Alkan?,1,1,Europe,public_figure,medium,0
Europe|public_figure|Alphonse Alkan,¿Qué relación tenía Alphonse Alkan con Eugène Alcan?,1,1,Europe,public_figure,hard,0
Europe|object|Rumasa,¿Qué es Rumasa?,1,1,Europe,object,easy,0
Europe|object|Rumasa,¿En qué año fue expropiado Rumasa por el Gobierno español?,2,2,Europe,object,medium,0
Europe|object|Rumasa,¿Cuáles fueron las razones que llevaron a la expropiación de Rumasa por el Gobierno español?,3,1,Europe,object,hard,0
Europe|public_figure|Algernon Ashton,¿Dónde nació Algernon Ashton?,1,1,Europe,public_figure,easy,0
Europe|public_figure|Algernon Ashton,¿Qué ocupación tuvo Algernon Ashton en el Royal College of Music?,4,4,Europe,public_figure,medium,0
Europe|public_figure|Algernon Ashton,¿Cuántas sonatas para piano escribió Algernon Ashton y qué otras obras importantes compuso?,5,1,Europe,public_figure,hard,0
Europe|public_figure|Anna Maria Rizzoli,¿Dónde nació Anna Maria Rizzoli?,1,1,Europe,public_figure,easy,0
Europe|public_figure|Anna Maria Rizzoli,¿En qué año presentó Anna Maria Rizzoli el Festival de la Canción de Sanremo?,2,2,Europe,public_figure,medium,0
Europe|public_figure|Anna Maria Rizzoli,¿Qué tipo de carrera comenzó Anna Maria Rizzoli antes de entrar en la industria del cine y con quién trabajó en el escenario?,2,2,Europe,public_figure,hard,0
Europe|public_figure|Agnes Arber,¿Cuál es el nombre completo de Agnes Arber?,1,1,Europe,public_figure,easy,0
Europe|public_figure|Agnes Arber,¿En qué año obtuvo Agnes Arber su Bachelor of Science?,1,1,Europe,public_figure,medium,0
Europe|public_figure|Agnes Arber,¿Qué obra fundamental publicó Agnes Arber en 1912 y cuál es su tema principal?,3,3,Europe,public_figure,hard,0
Europe|public_figure|Cat Stevens,¿Cuál es el nombre real de Cat Stevens?,1,1,Europe,public_figure,easy,0
Europe|public_figure|Cat Stevens,¿En qué año se convirtió Cat Stevens al Islam?,1,1,Europe,public_figure,medium,0
Europe|public_figure|Cat Stevens,"¿Qué álbum de Cat Stevens, lanzado en 1970, obtuvo el certificado de triple platino por parte de la RIAA en los Estados Unidos?",3,3,Europe,public_figure,hard,0
Europe|public_figure|Antoine Cassar,¿Quién es Antoine Cassar?,3,2,Europe,public_figure,easy,0
Europe|public_figure|Antoine Cassar,¿En qué país nació Antoine Cassar?,1,1,Europe,public_figure,medium,0
Europe|public_figure|Antoine Cassar,¿Qué temas aborda la obra de Antoine Cassar y en qué forma métrica se presentan sus mużajki?,4,2,Europe,public_figure,hard,0
Europe|public_figure|Bill Brandt,¿Dónde nació Bill Brandt?,2,2,Europe,public_figure,easy,0
Europe|public_figure|Bill Brandt,¿Qué libro publicó Bill Brandt en 1938?,2,2,Europe,public_figure,medium,0
Europe|public_figure|Bill Brandt,¿Qué tipo de fotografías realizó Bill Brandt durante la Segunda Guerra Mundial y para quién trabajó?,2,2,Europe,public_figure,hard,0
Europe|object|Caja de Crédito de los Ingenieros,¿Qué tipo de entidad es la Caja de Crédito de los Ingenieros?,1,1,Europe,object,easy,0
Europe|object|Caja de Crédito de los Ingenieros,¿En qué año fue fundada la Caja de Crédito de los Ingenieros?,1,1,Europe,object,medium,0
Europe|object|Caja de Crédito de los Ingenieros,¿Por qué adquirió notoriedad pública la Caja de Crédito de los Ingenieros en relación con la declaración unilateral de independencia de octubre de 2017?,2,2,Europe,object,hard,0
Europe|public_figure|Antoine Spire,¿Quién es Antoine Spire?,2,2,Europe,public_figure,easy,0
Europe|public_figure|Antoine Spire,¿Qué cargo ocupó Antoine Spire en el Instituto Nacional del Cáncer?,2,2,Europe,public_figure,medium,0
Europe|public_figure|Antoine Spire,¿Con qué intelectuales colaboró Antoine Spire en obras de divulgación?,4,1,Europe,public_figure,hard,1
Europe|public_figure|Antonio Mije,¿Dónde nació Antonio Mije?,2,2,Europe,public_figure,easy,0
Europe|public_figure|Antonio Mije,¿Qué puesto ocupó Antonio Mije en la Junta de Defensa de Madrid durante la Guerra Civil?,3,3,Europe,public_figure,medium,0
Europe|public_figure|Antonio Mije,¿Qué papel desempeñó Antonio Mije en el Partido Comunista de España (PCE) y qué central sindical ayudó a crear?,5,5,Europe,public_figure,hard,0
Europe|public_figure|Cedric Teuchert,¿Cuál es la nacionalidad de Cedric Teuchert?,1,1,Europe,public_figure,easy,0
Europe|public_figure|Cedric Teuchert,¿En qué equipo juega Cedric Teuchert actualmente?,1,1,Europe,public_figure,medium,0
Europe|public_figure|Cedric Teuchert,¿Qué equipo fichó a Cedric Teuchert por un millón de euros y en qué año debutó en la 2. Bundesliga?,2,2,Europe,public_figure,hard,0
Europe|public_figure|Charles De Wailly,¿Quién fue Charles De Wailly?,1,1,Europe,public_figure,easy,0
Europe|public_figure|Charles De Wailly,¿Qué obra principal realizó Charles De Wailly?,2,2,Europe,public_figure,medium,0
Europe|public_figure|Charles De Wailly,¿En qué año obtuvo Charles De Wailly el gran premio de Roma de arquitectura y qué importancia tuvo su estancia en la «Académie de France en Roma»?,4,4,Europe,public_figure,hard,0
Europe|public_figure|Berthold Bartosch,¿Cuál es la ocupación principal de Berthold Bartosch?,3,2,Europe,public_figure,easy,0
Europe|public_figure|Berthold Bartosch,¿En qué año se mudó Berthold Bartosch a París?,2,2,Europe,public_figure,medium,0
Europe|public_figure|Berthold Bartosch,¿Qué película animada creó Berthold Bartosch en París y cuál es su duración?,3,3,Europe,public_figure,hard,0
Europe|public_figure|Cum universi,¿Qué es Cum universi?,2,2,Europe,public_figure,easy,0
Europe|public_figure|Cum universi,¿Cuándo fue emitida la bula Cum universi?,1,1,Europe,public_figure,medium,0
Europe|public_figure|Cum universi,¿Qué derechos establece la bula Cum universi en relación con la iglesia en Escocia?,1,1,Europe,public_figure,hard,0
Europe|public_figure|Claude Martin (remero),"¿Dónde nació Claude Martin, el remero?",1,1,Europe,public_figure,easy,0
Europe|public_figure|Claude Martin (remero),¿En qué años participó Claude Martin en los Juegos Olímpicos de Verano?,2,1,Europe,public_figure,medium,0
Europe|public_figure|Claude Martin (remero),¿Qué medalla obtuvo Claude Martin en los Juegos Olímpicos de Roma 1960 y en qué prueba compitió?,3,3,Europe,public_figure,hard,0
Europe|public_figure|David Gledhill,¿Quién es David Gledhill?,1,1,Europe,public_figure,easy,0
Europe|public_figure|David Gledhill,¿En qué universidad fue profesor titular David Gledhill?,1,1,Europe,public_figure,medium,0
Europe|public_figure|David Gledhill,¿Qué obra publicó David Gledhill en 2003 y cuál es su tema principal?,2,2,Europe,public_figure,hard,0
Europe|public_figure|Doug Sampson,¿Quién es Doug Sampson?,1,1,Europe,public_figure,easy,0
Europe|public_figure|Doug Sampson,¿En qué años estuvo Doug Sampson en la banda Iron Maiden?,3,3,Europe,public_figure,medium,0
Europe|public_figure|Doug Sampson,¿Por qué tuvo que ser reemplazado Doug Sampson en Iron Maiden?,1,1,Europe,public_figure,hard,0
Europe|public_figure|Elisabeth Lutyens,¿Quién fue Elisabeth Lutyens?,1,1,Europe,public_figure,easy,0
Europe|public_figure|Elisabeth Lutyens,¿En qué institución comenzó Elisabeth Lutyens sus estudios musicales?,1,1,Europe,public_figure,medium,0
Europe|public_figure|Elisabeth Lutyens,¿Qué técnica musical trajo Elisabeth Lutyens al Reino Unido y con qué compositor se asocia esta técnica?,2,2,Europe,public_figure,hard,0
Europe|public_figure|Elizabeth Lucar,¿Cuál es el nombre de nacimiento de Elizabeth Lucar?,1,1,Europe,public_figure,easy,0
Europe|public_figure|Elizabeth Lucar,¿En qué año nació Elizabeth Lucar?,1,1,Europe,public_figure,medium,0
Europe|public_figure|Elizabeth Lucar,¿Qué habilidades tenía Elizabeth Lucar además de ser calígrafa?,3,1,Europe,public_figure,hard,0
Europe|public_figure|Emmanuelle Bach,¿Cuál es el nombre completo de Emmanuelle Bach?,1,1,Europe,public_figure,easy,0
Europe|public_figure|Emmanuelle Bach,¿En qué año nació Emmanuelle Bach?,1,1,Europe,public_figure,medium,0
Europe|public_figure|Emmanuelle Bach,"¿Qué papel tuvo Emmanuelle Bach en la serie de televisión ""Un village français"" y en qué años se emitió?",2,2,Europe,public_figure,hard,0
Europe|public_figure|Edmund Purdom,¿Quién fue Edmund Purdom?,1,1,Europe,public_figure,easy,0
Europe|public_figure|Edmund Purdom,¿En qué año comenzó su carrera como actor Edmund Purdom?,1,1,Europe,public_figure,medium,0
Europe|public_figure|Edmund Purdom,"¿Qué papel importante asumió Edmund Purdom en la película ""Sinuhé, el egipcio"" y quiénes eran los actores originalmente considerados para el papel?",5,2,Europe,public_figure,hard,0
Europe|public_figure|Emilio Bieckert,¿Cuándo nació Emilio Bieckert?,1,1,Europe,public_figure,easy,0
Europe|public_figure|Emilio Bieckert,¿Qué fábrica puso en marcha Emilio Bieckert en Argentina?,1,1,Europe,public_figure,medium,0
Europe|public_figure|Emilio Bieckert,¿Qué relación tenía Emilio Bieckert con Bernardo Ader y qué hizo en su honor?,4,4,Europe,public_figure,hard,0
Europe|public_figure|Edme-Louis Daubenton,¿Quién era primo de Edme-Louis Daubenton?,1,1,Europe,public_figure,easy,0
Europe|public_figure|Edme-Louis Daubenton,¿Qué obra supervisó Edme-Louis Daubenton en relación con las ilustraciones en color?,1,1,Europe,public_figure,medium,0
Europe|public_figure|Edme-Louis Daubenton,"¿Quién contrató a Edme-Louis Daubenton para supervisar las ilustraciones en color y en qué año comenzaron a aparecer las ""Planches enluminée""?",2,2,Europe,public_figure,hard,0
Europe|public_figure|Eugenio Garzón (periodista),¿Quién fue Eugenio Garzón?,2,1,Europe,public_figure,easy,0
Europe|public_figure|Eugenio Garzón (periodista),¿En qué diario fue director Eugenio Garzón en Montevideo?,1,1,Europe,public_figure,medium,0
Europe|public_figure|Eugenio Garzón (periodista),¿Qué funciones cumplió Eugenio Garzón entre 1890 y 1894 y en qué país se exilió tras el golpe de Estado de Juan Lindolfo Cuestas?,2,2,Europe,public_figure,hard,0
Europe|public_figure|Ettore Pinelli,¿Dónde nació Ettore Pinelli?,1,1,Europe,public_figure,easy,0
Europe|public_figure|Ettore Pinelli,¿Con quién comenzó Ettore Pinelli sus estudios de música?,1,1,Europe,public_figure,medium,0
Europe|public_figure|Ettore Pinelli,¿Qué institución fundó Ettore Pinelli junto a Giovanni Sgambati y cuál fue su rol en ella?,3,3,Europe,public_figure,hard,0
Europe|public_figure|Eustache du Caurroy,¿Quién es Eustache du Caurroy?,1,1,Europe,public_figure,easy,0
Europe|public_figure|Eustache du Caurroy,¿En qué año obtuvo Eustache du Caurroy la Corneta de plata?,2,2,Europe,public_figure,medium,0
Europe|public_figure|Eustache du Caurroy,¿Qué obra de Eustache du Caurroy fue interpretada durante los funerales de Enrique IV?,2,2,Europe,public_figure,hard,0
Europe|public_figure|Fara Williams,¿Cuál es el nombre completo de Fara Williams?,1,1,Europe,public_figure,easy,0
Europe|public_figure|Fara Williams,¿En qué club jugó Fara Williams antes de unirse al Reading?,1,1,Europe,public_figure,medium,0
Europe|public_figure|Fara Williams,¿Cuántos partidos jugó Fara Williams con la selección de Inglaterra y en qué año debutó con el equipo?,2,2,Europe,public_figure,hard,0
Europe|public_figure|Eric Gancylus,¿Dónde nació Eric Gancylus?,1,1,Europe,public_figure,easy,0
Europe|public_figure|Eric Gancylus,¿En qué categoría ganó Eric Gancylus una medalla de bronce en el Campeonato Europeo de Taekwondo de 1976?,3,3,Europe,public_figure,medium,0
Europe|public_figure|Eric Gancylus,¿Qué deporte practicó Eric Gancylus y en qué año ganó una medalla de bronce en el Campeonato Europeo?,4,4,Europe,public_figure,hard,0
Europe|public_figure|Francesca Quondamcarlo,¿Dónde nació Francesca Quondamcarlo?,1,1,Europe,public_figure,easy,0
Europe|public_figure|Francesca Quondamcarlo,¿En qué modalidad de esgrima se especializa Francesca Quondamcarlo?,1,1,Europe,public_figure,medium,0
Europe|public_figure|Francesca Quondamcarlo,¿Cuántas medallas ganó Francesca Quondamcarlo en el Campeonato Europeo de Esgrima entre los años 2003 y 2015?,1,1,Europe,public_figure,hard,0
Europe|public_figure|Diego Demme,¿Cuál es la fecha de nacimiento de Diego Demme?,1,1,Europe,public_figure,easy,0
Europe|public_figure|Diego Demme,¿En qué posición juega Diego Demme?,1,1,Europe,public_figure,medium,0
Europe|public_figure|Diego Demme,¿Qué club fichó a Diego Demme el 11 de enero de 2020 y hasta cuándo firmó su contrato?,3,3,Europe,public_figure,hard,0
Europe|public_figure|Francisco de Frías y Jacott,¿Quién fue Francisco de Frías y Jacott?,1,1,Europe,public_figure,easy,0
Europe|public_figure|Francisco de Frías y Jacott,¿En qué ciudad nació Francisco de Frías y Jacott?,1,1,Europe,public_figure,medium,0
Europe|public_figure|Francisco de Frías y Jacott,¿Qué papel desempeñó Francisco de Frías y Jacott en la agricultura cubana y qué periódico dirigió?,2,2,Europe,public_figure,hard,0
Europe|public_figure|Francis Hayman,¿Quién fue Francis Hayman?,3,2,Europe,public_figure,easy,0
Europe|public_figure|Francis Hayman,¿En qué año se convirtió Francis Hayman en uno de los miembros fundadores de la Royal Academy?,2,2,Europe,public_figure,medium,0
Europe|public_figure|Francis Hayman,¿Qué contribución hizo Francis Hayman a la edición de 1744 de las obras de Shakespeare por Sir Thomas Hanmer?,2,2,Europe,public_figure,hard,0
Europe|public_figure|Fousseni Diawara,¿Cuál es la fecha de nacimiento de Fousseni Diawara?,1,1,Europe,public_figure,easy,0
Europe|public_figure|Fousseni Diawara,¿Qué posición jugaba Fousseni Diawara en el fútbol?,1,1,Europe,public_figure,medium,0
Europe|public_figure|Fousseni Diawara,¿En qué años participó Fousseni Diawara en la Copa de África con la selección de fútbol de Malí?,4,1,Europe,public_figure,hard,0
Europe|public_figure|Gemma Gibbons,¿Cuál es el nombre completo de Gemma Gibbons?,1,1,Europe,public_figure,easy,0
Europe|public_figure|Gemma Gibbons,¿En qué categoría compitió Gemma Gibbons en los Juegos Olímpicos de Londres 2012?,2,2,Europe,public_figure,medium,0
Europe|public_figure|Gemma Gibbons,¿Qué medalla obtuvo Gemma Gibbons en los Juegos Olímpicos de Londres 2012 y quién es su cónyuge?,3,3,Europe,public_figure,hard,0
Europe|public_figure|George Steevens,¿Quién fue George Steevens?,2,1,Europe,public_figure,easy,0
Europe|public_figure|George Steevens,"¿En qué periodo estudió George Steevens en King’s College, Cambridge?",2,2,Europe,public_figure,medium,0
Europe|public_figure|George Steevens,¿Qué obra fue conocida como la edición de Johnson y Steevens y en qué año se publicó?,2,2,Europe,public_figure,hard,0
Europe|public_figure|Grégory Doucet,¿Dónde nació Grégory Doucet?,1,1,Europe,public_figure,easy,0
Europe|public_figure|Grégory Doucet,¿Qué partido político representa Grégory Doucet?,1,1,Europe,public_figure,medium,0
Europe|public_figure|Grégory Doucet,¿Qué porcentaje de votos obtuvo Grégory Doucet en la primera vuelta de las elecciones municipales de 2020?,3,3,Europe,public_figure,hard,0
Europe|public_figure|Gustav Heinrich Wiedemann,¿Quién fue Gustav Heinrich Wiedemann?,1,1,Europe,public_figure,easy,0
Europe|public_figure|Gustav Heinrich Wiedemann,¿En qué universidad fue profesor Gustav Heinrich Wiedemann?,1,1,Europe,public_figure,medium,0
Europe|public_figure|Gustav Heinrich Wiedemann,¿Qué revista científica dirigió Gustav Heinrich Wiedemann y quién fue su predecesor?,2,2,Europe,public_figure,hard,0
Europe|public_figure|Gustav Holst,¿Cuál es el nombre completo de Gustav Holst?,1,1,Europe,public_figure,easy,0
Europe|public_figure|Gustav Holst,¿En qué obra es principalmente conocido Gustav Holst?,1,1,Europe,public_figure,medium,0
Europe|public_figure|Gustav Holst,¿Qué influencias musicales fueron cruciales en el desarrollo del estilo compositivo de Gustav Holst?,2,1,Europe,public_figure,hard,0
Europe|public_figure|Giovanni Girolamo Morone,¿Quién fue Giovanni Girolamo Morone?,3,3,Europe,public_figure,easy,0
Europe|public_figure|Giovanni Girolamo Morone,¿Qué título recibió Giovanni Girolamo Morone el 31 de mayo de 1542?,2,2,Europe,public_figure,medium,0
Europe|public_figure|Giovanni Girolamo Morone,¿Cuál fue el papel de Giovanni Girolamo Morone en el Concilio de Trento y qué sucedió con su participación en 1543?,3,3,Europe,public_figure,hard,0
Europe|public_figure|George Sand,¿Cuál es el pseudónimo de Amantine Aurore Lucile Dupin de Dudevant?,1,1,Europe,public_figure,easy,0
Europe|public_figure|George Sand,"¿En qué año publicó George Sand su primera novela en solitario titulada ""Indiana""?",2,2,Europe,public_figure,medium,0
Europe|public_figure|George Sand,¿Qué relación tuvo George Sand con el compositor Frédéric Chopin y en qué contexto se desarrolló su relación?,7,7,Europe,public_figure,hard,0
Europe|public_figure|Guido Cantelli,¿Quién fue Guido Cantelli?,1,1,Europe,public_figure,easy,0
Europe|public_figure|Guido Cantelli,¿En qué año se graduó Guido Cantelli en el Conservatorio Giuseppe Verdi de Milán?,2,2,Europe,public_figure,medium,0
Europe|public_figure|Guido Cantelli,¿Qué evento marcó la definitiva consagración de Guido Cantelli en La Scala de Milán y quién lo invitó a dirigir la Orquesta Sinfónica de la NBC?,2,2,Europe,public_figure,hard,0
Europe|public_figure|Gregorio II,¿Quién fue Gregorio II?,4,4,Europe,public_figure,easy,0
Europe|public_figure|Gregorio II,¿Qué cargo ocupó Gregorio II antes de ser papa?,2,2,Europe,public_figure,medium,0
Europe|public_figure|Gregorio II,¿Qué acciones tomó Gregorio II en respuesta al edicto del emperador León III sobre la iconoclasia?,3,3,Europe,public_figure,hard,0
Europe|public_figure|Guy Lux,¿Cuál es el verdadero nombre de Guy Lux?,1,1,Europe,public_figure,easy,0
Europe|public_figure|Guy Lux,¿En qué año presentó Guy Lux su primera emisión de Contact?,1,1,Europe,public_figure,medium,0
Europe|public_figure|Guy Lux,¿Qué premios obtuvo Guy Lux por su participación en la Segunda Guerra Mundial y en qué año formó parte de las tropas aliadas?,3,2,Europe,public_figure,hard,0
Europe|public_figure|Giulia Tofana,¿Quién fue Giulia Tofana?,2,1,Europe,public_figure,easy,0
Europe|public_figure|Giulia Tofana,¿Qué veneno inventó Giulia Tofana?,1,1,Europe,public_figure,medium,0
Europe|public_figure|Giulia Tofana,¿Qué relación tuvo Giulia Tofana con su madre y qué le ocurrió a esta?,3,3,Europe,public_figure,hard,0
Europe|public_figure|Harvey Horn,¿Dónde nació Harvey Horn?,1,1,Europe,public_figure,easy,0
Europe|public_figure|Harvey Horn,¿Qué medalla ganó Harvey Horn en el Campeonato Europeo de Boxeo Aficionado de 2015?,2,2,Europe,public_figure,medium,0
Europe|public_figure|Harvey Horn,¿Cuántos combates ha disputado Harvey Horn en su carrera profesional y cuál es su registro de victorias y derrotas?,3,3,Europe,public_figure,hard,0
Europe|public_figure|Guy-Crescent Fagon,¿Quién fue Guy-Crescent Fagon?,3,2,Europe,public_figure,easy,0
Europe|public_figure|Guy-Crescent Fagon,¿En qué año obtuvo Guy-Crescent Fagon su doctorado en medicina?,1,1,Europe,public_figure,medium,0
Europe|public_figure|Guy-Crescent Fagon,¿Qué contribución hizo Guy-Crescent Fagon al Jardin des Plantes de París y qué documento redactó sobre la quina?,2,2,Europe,public_figure,hard,0
Europe|public_figure|Herbert Busemann,¿Dónde nació Herbert Busemann?,1,1,Europe,public_figure,easy,0
Europe|public_figure|Herbert Busemann,¿En qué año se naturalizó Herbert Busemann?,1,1,Europe,public_figure,medium,0
Europe|public_figure|Herbert Busemann,¿Qué teorema es autor Herbert Busemann y en qué área de la matemática se especializó?,3,2,Europe,public_figure,hard,0
Europe|public_figure|Hélène Carrère d'Encausse,¿Cuál es el nombre completo de Hélène Carrère d'Encausse?,1,1,Europe,public_figure,easy,0
Europe|public_figure|Hélène Carrère d'Encausse,¿En qué año fue elegida Hélène Carrère d'Encausse como miembro de la Academia Francesa?,2,2,Europe,public_figure,medium,0
Europe|public_figure|Hélène Carrère d'Encausse,¿Qué cargo ocupó Hélène Carrère d'Encausse en la Academia Francesa y qué título utilizó al ser nombrada?,3,3,Europe,public_figure,hard,0
Europe|public_figure|Jacqueline Joubert,¿Cuál es el verdadero nombre de Jacqueline Joubert?,1,1,Europe,public_figure,easy,0
Europe|public_figure|Jacqueline Joubert,¿En qué año se unió Jacqueline Joubert a la Radio Televisión Pública Francesa (RTF)?,1,1,Europe,public_figure,medium,0
Europe|public_figure|Jacqueline Joubert,¿Qué programa creó Jacqueline Joubert en 1961 y qué tipo de talentos presentaba?,2,2,Europe,public_figure,hard,0
Europe|public_figure|Hubert Juin,¿Quién fue Hubert Juin?,6,3,Europe,public_figure,easy,0
Europe|public_figure|Hubert Juin,¿En qué fecha nació Hubert Juin?,1,1,Europe,public_figure,medium,0
Europe|public_figure|Hubert Juin,¿Qué tipo de obras realizó Hubert Juin y en qué contexto cultural se destacó?,6,3,Europe,public_figure,hard,0
Europe|public_figure|Jean-Pierre Filiu,¿Dónde nació Jean-Pierre Filiu?,1,1,Europe,public_figure,easy,0
Europe|public_figure|Jean-Pierre Filiu,¿Cuál es la especialización de Jean-Pierre Filiu?,1,1,Europe,public_figure,medium,0
Europe|public_figure|Jean-Pierre Filiu,¿En qué universidades de Estados Unidos fue profesor Jean-Pierre Filiu?,2,1,Europe,public_figure,hard,0
Europe|public_figure|Jehan Georges Vibert,¿Dónde nació Jehan Georges Vibert?,1,1,Europe,public_figure,easy,0
Europe|public_figure|Jehan Georges Vibert,¿En qué año debutó Jehan Georges Vibert en el Salón de París?,2,2,Europe,public_figure,medium,0
Europe|public_figure|Jehan Georges Vibert,¿Qué tipo de escenas enviaba Jehan Georges Vibert al Salón de París y en qué contexto histórico se desarrollaban?,3,3,Europe,public_figure,hard,0
Europe|public_figure|John Julius Norwich,¿Cuál es el nombre completo de John Julius Norwich?,1,1,Europe,public_figure,easy,0
Europe|public_figure|John Julius Norwich,¿En qué fecha nació John Julius Norwich?,1,1,Europe,public_figure,medium,0
Europe|public_figure|John Julius Norwich,¿Cuáles son dos de las obras escritas por John Julius Norwich que abordan la historia del Imperio bizantino?,2,1,Europe,public_figure,hard,0
Europe|public_figure|John Dobbin,¿Quién fue John Dobbin?,1,1,Europe,public_figure,easy,0
Europe|public_figure|John Dobbin,¿En qué año expuso John Dobbin en la Royal Academy por primera vez?,2,2,Europe,public_figure,medium,0
Europe|public_figure|John Dobbin,¿Qué obra famosa de John Dobbin representa la inauguración del primer ferrocarril abierto al público entre Stockton y Darlington?,2,2,Europe,public_figure,hard,0
Europe|public_figure|Jean-François Coulon,¿Quién fue Jean-François Coulon?,3,2,Europe,public_figure,easy,0
Europe|public_figure|Jean-François Coulon,¿En qué año fue nombrado Jean-François Coulon profesor de la clase de perfeccionamiento de la Ópera?,2,2,Europe,public_figure,medium,0
Europe|public_figure|Jean-François Coulon,¿Qué técnica desarrolló Jean-François Coulon que fue decisiva en la transición hacia el lenguaje del ballet romántico?,2,2,Europe,public_figure,hard,0
Europe|public_figure|Jacob Rodrigues Pereira,¿Quién fue Jacob Rodrigues Pereira?,1,1,Europe,public_figure,easy,0
Europe|public_figure|Jacob Rodrigues Pereira,¿Qué alfabeto adoptó Jacob Rodrigues Pereira para la educación de personas sordas?,1,1,Europe,public_figure,medium,0
Europe|public_figure|Jacob Rodrigues Pereira,¿Qué contribución significativa hizo Jacob Rodrigues Pereira al bienestar de los judíos en Francia?,3,3,Europe,public_figure,hard,0
Europe|public_figure|John Grenville,¿Cuál es el nombre de nacimiento de John Grenville?,1,1,Europe,public_figure,easy,0
Europe|public_figure|John Grenville,¿En qué institución educativa estudió John Grenville en Londres?,1,1,Europe,public_figure,medium,0
Europe|public_figure|John Grenville,¿Qué especialización tenía John Grenville y en qué universidades realizó docencia?,5,2,Europe,public_figure,hard,0
Europe|public_figure|Joan Dowling,¿Dónde nació Joan Dowling?,1,1,Europe,public_figure,easy,0
Europe|public_figure|Joan Dowling,¿Cuál fue el primer papel importante de Joan Dowling como actriz?,1,1,Europe,public_figure,medium,0
Europe|public_figure|Joan Dowling,¿Qué papel interpretó Joan Dowling en el film Hue and Cry y qué contexto histórico se refleja en esta película?,2,2,Europe,public_figure,hard,0
Europe|public_figure|Julia Daudet,¿Cuál es el nombre completo de Julia Daudet?,1,1,Europe,public_figure,easy,0
Europe|public_figure|Julia Daudet,¿Cuántos hijos tuvo Julia Daudet?,1,1,Europe,public_figure,medium,0
Europe|public_figure|Julia Daudet,¿Qué seudónimo utilizó Julia Daudet para colaborar como crítica literaria en varias revistas?,1,1,Europe,public_figure,hard,0
Europe|public_figure|Jules-Félix Coutan,¿Quién fue Jules-Félix Coutan?,1,1,Europe,public_figure,easy,0
Europe|public_figure|Jules-Félix Coutan,¿En qué institución estudió Jules-Félix Coutan?,1,1,Europe,public_figure,medium,0
Europe|public_figure|Jules-Félix Coutan,¿Qué escultura realizó Jules-Félix Coutan para la estación Grand Central Terminal de Nueva York?,2,2,Europe,public_figure,hard,0
Europe|public_figure|Johnny Speight,¿Quién fue Johnny Speight?,2,2,Europe,public_figure,easy,0
Europe|public_figure|Johnny Speight,¿Qué serie famosa escribió Johnny Speight que se estrenó en 1965?,2,2,Europe,public_figure,medium,0
Europe|public_figure|Johnny Speight,¿Qué personaje controvertido creó Johnny Speight y que se convirtió en uno de los más memorables de la televisión británica?,4,4,Europe,public_figure,hard,0
Europe|public_figure|Karsten Finger,¿Dónde nació Karsten Finger?,1,1,Europe,public_figure,easy,0
Europe|public_figure|Karsten Finger,¿En qué deporte compitió Karsten Finger?,1,1,Europe,public_figure,medium,0
Europe|public_figure|Karsten Finger,¿Qué logro obtuvo Karsten Finger en los Juegos Olímpicos de Barcelona 1992?,1,1,Europe,public_figure,hard,0
Europe|public_figure|Jörg Wunderlich,¿Quién es Jörg Wunderlich?,3,2,Europe,public_figure,easy,0
Europe|public_figure|Jörg Wunderlich,¿Qué tipo de arañas estudió Jörg Wunderlich?,3,2,Europe,public_figure,medium,0
Europe|public_figure|Jörg Wunderlich,¿Qué abreviatura se emplea para indicar la autoridad de Jörg Wunderlich en la descripción y clasificación científica de los vegetales?,2,2,Europe,public_figure,hard,0
Europe|public_figure|Kitty Garman,¿Cuál es el nombre completo de Kitty Garman?,1,1,Europe,public_figure,easy,0
Europe|public_figure|Kitty Garman,¿Qué ocupación tenía Kitty Garman?,1,1,Europe,public_figure,medium,0
Europe|public_figure|Kitty Garman,"¿Para quién fue modelo Kitty Garman, además de su padre Jacob Epstein?",2,2,Europe,public_figure,hard,0
Europe|public_figure|Jules Combarieu,¿Dónde nació Jules Combarieu?,1,1,Europe,public_figure,easy,0
Europe|public_figure|Jules Combarieu,¿Qué título recibió Jules Combarieu en 1894?,2,2,Europe,public_figure,medium,0
Europe|public_figure|Jules Combarieu,¿Qué revista fundó Jules Combarieu en 1901 y cuál fue su evolución hasta 1912?,6,6,Europe,public_figure,hard,0
Europe|public_figure|Julián de Speyer,¿Quién es Julián de Speyer?,9,4,Europe,public_figure,easy,0
Europe|public_figure|Julián de Speyer,¿Dónde nació Julián de Speyer?,1,1,Europe,public_figure,medium,0
Europe|public_figure|Julián de Speyer,¿Qué rol desempeñó Julián de Speyer en la capilla real y bajo qué reyes?,3,2,Europe,public_figure,hard,0
Europe|public_figure|Ludovic Vitet,¿Dónde nació Ludovic Vitet?,1,1,Europe,public_figure,easy,0
Europe|public_figure|Ludovic Vitet,¿En qué ministerio fue nombrado secretario general Ludovic Vitet?,1,1,Europe,public_figure,medium,0
Europe|public_figure|Ludovic Vitet,¿Qué relación tuvo Ludovic Vitet con la Academia Francesa y en qué año fue elegido miembro?,2,2,Europe,public_figure,hard,0
Europe|public_figure|Julian Tudor Hart,¿Quién fue Julian Tudor Hart?,7,5,Europe,public_figure,easy,0
Europe|public_figure|Julian Tudor Hart,¿En qué área trabajó Julian Tudor Hart durante 30 años?,3,3,Europe,public_figure,medium,0
Europe|public_figure|Julian Tudor Hart,"¿Cuál es la ""ley de cuidados inversos"" propuesta por Julian Tudor Hart y en qué contexto se publicó?",4,4,Europe,public_figure,hard,0
Europe|public_figure|Louis Caput,¿Cuál es la nacionalidad de Louis Caput?,1,1,Europe,public_figure,easy,0
Europe|public_figure|Louis Caput,¿En qué año ganó Louis Caput el título de Campeón de Francia en Ruta?,2,2,Europe,public_figure,medium,0
Europe|public_figure|Louis Caput,¿Qué equipo codirigió Louis Caput junto a Jean de Gribaldy y en qué años?,4,3,Europe,public_figure,hard,0
Europe|public_figure|Marie-Jeanne L'Héritier,¿Dónde nació Marie-Jeanne L'Héritier?,1,1,Europe,public_figure,easy,0
Europe|public_figure|Marie-Jeanne L'Héritier,¿Cuántos cuentos de hadas publicó Marie-Jeanne L'Héritier?,1,1,Europe,public_figure,medium,0
Europe|public_figure|Marie-Jeanne L'Héritier,¿Qué relación tenía Marie-Jeanne L'Héritier con Charles Perrault y qué aportes hizo al género de los cuentos de hadas?,2,2,Europe,public_figure,hard,0
Europe|public_figure|Julia von Heinz,¿Quién es Julia von Heinz?,3,2,Europe,public_figure,easy,0
Europe|public_figure|Julia von Heinz,¿Qué película de Julia von Heinz se estrenó en el Festival Internacional de Cine de Berlín en 2007?,3,3,Europe,public_figure,medium,0
Europe|public_figure|Julia von Heinz,"¿Qué experiencia personal procesó Julia von Heinz en su película ""And Tomorrow the Entire World""?",2,2,Europe,public_figure,hard,0
Europe|public_figure|Louis Graveure,¿Cuál es el nombre real de Louis Graveure?,1,1,Europe,public_figure,easy,0
Europe|public_figure|Louis Graveure,¿Con quién estudió canto Louis Graveure?,1,1,Europe,public_figure,medium,0
Europe|public_figure|Louis Graveure,¿En qué año regresó Louis Graveure a los Estados Unidos y qué obra interpretó que le trajo éxito como cantante de conciertos?,4,4,Europe,public_figure,hard,0
Europe|public_figure|Max Doumic,¿Cuál es el nombre completo de Max Doumic?,1,1,Europe,public_figure,easy,0
Europe|public_figure|Max Doumic,¿En qué institución educativa estudió Max Doumic?,1,1,Europe,public_figure,medium,0
Europe|public_figure|Max Doumic,¿Qué obra de Max Doumic sostiene que la política de los masones responde a los intereses del imperialismo anglosajón?,2,2,Europe,public_figure,hard,0
Europe|public_figure|Mario Scelba,¿Cuándo nació Mario Scelba?,1,1,Europe,public_figure,easy,0
Europe|public_figure|Mario Scelba,¿Qué cargo ocupó Mario Scelba desde febrero de 1954 hasta julio de 1955?,3,3,Europe,public_figure,medium,0
Europe|public_figure|Mario Scelba,¿Qué puesto ocupó Mario Scelba en el Parlamento Europeo y en qué años?,3,3,Europe,public_figure,hard,0
Europe|public_figure|Maurice de Vlaminck,¿Dónde nació Maurice de Vlaminck?,1,1,Europe,public_figure,easy,0
Europe|public_figure|Maurice de Vlaminck,¿En qué año causó escándalo Maurice de Vlaminck en el Salón de otoño?,2,2,Europe,public_figure,medium,0
Europe|public_figure|Maurice de Vlaminck,¿Con quién se casó Maurice de Vlaminck y cuántas hijas tuvo?,2,2,Europe,public_figure,hard,0
Europe|public_figure|Martin Hume,¿Cuál es el nombre completo de Martin Hume?,1,1,Europe,public_figure,easy,0
Europe|public_figure|Martin Hume,¿En qué lugar nació Martin Hume?,1,1,Europe,public_figure,medium,0
Europe|public_figure|Martin Hume,¿Qué ocupaciones tuvo Martin Hume y en qué periodo estuvo en servicio activo en el Imperio Otomano?,5,3,Europe,public_figure,hard,0
Europe|public_figure|Paolo Di Canio,¿Cuál es la fecha de nacimiento de Paolo Di Canio?,1,1,Europe,public_figure,easy,0
Europe|public_figure|Paolo Di Canio,¿En qué equipo de fútbol italiano debutó Paolo Di Canio en la Serie A?,1,1,Europe,public_figure,medium,0
Europe|public_figure|Paolo Di Canio,¿Qué controversia generó Paolo Di Canio durante un derbi romano en 2005 y qué ideología política ha manifestado abiertamente?,2,2,Europe,public_figure,hard,0
Europe|public_figure|Mort Shuman,¿Qué profesión tuvo Mort Shuman?,1,1,Europe,public_figure,easy,0
Europe|public_figure|Mort Shuman,¿Cuál es una de las canciones más famosas escritas por Mort Shuman?,1,1,Europe,public_figure,medium,0
Europe|public_figure|Mort Shuman,¿En qué ciudad estudió música Mort Shuman y qué escuela asistió antes de eso?,2,2,Europe,public_figure,hard,0
Europe|public_figure|Max Décugis,¿Quién fue Max Décugis?,1,1,Europe,public_figure,easy,0
Europe|public_figure|Max Décugis,¿En qué año ganó Max Décugis su primera medalla olímpica?,1,1,Europe,public_figure,medium,0
Europe|public_figure|Max Décugis,¿Cuántas medallas de oro ganó Max Décugis en los Juegos Olímpicos de 1906 en Atenas y con quién las obtuvo?,4,3,Europe,public_figure,hard,0
Europe|public_figure|Natasha Richardson,¿Cuál es el nombre completo de Natasha Richardson?,1,1,Europe,public_figure,easy,0
Europe|public_figure|Natasha Richardson,¿En qué año ganó Natasha Richardson un Premio Tony?,1,1,Europe,public_figure,medium,0
Europe|public_figure|Natasha Richardson,¿Quiénes son los padres de Natasha Richardson y qué profesión tienen?,5,2,Europe,public_figure,hard,0
Europe|public_figure|Peter B. Hirsch,¿Dónde nació Peter B. Hirsch?,1,1,Europe,public_figure,easy,0
Europe|public_figure|Peter B. Hirsch,¿Qué contribuciones hizo Peter B. Hirsch en la ciencia de los materiales?,2,2,Europe,public_figure,medium,0
Europe|public_figure|Peter B. Hirsch,¿Qué puesto ocupó Peter B. Hirsch en Oxford y quién fue su predecesor?,2,2,Europe,public_figure,hard,0
Europe|public_figure|Otto Bauer,¿Quién fue Otto Bauer?,2,2,Europe,public_figure,easy,0
Europe|public_figure|Otto Bauer,¿Qué cargo ejerció Otto Bauer en el Gobierno de coalición austríaco de 1918-1919?,2,2,Europe,public_figure,medium,0
Europe|public_figure|Otto Bauer,¿Qué teoría política estableció Otto Bauer como alternativa al modelo ruso de socialismo?,2,2,Europe,public_figure,hard,0
Europe|public_figure|Patrick Eris,¿Cuál es el nombre de nacimiento de Patrick Eris?,1,1,Europe,public_figure,easy,0
Europe|public_figure|Patrick Eris,¿En qué ciudad nació Patrick Eris?,1,1,Europe,public_figure,medium,0
Europe|public_figure|Patrick Eris,¿Cuáles son algunos de los géneros literarios en los que Patrick Eris ha trabajado como escritor?,4,1,Europe,public_figure,hard,0
Europe|public_figure|Raj Patel,¿Cuál es el nombre completo de Raj Patel?,1,1,Europe,public_figure,easy,0
Europe|public_figure|Raj Patel,¿En qué año nació Raj Patel?,1,1,Europe,public_figure,medium,0
Europe|public_figure|Raj Patel,¿Cuáles son dos de las instituciones educativas donde estudió Raj Patel?,2,1,Europe,public_figure,hard,0
Europe|public_figure|Pinuccia Nava,¿Cuál es el nombre de nacimiento de Pinuccia Nava?,1,1,Europe,public_figure,easy,0
Europe|public_figure|Pinuccia Nava,¿En qué año nació Pinuccia Nava?,1,1,Europe,public_figure,medium,0
Europe|public_figure|Pinuccia Nava,¿Qué personaje interpretó Pinuccia Nava que se hizo popular en la televisión italiana entre 1957 y 1966?,3,3,Europe,public_figure,hard,0
Europe|public_figure|Paul Falkenberg,¿Quién fue Paul Falkenberg?,3,2,Europe,public_figure,easy,0
Europe|public_figure|Paul Falkenberg,¿En qué año se convirtió Paul Falkenberg en miembro de la IV Cuerpo Hildesia?,2,2,Europe,public_figure,medium,0
Europe|public_figure|Paul Falkenberg,¿Cuáles son dos de las obras publicadas por Paul Falkenberg y en qué años fueron publicadas?,4,2,Europe,public_figure,hard,0
Europe|public_figure|Peter Gay,¿Cuál es el nombre de nacimiento de Peter Gay?,1,1,Europe,public_figure,easy,0
Europe|public_figure|Peter Gay,¿En qué año se naturalizó Peter Gay como ciudadano estadounidense?,1,1,Europe,public_figure,medium,0
Europe|public_figure|Peter Gay,"¿Qué obra de Peter Gay, publicada en 1959, examina a Voltaire como político y su influencia en la historia de las ideas?",4,4,Europe,public_figure,hard,0
Europe|public_figure|René Sergent,¿Quién fue René Sergent?,1,1,Europe,public_figure,easy,0
Europe|public_figure|René Sergent,¿En qué año obtuvo René Sergent su primer título?,1,1,Europe,public_figure,medium,0
Europe|public_figure|René Sergent,¿Qué obra significativa diseñó René Sergent ubicada en 40 Avenida Foch de París?,2,2,Europe,public_figure,hard,0
Europe|public_figure|Richard Barbieri,¿Cuál es la fecha de nacimiento de Richard Barbieri?,1,1,Europe,public_figure,easy,0
Europe|public_figure|Richard Barbieri,¿Qué banda famosa fue Richard Barbieri miembro?,1,1,Europe,public_figure,medium,0
Europe|public_figure|Richard Barbieri,"¿Con qué dos músicos, además de David Sylvian, asistió Richard Barbieri a la misma escuela?",2,1,Europe,public_figure,hard,0
Europe|public_figure|Samuel Scott,¿Dónde nació Samuel Scott?,1,1,Europe,public_figure,easy,0
Europe|public_figure|Samuel Scott,¿En qué año comenzó a pintar Samuel Scott?,1,1,Europe,public_figure,medium,0
Europe|public_figure|Samuel Scott,¿Qué tipo de obras es conocido Samuel Scott y qué episodio histórico representó en sus pinturas?,2,2,Europe,public_figure,hard,0
Europe|public_figure|Renato Corsetti,¿Dónde nació Renato Corsetti?,1,1,Europe,public_figure,easy,0
Europe|public_figure|Renato Corsetti,¿En qué periodo fue presidente de la Asociación Universal de Esperanto Renato Corsetti?,2,2,Europe,public_figure,medium,0
Europe|public_figure|Renato Corsetti,¿Qué profesión tuvo Renato Corsetti antes de dedicarse a la enseñanza en la Universidad de La Sapienza de Roma?,2,2,Europe,public_figure,hard,0
Europe|public_figure|Prosper Jolyot de Crébillon,¿Quién fue Prosper Jolyot de Crébillon?,1,1,Europe,public_figure,easy,0
Europe|public_figure|Prosper Jolyot de Crébillon,¿En qué año fue elegido Prosper Jolyot de Crébillon para la Academia Francesa?,2,2,Europe,public_figure,medium,0
Europe|public_figure|Prosper Jolyot de Crébillon,¿Qué tragedia creó Prosper Jolyot de Crébillon en 1726 que le permitió recuperar la atención del público?,3,3,Europe,public_figure,hard,0
Europe|public_figure|Tony Hadley,¿Quién es Tony Hadley?,1,1,Europe,public_figure,easy,0
Europe|public_figure|Tony Hadley,"¿En qué año lanzó Tony Hadley su primer disco llamado ""The State Of Play""?",2,2,Europe,public_figure,medium,0
Europe|public_figure|Tony Hadley,¿Qué evento importante de 1985 marcó la carrera de Tony Hadley como vocalista de Spandau Ballet?,2,2,Europe,public_figure,hard,0
Europe|public_figure|Roger Chapelain-Midy,¿Cuándo nació Roger Chapelain-Midy?,2,2,Europe,public_figure,easy,0
Europe|public_figure|Roger Chapelain-Midy,¿En qué institución fue profesor Roger Chapelain-Midy?,1,1,Europe,public_figure,medium,0
Europe|public_figure|Roger Chapelain-Midy,¿Qué premio recibió Roger Chapelain-Midy en 1938 y qué obra realizó en el ámbito del teatro?,3,3,Europe,public_figure,hard,0
Europe|tradition|Abadía de Innichen,¿Qué es la Abadía de Innichen?,1,1,Europe,tradition,easy,0
Europe|tradition|Abadía de Innichen,¿En qué año fue convertida la Abadía de Innichen en colegiata?,1,1,Europe,tradition,medium,0
Europe|tradition|Abadía de Innichen,¿Quién erigió la Abadía de Innichen y con qué propósito?,2,2,Europe,tradition,hard,0
Europe|tradition|Anna Morpurgo Davies,¿Dónde nació Anna Morpurgo Davies?,1,1,Europe,tradition,easy,0
Europe|tradition|Anna Morpurgo Davies,¿Qué obra publicó Anna Morpurgo Davies en 1963?,1,1,Europe,tradition,medium,0
Europe|tradition|Anna Morpurgo Davies,¿Qué cátedra asumió Anna Morpurgo Davies en 1971 y qué reconocimiento recibió en el año 2000?,2,2,Europe,tradition,hard,0
Europe|public_figure|Umberto Bindi,¿Dónde nació Umberto Bindi?,1,1,Europe,public_figure,easy,0
Europe|public_figure|Umberto Bindi,¿En qué año hizo Umberto Bindi su debut profesional en la música popular italiana?,1,1,Europe,public_figure,medium,0
Europe|public_figure|Umberto Bindi,¿Qué canción famosa escribió Umberto Bindi que fue grabada en inglés por Cilla Black y alcanzó el número 1 en la lista de singles del Reino Unido?,3,3,Europe,public_figure,hard,0
Europe|tradition|Alcíone (pléyade),¿Qué es Alcíone en la mitología griega?,1,1,Europe,tradition,easy,0
Europe|tradition|Alcíone (pléyade),¿Quiénes son algunos de los hijos que Alcíone dio?,3,1,Europe,tradition,medium,0
Europe|tradition|Alcíone (pléyade),¿De quiénes descienden Anfión y Zeto en Tebas según la mitología griega?,2,1,Europe,tradition,hard,0
Europe|tradition|Alonso de Espinosa (banquero),¿Quién fue Alonso de Espinosa?,3,2,Europe,tradition,easy,0
Europe|tradition|Alonso de Espinosa (banquero),¿A qué familia pertenecía Alonso de Espinosa?,1,1,Europe,tradition,medium,0
Europe|tradition|Alonso de Espinosa (banquero),¿Qué fortuna llegó a amasar Alonso de Espinosa y en qué año?,2,2,Europe,tradition,hard,0
Europe|tradition|Bernard-Henri Lévy,¿Dónde nació Bernard-Henri Lévy?,1,1,Europe,tradition,easy,0
Europe|tradition|Bernard-Henri Lévy,¿En qué año se hizo popular Bernard-Henri Lévy?,1,1,Europe,tradition,medium,0
Europe|tradition|Bernard-Henri Lévy,¿Qué relación tuvo Bernard-Henri Lévy con el canal de televisión francoalemán Arte?,1,1,Europe,tradition,hard,0
Europe|tradition|Antonino de Sorrento,¿En qué año falleció Antonino de Sorrento?,1,1,Europe,tradition,easy,0
Europe|tradition|Antonino de Sorrento,¿Qué cargo ocupó Antonino de Sorrento en el monasterio benedictino de San Agripino?,2,2,Europe,tradition,medium,0
Europe|tradition|Antonino de Sorrento,¿Qué milagro se le atribuye a San Antonino y qué peligro salvó a la ciudad de Sorrento?,2,2,Europe,tradition,hard,0
Europe|tradition|Antínoo Braschi,¿Qué es el Antínoo Braschi?,1,1,Europe,tradition,easy,0
Europe|tradition|Antínoo Braschi,¿En qué año fueron descubiertas las excavaciones donde se encontró la escultura del Antínoo Braschi?,2,2,Europe,tradition,medium,0
Europe|tradition|Antínoo Braschi,¿Qué relación tiene la escultura del Antínoo Braschi con Dioniso u Osiris?,1,1,Europe,tradition,hard,0
Europe|tradition|Basílica de Nuestra Señora de las Victorias (París),¿Dónde se encuentra la Basílica de Nuestra Señora de las Victorias?,1,1,Europe,tradition,easy,0
Europe|tradition|Basílica de Nuestra Señora de las Victorias (París),¿En qué año fue consagrada la Basílica de Nuestra Señora de las Victorias?,1,1,Europe,tradition,medium,0
Europe|tradition|Basílica de Nuestra Señora de las Victorias (París),¿Qué relación tiene la Basílica de Nuestra Señora de las Victorias con el rey Luis XIII y qué evento motivó su construcción?,3,3,Europe,tradition,hard,0
Europe|public_figure|Raffaele La Capria,¿Dónde nació Raffaele La Capria?,1,1,Europe,public_figure,easy,0
Europe|public_figure|Raffaele La Capria,¿Qué profesión tuvo Raffaele La Capria?,1,1,Europe,public_figure,medium,0
Europe|public_figure|Raffaele La Capria,"¿Qué premio ganó Raffaele La Capria por su novela ""Ferito a morte"" y en qué año?",3,3,Europe,public_figure,hard,0
Europe|tradition|Arde Lucus,¿Qué es el Arde Lucus?,3,2,Europe,tradition,easy,0
Europe|tradition|Arde Lucus,¿En qué año se celebró por primera vez el Arde Lucus?,1,1,Europe,tradition,medium,0
Europe|tradition|Arde Lucus,¿Qué organizaciones coorganizan el Arde Lucus?,4,1,Europe,tradition,hard,0
Europe|tradition|Bernhard Weiß (teólogo),¿Dónde nació Bernhard Weiß?,1,1,Europe,tradition,easy,0
Europe|tradition|Bernhard Weiß (teólogo),"¿En qué año publicó Bernhard Weiß su obra ""Des Leben Jesu""?",2,2,Europe,tradition,medium,0
Europe|tradition|Bernhard Weiß (teólogo),¿Qué relación tiene Bernhard Weiß con la Escuela Liberal y qué obra escribió basada en el análisis de la Fuente Q y el Evangelio según san Marcos?,3,3,Europe,tradition,hard,0
Europe|tradition|Bollo maimón,¿Qué es el bollo maimón?,3,3,Europe,tradition,easy,0
Europe|tradition|Bollo maimón,¿En qué tipo de recipiente era tradición hacer el bollo maimón?,1,1,Europe,tradition,medium,0
Europe|tradition|Bollo maimón,¿Qué relación tiene el bollo maimón con las celebraciones y banquetes populares en las provincias de Salamanca y Zamora?,2,2,Europe,tradition,hard,0
Europe|tradition|Capilla de Santa Maria Assunta dei Pignatelli,¿Qué es la Capilla de Santa Maria Assunta dei Pignatelli?,1,1,Europe,tradition,easy,0
Europe|tradition|Capilla de Santa Maria Assunta dei Pignatelli,¿En qué siglo fue construida la Capilla de Santa Maria Assunta dei Pignatelli?,1,1,Europe,tradition,medium,0
Europe|tradition|Capilla de Santa Maria Assunta dei Pignatelli,"¿Qué características arquitectónicas y artísticas destacan en la Capilla de Santa Maria Assunta dei Pignatelli, y quién fue el artista que decoró su interior con frescos?",2,2,Europe,tradition,hard,0
Europe|tradition|Brauronias,¿Qué eran las brauronias?,1,1,Europe,tradition,easy,0
Europe|tradition|Brauronias,¿Cada cuántos años se celebraban las brauronias?,1,1,Europe,tradition,medium,0
Europe|tradition|Brauronias,¿Con qué tradición se relacionaban las brauronias y quién había llegado a Braurón desde Táuride?,1,1,Europe,tradition,hard,0
Europe|tradition|Casa del Agua (cabo Espíchel),¿En qué municipio se encuentra la Casa del Agua?,1,1,Europe,tradition,easy,0
Europe|tradition|Casa del Agua (cabo Espíchel),¿Quién fue el responsable de la construcción de la Casa del Agua?,1,1,Europe,tradition,medium,0
Europe|tradition|Casa del Agua (cabo Espíchel),¿Qué estructura abastecía a la Casa del Agua y de dónde provenía el agua?,1,1,Europe,tradition,hard,0
Europe|tradition|Cipotegato,¿Qué es el Cipotegato?,1,1,Europe,tradition,easy,0
Europe|tradition|Cipotegato,¿Cuándo tiene lugar la celebración del Cipotegato?,1,1,Europe,tradition,medium,0
Europe|tradition|Cipotegato,"¿Qué relación tiene el Cipotegato con el antiguo ""Pellexo de Gato"" y cómo ha evolucionado su función a lo largo del tiempo?",2,2,Europe,tradition,hard,0
Europe|tradition|Colegiata de Santa María la Mayor (Briviesca),¿Qué es la Colegiata de Santa María la Mayor?,1,1,Europe,tradition,easy,0
Europe|tradition|Colegiata de Santa María la Mayor (Briviesca),¿Quién fundó la Colegiata de Santa María la Mayor?,1,1,Europe,tradition,medium,0
Europe|tradition|Colegiata de Santa María la Mayor (Briviesca),¿Qué estilos arquitectónicos predominan en la fábrica exterior de la Colegiata de Santa María la Mayor?,2,1,Europe,tradition,hard,0
Europe|tradition|Concatedral de Santa María (Castellón),¿Cómo se llama la concatedral de Castellón?,1,1,Europe,tradition,easy,0
Europe|tradition|Concatedral de Santa María (Castellón),¿En qué siglo se inicia la construcción de la Concatedral de Santa María?,1,1,Europe,tradition,medium,0
Europe|tradition|Concatedral de Santa María (Castellón),¿Qué ocurrió con la Concatedral de Santa María el 24 de julio de 1936 y qué sucedió meses después?,2,2,Europe,tradition,hard,0
Europe|tradition|Boris Berman (pianista),¿Dónde nació Boris Berman?,2,2,Europe,tradition,easy,0
Europe|tradition|Boris Berman (pianista),¿Con quién fue alumno Boris Berman en el Conservatorio de Moscú?,2,2,Europe,tradition,medium,0
Europe|tradition|Boris Berman (pianista),¿Qué orquestas han invitado a Boris Berman como solista y en qué año se le permitió salir de la Unión Soviética?,4,4,Europe,tradition,hard,0
Europe|tradition|Carl I. Hagen,¿Cuándo nació Carl I. Hagen?,1,1,Europe,tradition,easy,0
Europe|tradition|Carl I. Hagen,¿Qué cargo ocupó Carl I. Hagen en el Storting entre 2005 y 2009?,2,2,Europe,tradition,medium,0
Europe|tradition|Carl I. Hagen,¿Qué partido político lideró Carl I. Hagen desde 1978 hasta 2006 y cómo se describe su estilo político?,3,3,Europe,tradition,hard,0
Europe|tradition|Carnaval del Toro,¿Qué es el Carnaval del Toro?,2,2,Europe,tradition,easy,1
Europe|tradition|Carnaval del Toro,¿Qué particularidad tiene el Toro del Aguardiente en el Carnaval del Toro?,1,1,Europe,tradition,medium,0
Europe|tradition|Carnaval del Toro,¿Qué documentos históricos mencionan el Carnaval del Toro y en qué años fueron redactados?,2,1,Europe,tradition,hard,0
Europe|tradition|Corrado Segre,¿Cuándo nació Corrado Segre?,1,1,Europe,tradition,easy,0
Europe|tradition|Corrado Segre,¿Qué cátedra ocupó Corrado Segre durante 36 años?,2,2,Europe,tradition,medium,0
Europe|tradition|Corrado Segre,"¿Por qué se le considera a Corrado Segre el ""padre"" de la Escuela italiana de geometría algebraica?",2,2,Europe,tradition,hard,0
Europe|tradition|Dioniso,¿Quién es Dioniso en la mitología griega?,1,1,Europe,tradition,easy,0
Europe|tradition|Dioniso,¿Qué atributos son comunes en la representación de Dioniso?,3,1,Europe,tradition,medium,0
Europe|tradition|Dioniso,¿Qué celebraciones se realizaban en honor a Dioniso y qué significaban culturalmente?,3,2,Europe,tradition,hard,0
Europe|tradition|Convento de San Francisco (Mahón),¿Qué es el Convento de San Francisco?,1,1,Europe,tradition,easy,0
Europe|tradition|Convento de San Francisco (Mahón),¿En qué año empezó a construirse el Convento de San Francisco?,1,1,Europe,tradition,medium,0
Europe|tradition|Convento de San Francisco (Mahón),¿Qué funciones tuvo el Convento de San Francisco después de la desamortización de 1835?,5,1,Europe,tradition,hard,0
Europe|tradition|César Tiempo,¿Cuál es el nombre real de César Tiempo?,1,1,Europe,tradition,easy,0
Europe|tradition|César Tiempo,¿En qué año César Tiempo obtuvo la ciudadanía argentina?,1,1,Europe,tradition,medium,0
Europe|tradition|César Tiempo,"¿Qué revista fundó y dirigió César Tiempo entre 1937 y 1942, y qué premio recibió en 1937?",5,5,Europe,tradition,hard,0
Europe|tradition|Dominique Strauss-Kahn,¿Cuál es el nombre completo de Dominique Strauss-Kahn?,1,1,Europe,tradition,easy,0
Europe|tradition|Dominique Strauss-Kahn,¿Qué cargo ocupó Dominique Strauss-Kahn en el Fondo Monetario Internacional y en qué fecha comenzó su mandato?,2,2,Europe,tradition,medium,0
Europe|tradition|Dominique Strauss-Kahn,¿Qué partido político representó Dominique Strauss-Kahn y cuáles fueron los años en que ocupó el cargo de ministro de Economía?,3,3,Europe,tradition,hard,0
Europe|tradition|Ernst Würthwein,¿Dónde nació Ernst Würthwein?,1,1,Europe,tradition,easy,0
Europe|tradition|Ernst Würthwein,¿En qué año se doctoró Ernst Würthwein?,1,1,Europe,tradition,medium,0
Europe|tradition|Ernst Würthwein,¿Qué cargo ocupó Ernst Würthwein en la Universidad de Marburg en 1954?,2,2,Europe,tradition,hard,0
Europe|tradition|Cristóbal de Mesa,¿Dónde nació Cristóbal de Mesa?,2,1,Europe,tradition,easy,0
Europe|tradition|Cristóbal de Mesa,¿Qué obra publicó Cristóbal de Mesa en 1615?,2,2,Europe,tradition,medium,0
Europe|tradition|Cristóbal de Mesa,¿Qué relación tuvo Cristóbal de Mesa con Torquato Tasso y cómo influyó en su obra?,5,5,Europe,tradition,hard,2
Europe|tradition|Encierros de Guadalajara,¿Qué es los encierros de Guadalajara?,1,1,Europe,tradition,easy,0
Europe|tradition|Encierros de Guadalajara,¿Cuándo se celebran los encierros de Guadalajara?,1,1,Europe,tradition,medium,0
Europe|tradition|Encierros de Guadalajara,¿Cuál es el origen histórico de los encierros de Guadalajara y en qué año se recuperaron?,2,2,Europe,tradition,hard,0
Europe|tradition|Día de las Instituciones de Cantabria,¿Qué se celebra el 28 de julio en Cantabria?,2,2,Europe,tradition,easy,0
Europe|tradition|Día de las Instituciones de Cantabria,¿En qué lugar se conmemora la constitución de la provincia de Cantabria?,1,1,Europe,tradition,medium,0
Europe|tradition|Día de las Instituciones de Cantabria,¿Cuál es el origen histórico del Día de las Instituciones de Cantabria y qué relación tiene con el pleito de los Nueve Valles?,2,2,Europe,tradition,hard,0
Europe|tradition|Feria de la Miel (Boal),¿Qué es la Feria de la Miel?,1,1,Europe,tradition,easy,0
Europe|tradition|Feria de la Miel (Boal),¿Cuándo se celebra generalmente la Feria de la Miel?,1,1,Europe,tradition,medium,0
Europe|tradition|Feria de la Miel (Boal),¿Qué tipo de productos ha incorporado la Feria de la Miel en los últimos años además de los apícolas?,1,1,Europe,tradition,hard,0
Europe|tradition|Evergislo de Tongres,¿Quién fue San Evergislo de Tongres?,3,1,Europe,tradition,easy,0
Europe|tradition|Evergislo de Tongres,¿Cuándo se celebra la festividad de San Evergislo?,1,1,Europe,tradition,medium,0
Europe|tradition|Evergislo de Tongres,¿Qué relación tuvo San Evergislo con San Severino de Colonia y qué evento significativo ocurrió en Tongres?,5,5,Europe,tradition,hard,0
Europe|tradition|Diego López de Cogolludo,¿Quién fue Diego López de Cogolludo?,4,2,Europe,tradition,easy,0
Europe|tradition|Diego López de Cogolludo,¿Cuál es la obra más conocida de Diego López de Cogolludo?,1,1,Europe,tradition,medium,0
Europe|tradition|Diego López de Cogolludo,"¿Qué fuentes utilizó Diego López de Cogolludo para escribir ""Historia de Yucatán"" y quién revisó su obra antes de su publicación?",4,2,Europe,tradition,hard,0
Europe|tradition|FesTVal,¿Qué es el FesTVal?,1,1,Europe,tradition,easy,0
Europe|tradition|FesTVal,¿Dónde tiene su sede el FesTVal?,1,1,Europe,tradition,medium,0
Europe|tradition|FesTVal,¿Qué organización ejerce el papel de anfitriona del FesTVal y qué se homenajea y se premia en este festival?,3,3,Europe,tradition,hard,0
Europe|tradition|Fin dal principio,"¿Qué es ""Fin dal principio""?",1,1,Europe,tradition,easy,0
Europe|tradition|Fin dal principio,"¿A quién está dirigida la encíclica ""Fin dal principio""?",1,1,Europe,tradition,medium,0
Europe|tradition|Fin dal principio,"¿Qué recomienda el papa León XIII en la encíclica ""Fin dal principio"" respecto a la formación de los futuros sacerdotes?",2,2,Europe,tradition,hard,0
Europe|tradition|Festival Medieval de Elche,¿Qué es el Festival Medieval de Elche?,1,1,Europe,tradition,easy,0
Europe|tradition|Festival Medieval de Elche,¿En qué ciudad se celebra el Festival Medieval de Elche?,1,1,Europe,tradition,medium,0
Europe|tradition|Festival Medieval de Elche,¿Qué tipo de actividades incluye el Festival Medieval de Elche y en qué meses se celebra?,4,2,Europe,tradition,hard,0
Europe|tradition|Festa d'Aran,¿Qué es la Festa d'Aran?,1,1,Europe,tradition,easy,0
Europe|tradition|Festa d'Aran,¿Cuándo se celebra la Festa d'Aran?,1,1,Europe,tradition,medium,0
Europe|tradition|Festa d'Aran,¿Qué eventos incluyen las celebraciones de la Festa d'Aran?,5,1,Europe,tradition,hard,0
Europe|tradition|Diócesis de Copenhague (católica),¿Qué es la Diócesis de Copenhague?,3,3,Europe,tradition,easy,0
Europe|tradition|Diócesis de Copenhague (católica),¿Cuántas parroquias tiene la Diócesis de Copenhague?,1,1,Europe,tradition,medium,0
Europe|tradition|Diócesis de Copenhague (católica),¿Qué idiomas se utilizan para brindar servicios en la Diócesis de Copenhague?,10,1,Europe,tradition,hard,0
Europe|tradition|Fritz Zwicky,¿Quién fue Fritz Zwicky?,4,3,Europe,tradition,easy,0
Europe|tradition|Fritz Zwicky,¿Qué ideas pioneras formuló Fritz Zwicky?,1,1,Europe,tradition,medium,0
Europe|tradition|Fritz Zwicky,¿Qué propuso Fritz Zwicky sobre los cúmulos de galaxias y qué efecto se confirmó en 1979?,3,3,Europe,tradition,hard,0
Europe|tradition|Festival de Cine Fantástico Internacional de París,¿En qué año se creó el Festival de Cine Fantástico Internacional de París?,1,1,Europe,tradition,easy,0
Europe|tradition|Festival de Cine Fantástico Internacional de París,¿Qué tipo de películas se presentan en el Festival de Cine Fantástico Internacional de París?,3,1,Europe,tradition,medium,0
Europe|tradition|Festival de Cine Fantástico Internacional de París,¿Qué evento interrumpió el Festival de Cine Fantástico Internacional de París en 2018 y cuántas películas se presentaron durante esa edición?,3,3,Europe,tradition,hard,0
Europe|tradition|Gonzalo Puente Ojea,¿Dónde nació Gonzalo Puente Ojea?,1,1,Europe,tradition,easy,0
Europe|tradition|Gonzalo Puente Ojea,¿Qué cargo ocupó Gonzalo Puente Ojea en la embajada de España ante la Santa Sede?,1,1,Europe,tradition,medium,0
Europe|tradition|Gonzalo Puente Ojea,¿Qué crítica hizo Gonzalo Puente Ojea sobre la sociedad española en el I Concilio Ateo de Toledo de 2007?,3,3,Europe,tradition,hard,0
Europe|tradition|Haïm Korsia,¿Quién es Haïm Korsia?,1,1,Europe,tradition,easy,0
Europe|tradition|Haïm Korsia,¿Qué cargo ocupa Haïm Korsia desde el 22 de junio de 2014?,2,2,Europe,tradition,medium,0
Europe|tradition|Haïm Korsia,¿Cuál es el origen familiar de Haïm Korsia y qué influencia cultural tiene en su identidad?,2,2,Europe,tradition,hard,0
Europe|tradition|Iglesia católica en Rusia,¿En qué año fue reconocida jurídicamente la Iglesia católica en Rusia?,1,1,Europe,tradition,easy,0
Europe|tradition|Iglesia católica en Rusia,¿Cuántas parroquias católicas existen en Rusia?,1,1,Europe,tradition,medium,0
Europe|tradition|Iglesia católica en Rusia,¿Cuántas diócesis tiene la Iglesia católica en Rusia y cuántas de ellas están ubicadas en Siberia?,2,2,Europe,tradition,hard,0
Europe|tradition|Hoguera de San Roque,¿En qué fecha se quema la Hoguera de San Roque?,1,1,Europe,tradition,easy,0
Europe|tradition|Hoguera de San Roque,¿A quién se quema la Hoguera de San Roque en honor?,1,1,Europe,tradition,medium,0
Europe|tradition|Hoguera de San Roque,¿Cuál es la costumbre asociada a la Hoguera de San Roque relacionada con los animales?,1,1,Europe,tradition,hard,0
Europe|tradition|Jacob Katz,¿Cuándo nació Jacob Katz?,1,1,Europe,tradition,easy,0
Europe|tradition|Jacob Katz,¿Cuál fue una de las ocupaciones de Jacob Katz?,1,1,Europe,tradition,medium,0
Europe|tradition|Jacob Katz,¿Qué obra de Jacob Katz aborda la relación entre judíos y gentiles en tiempos medievales y modernos?,2,2,Europe,tradition,hard,0
Europe|tradition|Iglesia de Nanortalik,¿En qué año fue construida y consagrada la iglesia de Nanortalik?,1,1,Europe,tradition,easy,0
Europe|tradition|Iglesia de Nanortalik,¿Cuál es el estatus de la iglesia de Nanortalik desde 2004?,2,2,Europe,tradition,medium,0
Europe|tradition|Iglesia de Nanortalik,¿Por qué la ciudad de Nanortalik está evaluando la construcción de una iglesia adicional para la congregación?,2,2,Europe,tradition,hard,0
Europe|tradition|Gregorio de Ibi,¿Cuál es el nombre de pila de Gregorio de Ibi?,1,1,Europe,tradition,easy,0
Europe|tradition|Gregorio de Ibi,¿En qué año comenzó la vida religiosa de Gregorio de Ibi?,1,1,Europe,tradition,medium,0
Europe|tradition|Gregorio de Ibi,¿Qué misión se le encomendó a Gregorio de Ibi en 1694 y qué grupo indígena evangelizó?,2,2,Europe,tradition,hard,0
Europe|tradition|Iglesia de Nuestra Señora del Rosario (Vladímir),¿Qué tipo de iglesia es la Iglesia de Nuestra Señora del Rosario en Vladímir?,1,1,Europe,tradition,easy,0
Europe|tradition|Iglesia de Nuestra Señora del Rosario (Vladímir),¿En qué año fue construida la Iglesia de Nuestra Señora del Rosario en Vladímir?,1,1,Europe,tradition,medium,0
Europe|tradition|Iglesia de Nuestra Señora del Rosario (Vladímir),¿Para qué comunidad fue construida la Iglesia de Nuestra Señora del Rosario en Vladímir y en qué año fue cerrada?,2,2,Europe,tradition,hard,0
Europe|tradition|Iglesia baptista de Roma,¿Qué tipo de iglesia es la Iglesia Baptista de Roma?,1,1,Europe,tradition,easy,0
Europe|tradition|Iglesia baptista de Roma,¿En qué año fue adquirida la Iglesia Baptista de Roma por el Junta de Misiones Internacionales?,2,2,Europe,tradition,medium,0
Europe|tradition|Iglesia baptista de Roma,¿Quién fue el pastor que lideró la organización de la Iglesia Baptista de Roma y en qué año se organizó oficialmente?,2,2,Europe,tradition,hard,0
Europe|tradition|Iglesia de la Ascensión (Kolomenskoye),¿Qué es la Iglesia de la Ascensión (Kolomenskoye)?,2,2,Europe,tradition,easy,0
Europe|tradition|Iglesia de la Ascensión (Kolomenskoye),¿En qué años fue construida la Iglesia de la Ascensión (Kolomenskoye)?,2,2,Europe,tradition,medium,0
Europe|tradition|Iglesia de la Ascensión (Kolomenskoye),¿Quién fue el encargado de la construcción de la Iglesia de la Ascensión (Kolomenskoye) y qué relación tiene con el gran duque de Moscú Basilio III?,2,2,Europe,tradition,hard,0
Europe|tradition|Jesús Juárez Párraga,¿Dónde nació Jesús Juárez Párraga?,1,1,Europe,tradition,easy,0
Europe|tradition|Jesús Juárez Párraga,¿Qué cargo ocupó Jesús Juárez Párraga el 25 de junio de 1994?,2,2,Europe,tradition,medium,0
Europe|tradition|Jesús Juárez Párraga,¿Qué lema eligió Jesús Juárez Párraga al ser nombrado obispo titular de Gummi di Proconsolare y quién lo nombró?,2,2,Europe,tradition,hard,0
Europe|tradition|Johanne Luise Heiberg,¿Cuál es la nacionalidad de Johanne Luise Heiberg?,1,1,Europe,tradition,easy,0
Europe|tradition|Johanne Luise Heiberg,¿En qué teatro trabajó Johanne Luise Heiberg?,1,1,Europe,tradition,medium,0
Europe|tradition|Johanne Luise Heiberg,"¿Qué obra escribió Johanne Luise Heiberg que se titula ""Un domingo en Amager"" y en qué año fue publicada?",2,2,Europe,tradition,hard,0
Europe|tradition|Fidel Fuidio,¿Cuál es el nombre completo de Fidel Fuidio?,1,1,Europe,tradition,easy,0
Europe|tradition|Fidel Fuidio,¿En qué año defendió Fidel Fuidio su tesis?,1,1,Europe,tradition,medium,0
Europe|tradition|Fidel Fuidio,¿Qué obra publicó Fidel Fuidio en 1934 y cuál fue su contribución a la arqueología madrileña?,4,4,Europe,tradition,hard,0
Europe|tradition|Juan Duarte Martín,¿Dónde nació Juan Duarte Martín?,1,1,Europe,tradition,easy,0
Europe|tradition|Juan Duarte Martín,¿Qué fue Juan Duarte Martín en su vida religiosa?,1,1,Europe,tradition,medium,0
Europe|tradition|Juan Duarte Martín,¿Cuándo fue beatificado Juan Duarte Martín y bajo qué pontificado?,2,2,Europe,tradition,hard,0
Europe|tradition|Juan Jubí,¿Quién fue Juan Jubí?,1,1,Europe,tradition,easy,0
Europe|tradition|Juan Jubí,¿En qué año consagró Juan Jubí la iglesia de Reus?,2,2,Europe,tradition,medium,0
Europe|tradition|Juan Jubí,¿Qué papel desempeñó Juan Jubí en el concilio de Trento y con quién actuó en representación?,3,2,Europe,tradition,hard,0
Europe|tradition|Josip Bozanić,¿Cuándo nació Josip Bozanić?,1,1,Europe,tradition,easy,0
Europe|tradition|Josip Bozanić,¿Qué cargo ocupó Josip Bozanić antes de ser arzobispo emérito de Zagreb?,2,2,Europe,tradition,medium,0
Europe|tradition|Josip Bozanić,¿Qué títulos académicos posee Josip Bozanić y en qué instituciones los obtuvo?,4,2,Europe,tradition,hard,0
Europe|tradition|José Olallo Valdés,¿Cuándo nació José Olallo Valdés?,1,1,Europe,tradition,easy,0
Europe|tradition|José Olallo Valdés,¿En qué hospital trabajó José Olallo Valdés?,1,1,Europe,tradition,medium,0
Europe|tradition|José Olallo Valdés,¿Qué hizo José Olallo Valdés con el cadáver del Mayor General Ignacio Agramonte y por qué fue significativo?,3,3,Europe,tradition,hard,0
Europe|tradition|Juan García Carpintero,¿Dónde nació Juan García Carpintero?,1,1,Europe,tradition,easy,0
Europe|tradition|Juan García Carpintero,¿En qué año llegó Juan García Carpintero a Manila?,2,2,Europe,tradition,medium,0
Europe|tradition|Juan García Carpintero,"¿Qué hizo Juan García Carpintero en la isla Formosa entre 1633 y 1635, y qué consecuencias tuvo su labor allí?",4,4,Europe,tradition,hard,0
Europe|tradition|Juan Ítalo,¿Dónde nació Juan Ítalo?,1,1,Europe,tradition,easy,0
Europe|tradition|Juan Ítalo,¿Quién fue el profesor de Juan Ítalo?,1,1,Europe,tradition,medium,1
Europe|tradition|Juan Ítalo,¿Qué acusaciones enfrentó Juan Ítalo que llevaron a su condena por herejía?,4,1,Europe,tradition,hard,0
Europe|tradition|Kilometroak,¿Qué es Kilometroak?,1,1,Europe,tradition,easy,0
Europe|tradition|Kilometroak,¿Cuándo se celebra Kilometroak?,1,1,Europe,tradition,medium,0
Europe|tradition|Kilometroak,¿Cuál es el objetivo principal de la fiesta Kilometroak?,1,1,Europe,tradition,hard,0
Europe|tradition|Kurt Hiller,¿Quién fue Kurt Hiller?,1,1,Europe,tradition,easy,0
Europe|tradition|Kurt Hiller,¿Qué seudónimos empleó Kurt Hiller?,2,1,Europe,tradition,medium,0
Europe|tradition|Kurt Hiller,¿Qué organizaciones fundó Kurt Hiller en su compromiso pacifista y social?,2,1,Europe,tradition,hard,0
Europe|tradition|Les Carroces de Valdesoto,¿En qué pueblo se celebra Les Carroces de Valdesoto?,1,1,Europe,tradition,easy,0
Europe|tradition|Les Carroces de Valdesoto,¿Desde qué año se celebra Les Carroces de Valdesoto?,1,1,Europe,tradition,medium,0
Europe|tradition|Les Carroces de Valdesoto,¿Qué distinción recibió Les Carroces de Valdesoto el 15 de noviembre de 2002?,2,2,Europe,tradition,hard,0
Europe|tradition|Les Santes,¿Qué es Les Santes?,1,1,Europe,tradition,easy,0
Europe|tradition|Les Santes,¿Cuándo se celebra Les Santes?,1,1,Europe,tradition,medium,0
Europe|tradition|Les Santes,¿Qué día se celebra la Misa de Gloria y qué año se interpreta por primera vez?,1,1,Europe,tradition,hard,0
Europe|tradition|Maratón de los Cuentos,¿Qué es el Maratón de los Cuentos?,1,1,Europe,tradition,easy,0
Europe|tradition|Maratón de los Cuentos,¿Dónde se realiza el Maratón de los Cuentos?,1,1,Europe,tradition,medium,0
Europe|tradition|Maratón de los Cuentos,¿En qué año se celebró por primera vez el Maratón de los Cuentos y cuántas horas duró esa primera edición?,2,2,Europe,tradition,hard,0
Europe|tradition|Martinez de Pasqually,¿Cuál es el nombre completo de Martinez de Pasqually?,1,1,Europe,tradition,easy,0
Europe|tradition|Martinez de Pasqually,¿En qué año nació Martinez de Pasqually?,1,1,Europe,tradition,medium,0
Europe|tradition|Martinez de Pasqually,¿Qué rito masónico fundó Martinez de Pasqually y qué relación tenía con Jean Baptiste Willermoz y Louis Claude de Saint-Martin?,2,2,Europe,tradition,hard,0
Europe|tradition|Leif Erikson,¿Cuál es el apodo de Leif Erikson?,1,1,Europe,tradition,easy,0
Europe|tradition|Leif Erikson,¿En qué año nació Leif Erikson?,1,1,Europe,tradition,medium,0
Europe|tradition|Leif Erikson,¿Qué asentamiento nórdico estableció Leif Erikson y en qué contexto histórico se considera su descubrimiento?,2,2,Europe,tradition,hard,0
Europe|tradition|Manuel Sancho Aguilar,¿En qué año nació Manuel Sancho Aguilar?,1,1,Europe,tradition,easy,0
Europe|tradition|Manuel Sancho Aguilar,¿Cuál fue una de las obras escritas por Manuel Sancho Aguilar?,1,1,Europe,tradition,medium,0
Europe|tradition|Manuel Sancho Aguilar,¿Qué profesión tenía Manuel Sancho Aguilar y en qué año fue asesinado?,4,2,Europe,tradition,hard,0
Europe|tradition|Mariquelo,¿Qué es el Mariquelo?,3,3,Europe,tradition,easy,0
Europe|tradition|Mariquelo,¿Desde qué año se ha mantenido la tradición del Mariquelo de forma ininterrumpida?,1,1,Europe,tradition,medium,0
Europe|tradition|Mariquelo,¿Quién fue el último Mariquelo auténtico y en qué año dejó de subir al cimbalillo?,3,3,Europe,tradition,hard,0
Europe|tradition|Lirneso,¿Qué era Lirneso en la mitología griega?,2,1,Europe,tradition,easy,0
Europe|tradition|Lirneso,¿Quién gobernaba Lirneso durante la guerra de Troya?,1,1,Europe,tradition,medium,0
Europe|tradition|Lirneso,¿Qué relación tenía Lirneso con la ciudad de Tebas y quién asaltó Lirneso durante la guerra de Troya?,2,2,Europe,tradition,hard,0
Europe|tradition|Lev Rubinstein,¿Dónde nació Lev Rubinstein?,1,1,Europe,tradition,easy,0
Europe|tradition|Lev Rubinstein,¿En qué año se diplomó Lev Rubinstein en filología?,2,2,Europe,tradition,medium,0
Europe|tradition|Lev Rubinstein,"¿Qué movimiento artístico fundó Lev Rubinstein junto con Vsévolod Nekrásov y Dmitri Prígov, y en qué contexto histórico surgió?",3,3,Europe,tradition,hard,0
Europe|tradition|Matija Nenadović,¿Quién fue Matija Nenadović?,3,1,Europe,tradition,easy,0
Europe|tradition|Matija Nenadović,¿Qué cargo ocupó Matija Nenadović en Serbia entre 1805 y 1807?,2,2,Europe,tradition,medium,0
Europe|tradition|Matija Nenadović,¿Cuál fue el papel de Matija Nenadović en el Primer Levantamiento Serbio y qué hizo en el Congreso de Viena?,4,4,Europe,tradition,hard,0
Europe|tradition|Monasterio de Santa María de la Caridad,¿Qué es el Monasterio de Santa María de la Caridad?,1,1,Europe,tradition,easy,0
Europe|tradition|Monasterio de Santa María de la Caridad,¿En qué año comenzó la vida comunitaria en el Monasterio de Santa María de la Caridad?,1,1,Europe,tradition,medium,0
Europe|tradition|Monasterio de Santa María de la Caridad,¿Cuál es el significado histórico del Monasterio de Santa María de la Caridad en relación con el Císter en España?,1,1,Europe,tradition,hard,0
Europe|tradition|Mirra Komarovsky,¿Cuándo nació Mirra Komarovsky?,1,1,Europe,tradition,easy,0
Europe|tradition|Mirra Komarovsky,¿Qué título académico obtuvo Mirra Komarovsky en 1940?,2,2,Europe,tradition,medium,0
Europe|tradition|Mirra Komarovsky,¿Qué obra de Mirra Komarovsky se basa en un estudio intensivo de familias desempleadas y fue publicada en 1940?,3,3,Europe,tradition,hard,0
Europe|tradition|Nodicia de kesos,¿Qué es la Nodicia de Kesos?,1,1,Europe,tradition,easy,0
Europe|tradition|Nodicia de kesos,¿En qué lugar apareció la Nodicia de Kesos?,1,1,Europe,tradition,medium,0
Europe|tradition|Nodicia de kesos,¿Qué importancia tiene la Nodicia de Kesos en el contexto de la evolución de las lenguas románicas ibéricas?,2,2,Europe,tradition,hard,0
Europe|tradition|Nuestra Señora de Rocamadour,¿Qué es Nuestra Señora de Rocamadour?,1,1,Europe,tradition,easy,0
Europe|tradition|Nuestra Señora de Rocamadour,¿Dónde se encuentra Nuestra Señora de Rocamadour?,1,1,Europe,tradition,medium,0
Europe|tradition|Nuestra Señora de Rocamadour,¿Qué festividad mariana destaca en el Santuario de Nuestra Señora de Rocamadour?,2,2,Europe,tradition,hard,0
Europe|tradition|Museo de Semana Santa de Zamora,¿Cuándo se abrió al público el Museo de Semana Santa de Zamora?,1,1,Europe,tradition,easy,0
Europe|tradition|Museo de Semana Santa de Zamora,¿Cuántos pasos procesionales expone el Museo de Semana Santa de Zamora?,1,1,Europe,tradition,medium,0
Europe|tradition|Museo de Semana Santa de Zamora,¿Qué porcentaje del presupuesto total para la remodelación del Museo de Semana Santa de Zamora será aportado por la Junta de Castilla y León?,2,2,Europe,tradition,hard,0
Europe|tradition|Nuño Coresma,¿Cuál es el nombre latinizado de Nuño Coresma?,1,1,Europe,tradition,easy,0
Europe|tradition|Nuño Coresma,¿En qué año partió Nuño Coresma hacia las Indias Orientales?,2,2,Europe,tradition,medium,0
Europe|tradition|Nuño Coresma,¿Qué situación enfrentó Nuño Coresma y sus compañeros durante su expedición a Tsaparang en 1635?,2,2,Europe,tradition,hard,0
Europe|tradition|Meiga,¿Qué es una meiga?,3,3,Europe,tradition,easy,0
Europe|tradition|Meiga,¿Cuál es la diferencia principal entre una meiga y una bruxa según el antropólogo Carmelo Lisón Tolosana?,5,5,Europe,tradition,medium,0
Europe|tradition|Meiga,¿Qué cambios se observan en la percepción de las meigas y brujas en Galicia a finales del siglo XVI y principios del siglo XVII?,5,5,Europe,tradition,hard,0
Europe|tradition|Leopold Zunz,¿Dónde nació Leopold Zunz?,1,1,Europe,tradition,easy,0
Europe|tradition|Leopold Zunz,¿En qué año fue fundada la Verein fur Kultur und Wissenschaft der Juden por Leopold Zunz?,2,2,Europe,tradition,medium,0
Europe|tradition|Leopold Zunz,¿Qué obra publicada por Leopold Zunz en 1832 es considerada el libro judío más importante del siglo XIX y qué tema aborda?,4,4,Europe,tradition,hard,0
Europe|tradition|Ossip Zadkine,¿Dónde nació Ossip Zadkine?,1,1,Europe,tradition,easy,0
Europe|tradition|Ossip Zadkine,¿En qué año expuso por vez primera Ossip Zadkine?,1,1,Europe,tradition,medium,0
Europe|tradition|Ossip Zadkine,¿Qué influencia tuvo Ossip Zadkine en los escultores posteriores a la Segunda Guerra Mundial y en qué año ganó el primer premio de escultura en la Biennale de Venecia?,2,2,Europe,tradition,hard,0
Europe|tradition|Pablo León Murciego,¿Dónde nació Pablo León Murciego?,1,1,Europe,tradition,easy,0
Europe|tradition|Pablo León Murciego,¿En qué año se ordenó presbítero Pablo León Murciego?,1,1,Europe,tradition,medium,0
Europe|tradition|Pablo León Murciego,¿Qué cargo ocupó Pablo León Murciego en la parroquia de Santa María de Astorga y durante cuántos años lo ejerció?,3,3,Europe,tradition,hard,0
Europe|tradition|Nuestra Señora de la Puerta del Alba,¿Qué es Nuestra Señora de la Puerta del Alba?,4,3,Europe,tradition,easy,0
Europe|tradition|Nuestra Señora de la Puerta del Alba,¿En qué año fue coronada canónicamente Nuestra Señora de la Puerta del Alba por el Papa Pío XI?,2,2,Europe,tradition,medium,0
Europe|tradition|Nuestra Señora de la Puerta del Alba,¿Qué evento histórico se relaciona con la intervención de Nuestra Señora de la Puerta del Alba en 1702 y qué consecuencia tuvo para el ejército sueco?,3,3,Europe,tradition,hard,0
Europe|tradition|Pedro de Alva,¿Cuál es el nombre completo de Pedro de Alva?,1,1,Europe,tradition,easy,0
Europe|tradition|Pedro de Alva,¿En qué año nació Pedro de Alva?,1,1,Europe,tradition,medium,0
Europe|tradition|Pedro de Alva,¿Qué cargo ocupó Pedro de Alva en 1654 y en qué ciudad montó una imprenta para editar sus obras?,2,2,Europe,tradition,hard,0
Europe|tradition|Neócoro,¿Qué es un neócoro?,3,2,Europe,tradition,easy,0
Europe|tradition|Neócoro,¿Cuál era la responsabilidad principal de un neócoro en los templos griegos?,1,1,Europe,tradition,medium,0
Europe|tradition|Neócoro,¿Cómo evolucionó el papel del neócoro desde su origen en los templos griegos hasta su reconocimiento en la era imperial romana?,6,5,Europe,tradition,hard,0
Europe|tradition|Pértiga (liturgia),¿Qué es una pértiga en el contexto de las tradiciones católicas de España?,2,2,Europe,tradition,easy,0
Europe|tradition|Pértiga (liturgia),¿Desde qué siglo se tiene constancia del uso de pértigas en las tradiciones católicas de España?,1,1,Europe,tradition,medium,0
Europe|tradition|Pértiga (liturgia),¿Cómo se consolidó el uso de la pértiga en las procesiones españolas y qué antecedentes tuvo en el siglo XIX?,2,2,Europe,tradition,hard,0
Europe|tradition|Raquel Liberman,¿Dónde nació Raquel Liberman?,1,1,Europe,tradition,easy,0
Europe|tradition|Raquel Liberman,¿Qué red de trata logró deshacer Raquel Liberman?,1,1,Europe,tradition,medium,0
Europe|tradition|Raquel Liberman,¿Qué fecha radicó Raquel Liberman la denuncia contra la Zwi Migdal y quién fue el comisario que la ayudó?,2,2,Europe,tradition,hard,0
Europe|tradition|Peter Binsfeld,¿Quién fue Peter Binsfeld?,3,2,Europe,tradition,easy,0
Europe|tradition|Peter Binsfeld,¿En qué obra escribió Peter Binsfeld sobre las confesiones de los hechiceros y de las brujas?,2,2,Europe,tradition,medium,0
Europe|tradition|Peter Binsfeld,¿Qué afirmaba Peter Binsfeld sobre las confesiones de las presuntas brujas y cómo se relaciona esto con su obra publicada en 1589?,3,3,Europe,tradition,hard,0
Europe|tradition|Piñeiro (Puebla de Trives),¿Cuál es el nombre oficial de Piñeiro?,1,1,Europe,tradition,easy,0
Europe|tradition|Piñeiro (Puebla de Trives),¿En qué provincia se encuentra Piñeiro?,1,1,Europe,tradition,medium,0
Europe|tradition|Piñeiro (Puebla de Trives),¿Qué tipo de entidad es Piñeiro y cuántas entidades de población la conforman?,2,2,Europe,tradition,hard,0
Europe|tradition|Religiosas Terciarias Trinitarias,¿Qué es la Comunidad de Religiosas Terciarias Trinitarias?,1,1,Europe,tradition,easy,0
Europe|tradition|Religiosas Terciarias Trinitarias,¿Quién fundó la Comunidad de Religiosas Terciarias Trinitarias?,1,1,Europe,tradition,medium,0
Europe|tradition|Religiosas Terciarias Trinitarias,¿Cuál fue el propósito de la fundación de las Religiosas Terciarias Trinitarias y qué actividades desarrollan en la actualidad?,2,2,Europe,tradition,hard,0
Europe|tradition|Sancho de Moncada,¿Dónde nació Sancho de Moncada?,1,1,Europe,tradition,easy,0
Europe|tradition|Sancho de Moncada,¿Qué cátedra ocupó Sancho de Moncada en la Universidad de Toledo?,2,2,Europe,tradition,medium,0
Europe|tradition|Sancho de Moncada,¿Qué obra principal escribió Sancho de Moncada y en qué año fue publicada?,2,2,Europe,tradition,hard,0
Europe|tradition|Sankt Augustins Kirke,¿Qué tipo de iglesia es Sankt Augustins Kirke?,1,1,Europe,tradition,easy,0
Europe|tradition|Sankt Augustins Kirke,¿En qué año fue completada Sankt Augustins Kirke?,1,1,Europe,tradition,medium,0
Europe|tradition|Sankt Augustins Kirke,¿Quién diseñó Sankt Augustins Kirke y qué otro edificio importante había diseñado anteriormente?,3,2,Europe,tradition,hard,0
Europe|tradition|Santuario de Fátima,¿Qué es el Santuario de Fátima?,1,1,Europe,tradition,easy,0
Europe|tradition|Santuario de Fátima,¿A cuántos kilómetros de la ciudad de Ourém está situado el Santuario de Fátima?,1,1,Europe,tradition,medium,0
Europe|tradition|Santuario de Fátima,¿Cuáles son algunos de los principales componentes del Santuario de Fátima?,3,1,Europe,tradition,hard,0
Europe|tradition|Palas (gigante),¿Quién es Palas en la mitología griega?,1,1,Europe,tradition,easy,0
Europe|tradition|Palas (gigante),¿Con quién está vinculado Palas en la mitología griega?,2,1,Europe,tradition,medium,0
Europe|tradition|Palas (gigante),¿Qué ocurrió durante la Gigantomaquia con Palas y Atenea?,2,2,Europe,tradition,hard,0
Europe|tradition|Uriel da Costa,¿Cuál es el año de nacimiento de Uriel da Costa?,1,1,Europe,tradition,easy,0
Europe|tradition|Uriel da Costa,¿En qué universidad estudió Uriel da Costa?,1,1,Europe,tradition,medium,0
Europe|tradition|Uriel da Costa,¿Qué obra escribió Uriel da Costa que narra su experiencia vital y su relación con la comunidad judía?,1,1,Europe,tradition,hard,0
Europe|tradition|Petición antisemita,¿Qué es la petición antisemita?,3,3,Europe,tradition,easy,0
Europe|tradition|Petición antisemita,¿Quiénes fueron algunos de los principales inspiradores de la petición antisemita?,5,1,Europe,tradition,medium,0
Europe|tradition|Petición antisemita,¿Cuáles eran algunas de las demandas específicas de la petición antisemita?,3,1,Europe,tradition,hard,0
Europe|tradition|Targitao,¿Quién fue Targitao en la mitología griega?,1,1,Europe,tradition,easy,0
Europe|tradition|Targitao,¿De quién era hijo Targitao según la mitología griega?,1,1,Europe,tradition,medium,0
Europe|tradition|Targitao,¿Qué relación tiene Targitao con Heródoto y qué se dice sobre su origen?,2,2,Europe,tradition,hard,0
Europe|tradition|Sunday Assembly,¿Qué es Sunday Assembly?,1,1,Europe,tradition,easy,0
Europe|tradition|Sunday Assembly,¿Cuántos lugares alrededor del mundo se establecieron Sunday Assembly hasta diciembre de 2019?,2,2,Europe,tradition,medium,0
Europe|tradition|Sunday Assembly,¿Quiénes cofundaron Sunday Assembly y en qué año se fundó?,3,2,Europe,tradition,hard,0
Europe|tradition|Tserkvas de madera de la región de los Cárpatos en Polonia y Ucrania,¿Qué son las tserkvas de madera de la región de los Cárpatos en Polonia y Ucrania?,1,1,Europe,tradition,easy,0
Europe|tradition|Tserkvas de madera de la región de los Cárpatos en Polonia y Ucrania,¿En qué países están ubicadas las tserkvas de madera de la región de los Cárpatos?,2,1,Europe,tradition,medium,0
Europe|tradition|Tserkvas de madera de la región de los Cárpatos en Polonia y Ucrania,¿En qué año fueron inscritas las tserkvas de madera de la región de los Cárpatos en la lista de Patrimonio de la Humanidad de la Unesco?,1,1,Europe,tradition,hard,0
LATAM|dish|Alcitrón,¿Qué fruta se utiliza para elaborar el alcitrón?,1,1,LATAM,dish,easy,0
LATAM|dish|Alcitrón,"¿Quién llevó la receta del alcitrón a Siguatepeque, Honduras?",1,1,LATAM,dish,medium,0
LATAM|dish|Alcitrón,¿Cuáles son las diferencias entre el alcitrón elaborado en Honduras y el acitrón elaborado en México?,1,1,LATAM,dish,hard,0
LATAM|dish|Astor Birra,¿Qué es Astor Birra?,1,1,LATAM,dish,easy,0
LATAM|dish|Astor Birra,¿En qué ciudad se elabora Astor Birra?,1,1,LATAM,dish,medium,0
LATAM|dish|Astor Birra,¿Qué premio obtuvo Astor Birra en la Copa Argentina de Cervezas en 2021 y qué significa esto en el contexto de la cervecería en Argentina?,2,2,LATAM,dish,hard,0
Europe|tradition|SoKo (cantante),¿Cuál es el nombre artístico de Stéphanie Sokolinski?,1,1,Europe,tradition,easy,0
Europe|tradition|SoKo (cantante),¿Qué canción de SoKo alcanzó el decimoprimer puesto en las encuestas en Bélgica en 2008?,4,4,Europe,tradition,medium,0
Europe|tradition|SoKo (cantante),¿Qué decisión tomó SoKo respecto a su carrera musical después de terminar su gira en Australia y qué motivo dio para ello?,4,4,Europe,tradition,hard,0
Europe|tradition|Templo de Némesis,¿Qué es el Templo de Némesis?,3,3,Europe,tradition,easy,0
Europe|tradition|Templo de Némesis,¿Cuándo comenzó la construcción del tercer templo de Némesis?,1,1,Europe,tradition,medium,0
Europe|tradition|Templo de Némesis,¿Qué relación tiene el Templo de Némesis con la derrota aqueménida en la batalla de Maratón?,2,2,Europe,tradition,hard,0
Europe|tradition|Vaca enmaromada de Palazuelo de Vedija,¿Qué es la Vaca enmaromada de Palazuelo de Vedija?,1,1,Europe,tradition,easy,0
Europe|tradition|Vaca enmaromada de Palazuelo de Vedija,¿En qué fecha se celebra la Vaca enmaromada de Palazuelo de Vedija?,1,1,Europe,tradition,medium,0
Europe|tradition|Vaca enmaromada de Palazuelo de Vedija,¿Qué significados culturales y reconocimientos ha tenido la Vaca enmaromada de Palazuelo de Vedija a lo largo de su historia?,3,2,Europe,tradition,hard,0
LATAM|dish|Escuís,¿Qué es Escuís?,1,1,LATAM,dish,easy,0
LATAM|dish|Escuís,¿En qué año fue introducido Escuís al mercado?,1,1,LATAM,dish,medium,0
LATAM|dish|Escuís,¿Qué compañía fue la creadora de Escuís y quién lo produce actualmente?,2,2,LATAM,dish,hard,0
LATAM|dish|Frejol colado,¿Qué es el frejol colado?,2,2,LATAM,dish,easy,1
LATAM|dish|Frejol colado,¿Qué legumbre se emplea en la preparación del frejol colado?,1,1,LATAM,dish,medium,0
LATAM|dish|Frejol colado,¿Quiénes desarrollaron el frejol colado y cómo se denominaban originalmente?,2,2,LATAM,dish,hard,0
LATAM|dish|Gastronomía de Arequipa,¿Cuántas variedades de platos típicos ha registrado la gastronomía de Arequipa?,1,1,LATAM,dish,easy,0
LATAM|dish|Gastronomía de Arequipa,¿Qué tipo de dieta tiene la gastronomía de Arequipa para cada día de la semana?,1,1,LATAM,dish,medium,0
LATAM|dish|Gastronomía de Arequipa,¿Qué características hacen que la gastronomía de Arequipa sobresalga en comparación con otras localidades del Perú?,1,1,LATAM,dish,hard,0
LATAM|dish|Canelazo,¿Qué es el canelazo?,1,1,LATAM,dish,easy,0
LATAM|dish|Canelazo,¿Con qué ingredientes se prepara tradicionalmente el canelazo en Colombia?,3,1,LATAM,dish,medium,1
LATAM|dish|Canelazo,¿En qué países se consume el canelazo y en qué contexto es especialmente popular en Ecuador?,6,2,LATAM,dish,hard,0
LATAM|dish|Carbonada,¿En qué tipo de recipiente se realiza la carbonada?,2,2,LATAM,dish,easy,0
LATAM|dish|Carbonada,¿Qué consistencia debe obtener el caldo y los ingredientes de la carbonada al hervir?,1,1,LATAM,dish,medium,0
LATAM|dish|Carbonada,¿Qué ingredientes se identifican claramente en la carbonada criolla y cuál es su importancia cultural?,1,1,LATAM,dish,hard,0
LATAM|dish|Canna indica,¿Qué es Canna indica?,2,2,LATAM,dish,easy,0
LATAM|dish|Canna indica,¿En qué regiones es originaria Canna indica?,1,1,LATAM,dish,medium,0
LATAM|dish|Canna indica,¿Qué usos alimenticios se le da a Canna indica en Colombia y cómo se relaciona con su producción de almidón?,7,3,LATAM,dish,hard,0
LATAM|dish|Fainá,¿Qué es la fainá?,6,2,LATAM,dish,easy,1
LATAM|dish|Fainá,¿En qué país se considera que las primeras fainás fueron elaboradas en un horno construido por Nicola Vaccarezza?,2,2,LATAM,dish,medium,0
LATAM|dish|Fainá,¿Qué variaciones de la fainá se conocen en Italia y cómo se relacionan con su historia en Argentina y Uruguay?,8,4,LATAM,dish,hard,0
LATAM|dish|Instituto de la Uva de la UCLA,¿En qué año fue fundado el Instituto de la Uva de la UCLA?,1,1,LATAM,dish,easy,0
LATAM|dish|Instituto de la Uva de la UCLA,¿Cuál es el objetivo fundamental del Instituto de la Uva de la UCLA?,1,1,LATAM,dish,medium,0
LATAM|dish|Instituto de la Uva de la UCLA,¿Qué actividades desarrolla el Instituto de la Uva de la UCLA y en qué año se consolida su infraestructura física?,5,2,LATAM,dish,hard,0
LATAM|dish|Gastronomía de la República Dominicana,¿Cuál es el plato nacional de la República Dominicana?,1,1,LATAM,dish,easy,0
LATAM|dish|Gastronomía de la República Dominicana,"¿Qué ingredientes componen el plato nacional ""La Bandera""?",4,1,LATAM,dish,medium,0
LATAM|dish|Gastronomía de la República Dominicana,"¿Qué se suele acompañar con ""La Bandera"" y en qué contexto se consume principalmente?",4,2,LATAM,dish,hard,0
LATAM|dish|Gastronomía de Tlaxcala,¿Qué alimento tradicional de la gastronomía de Tlaxcala se elabora a partir de maíz?,1,1,LATAM,dish,easy,0
LATAM|dish|Gastronomía de Tlaxcala,¿Qué platillo de la gastronomía tlaxcalteca se elabora con gusanos de maguey?,2,2,LATAM,dish,medium,1
LATAM|dish|Gastronomía de Tlaxcala,¿Qué platillo típico de la gastronomía tlaxcalteca es procedente de Chiautempan y Contla y está relacionado con la diosa Toci?,4,3,LATAM,dish,hard,1
LATAM|dish|Perú Cola,¿Qué es Perú Cola?,1,1,LATAM,dish,easy,0
LATAM|dish|Perú Cola,¿Quién fue el creador de Perú Cola?,1,1,LATAM,dish,medium,0
LATAM|dish|Perú Cola,¿Qué evento significativo ocurrió el 16 de mayo de 2018 relacionado con Perú Cola?,2,2,LATAM,dish,hard,0
LATAM|dish|Grisín,¿Qué es un grisín?,2,2,LATAM,dish,easy,0
LATAM|dish|Grisín,¿Cómo se describe la forma y textura de un grisín?,2,2,LATAM,dish,medium,0
LATAM|dish|Grisín,¿Qué nombres recibe el grisín en diferentes países de habla hispana?,5,1,LATAM,dish,hard,0
LATAM|dish|Pastel de choclo,¿Qué es el pastel de choclo?,2,2,LATAM,dish,easy,0
LATAM|dish|Pastel de choclo,¿Cuáles son algunos ingredientes que se pueden agregar al pastel de choclo en su preparación?,4,1,LATAM,dish,medium,0
LATAM|dish|Pastel de choclo,¿Cuál es el contexto histórico del origen del pastel de choclo y quiénes se cree que lo crearon?,3,3,LATAM,dish,hard,0
LATAM|dish|Menudo (comida),¿Qué es el menudo?,1,1,LATAM,dish,easy,0
LATAM|dish|Menudo (comida),¿Cuáles son algunos ingredientes básicos que se utilizan en la preparación del menudo?,5,1,LATAM,dish,medium,0
LATAM|dish|Menudo (comida),¿Qué variaciones del menudo existen en México y cómo se diferencian entre sí?,4,1,LATAM,dish,hard,0
LATAM|dish|Tumba negro,¿Qué es el tumba negro?,4,3,LATAM,dish,easy,0
LATAM|dish|Tumba negro,¿Cuáles son los ingredientes principales del tumba negro?,2,1,LATAM,dish,medium,0
LATAM|dish|Tumba negro,¿Quién inventó el tumba negro y qué motivó su creación?,4,4,LATAM,dish,hard,0
LATAM|dish|aguado de gallina,¿Qué es el aguado de gallina?,2,2,LATAM,dish,easy,0
LATAM|dish|aguado de gallina,¿Con qué ingredientes se prepara el aguado de gallina?,2,1,LATAM,dish,medium,0
LATAM|dish|aguado de gallina,¿Cómo se sirve el aguado de gallina en los almuerzos familiares?,1,1,LATAM,dish,hard,0
LATAM|dish|aguardiente,¿Qué es el aguardiente?,1,1,LATAM,dish,easy,0
LATAM|dish|aguardiente,¿De qué provienen los aguardientes?,1,1,LATAM,dish,medium,0
LATAM|dish|aguardiente,¿Qué se atribuye a Arnau de Vilanova en relación con el aguardiente y qué nombre se le daba debido a su baja inflamabilidad?,2,2,LATAM,dish,hard,0
LATAM|dish|Rocoto relleno,¿Qué es el rocoto relleno?,4,4,LATAM,dish,easy,0
LATAM|dish|Rocoto relleno,¿Cuáles son algunos de los ingredientes que se utilizan en la preparación del rocoto relleno?,6,1,LATAM,dish,medium,0
LATAM|dish|Rocoto relleno,¿Qué evento significativo relacionado con el rocoto relleno se llevó a cabo en Arequipa en 2016?,5,4,LATAM,dish,hard,0
LATAM|dish|arrollado de huaso,¿Qué es el arrollado de huaso?,2,2,LATAM,dish,easy,0
LATAM|dish|arrollado de huaso,¿Qué tipo de carne se utiliza en el arrollado de huaso?,1,1,LATAM,dish,medium,0
LATAM|dish|arrollado de huaso,¿En qué época tiene su origen el arrollado de huaso y qué grupo lo preparaba?,2,2,LATAM,dish,hard,0
LATAM|dish|Vino de Uruguay,¿Qué es el vino de Uruguay?,1,1,LATAM,dish,easy,0
LATAM|dish|Vino de Uruguay,¿Cuáles son las principales zonas vitivinícolas de Uruguay?,10,2,LATAM,dish,medium,0
LATAM|dish|Vino de Uruguay,¿Qué impacto tuvo Don Pascual Harriague en la industria vitivinícola uruguaya?,3,3,LATAM,dish,hard,0
LATAM|dish|Tarefero,¿Qué es un tarefero?,4,4,LATAM,dish,easy,0
LATAM|dish|Tarefero,¿Qué problemática atraviesan las personas que realizan la tarea de tarefero en Misiones?,4,1,LATAM,dish,medium,0
LATAM|dish|Tarefero,"¿Qué evento se celebra anualmente en la localidad de Concepción de la Sierra, Misiones, relacionado con los tareferos?",3,3,LATAM,dish,hard,0
LATAM|dish|bar cinzano,¿Qué tipo de establecimiento es el Bar Cinzano?,1,1,LATAM,dish,easy,0
LATAM|dish|bar cinzano,¿Dónde se ubica el Bar Cinzano?,1,1,LATAM,dish,medium,0
LATAM|dish|bar cinzano,¿Quién adquirió el Bar Cinzano en 1978 y qué transformación realizó en el local?,3,3,LATAM,dish,hard,0
LATAM|dish|aulacomya atra,¿Qué tipo de organismo es Aulacomya atra?,1,1,LATAM,dish,easy,0
LATAM|dish|aulacomya atra,¿En qué países se encuentra Aulacomya atra?,2,1,LATAM,dish,medium,0
LATAM|dish|aulacomya atra,¿Cuál es la distribución de Aulacomya atra en el Atlántico americano y qué importancia tuvo en las poblaciones cazadoras recolectoras de la Patagonia?,3,3,LATAM,dish,hard,0
LATAM|dish|avena fatua,¿Qué tipo de planta es la avena fatua?,2,2,LATAM,dish,easy,0
LATAM|dish|avena fatua,¿Quién describió la avena fatua y en qué obra fue publicado?,2,2,LATAM,dish,medium,0
LATAM|dish|avena fatua,¿En qué hábitats se puede encontrar la avena fatua y en qué regiones se distribuye?,4,2,LATAM,dish,hard,0
LATAM|dish|beso de moza,¿Qué es el beso de moza?,1,1,LATAM,dish,easy,0
LATAM|dish|beso de moza,¿De qué está compuesto el beso de moza?,2,2,LATAM,dish,medium,0
LATAM|dish|beso de moza,¿Cómo se conoce el beso de moza en Colombia y qué nombre se le da en Ecuador?,2,1,LATAM,dish,hard,0
LATAM|dish|ajillo,¿Qué es el ajillo?,3,2,LATAM,dish,easy,0
LATAM|dish|ajillo,¿Qué ingredientes se le agregan al ajillo en la preparación de platos?,1,1,LATAM,dish,medium,0
LATAM|dish|ajillo,"¿Qué platos incluyen la preparación ""al ajillo"" y qué ingredientes adicionales se utilizan en su elaboración?",6,2,LATAM,dish,hard,0
LATAM|dish|blepharocalyx salicifolius,¿Qué tipo de planta es Blepharocalyx salicifolius?,1,1,LATAM,dish,easy,0
LATAM|dish|blepharocalyx salicifolius,¿En qué región es originario Blepharocalyx salicifolius?,1,1,LATAM,dish,medium,0
LATAM|dish|blepharocalyx salicifolius,¿Qué características distintivas presenta el cáliz de Blepharocalyx salicifolius y quién lo describió?,2,2,LATAM,dish,hard,0
LATAM|dish|bar el hacha,¿Dónde está ubicado el Bar El Hacha?,1,1,LATAM,dish,easy,0
LATAM|dish|bar el hacha,¿Qué tipo de establecimiento fue inaugurado como el Bar El Hacha?,1,1,LATAM,dish,medium,0
LATAM|dish|bar el hacha,"¿Qué evento histórico llevó a que el Bar El Hacha fuera identificado como la ""esquina del hacha""?",3,3,LATAM,dish,hard,0
LATAM|dish|borgoña (bebida),¿Qué es el borgoña?,1,1,LATAM,dish,easy,0
LATAM|dish|borgoña (bebida),¿Con qué ingredientes se elabora el borgoña?,3,1,LATAM,dish,medium,0
LATAM|dish|borgoña (bebida),¿Cuál es la relación histórica del borgoña con el pueblo mapuche?,1,1,LATAM,dish,hard,0
LATAM|dish|capias,¿Qué es una capia?,3,2,LATAM,dish,easy,0
LATAM|dish|capias,¿Con qué se rellenan las capias?,1,1,LATAM,dish,medium,1
LATAM|dish|capias,¿Qué tipo de harina se utiliza para hacer las capias de los departamentos de Santa María y Belén en Catamarca?,2,2,LATAM,dish,hard,0
LATAM|dish|carne mechada (estofado),¿Qué es la carne mechada?,3,3,LATAM,dish,easy,0
LATAM|dish|carne mechada (estofado),¿Con qué tipo de carne se elabora comúnmente la carne mechada en Venezuela y Colombia?,4,2,LATAM,dish,medium,0
LATAM|dish|carne mechada (estofado),¿Qué variante de carne mechada se utiliza en el estado Lara de Venezuela y cómo se prepara?,4,4,LATAM,dish,hard,0
LATAM|dish|cerveza paceña,¿Qué es la cerveza Paceña?,1,1,LATAM,dish,easy,0
LATAM|dish|cerveza paceña,¿Quién elabora la cerveza Paceña?,1,1,LATAM,dish,medium,1
LATAM|dish|cerveza paceña,¿Desde qué año se remonta la historia de la cerveza Paceña y qué características tiene su producción en altura?,2,2,LATAM,dish,hard,0
LATAM|dish|ceviche peruano,¿Qué es el ceviche peruano?,1,1,LATAM,dish,easy,0
LATAM|dish|ceviche peruano,¿En qué tipo de restaurante se sirve el ceviche peruano?,1,1,LATAM,dish,medium,0
LATAM|dish|ceviche peruano,¿Cuál es la cultura que se menciona como origen del ceviche peruano y qué ingredientes se añadieron con la presencia hispánica?,3,2,LATAM,dish,hard,0
LATAM|dish|caburé (comida),¿Qué es el caburé?,3,2,LATAM,dish,easy,0
LATAM|dish|caburé (comida),¿Qué ingredientes debe tener el caburé?,3,1,LATAM,dish,medium,0
LATAM|dish|caburé (comida),¿En qué evento se celebra la Fiesta Provincial del Caburé y qué se puede probar allí?,6,3,LATAM,dish,hard,1
LATAM|dish|casa de la virreina,¿Qué es la Casa de la Virreina en la escena gastronómica de México?,2,2,LATAM,dish,easy,0
LATAM|dish|casa de la virreina,¿En qué año fue terminada la Casa de la Virreina?,1,1,LATAM,dish,medium,0
LATAM|dish|casa de la virreina,¿Qué capacidad tiene el Salón Virrey de la Casa de la Virreina y qué importancia histórica tiene este lugar?,2,2,LATAM,dish,hard,0
LATAM|dish|cangrejo reventado,¿Qué es el cangrejo reventado?,2,2,LATAM,dish,easy,0
LATAM|dish|cangrejo reventado,¿Con qué se sirve el cangrejo reventado?,1,1,LATAM,dish,medium,0
LATAM|dish|cangrejo reventado,¿Qué ingredientes se utilizan para elaborar el cangrejo reventado?,4,1,LATAM,dish,hard,1
LATAM|dish|casado (plato),¿Qué es el casado?,1,1,LATAM,dish,easy,0
LATAM|dish|casado (plato),¿En qué década se consolidó el plato casado?,1,1,LATAM,dish,medium,0
LATAM|dish|casado (plato),¿Qué influencias gastronómicas combina el casado y cuáles son algunos de sus ingredientes?,6,2,LATAM,dish,hard,0
LATAM|dish|café de paraguay,¿En qué siglo comenzó la producción de café en Paraguay?,1,1,LATAM,dish,easy,0
LATAM|dish|café de paraguay,¿Cuántos cafetos había en Paraguay en 1889?,2,2,LATAM,dish,medium,0
LATAM|dish|café de paraguay,¿Qué se suponía sobre el café producido en Paraguay en comparación con el café producido en Brasil?,1,1,LATAM,dish,hard,0
LATAM|dish|chepina peralta,¿Cuál es el nombre completo de Chepina Peralta?,1,1,LATAM,dish,easy,0
LATAM|dish|chepina peralta,¿En qué año inició su carrera Chepina Peralta en televisión?,1,1,LATAM,dish,medium,0
LATAM|dish|chepina peralta,¿Cuántos programas de televisión y de radio realizó Chepina Peralta a lo largo de su carrera?,2,2,LATAM,dish,hard,0
LATAM|dish|cervezas de méxico,¿Qué bebida tiene una larga historia como bebida fermentada en México?,1,1,LATAM,dish,easy,0
LATAM|dish|cervezas de méxico,¿Cuál es el sexto lugar a nivel mundial en consumo de cerveza?,1,1,LATAM,dish,medium,0
LATAM|dish|cervezas de méxico,¿Qué dos grupos cerveceros fueron responsables de la producción de la mayoría de las cervezas antes mexicanas?,2,1,LATAM,dish,hard,0
LATAM|dish|chuchuhuasi (licor),¿Qué tipo de bebida es el chuchuhuasi?,1,1,LATAM,dish,easy,0
LATAM|dish|chuchuhuasi (licor),¿En qué se basa la preparación del chuchuhuasi?,1,1,LATAM,dish,medium,0
LATAM|dish|chuchuhuasi (licor),¿En qué países se consume el chuchuhuasi y qué tipo de bebida es?,3,2,LATAM,dish,hard,0
LATAM|dish|chile piquín,¿Qué es el chile piquín?,1,1,LATAM,dish,easy,0
LATAM|dish|chile piquín,¿En qué cocina se utiliza el chile piquín?,1,1,LATAM,dish,medium,0
LATAM|dish|chile piquín,¿Cuáles son algunos de los platillos típicos que se elaboran con chile piquín en la cocina tabasqueña?,8,1,LATAM,dish,hard,0
LATAM|dish|chocolate parviao,¿Qué es el chocolate parviao?,1,1,LATAM,dish,easy,0
LATAM|dish|chocolate parviao,¿Con qué tipo de alimentos se acompaña el chocolate parviao?,1,1,LATAM,dish,medium,0
LATAM|dish|chocolate parviao,¿Qué constituye el chocolate parviao en la tradición gastronómica paisa?,1,1,LATAM,dish,hard,0
LATAM|dish|crema de huacatay,¿Qué es la crema de huacatay?,2,2,LATAM,dish,easy,0
LATAM|dish|crema de huacatay,¿Cuáles son algunos de los ingredientes de la crema de huacatay?,3,1,LATAM,dish,medium,1
LATAM|dish|crema de huacatay,¿En qué plato tradicional peruano es uno de los ingredientes principales la crema de huacatay?,1,1,LATAM,dish,hard,1
LATAM|dish|cocoroco,¿Cuál es el nombre comercial del cocoroco?,2,1,LATAM,dish,easy,0
LATAM|dish|cocoroco,¿Dónde se consigue el cocoroco en Chile?,1,1,LATAM,dish,medium,0
LATAM|dish|cocoroco,¿Por qué el cocoroco es conocido por su alto grado alcohólico y en qué país se permite un máximo de 55% de alcohol?,2,2,LATAM,dish,hard,0
LATAM|dish|catara,¿Qué es la catara?,1,1,LATAM,dish,easy,0
LATAM|dish|catara,¿Con qué se elabora la catara?,2,1,LATAM,dish,medium,0
LATAM|dish|catara,¿Qué ingredientes se mezclan con el zumo de yuca dulce en la preparación de la catara?,6,1,LATAM,dish,hard,0
LATAM|dish|chupilca,¿Qué es la chupilca?,2,2,LATAM,dish,easy,0
LATAM|dish|chupilca,¿Qué ingredientes básicos componen la chupilca?,2,1,LATAM,dish,medium,1
LATAM|dish|chupilca,¿Qué relación tiene la chupilca con los soldados chilenos durante la Guerra del Pacífico?,2,2,LATAM,dish,hard,1
LATAM|dish|comida corrida,¿Qué es la comida corrida?,1,1,LATAM,dish,easy,0
LATAM|dish|comida corrida,¿En qué tipo de establecimientos se sirve principalmente la comida corrida?,1,1,LATAM,dish,medium,0
LATAM|dish|comida corrida,¿A qué época se remonta el origen de la comida corrida y qué necesidad satisfacía en ese contexto?,3,3,LATAM,dish,hard,0
LATAM|dish|dulce de lechosa,¿Qué es el dulce de lechosa?,2,2,LATAM,dish,easy,0
LATAM|dish|dulce de lechosa,¿En qué ocasiones se elabora tradicionalmente el dulce de lechosa?,2,1,LATAM,dish,medium,1
LATAM|dish|dulce de lechosa,¿Qué reconocimiento recibió el dulce de lechosa en 2019 y en qué país es considerado un dulce tradicional?,3,3,LATAM,dish,hard,0
LATAM|dish|fiesta de pillos,¿Qué es la fiesta de pillos?,1,1,LATAM,dish,easy,0
LATAM|dish|fiesta de pillos,¿En qué época del año tiene lugar la fiesta de pillos?,1,1,LATAM,dish,medium,0
LATAM|dish|fiesta de pillos,¿Qué simbolizan los pillos que se cuelgan en el cuello de las personas que ceden el cargo de autoridad durante la fiesta de pillos?,1,1,LATAM,dish,hard,0
LATAM|dish|dominó (chile),¿Qué es Dominó en Chile?,1,1,LATAM,dish,easy,0
LATAM|dish|dominó (chile),¿En qué año comenzó Dominó?,1,1,LATAM,dish,medium,0
LATAM|dish|dominó (chile),¿Qué importante evento relacionado con el completo instauró Dominó en 2009?,2,2,LATAM,dish,hard,0
LATAM|dish|desayuno electoral,¿Qué es el desayuno electoral?,2,2,LATAM,dish,easy,0
LATAM|dish|desayuno electoral,¿Quién inició la costumbre del desayuno electoral en Perú?,2,2,LATAM,dish,medium,0
LATAM|dish|desayuno electoral,¿Qué platos tradicionales se incluyen comúnmente en el desayuno electoral en Perú?,6,2,LATAM,dish,hard,1
LATAM|dish|chogosta,¿Qué es la chogosta?,5,3,LATAM,dish,easy,0
LATAM|dish|chogosta,¿Qué tipo de tierra se utiliza para elaborar la chogosta?,3,3,LATAM,dish,medium,0
LATAM|dish|chogosta,¿Cuál es la relación histórica entre la chogosta y las comunidades indígenas de la región de Jáltipan?,4,3,LATAM,dish,hard,0
LATAM|dish|epazote,¿Qué tipo de planta es el epazote?,1,1,LATAM,dish,easy,0
LATAM|dish|epazote,¿En qué región se encuentra distribuido el epazote?,1,1,LATAM,dish,medium,0
LATAM|dish|epazote,¿Qué nombre se le daba al epazote en la época de los aztecas y qué significa su etimología en náhuatl?,2,2,LATAM,dish,hard,0
LATAM|dish|fritanga (bolivia),¿Qué es la fritanga?,2,2,LATAM,dish,easy,0
LATAM|dish|fritanga (bolivia),¿Con qué tipo de carne se elabora la fritanga?,3,2,LATAM,dish,medium,0
LATAM|dish|fritanga (bolivia),¿En qué departamentos de Bolivia se debate la preparación tradicional de la fritanga?,2,1,LATAM,dish,hard,1
LATAM|dish|garnacha (alimento),¿Qué es la garnacha?,1,1,LATAM,dish,easy,0
LATAM|dish|garnacha (alimento),¿Con qué se suele acompañar la garnacha?,1,1,LATAM,dish,medium,0
LATAM|dish|garnacha (alimento),¿Cuál es la particularidad de la garnacha en Guatemala en comparación con la de México?,2,2,LATAM,dish,hard,0
LATAM|dish|fricasé de cerdo,¿Qué es el fricasé de cerdo?,2,2,LATAM,dish,easy,0
LATAM|dish|fricasé de cerdo,¿Qué ingredientes incluye el fricasé de cerdo?,3,1,LATAM,dish,medium,0
LATAM|dish|fricasé de cerdo,¿Por qué el fricasé de cerdo es considerado patrimonio cultural de La Paz?,2,2,LATAM,dish,hard,0
LATAM|dish|hallaquita,¿Qué es la hallaquita?,4,2,LATAM,dish,easy,0
LATAM|dish|hallaquita,¿Con qué se consume comúnmente la hallaquita?,2,1,LATAM,dish,medium,0
LATAM|dish|hallaquita,¿Qué ingredientes se añaden a la masa de hallaquita para darle mayor suavidad y qué variante se elabora con maíz tierno?,3,2,LATAM,dish,hard,0
LATAM|dish|huevos divorciados,¿Qué son los huevos divorciados?,1,1,LATAM,dish,easy,0
LATAM|dish|huevos divorciados,¿Con qué salsas se bañan los huevos divorciados?,2,1,LATAM,dish,medium,1
LATAM|dish|huevos divorciados,¿Cuál es el contexto cultural y la región donde se considera un desayuno tradicional los huevos divorciados?,4,3,LATAM,dish,hard,0
LATAM|dish|gastronomía de salta,"¿Qué plato incluye la gastronomía de Salta que se prepara a base de zapallo, porotos y maíz?",4,2,LATAM,dish,easy,0
LATAM|dish|gastronomía de salta,¿Qué ingredientes se utilizan comúnmente en la preparación del tamal en Salta?,7,2,LATAM,dish,medium,1
LATAM|dish|gastronomía de salta,¿Qué plato de la gastronomía de Salta se cocina bajo tierra y se celebra anualmente en un festival en la localidad de El Jardín?,3,3,LATAM,dish,hard,0
LATAM|dish|hielito,¿Qué es el hielito?,3,2,LATAM,dish,easy,0
LATAM|dish|hielito,¿En qué forma se envuelve el hielito?,1,1,LATAM,dish,medium,0
LATAM|dish|hielito,¿Cómo se conocen los hielitos en Costa Rica y qué tipo de producción tienen en Colombia?,2,2,LATAM,dish,hard,0
LATAM|dish|guanta ahumada,¿Qué es la guanta ahumada?,2,2,LATAM,dish,easy,0
LATAM|dish|guanta ahumada,¿Con qué se prepara la guanta ahumada?,2,2,LATAM,dish,medium,1
LATAM|dish|guanta ahumada,¿Por qué es apreciada la guanta ahumada en la gastronomía de la nacionalidad Chachi?,3,2,LATAM,dish,hard,0
LATAM|dish|hervido (bebida),¿Qué tipo de bebida es el hervido?,1,1,LATAM,dish,easy,0
LATAM|dish|hervido (bebida),¿En qué departamento colombiano se consume el hervido?,1,1,LATAM,dish,medium,0
LATAM|dish|hervido (bebida),¿Qué frutas se utilizan tradicionalmente para preparar el hervido en Nariño?,4,1,LATAM,dish,hard,0
LATAM|dish|hoja de maíz,¿Qué es la hoja de maíz?,2,2,LATAM,dish,easy,0
LATAM|dish|hoja de maíz,¿Cómo se utiliza la hoja de maíz en la cocina?,3,2,LATAM,dish,medium,0
LATAM|dish|hoja de maíz,¿Qué nombres recibe la hoja de maíz en diferentes regiones de América Latina y cuáles son algunos de sus usos?,5,3,LATAM,dish,hard,0
LATAM|dish|hojuela,¿Qué es la hojuela?,1,1,LATAM,dish,easy,0
LATAM|dish|hojuela,¿Qué ingredientes básicos se utilizan para elaborar las hojuelas en Colombia?,4,1,LATAM,dish,medium,0
LATAM|dish|hojuela,¿En qué festividades se suelen preparar las hojuelas en Colombia y qué otras tradiciones culinarias se asocian con su consumo?,4,2,LATAM,dish,hard,2
LATAM|dish|luces de la habana,"¿Qué es ""luces de la habana""?",1,1,LATAM,dish,easy,0
LATAM|dish|luces de la habana,"¿En qué tipo de vaso se prepara ""luces de la habana""?",1,1,LATAM,dish,medium,0
LATAM|dish|luces de la habana,"¿Qué ingredientes se utilizan para hacer ""luces de la habana""?",5,1,LATAM,dish,hard,1
LATAM|dish|menyul,¿Qué es el menyul?,1,1,LATAM,dish,easy,0
LATAM|dish|menyul,¿Qué ingredientes contiene el menyul?,1,1,LATAM,dish,medium,0
LATAM|dish|menyul,¿Por qué el menyul es motivo de orgullo para los cordobeses?,2,2,LATAM,dish,hard,0
LATAM|dish|majarete,¿Qué es el majarete?,1,1,LATAM,dish,easy,0
LATAM|dish|majarete,¿Qué ingrediente se utiliza para dar consistencia al majarete?,1,1,LATAM,dish,medium,0
LATAM|dish|majarete,¿Cómo se conoce el majarete cuando se elabora con maíz tierno en Venezuela?,2,2,LATAM,dish,hard,1
LATAM|dish|museo del vino de mendoza,¿Qué es el Museo del Vino de Mendoza?,2,2,LATAM,dish,easy,0
LATAM|dish|museo del vino de mendoza,¿Cuántas piezas tiene el Museo del Vino de Mendoza?,1,1,LATAM,dish,medium,0
LATAM|dish|museo del vino de mendoza,¿Qué se puede realizar en el Museo del Vino de Mendoza además de visitar sus exposiciones?,1,1,LATAM,dish,hard,0
LATAM|dish|mangú,¿Qué tipo de plato es el mangú?,3,1,LATAM,dish,easy,0
LATAM|dish|mangú,¿Con qué ingredientes se acompaña comúnmente el mangú?,5,1,LATAM,dish,medium,1
LATAM|dish|mangú,¿Cuál es el origen del mangú y qué influencia cultural tiene en su preparación?,3,3,LATAM,dish,hard,0
LATAM|dish|mike mercedes,¿Cuál es el nombre completo de Mike Mercedes?,1,1,LATAM,dish,easy,0
LATAM|dish|mike mercedes,¿En qué año nació Mike Mercedes?,1,1,LATAM,dish,medium,0
LATAM|dish|mike mercedes,¿Para qué jefes de Estado cocinó Mike Mercedes durante su carrera?,3,1,LATAM,dish,hard,0
LATAM|dish|mote con huesillos,¿Qué es el mote con huesillos?,1,1,LATAM,dish,easy,0
LATAM|dish|mote con huesillos,¿Dónde ha sido registrado el mote con huesillos más grande de Chile?,1,1,LATAM,dish,medium,0
LATAM|dish|mote con huesillos,¿Qué se necesita para preparar el mote con huesillos y cómo se endulza?,2,2,LATAM,dish,hard,0
LATAM|dish|mojo (salsa),¿Qué es el mojo?,1,1,LATAM,dish,easy,0
LATAM|dish|mojo (salsa),¿Cuáles son las dos grandes familias en las que se clasifica el mojo?,2,1,LATAM,dish,medium,0
LATAM|dish|mojo (salsa),¿Qué ingredientes componen comúnmente los mojos rojos y para qué tipo de comida se utilizan?,3,2,LATAM,dish,hard,1
LATAM|dish|nixtamal,¿Qué es el nixtamal?,3,3,LATAM,dish,easy,0
LATAM|dish|nixtamal,¿Cómo se trata el grano de maíz para producir nixtamal?,1,1,LATAM,dish,medium,0
LATAM|dish|nixtamal,¿Qué beneficios nutricionales aporta el nixtamal y cómo se utiliza en la cocina mexicana?,3,3,LATAM,dish,hard,0
LATAM|dish|naiboa,¿Qué es la naiboa?,2,2,LATAM,dish,easy,0
LATAM|dish|naiboa,¿Qué ingredientes se colocan en la naiboa?,3,1,LATAM,dish,medium,0
LATAM|dish|naiboa,¿Cómo se prepara la naiboa y qué variante se encuentra en el oriente del país?,3,3,LATAM,dish,hard,0
LATAM|dish|nerita fulgurans,¿Qué tipo de organismo es nerita fulgurans?,1,1,LATAM,dish,easy,0
LATAM|dish|nerita fulgurans,¿Cuál es el tamaño de nerita fulgurans?,1,1,LATAM,dish,medium,0
LATAM|dish|nerita fulgurans,¿En qué hábitat se puede encontrar nerita fulgurans y qué tipo de alimentación tiene?,3,2,LATAM,dish,hard,0
LATAM|dish|pectinidae,¿Qué son los pectínidos?,1,1,LATAM,dish,easy,0
LATAM|dish|pectinidae,¿En qué tipo de hábitat viven principalmente los pectínidos?,1,1,LATAM,dish,medium,0
LATAM|dish|pectinidae,¿Qué características distintivas tienen las conchas de los pectínidos y en qué contexto cultural se han utilizado?,4,2,LATAM,dish,hard,0
LATAM|dish|pecten maximus,¿Cuál es el nombre común de Pecten maximus?,1,1,LATAM,dish,easy,0
LATAM|dish|pecten maximus,¿Qué tipo de organismo es Pecten maximus?,1,1,LATAM,dish,medium,0
LATAM|dish|pecten maximus,¿En qué década comenzó el cultivo de Pecten maximus en Francia y qué motivó su acuicultura?,2,2,LATAM,dish,hard,0
LATAM|dish|pionono,¿Qué es el pionono?,1,1,LATAM,dish,easy,0
LATAM|dish|pionono,¿Dónde se elabora tradicionalmente el pionono?,1,1,LATAM,dish,medium,0
LATAM|dish|pionono,"¿A quién alude el nombre ""pionono"" y qué representa su forma?",2,2,LATAM,dish,hard,0
LATAM|dish|pisco chileno,¿Qué es el pisco chileno?,2,1,LATAM,dish,easy,0
LATAM|dish|pisco chileno,¿En qué regiones de Chile se produce el pisco chileno?,1,1,LATAM,dish,medium,0
LATAM|dish|pisco chileno,¿Cuál es la controversia relacionada con la denominación de origen del pisco chileno?,3,3,LATAM,dish,hard,0
LATAM|dish|pique macho,¿Qué es el pique macho?,2,2,LATAM,dish,easy,0
LATAM|dish|pique macho,¿Por qué se considera que el pique macho es normalmente picante?,2,2,LATAM,dish,medium,0
LATAM|dish|pique macho,¿Qué se cuenta sobre la creación del pique macho en los años 70?,2,2,LATAM,dish,hard,0
LATAM|dish|pan de arani,¿Qué es el pan de Arani?,2,2,LATAM,dish,easy,0
LATAM|dish|pan de arani,¿Qué ingredientes suele tener el pan de Arani?,1,1,LATAM,dish,medium,0
LATAM|dish|pan de arani,¿Cuál es la tradición asociada al pan de Arani en el contexto de los enamorados que deciden casarse?,5,5,LATAM,dish,hard,0
LATAM|dish|sopa de chuchuka con patas de cerdo,¿Cuál es el ingrediente principal de la sopa de chuchuka con patas de cerdo?,1,1,LATAM,dish,easy,0
LATAM|dish|sopa de chuchuka con patas de cerdo,¿Qué tipo de productos se utilizan en la elaboración de la sopa de chuchuka con patas de cerdo?,1,1,LATAM,dish,medium,0
LATAM|dish|sopa de chuchuka con patas de cerdo,¿Por qué la sopa de chuchuka con patas de cerdo es considerada parte de la soberanía alimentaria en la cultura Kichwa Otavalo?,1,1,LATAM,dish,hard,0
LATAM|dish|recado rojo,¿Qué es el recado rojo?,3,2,LATAM,dish,easy,1
LATAM|dish|recado rojo,¿Qué ingredientes incluye el recado rojo?,1,1,LATAM,dish,medium,0
LATAM|dish|recado rojo,¿Qué platos se pueden cocinar utilizando el recado rojo y qué carnes acompaña bien?,4,2,LATAM,dish,hard,0
LATAM|dish|salsa criolla,¿Qué es la salsa criolla?,1,1,LATAM,dish,easy,0
LATAM|dish|salsa criolla,¿Qué ingredientes se utilizan comúnmente en la salsa criolla de Argentina y Uruguay?,3,1,LATAM,dish,medium,0
LATAM|dish|salsa criolla,¿Cuál es el acompañante más importante de la comida popular en Perú y qué ingredientes se le agregan en algunos casos?,3,2,LATAM,dish,hard,0
LATAM|dish|salsa roja picante (méxico),¿Qué es la salsa roja picante en la comida mexicana?,1,1,LATAM,dish,easy,0
LATAM|dish|salsa roja picante (méxico),¿Con qué se puede moler la salsa roja picante?,2,1,LATAM,dish,medium,1
LATAM|dish|salsa roja picante (méxico),¿Cuáles son las variantes en las que se presenta la salsa roja picante y cómo se elabora cada una?,7,2,LATAM,dish,hard,0
LATAM|dish|kam lu wantán,¿Qué es el kam lu wantán?,1,1,LATAM,dish,easy,0
LATAM|dish|kam lu wantán,¿Con qué se elabora el kam lu wantán?,1,1,LATAM,dish,medium,0
LATAM|dish|kam lu wantán,¿Qué ingredientes se añaden generalmente al kam lu wantán y qué relevancia tuvo en la política peruana?,6,2,LATAM,dish,hard,0
LATAM|dish|solterito,¿Qué es el solterito?,1,1,LATAM,dish,easy,0
LATAM|dish|solterito,¿De qué ciudad es originario el solterito?,1,1,LATAM,dish,medium,0
LATAM|dish|solterito,¿Qué ingredientes contiene el solterito y en qué tipo de establecimiento se destaca su oferta gastronómica?,10,2,LATAM,dish,hard,0
LATAM|dish|sucumbé,¿Qué es el sucumbé?,2,2,LATAM,dish,easy,0
LATAM|dish|sucumbé,¿Con qué ingredientes se prepara el sucumbé?,3,1,LATAM,dish,medium,0
LATAM|dish|sucumbé,¿En qué festividades es característica la bebida sucumbé y qué bebida típica se añade a su preparación?,4,3,LATAM,dish,hard,1
LATAM|dish|tinga,¿Qué es la tinga?,1,1,LATAM,dish,easy,0
LATAM|dish|tinga,¿En qué estado de México es típico comer tinga de hongo de cazahuate?,1,1,LATAM,dish,medium,0
LATAM|dish|tinga,¿Qué ingredientes suele incluir la tinga en Tlaxcala?,3,2,LATAM,dish,hard,0
LATAM|dish|teresa ocampo,¿Quién es Teresa Ocampo?,3,2,LATAM,dish,easy,0
LATAM|dish|teresa ocampo,¿En qué institución realizó Teresa Ocampo sus estudios profesionales?,1,1,LATAM,dish,medium,0
LATAM|dish|teresa ocampo,¿Qué organización fundó Teresa Ocampo y cuál fue su rol en ella?,2,2,LATAM,dish,hard,0
LATAM|dish|suspiro (panameño),¿Qué es el suspiro panameño?,2,2,LATAM,dish,easy,1
LATAM|dish|suspiro (panameño),¿En qué consiste el suspiro panameño?,1,1,LATAM,dish,medium,0
LATAM|dish|suspiro (panameño),¿Qué ingredientes básicos se utilizan para hacer suspiros panameños y cómo se preparan?,8,2,LATAM,dish,hard,0
LATAM|dish|tlatonile,¿Qué es el tlatonile?,1,1,LATAM,dish,easy,0
LATAM|dish|tlatonile,¿Con qué ingredientes se elabora el tlatonile?,2,1,LATAM,dish,medium,0
LATAM|dish|tlatonile,¿Por qué se considera el tlatonile como comida de reyes y en qué contexto se ofrecía tradicionalmente?,3,3,LATAM,dish,hard,0
LATAM|dish|supán,¿Cuál es la mayor empresa productora de pan de Ecuador?,2,2,LATAM,dish,easy,0
LATAM|dish|supán,¿En qué año fue fundada Supán?,1,1,LATAM,dish,medium,0
LATAM|dish|supán,¿Cuántos empleados tenía Supán en Ecuador en julio de 2014 y qué empresa anunció su compra ese mismo año?,4,4,LATAM,dish,hard,0
LATAM|dish|ximbó,¿Qué tipo de carne se utiliza principalmente en la preparación del ximbó?,1,1,LATAM,dish,easy,0
LATAM|dish|ximbó,¿En qué se envuelve el ximbó durante su preparación?,1,1,LATAM,dish,medium,0
LATAM|dish|ximbó,"¿Desde qué año se realiza el Festival del Ximbó en Actopan, y qué técnica de cocción se utiliza para su preparación?",3,3,LATAM,dish,hard,0
LATAM|dish|virgilio martínez,¿Quién es Virgilio Martínez?,3,2,LATAM,dish,easy,0
LATAM|dish|virgilio martínez,¿Qué restaurante es propiedad de Virgilio Martínez?,1,1,LATAM,dish,medium,0
LATAM|dish|virgilio martínez,¿En qué año se ubicó el restaurante Central en el número 5 de los Cincuenta Mejores Restaurantes del Mundo?,3,3,LATAM,dish,hard,0
LATAM|dish|ulpo,¿Qué es el ulpo?,2,2,LATAM,dish,easy,0
LATAM|dish|ulpo,¿Con qué ingrediente principal se elabora el ulpo?,1,1,LATAM,dish,medium,0
LATAM|dish|ulpo,"¿Cuál es el origen etimológico de la palabra ""ulpo"" y qué efecto tiene este alimento en el cuerpo?",3,3,LATAM,dish,hard,0
LATAM|fauna|Acestrocephalus pallidus,¿Qué tipo de especie es Acestrocephalus pallidus?,3,3,LATAM,fauna,easy,0
LATAM|fauna|Acestrocephalus pallidus,¿Cuántas vértebras tiene Acestrocephalus pallidus?,1,1,LATAM,fauna,medium,0
LATAM|fauna|Acestrocephalus pallidus,¿En qué hábitat vive Acestrocephalus pallidus y en qué región de Sudamérica se encuentra?,4,3,LATAM,fauna,hard,0
LATAM|dish|té de cascarilla,¿Qué es el té de cascarilla?,2,2,LATAM,dish,easy,1
LATAM|dish|té de cascarilla,¿Cómo se prepara el té de cascarilla?,1,1,LATAM,dish,medium,0
LATAM|dish|té de cascarilla,¿En qué contexto se consume el té de cascarilla en Uruguay y quiénes son sus principales consumidores?,4,3,LATAM,dish,hard,0
LATAM|fauna|Amorbia concavana,¿Qué tipo de especie es Amorbia concavana?,1,1,LATAM,fauna,easy,0
LATAM|fauna|Amorbia concavana,¿En qué país se distribuye Amorbia concavana?,1,1,LATAM,fauna,medium,0
LATAM|fauna|Amorbia concavana,¿Quién describió Amorbia concavana y en qué año fue publicada su descripción?,2,2,LATAM,fauna,hard,0
LATAM|fauna|Aegognathus leuthneri,¿Qué tipo de especie es Aegognathus leuthneri?,2,2,LATAM,fauna,easy,0
LATAM|fauna|Aegognathus leuthneri,¿Quién describió científicamente a Aegognathus leuthneri y en qué año?,2,2,LATAM,fauna,medium,0
LATAM|fauna|Aegognathus leuthneri,¿En qué países de América del Sur se encuentra Aegognathus leuthneri?,3,1,LATAM,fauna,hard,0
LATAM|fauna|Anaxyrus californicus,¿Qué tipo de especie es Anaxyrus californicus?,2,2,LATAM,fauna,easy,0
LATAM|fauna|Anaxyrus californicus,¿Dónde se encuentra Anaxyrus californicus?,1,1,LATAM,fauna,medium,0
LATAM|fauna|Anaxyrus californicus,¿Qué características distintivas tiene Anaxyrus californicus y en qué tipo de hábitat se encuentra?,2,2,LATAM,fauna,hard,0
LATAM|fauna|Amorbia rectilineana,¿Qué tipo de especie es Amorbia rectilineana?,2,2,LATAM,fauna,easy,0
LATAM|fauna|Amorbia rectilineana,¿En qué país se distribuye Amorbia rectilineana?,1,1,LATAM,fauna,medium,0
LATAM|fauna|Amorbia rectilineana,¿Quién describió Amorbia rectilineana y en qué año fue publicada?,2,2,LATAM,fauna,hard,0
LATAM|fauna|Allobates bromelicola,¿Cuál es el nombre común de Allobates bromelicola?,1,1,LATAM,fauna,easy,0
LATAM|fauna|Allobates bromelicola,¿En qué tipo de hábitat natural se encuentra Allobates bromelicola?,1,1,LATAM,fauna,medium,0
LATAM|fauna|Allobates bromelicola,¿Qué características distintivas tiene Allobates bromelicola y en qué región es endémica?,3,3,LATAM,fauna,hard,0
LATAM|fauna|Aegomorphus brevicornis,¿Qué tipo de especie es Aegomorphus brevicornis?,2,2,LATAM,fauna,easy,0
LATAM|fauna|Aegomorphus brevicornis,¿En qué países de América del Sur se encuentra Aegomorphus brevicornis?,2,1,LATAM,fauna,medium,0
LATAM|fauna|Aegomorphus brevicornis,¿Quién describió científicamente a Aegomorphus brevicornis y en qué año?,2,2,LATAM,fauna,hard,0
LATAM|fauna|Anolis macrophallus,¿Qué tipo de especie es Anolis macrophallus?,1,1,LATAM,fauna,easy,0
LATAM|fauna|Anolis macrophallus,¿A qué familia pertenece Anolis macrophallus?,1,1,LATAM,fauna,medium,0
LATAM|fauna|Anolis macrophallus,¿En qué países es nativo Anolis macrophallus?,2,1,LATAM,fauna,hard,1
LATAM|fauna|Anelaphus yucatecus,¿Qué tipo de especie es Anelaphus yucatecus?,2,2,LATAM,fauna,easy,0
LATAM|fauna|Anelaphus yucatecus,¿En qué tribu está categorizada Anelaphus yucatecus?,1,1,LATAM,fauna,medium,0
LATAM|fauna|Anelaphus yucatecus,¿Quiénes describieron a Anelaphus yucatecus y en qué año?,2,2,LATAM,fauna,hard,0
LATAM|fauna|Anomaloglossus tamacuarensis,¿Qué tipo de especie es Anomaloglossus tamacuarensis?,2,2,LATAM,fauna,easy,0
LATAM|fauna|Anomaloglossus tamacuarensis,¿Dónde habita Anomaloglossus tamacuarensis?,5,2,LATAM,fauna,medium,0
LATAM|fauna|Anomaloglossus tamacuarensis,¿Por qué se le dio el nombre de Anomaloglossus tamacuarensis?,1,1,LATAM,fauna,hard,0
LATAM|fauna|Ancistrus eustictus,¿Qué tipo de especie es Ancistrus eustictus?,3,3,LATAM,fauna,easy,0
LATAM|fauna|Ancistrus eustictus,¿Cuál es la longitud total que pueden alcanzar los machos de Ancistrus eustictus?,1,1,LATAM,fauna,medium,0
LATAM|fauna|Ancistrus eustictus,¿En qué tipo de hábitat se encuentra Ancistrus eustictus y en qué región de Sudamérica se distribuye?,2,2,LATAM,fauna,hard,0
LATAM|fauna|Astyanax venezuelae,¿Qué tipo de especie es Astyanax venezuelae?,3,3,LATAM,fauna,easy,0
LATAM|fauna|Astyanax venezuelae,¿Dónde se encuentra Astyanax venezuelae?,1,1,LATAM,fauna,medium,0
LATAM|fauna|Astyanax venezuelae,¿Qué características morfológicas tiene Astyanax venezuelae y en qué tipo de hábitat vive?,2,2,LATAM,fauna,hard,0
LATAM|fauna|Ancistrus variolus,¿Qué tipo de especie es Ancistrus variolus?,3,3,LATAM,fauna,easy,0
LATAM|fauna|Ancistrus variolus,¿Dónde se encuentra Ancistrus variolus?,2,1,LATAM,fauna,medium,0
LATAM|fauna|Ancistrus variolus,¿Qué tipo de pez es Ancistrus variolus y dónde se encuentra?,3,2,LATAM,fauna,hard,0
LATAM|fauna|Aotus griseimembra,¿Qué tipo de primate es Aotus griseimembra?,2,2,LATAM,fauna,easy,0
LATAM|fauna|Aotus griseimembra,¿Dónde se distribuye Aotus griseimembra en Colombia?,3,3,LATAM,fauna,medium,0
LATAM|fauna|Aotus griseimembra,¿Qué características distintivas tiene Aotus griseimembra en comparación con Aotus lemurinus?,2,2,LATAM,fauna,hard,1
LATAM|fauna|Atelopus sorianoi,¿Qué tipo de especie es Atelopus sorianoi?,2,2,LATAM,fauna,easy,0
LATAM|fauna|Atelopus sorianoi,¿Dónde se encuentra Atelopus sorianoi?,1,1,LATAM,fauna,medium,0
LATAM|fauna|Atelopus sorianoi,¿Por qué está amenazada de extinción Atelopus sorianoi?,1,1,LATAM,fauna,hard,0
LATAM|fauna|Callicebus oenanthe,¿Qué tipo de primate es Callicebus oenanthe?,2,2,LATAM,fauna,easy,0
LATAM|fauna|Callicebus oenanthe,¿Dónde se encuentra Callicebus oenanthe?,2,2,LATAM,fauna,medium,0
LATAM|fauna|Callicebus oenanthe,¿Con qué otro primate comparte el territorio Callicebus oenanthe y cuál es su dieta principal?,3,2,LATAM,fauna,hard,0
LATAM|fauna|Cerro Peñón Blanco,¿Qué tipo de formación es el Cerro Peñón Blanco?,1,1,LATAM,fauna,easy,0
LATAM|fauna|Cerro Peñón Blanco,¿Cuál es la altitud del Cerro Peñón Blanco?,1,1,LATAM,fauna,medium,0
LATAM|fauna|Cerro Peñón Blanco,¿Con qué regiones colinda el Cerro Peñón Blanco?,4,1,LATAM,fauna,hard,0
LATAM|fauna|Camarhynchus pauper,¿Qué tipo de especie es Camarhynchus pauper?,3,3,LATAM,fauna,easy,0
LATAM|fauna|Camarhynchus pauper,¿Dónde se encuentra Camarhynchus pauper?,1,1,LATAM,fauna,medium,1
LATAM|fauna|Camarhynchus pauper,¿Qué amenazas enfrenta Camarhynchus pauper y cuál es su único depredador natural?,3,2,LATAM,fauna,hard,0
LATAM|fauna|Cheracebus lugens,¿Qué tipo de primate es Cheracebus lugens?,2,2,LATAM,fauna,easy,0
LATAM|fauna|Cheracebus lugens,¿Dónde se encuentra Cheracebus lugens?,1,1,LATAM,fauna,medium,0
LATAM|fauna|Cheracebus lugens,¿Cuál es el número diploide de cromosomas reportado para Cheracebus lugens y qué lo distingue dentro de los primates?,2,2,LATAM,fauna,hard,0
LATAM|fauna|Chiropterotriton miquihuanus,¿Qué tipo de especie es Chiropterotriton miquihuanus?,2,2,LATAM,fauna,easy,0
LATAM|fauna|Chiropterotriton miquihuanus,¿Dónde se encuentra Chiropterotriton miquihuanus?,1,1,LATAM,fauna,medium,0
LATAM|fauna|Chiropterotriton miquihuanus,¿Qué características distintivas presenta Chiropterotriton miquihuanus en comparación con otras especies de su género?,1,1,LATAM,fauna,hard,0
LATAM|fauna|Colobothea mosaica,¿Qué tipo de especie es Colobothea mosaica?,1,1,LATAM,fauna,easy,0
LATAM|fauna|Colobothea mosaica,¿En qué año fue descrita Colobothea mosaica?,1,1,LATAM,fauna,medium,0
LATAM|fauna|Colobothea mosaica,¿A qué tribu y subfamilia pertenece Colobothea mosaica?,2,2,LATAM,fauna,hard,0
LATAM|fauna|Chamaeza campanisona,¿Qué tipo de especie es Chamaeza campanisona?,3,3,LATAM,fauna,easy,0
LATAM|fauna|Chamaeza campanisona,¿Dónde se encuentra Chamaeza campanisona?,1,1,LATAM,fauna,medium,0
LATAM|fauna|Chamaeza campanisona,¿Qué características distintivas tiene Chamaeza campanisona en su plumaje?,8,8,LATAM,fauna,hard,0
LATAM|fauna|Contopus bogotensis,¿Qué tipo de especie es Contopus bogotensis?,2,2,LATAM,fauna,easy,0
LATAM|fauna|Contopus bogotensis,¿Dónde se distribuye de forma disjunta Contopus bogotensis?,1,1,LATAM,fauna,medium,0
LATAM|fauna|Contopus bogotensis,¿Quién describió por primera vez a Contopus bogotensis y en qué año?,2,2,LATAM,fauna,hard,1
LATAM|fauna|Chelonoidis porteri,¿Qué tipo de especie es Chelonoidis porteri?,2,2,LATAM,fauna,easy,0
LATAM|fauna|Chelonoidis porteri,¿Dónde se encuentra Chelonoidis porteri?,1,1,LATAM,fauna,medium,0
LATAM|fauna|Chelonoidis porteri,¿Cuál es la población sobreviviente de Chelonoidis porteri y cómo es considerada por la IUCN?,2,2,LATAM,fauna,hard,0
LATAM|fauna|Centruroides suffusus,¿Qué tipo de arácnido es el Centruroides suffusus?,2,2,LATAM,fauna,easy,0
LATAM|fauna|Centruroides suffusus,¿Dónde se encuentra principalmente el Centruroides suffusus?,3,1,LATAM,fauna,medium,0
LATAM|fauna|Centruroides suffusus,¿Por qué se considera al Centruroides suffusus un organismo de importancia médica en México?,3,3,LATAM,fauna,hard,0
LATAM|fauna|Creagrutus lassoi,¿Qué tipo de especie es Creagrutus lassoi?,3,3,LATAM,fauna,easy,0
LATAM|fauna|Creagrutus lassoi,¿En qué tipo de clima vive Creagrutus lassoi?,1,1,LATAM,fauna,medium,0
LATAM|fauna|Creagrutus lassoi,¿Dónde se encuentra Creagrutus lassoi y en qué tipo de hábitat vive?,4,3,LATAM,fauna,hard,0
LATAM|fauna|Craugastor guerreroensis,¿Qué tipo de especie es Craugastor guerreroensis?,2,2,LATAM,fauna,easy,0
LATAM|fauna|Craugastor guerreroensis,¿Dónde se distribuye Craugastor guerreroensis?,2,1,LATAM,fauna,medium,0
LATAM|fauna|Craugastor guerreroensis,¿Qué significa el nombre Craugastor y cuál es el estado de conservación de Craugastor guerreroensis?,2,2,LATAM,fauna,hard,0
LATAM|fauna|Crenicichla chicha,¿Qué tipo de especie es Crenicichla chicha?,1,1,LATAM,fauna,easy,0
LATAM|fauna|Crenicichla chicha,¿Dónde habita Crenicichla chicha?,1,1,LATAM,fauna,medium,0
LATAM|fauna|Crenicichla chicha,¿En qué año fue descrita Crenicichla chicha y qué característica distintiva comparte con Crenicichla hemera?,3,3,LATAM,fauna,hard,0
LATAM|fauna|Cupiennius salei,¿Qué tipo de arácnido es Cupiennius salei?,3,3,LATAM,fauna,easy,0
LATAM|fauna|Cupiennius salei,¿Quién describió a Cupiennius salei y en qué año?,2,2,LATAM,fauna,medium,0
LATAM|fauna|Cupiennius salei,¿En qué hábitat se encuentra Cupiennius salei y qué tipo de plantas utiliza para refugio?,2,2,LATAM,fauna,hard,0
LATAM|fauna|Colossoma macropomum,¿Qué tipo de especie es Colossoma macropomum?,2,2,LATAM,fauna,easy,0
LATAM|fauna|Colossoma macropomum,¿Dónde es originaria la cachama negra (Colossoma macropomum)?,2,1,LATAM,fauna,medium,1
LATAM|fauna|Colossoma macropomum,¿Qué tipo de comportamiento tiene Colossoma macropomum y qué distancia puede desplazarse durante este comportamiento?,2,2,LATAM,fauna,hard,0
LATAM|fauna|Cyanolimnas cerverai,¿Qué tipo de especie es Cyanolimnas cerverai?,3,3,LATAM,fauna,easy,0
LATAM|fauna|Cyanolimnas cerverai,¿Dónde se encuentra Cyanolimnas cerverai?,1,1,LATAM,fauna,medium,0
LATAM|fauna|Cyanolimnas cerverai,¿Quién descubrió Cyanolimnas cerverai y en qué año fue descrita formalmente?,3,3,LATAM,fauna,hard,0
LATAM|fauna|Deltochilum sericeum,¿Qué tipo de especie es Deltochilum sericeum?,2,2,LATAM,fauna,easy,0
LATAM|fauna|Deltochilum sericeum,¿Quién describió científicamente a Deltochilum sericeum y en qué año?,2,2,LATAM,fauna,medium,0
LATAM|fauna|Deltochilum sericeum,¿En qué tipo de hábitat y a qué altitudes se encuentra Deltochilum sericeum?,3,2,LATAM,fauna,hard,0
LATAM|fauna|Elateropsis reticulata,¿Qué tipo de especie es Elateropsis reticulata?,1,1,LATAM,fauna,easy,0
LATAM|fauna|Elateropsis reticulata,¿En qué año fue descrita la especie Elateropsis reticulata?,1,1,LATAM,fauna,medium,0
LATAM|fauna|Elateropsis reticulata,"¿A qué género y tribu pertenece Elateropsis reticulata, y en qué lugar se distribuye?",3,3,LATAM,fauna,hard,0
LATAM|fauna|Dekeyseria amazonica,¿Qué tipo de especie es Dekeyseria amazonica?,3,3,LATAM,fauna,easy,0
LATAM|fauna|Dekeyseria amazonica,¿Dónde se encuentra Dekeyseria amazonica?,3,1,LATAM,fauna,medium,0
LATAM|fauna|Dekeyseria amazonica,¿Qué tipo de pez es Dekeyseria amazonica y en qué tipo de hábitat vive?,2,2,LATAM,fauna,hard,0
LATAM|fauna|Día Internacional del Jaguar,¿Cuándo se celebra el Día Internacional del Jaguar?,2,2,LATAM,fauna,easy,0
LATAM|fauna|Día Internacional del Jaguar,¿Qué organización internacional apoyó la proclamación del Día Internacional del Jaguar?,1,1,LATAM,fauna,medium,0
LATAM|fauna|Día Internacional del Jaguar,"¿Cuáles son algunas de las amenazas que enfrenta el jaguar, según el Día Internacional del Jaguar?",4,1,LATAM,fauna,hard,0
LATAM|fauna|Cryptotis hondurensis,¿Qué tipo de especie es Cryptotis hondurensis?,2,2,LATAM,fauna,easy,0
LATAM|fauna|Cryptotis hondurensis,¿En qué países se encuentra Cryptotis hondurensis?,4,1,LATAM,fauna,medium,1
LATAM|fauna|Cryptotis hondurensis,¿Cuál es la distribución geográfica de Cryptotis hondurensis y qué familia taxonómica le pertenece?,5,2,LATAM,fauna,hard,1
LATAM|fauna|Eleutherodactylus thomasi,¿Qué tipo de especie es Eleutherodactylus thomasi?,2,2,LATAM,fauna,easy,0
LATAM|fauna|Eleutherodactylus thomasi,¿Dónde se encuentra Eleutherodactylus thomasi?,1,1,LATAM,fauna,medium,0
LATAM|fauna|Eleutherodactylus thomasi,¿Por qué se encuentra amenazada Eleutherodactylus thomasi?,1,1,LATAM,fauna,hard,0
LATAM|fauna|Dendrotriton chujorum,¿Qué tipo de especie es Dendrotriton chujorum?,2,2,LATAM,fauna,easy,0
LATAM|fauna|Dendrotriton chujorum,¿Dónde se encuentra el área de distribución de Dendrotriton chujorum?,2,1,LATAM,fauna,medium,1
LATAM|fauna|Dendrotriton chujorum,¿Por qué está amenazada Dendrotriton chujorum y en qué tipo de hábitat vive?,3,3,LATAM,fauna,hard,0
LATAM|fauna|Eunectes murinus,¿Qué tipo de especie es Eunectes murinus?,2,2,LATAM,fauna,easy,0
LATAM|fauna|Eunectes murinus,¿Dónde es endémica Eunectes murinus?,1,1,LATAM,fauna,medium,0
LATAM|fauna|Eunectes murinus,¿Cuáles son las longitudes promedio que alcanzan las hembras y machos de Eunectes murinus?,2,1,LATAM,fauna,hard,0
LATAM|fauna|Elliotomyia viridicauda,¿Qué tipo de especie es Elliotomyia viridicauda?,2,2,LATAM,fauna,easy,0
LATAM|fauna|Elliotomyia viridicauda,¿Dónde se distribuye Elliotomyia viridicauda?,1,1,LATAM,fauna,medium,0
LATAM|fauna|Elliotomyia viridicauda,¿Quién describió por primera vez a Elliotomyia viridicauda y en qué año?,2,2,LATAM,fauna,hard,0
LATAM|fauna|Gastrotheca atympana,¿Qué tipo de especie es Gastrotheca atympana?,2,2,LATAM,fauna,easy,0
LATAM|fauna|Gastrotheca atympana,¿Dónde se encuentra Gastrotheca atympana?,1,1,LATAM,fauna,medium,0
LATAM|fauna|Gastrotheca atympana,¿Cuál es el hábitat natural de Gastrotheca atympana y en qué tipo de clima se encuentra?,1,1,LATAM,fauna,hard,0
LATAM|fauna|Gastrotheca guentheri,¿Qué tipo de especie es Gastrotheca guentheri?,2,2,LATAM,fauna,easy,0
LATAM|fauna|Gastrotheca guentheri,¿Dónde habita Gastrotheca guentheri?,2,1,LATAM,fauna,medium,0
LATAM|fauna|Gastrotheca guentheri,¿Por qué está amenazada de extinción Gastrotheca guentheri y qué característica distintiva presenta en su mandíbula inferior?,2,2,LATAM,fauna,hard,0
LATAM|fauna|Gnomidolon colasi,¿Qué tipo de especie es Gnomidolon colasi?,1,1,LATAM,fauna,easy,0
LATAM|fauna|Gnomidolon colasi,¿En qué año fue descrita Gnomidolon colasi?,1,1,LATAM,fauna,medium,0
LATAM|fauna|Gnomidolon colasi,¿A qué tribu y subfamilia pertenece Gnomidolon colasi?,2,2,LATAM,fauna,hard,0
LATAM|fauna|Gnomidolon amaurum,¿Qué tipo de especie es Gnomidolon amaurum?,1,1,LATAM,fauna,easy,0
LATAM|fauna|Gnomidolon amaurum,¿En qué año fue descrita Gnomidolon amaurum?,1,1,LATAM,fauna,medium,0
LATAM|fauna|Gnomidolon amaurum,¿A qué tribu y subfamilia pertenece Gnomidolon amaurum?,2,2,LATAM,fauna,hard,0
LATAM|fauna|Girardinus cubensis,¿Qué tipo de especie es Girardinus cubensis?,3,3,LATAM,fauna,easy,0
LATAM|fauna|Girardinus cubensis,¿Dónde se encuentra Girardinus cubensis?,1,1,LATAM,fauna,medium,0
LATAM|fauna|Girardinus cubensis,¿Qué características morfológicas presentan los machos y hembras de Girardinus cubensis?,2,1,LATAM,fauna,hard,0
LATAM|fauna|Glironia venusta,¿Qué tipo de especie es Glironia venusta?,2,2,LATAM,fauna,easy,0
LATAM|fauna|Glironia venusta,¿Cuál es la longitud del cuerpo de Glironia venusta?,1,1,LATAM,fauna,medium,0
LATAM|fauna|Glironia venusta,¿En cuántos países se ha registrado Glironia venusta y cuáles son?,5,1,LATAM,fauna,hard,0
LATAM|fauna|Leptodactylus luctator,¿Qué tipo de especie es Leptodactylus luctator?,2,2,LATAM,fauna,easy,0
LATAM|fauna|Leptodactylus luctator,¿Dónde se encuentra depositado el neotipo de Leptodactylus luctator?,1,1,LATAM,fauna,medium,0
LATAM|fauna|Leptodactylus luctator,¿En qué año fue descrita originalmente Leptodactylus luctator y quién fue el naturalista que la describió?,2,2,LATAM,fauna,hard,0
LATAM|fauna|Grundulus bogotensis,¿Qué tipo de especie es Grundulus bogotensis?,3,3,LATAM,fauna,easy,0
LATAM|fauna|Grundulus bogotensis,¿En qué tipo de clima vive Grundulus bogotensis?,1,1,LATAM,fauna,medium,0
LATAM|fauna|Grundulus bogotensis,¿Dónde se encuentra Grundulus bogotensis y qué tipo de especie es?,6,4,LATAM,fauna,hard,0
LATAM|fauna|Larus atlanticus,¿Qué tipo de ave es Larus atlanticus?,2,2,LATAM,fauna,easy,0
LATAM|fauna|Larus atlanticus,¿Dónde se encuentran las principales áreas de nidificación de Larus atlanticus?,1,1,LATAM,fauna,medium,0
LATAM|fauna|Larus atlanticus,¿Cuáles son las principales amenazas que enfrenta Larus atlanticus y en qué año fue descrita por Claes Christian Olrog?,5,3,LATAM,fauna,hard,0
LATAM|fauna|Gastrotheca cuencana,¿Qué tipo de especie es Gastrotheca cuencana?,2,2,LATAM,fauna,easy,0
LATAM|fauna|Gastrotheca cuencana,¿Dónde se encuentra principalmente la rana marsupial de Cuenca?,1,1,LATAM,fauna,medium,0
LATAM|fauna|Gastrotheca cuencana,¿Por qué se considera a Gastrotheca cuencana en peligro de extinción y en qué hábitat se encuentra mayoritariamente?,7,3,LATAM,fauna,hard,0
LATAM|fauna|Marmosops cracens,¿Qué tipo de especie es Marmosops cracens?,2,2,LATAM,fauna,easy,0
LATAM|fauna|Marmosops cracens,¿Dónde se encuentra Marmosops cracens?,1,1,LATAM,fauna,medium,0
LATAM|fauna|Marmosops cracens,¿Qué nombre común se le da a Marmosops cracens y cuál es su estado de endemismo?,2,2,LATAM,fauna,hard,0
LATAM|fauna|Leptotila pallida,¿Qué tipo de especie es Leptotila pallida?,1,1,LATAM,fauna,easy,0
LATAM|fauna|Leptotila pallida,¿En qué países se encuentra Leptotila pallida?,3,1,LATAM,fauna,medium,0
LATAM|fauna|Leptotila pallida,¿Cuál es el hábitat natural de Leptotila pallida y en qué tipo de bosques se encuentra?,2,2,LATAM,fauna,hard,0
LATAM|fauna|Lonchophylla handleyi,¿Qué tipo de especie es Lonchophylla handleyi?,2,2,LATAM,fauna,easy,0
LATAM|fauna|Lonchophylla handleyi,¿En qué países se encuentra Lonchophylla handleyi?,3,1,LATAM,fauna,medium,0
LATAM|fauna|Lonchophylla handleyi,¿Por qué se encuentra amenazada de extinción Lonchophylla handleyi?,1,1,LATAM,fauna,hard,0
LATAM|fauna|Marmosops parvidens,¿Qué tipo de especie es Marmosops parvidens?,2,2,LATAM,fauna,easy,0
LATAM|fauna|Marmosops parvidens,¿Dónde se encuentra Marmosops parvidens?,5,1,LATAM,fauna,medium,0
LATAM|fauna|Marmosops parvidens,¿Cuál es el hábitat de Marmosops parvidens y a qué altitudes puede habitar?,2,2,LATAM,fauna,hard,0
LATAM|fauna|Mecaphesa gertschi,¿Qué tipo de especie es Mecaphesa gertschi?,1,1,LATAM,fauna,easy,0
LATAM|fauna|Mecaphesa gertschi,¿Dónde se encuentra Mecaphesa gertschi?,1,1,LATAM,fauna,medium,0
LATAM|fauna|Mecaphesa gertschi,¿Quién describió científicamente a Mecaphesa gertschi y en qué año?,2,2,LATAM,fauna,hard,0
LATAM|fauna|Micrastur mintoni,¿Qué tipo de ave es el Micrastur mintoni?,1,1,LATAM,fauna,easy,0
LATAM|fauna|Micrastur mintoni,¿Dónde se encuentra el halcón montés críptico?,2,1,LATAM,fauna,medium,0
LATAM|fauna|Micrastur mintoni,¿Cuáles son las características distintivas del halcón montés críptico en comparación con el halcón montés cabecigrís y el halcón montés plomizo?,2,1,LATAM,fauna,hard,0
LATAM|fauna|Mazama nemorivaga,¿Qué tipo de especie es Mazama nemorivaga?,3,3,LATAM,fauna,easy,0
LATAM|fauna|Mazama nemorivaga,¿Dónde se distribuye Mazama nemorivaga?,11,2,LATAM,fauna,medium,0
LATAM|fauna|Mazama nemorivaga,¿Cuáles son las amenazas a la conservación de Mazama nemorivaga y en qué hábitat característico se encuentra?,3,2,LATAM,fauna,hard,0
LATAM|fauna|Myotis dinellii,¿Qué tipo de especie es Myotis dinellii?,2,2,LATAM,fauna,easy,0
LATAM|fauna|Myotis dinellii,¿Dónde se distribuye Myotis dinellii?,3,3,LATAM,fauna,medium,0
LATAM|fauna|Myotis dinellii,¿Cuál es la clasificación de conservación de Myotis dinellii según la IUCN y por qué?,2,2,LATAM,fauna,hard,0
LATAM|fauna|Microcavia sorojchi,¿Qué tipo de especie es Microcavia sorojchi?,3,3,LATAM,fauna,easy,0
LATAM|fauna|Microcavia sorojchi,¿Dónde se encuentra Microcavia sorojchi?,3,3,LATAM,fauna,medium,0
LATAM|fauna|Microcavia sorojchi,¿Cuál es la localidad tipo de Microcavia sorojchi y qué altitud tiene?,5,3,LATAM,fauna,hard,0
LATAM|fauna|Nectocaecilia petersii,¿Qué tipo de especie es Nectocaecilia petersii?,2,2,LATAM,fauna,easy,0
LATAM|fauna|Nectocaecilia petersii,¿Dónde se encuentra Nectocaecilia petersii?,4,1,LATAM,fauna,medium,1
LATAM|fauna|Nectocaecilia petersii,¿Cuál es una amenaza para la cecilia de Peters (Nectocaecilia petersii) y en qué tipo de hábitats naturales se encuentra?,3,2,LATAM,fauna,hard,0
LATAM|fauna|Mysateles melanurus,¿Qué tipo de especie es Mysateles melanurus?,2,2,LATAM,fauna,easy,0
LATAM|fauna|Mysateles melanurus,¿Dónde se encuentra principalmente la jutía andaraz?,2,2,LATAM,fauna,medium,0
LATAM|fauna|Mysateles melanurus,¿Cuáles son las características distintivas de la jutía andaraz en comparación con la jutía carabalí?,5,4,LATAM,fauna,hard,0
LATAM|fauna|O Amigo da Onça,¿Quién creó el personaje O Amigo da Onça?,1,1,LATAM,fauna,easy,0
LATAM|fauna|O Amigo da Onça,¿En qué revista se publicó por primera vez O Amigo da Onça?,1,1,LATAM,fauna,medium,0
LATAM|fauna|O Amigo da Onça,¿Qué características distintivas tiene el personaje O Amigo da Onça en sus historietas?,4,1,LATAM,fauna,hard,0
LATAM|fauna|Nephelornis oneilli,¿Qué tipo de ave es el pardusco o tangara pardusca?,2,2,LATAM,fauna,easy,0
LATAM|fauna|Nephelornis oneilli,¿Dónde se encuentra el pardusco o tangara pardusca?,5,1,LATAM,fauna,medium,0
LATAM|fauna|Nephelornis oneilli,¿Cuál es el hábitat natural del pardusco o tangara pardusca y a qué altitud se encuentra comúnmente?,2,2,LATAM,fauna,hard,0
LATAM|fauna|Patia cordillera,¿Qué tipo de especie es Patia cordillera?,1,1,LATAM,fauna,easy,0
LATAM|fauna|Patia cordillera,¿En qué región se encuentra distribuida Patia cordillera?,1,1,LATAM,fauna,medium,0
LATAM|fauna|Patia cordillera,¿Cuál es el nombre original con el que fue descrita Patia cordillera y quiénes fueron los autores de esta descripción?,3,3,LATAM,fauna,hard,0
LATAM|fauna|Ischnoptera pallipes,¿Qué tipo de especie es Ischnoptera pallipes?,2,2,LATAM,fauna,easy,0
LATAM|fauna|Ischnoptera pallipes,¿En qué familia se clasifica Ischnoptera pallipes?,1,1,LATAM,fauna,medium,0
LATAM|fauna|Ischnoptera pallipes,¿Quién describió científicamente a Ischnoptera pallipes y en qué año?,2,2,LATAM,fauna,hard,0
LATAM|fauna|Pterygoplichthys punctatus,¿Qué tipo de especie es Pterygoplichthys punctatus?,1,1,LATAM,fauna,easy,0
LATAM|fauna|Pterygoplichthys punctatus,¿Dónde se encuentra Pterygoplichthys punctatus?,2,1,LATAM,fauna,medium,0
LATAM|fauna|Pterygoplichthys punctatus,¿Cuál es el hábitat preferido de Pterygoplichthys punctatus y qué características de temperatura son ideales para su supervivencia?,3,3,LATAM,fauna,hard,0
LATAM|fauna|Pheidole acutidens,¿Qué tipo de especie es Pheidole acutidens?,2,2,LATAM,fauna,easy,0
LATAM|fauna|Pheidole acutidens,¿Dónde se encuentra Pheidole acutidens?,1,1,LATAM,fauna,medium,0
LATAM|fauna|Pheidole acutidens,¿Qué subfamilia pertenece Pheidole acutidens y qué implica su endemismo en relación con su hábitat?,2,2,LATAM,fauna,hard,0
LATAM|fauna|Oncideres crassicornis,¿Qué tipo de especie es Oncideres crassicornis?,2,2,LATAM,fauna,easy,0
LATAM|fauna|Oncideres crassicornis,¿Dónde se distribuye Oncideres crassicornis?,4,1,LATAM,fauna,medium,0
LATAM|fauna|Oncideres crassicornis,¿Qué planta de la familia Anacardiaceae consume Oncideres crassicornis y en qué meses ocurre su período de vuelo?,6,2,LATAM,fauna,hard,1
LATAM|fauna|Pseudastur occidentalis,¿Qué tipo de ave es el Pseudastur occidentalis?,2,2,LATAM,fauna,easy,0
LATAM|fauna|Pseudastur occidentalis,¿Dónde se encuentra el busardo dorsigrís?,2,1,LATAM,fauna,medium,0
LATAM|fauna|Pseudastur occidentalis,¿Cuál es el hábitat natural del gavilán dorsigrís y qué amenaza enfrenta?,2,2,LATAM,fauna,hard,0
LATAM|fauna|Pyrocephalus nanus,¿Qué tipo de especie es Pyrocephalus nanus?,1,1,LATAM,fauna,easy,0
LATAM|fauna|Pyrocephalus nanus,¿Dónde se encuentra Pyrocephalus nanus?,2,2,LATAM,fauna,medium,0
LATAM|fauna|Pyrocephalus nanus,¿Cuál es la clasificación de Pyrocephalus nanus según la Unión Internacional para la Conservación de la Naturaleza (IUCN)?,1,1,LATAM,fauna,hard,0
LATAM|fauna|Pyrinia tarapotata,¿Qué tipo de especie es Pyrinia tarapotata?,2,2,LATAM,fauna,easy,0
LATAM|fauna|Pyrinia tarapotata,¿Dónde fue descrita por primera vez la especie Pyrinia tarapotata?,1,1,LATAM,fauna,medium,0
LATAM|fauna|Pyrinia tarapotata,¿Quién describió por primera vez la especie Pyrinia tarapotata y en qué año?,2,2,LATAM,fauna,hard,0
LATAM|fauna|Sicalis raimondii,¿Qué tipo de ave es el chirigüe de Raimondi?,2,2,LATAM,fauna,easy,0
LATAM|fauna|Sicalis raimondii,¿Dónde se distribuye el chirigüe de Raimondi?,5,3,LATAM,fauna,medium,0
LATAM|fauna|Sicalis raimondii,¿Quién describió por primera vez la especie Sicalis raimondii y en qué año?,2,2,LATAM,fauna,hard,0
LATAM|fauna|arapaima,¿Qué tipo de especie es el arapaima?,2,2,LATAM,fauna,easy,0
LATAM|fauna|arapaima,¿Dónde se encuentran los arapaimas?,1,1,LATAM,fauna,medium,0
LATAM|fauna|arapaima,"¿Cuántas especies de arapaima deben al menos reconocerse según Stewart y Castello, y cuál es la más vista y fácil de distinguir?",2,2,LATAM,fauna,hard,0
LATAM|fauna|Streptoprocne phelpsi,¿Qué tipo de especie es el Streptoprocne phelpsi?,2,2,LATAM,fauna,easy,0
LATAM|fauna|Streptoprocne phelpsi,¿Dónde se encuentra el vencejo de Tepui?,3,1,LATAM,fauna,medium,0
LATAM|fauna|Streptoprocne phelpsi,¿Cuál es el hábitat natural del vencejo de Tepui y a qué altitud puede encontrarse?,3,2,LATAM,fauna,hard,0
LATAM|fauna|Saimiri oerstedii,¿Qué tipo de primate es el Saimiri oerstedii?,2,2,LATAM,fauna,easy,0
LATAM|fauna|Saimiri oerstedii,¿Dónde se encuentra el Saimiri oerstedii?,2,1,LATAM,fauna,medium,0
LATAM|fauna|Saimiri oerstedii,¿Cuál es la dieta del Saimiri oerstedii y cómo se relaciona con su hábitat?,7,2,LATAM,fauna,hard,0
LATAM|fauna|asterophysus batrachus,¿Qué tipo de pez es el Asterophysus batrachus?,1,1,LATAM,fauna,easy,0
LATAM|fauna|asterophysus batrachus,¿Cuál es la longitud máxima descrita del Asterophysus batrachus?,1,1,LATAM,fauna,medium,0
LATAM|fauna|asterophysus batrachus,¿En qué cuencas fluviales de América del Sur se encuentra el Asterophysus batrachus y qué tipo de hábitat tiene?,3,2,LATAM,fauna,hard,0
LATAM|fauna|Phrynus parvulus,¿Qué tipo de especie es Phrynus parvulus?,3,3,LATAM,fauna,easy,0
LATAM|fauna|Phrynus parvulus,¿Dónde se encuentra Phrynus parvulus?,4,2,LATAM,fauna,medium,1
LATAM|fauna|Phrynus parvulus,¿Cuál es el hábitat de Phrynus parvulus y qué características distintivas presenta en comparación con otras especies de su familia?,6,4,LATAM,fauna,hard,0
LATAM|fauna|Thorius tlaxiacus,¿Qué tipo de especie es Thorius tlaxiacus?,1,1,LATAM,fauna,easy,0
LATAM|fauna|Thorius tlaxiacus,¿Dónde se encuentra Thorius tlaxiacus?,3,1,LATAM,fauna,medium,0
LATAM|fauna|Thorius tlaxiacus,¿Cuál es el estado de conservación de Thorius tlaxiacus y qué factores han contribuido a su declive poblacional?,4,4,LATAM,fauna,hard,0
LATAM|fauna|atacamatitan chilensis,¿Qué tipo de dinosaurio es el Atacamatitan chilensis?,4,1,LATAM,fauna,easy,0
LATAM|fauna|atacamatitan chilensis,¿Dónde fue encontrado el Atacamatitan chilensis?,1,1,LATAM,fauna,medium,0
LATAM|fauna|atacamatitan chilensis,¿Qué importancia tiene el Atacamatitan chilensis para la paleontología nacional en Chile?,2,2,LATAM,fauna,hard,0
LATAM|fauna|centrolene savagei,¿Qué tipo de especie es Centrolene savagei?,2,2,LATAM,fauna,easy,0
LATAM|fauna|centrolene savagei,¿Dónde se encuentra Centrolene savagei?,1,1,LATAM,fauna,medium,0
LATAM|fauna|centrolene savagei,¿Por qué se encuentra amenazada de extinción Centrolene savagei?,1,1,LATAM,fauna,hard,0
LATAM|fauna|Tamandua mexicana,¿Qué tipo de mamífero es el tamandúa mexicano?,2,2,LATAM,fauna,easy,0
LATAM|fauna|Tamandua mexicana,¿Dónde se encuentra el tamandúa mexicano?,6,1,LATAM,fauna,medium,0
LATAM|fauna|Tamandua mexicana,¿Cuál es la importancia del monitoreo comunitario en la conservación del tamandúa mexicano en El Salvador?,3,3,LATAM,fauna,hard,0
LATAM|fauna|cryptotis avia,¿Qué tipo de especie es Cryptotis avia?,1,1,LATAM,fauna,easy,0
LATAM|fauna|cryptotis avia,¿Dónde se encuentra Cryptotis avia?,1,1,LATAM,fauna,medium,0
LATAM|fauna|cryptotis avia,¿Qué características distintivas tiene Cryptotis avia y en qué región es endémica?,2,2,LATAM,fauna,hard,0
LATAM|fauna|hypancistrus inspector,¿Qué tipo de especie es el hypancistrus inspector?,3,3,LATAM,fauna,easy,0
LATAM|fauna|hypancistrus inspector,¿En qué tipo de agua vive el hypancistrus inspector?,2,2,LATAM,fauna,medium,0
LATAM|fauna|hypancistrus inspector,¿Cuál es la distribución geográfica del hypancistrus inspector y en qué tipo de hábitat se encuentra?,4,4,LATAM,fauna,hard,0
LATAM|fauna|eburodacrys inaequalis,¿Qué tipo de especie es eburodacrys inaequalis?,1,1,LATAM,fauna,easy,0
LATAM|fauna|eburodacrys inaequalis,¿Quién describió científicamente a eburodacrys inaequalis y en qué año?,2,2,LATAM,fauna,medium,0
LATAM|fauna|eburodacrys inaequalis,"¿A qué género y tribu pertenece eburodacrys inaequalis, y en qué país se distribuye?",3,3,LATAM,fauna,hard,0
LATAM|fauna|Pyrrhura rhodocephala,¿Qué tipo de especie es el Pyrrhura rhodocephala?,1,1,LATAM,fauna,easy,0
LATAM|fauna|Pyrrhura rhodocephala,¿Dónde se encuentra el hábitat natural del perico cabeza roja?,10,2,LATAM,fauna,medium,0
LATAM|fauna|Pyrrhura rhodocephala,¿Cuál es el hábitat natural del Pyrrhura rhodocephala y en qué regiones específicas se encuentra?,10,2,LATAM,fauna,hard,0
LATAM|fauna|dacnis flaviventer,¿Qué tipo de especie es el dacnis flaviventer?,2,2,LATAM,fauna,easy,0
LATAM|fauna|dacnis flaviventer,¿Dónde se distribuye el dacnis flaviventer en América del Sur?,1,1,LATAM,fauna,medium,0
LATAM|fauna|dacnis flaviventer,¿Quiénes describieron por primera vez la especie dacnis flaviventer y en qué año?,3,2,LATAM,fauna,hard,0
LATAM|fauna|lepidoblepharis nukak,¿Qué tipo de especie es Lepidoblepharis nukak?,2,2,LATAM,fauna,easy,0
LATAM|fauna|lepidoblepharis nukak,¿Dónde se encuentra Lepidoblepharis nukak?,1,1,LATAM,fauna,medium,0
LATAM|fauna|lepidoblepharis nukak,¿Cuáles son las características distintivas de Lepidoblepharis nukak y en qué tipo de hábitat se encuentra?,2,2,LATAM,fauna,hard,0
LATAM|fauna|leporinus friderici,¿Qué tipo de especie es Leporinus friderici?,2,2,LATAM,fauna,easy,0
LATAM|fauna|leporinus friderici,¿En qué tipo de aguas se distribuye Leporinus friderici?,1,1,LATAM,fauna,medium,0
LATAM|fauna|leporinus friderici,¿Quién describió originalmente a Leporinus friderici y en qué año?,2,2,LATAM,fauna,hard,0
LATAM|fauna|natalus brevimanus,¿Qué tipo de especie es Natalus brevimanus?,2,2,LATAM,fauna,easy,0
LATAM|fauna|natalus brevimanus,¿Dónde se encuentra endémicamente Natalus brevimanus?,1,1,LATAM,fauna,medium,0
LATAM|fauna|natalus brevimanus,¿Cuáles son las amenazas que enfrenta Natalus brevimanus en su hábitat?,2,2,LATAM,fauna,hard,0
LATAM|fauna|phalcoboenus carunculatus,¿Qué tipo de especie es el Phalcoboenus carunculatus?,1,1,LATAM,fauna,easy,0
LATAM|fauna|phalcoboenus carunculatus,¿Dónde se distribuye el Phalcoboenus carunculatus?,1,1,LATAM,fauna,medium,0
LATAM|fauna|phalcoboenus carunculatus,¿Qué características distintivas tiene el Phalcoboenus carunculatus en comparación con el caracara andino y dónde habita?,2,2,LATAM,fauna,hard,0
LATAM|fauna|oncideres colombiana,¿Qué tipo de especie es Oncideres colombiana?,2,2,LATAM,fauna,easy,0
LATAM|fauna|oncideres colombiana,¿Quién describió científicamente a Oncideres colombiana y en qué año?,2,2,LATAM,fauna,medium,0
LATAM|fauna|oncideres colombiana,¿En qué países se distribuye Oncideres colombiana y quién la describió científicamente?,6,3,LATAM,fauna,hard,0
LATAM|fauna|Tremacebus harringtoni,¿Qué tipo de especie es Tremacebus harringtoni?,4,1,LATAM,fauna,easy,0
LATAM|fauna|Tremacebus harringtoni,¿Dónde habitó Tremacebus harringtoni?,2,1,LATAM,fauna,medium,0
LATAM|fauna|Tremacebus harringtoni,¿Quién describió originalmente el género Tremacebus y en qué año?,2,2,LATAM,fauna,hard,0
LATAM|fauna|petilipinnis grunniens,¿Qué tipo de especie es Petilipinnis grunniens?,3,3,LATAM,fauna,easy,0
LATAM|fauna|petilipinnis grunniens,¿En qué tipo de hábitat se encuentra Petilipinnis grunniens?,3,3,LATAM,fauna,medium,0
LATAM|fauna|petilipinnis grunniens,¿Es Petilipinnis grunniens inofensivo para los humanos y en qué regiones de Sudamérica se distribuye?,4,2,LATAM,fauna,hard,0
LATAM|fauna|pyrilia aurantiocephala,¿Qué tipo de especie es Pyrilia aurantiocephala?,2,2,LATAM,fauna,easy,0
LATAM|fauna|pyrilia aurantiocephala,¿Dónde es endémica Pyrilia aurantiocephala?,1,1,LATAM,fauna,medium,0
LATAM|fauna|pyrilia aurantiocephala,¿Cuáles son las características distintivas del plumaje de Pyrilia aurantiocephala y su hábitat natural?,2,2,LATAM,fauna,hard,0
LATAM|fauna|sipia berlepschi,¿Qué tipo de especie es el hormiguero colimocho?,3,3,LATAM,fauna,easy,0
LATAM|fauna|sipia berlepschi,¿Dónde se distribuye el hormiguero colimocho?,1,1,LATAM,fauna,medium,0
LATAM|fauna|sipia berlepschi,¿Quién describió por primera vez al hormiguero colimocho y bajo qué nombre científico fue clasificado inicialmente?,3,3,LATAM,fauna,hard,0
LATAM|fauna|rhinella arunco,¿Qué tipo de especie es Rhinella arunco?,2,2,LATAM,fauna,easy,0
LATAM|fauna|rhinella arunco,¿Dónde es endémica Rhinella arunco?,1,1,LATAM,fauna,medium,0
LATAM|fauna|rhinella arunco,¿Cuáles son las principales amenazas que enfrenta Rhinella arunco?,2,1,LATAM,fauna,hard,0
LATAM|fauna|solenoptera intermedia,¿Qué tipo de especie es Solenoptera intermedia?,1,1,LATAM,fauna,easy,0
LATAM|fauna|solenoptera intermedia,¿Quién describió a Solenoptera intermedia y en qué año?,2,2,LATAM,fauna,medium,0
LATAM|fauna|solenoptera intermedia,¿A qué tribu y subfamilia pertenece Solenoptera intermedia y dónde se distribuye?,3,3,LATAM,fauna,hard,0
LATAM|fauna|topaza pella,¿Qué tipo de ave es el colibrí topacio?,2,2,LATAM,fauna,easy,0
LATAM|fauna|topaza pella,¿Dónde se distribuye el colibrí topacio?,1,1,LATAM,fauna,medium,0
LATAM|fauna|topaza pella,¿Cuáles son las tres subespecies del colibrí topacio y dónde se distribuyen?,3,1,LATAM,fauna,hard,0
LATAM|flora|Aylostera einsteinii,¿Qué tipo de especie es Aylostera einsteinii?,1,1,LATAM,flora,easy,0
LATAM|flora|Aylostera einsteinii,¿Dónde se distribuye Aylostera einsteinii?,2,1,LATAM,flora,medium,0
LATAM|flora|Aylostera einsteinii,¿Quién describió por primera vez Aylostera einsteinii y en qué año?,2,2,LATAM,flora,hard,0
LATAM|flora|Beloglottis costaricensis,¿Qué tipo de especie es Beloglottis costaricensis?,2,2,LATAM,flora,easy,0
LATAM|flora|Beloglottis costaricensis,¿En qué mes florece Beloglottis costaricensis?,1,1,LATAM,flora,medium,0
LATAM|flora|Beloglottis costaricensis,¿Dónde se encuentra Beloglottis costaricensis y qué características distintivas tiene?,4,3,LATAM,flora,hard,0
LATAM|flora|Armatocereus procerus,¿Qué tipo de especie es Armatocereus procerus?,1,1,LATAM,flora,easy,0
LATAM|flora|Armatocereus procerus,¿Dónde es endémica Armatocereus procerus?,1,1,LATAM,flora,medium,0
LATAM|flora|Armatocereus procerus,¿Cuáles son las características distintivas de Armatocereus procerus en términos de su hábitat y morfología?,5,2,LATAM,flora,hard,0
LATAM|fauna|trogon mesurus,¿Qué tipo de especie es el trogón mesurus?,2,2,LATAM,fauna,easy,0
LATAM|fauna|trogon mesurus,¿Dónde se encuentra el trogón mesurus?,4,1,LATAM,fauna,medium,0
LATAM|fauna|trogon mesurus,¿Por qué el trogón mesurus era considerado anteriormente una subespecie de la Trogon melanurus?,3,3,LATAM,fauna,hard,0
LATAM|flora|Acanthocereus chiapensis,¿Qué tipo de planta es Acanthocereus chiapensis?,1,1,LATAM,flora,easy,0
LATAM|flora|Acanthocereus chiapensis,¿En qué países se distribuye Acanthocereus chiapensis?,3,1,LATAM,flora,medium,1
LATAM|flora|Acanthocereus chiapensis,¿Quién describió Acanthocereus chiapensis y en qué año fue publicada su descripción?,2,2,LATAM,flora,hard,0
LATAM|fauna|platyrinchus platyrhynchos,¿Qué tipo de especie es el picoplano crestiblanco?,2,2,LATAM,fauna,easy,0
LATAM|fauna|platyrinchus platyrhynchos,¿Dónde se distribuye el picoplano crestiblanco?,1,1,LATAM,fauna,medium,0
LATAM|fauna|platyrinchus platyrhynchos,¿Quién describió por primera vez al picoplano crestiblanco y en qué año?,2,2,LATAM,fauna,hard,0
LATAM|flora|Coccochondra,¿Qué tipo de organismo es Coccochondra?,1,1,LATAM,flora,easy,0
LATAM|flora|Coccochondra,¿A qué familia pertenece el género Coccochondra?,1,1,LATAM,flora,medium,0
LATAM|flora|Coccochondra,¿Cuál es el significado del endemismo de Coccochondra en relación con su ubicación geográfica?,1,1,LATAM,flora,hard,0
LATAM|flora|Cumulopuntia unguispina,¿Qué tipo de especie es Cumulopuntia unguispina?,1,1,LATAM,flora,easy,0
LATAM|flora|Cumulopuntia unguispina,¿Dónde es endémica Cumulopuntia unguispina?,1,1,LATAM,flora,medium,0
LATAM|flora|Cumulopuntia unguispina,¿En qué tipo de hábitat crece Cumulopuntia unguispina y qué características distintivas tiene?,1,1,LATAM,flora,hard,0
LATAM|flora|Cereus repandus,¿Qué tipo de especie es Cereus repandus?,1,1,LATAM,flora,easy,0
LATAM|flora|Cereus repandus,¿Dónde se distribuye principalmente Cereus repandus?,1,1,LATAM,flora,medium,0
LATAM|flora|Cereus repandus,¿Cuáles son los nombres comunes de Cereus repandus y qué importancia tienen sus flores en el ecosistema?,6,2,LATAM,flora,hard,0
LATAM|flora|Cereus pachyrrhizus,¿Qué tipo de planta es Cereus pachyrrhizus?,1,1,LATAM,flora,easy,0
LATAM|flora|Cereus pachyrrhizus,¿Dónde es endémica la especie Cereus pachyrrhizus?,1,1,LATAM,flora,medium,0
LATAM|flora|Cereus pachyrrhizus,¿Quién describió por primera vez a Cereus pachyrrhizus y en qué año fue publicada la descripción?,2,2,LATAM,flora,hard,0
LATAM|flora|Condalia microphylla,¿Qué tipo de especie es Condalia microphylla?,2,2,LATAM,flora,easy,0
LATAM|flora|Condalia microphylla,¿Dónde se encuentra Condalia microphylla?,1,1,LATAM,flora,medium,0
LATAM|flora|Condalia microphylla,¿Qué usos tiene el fruto de Condalia microphylla y qué efecto tiene su toxicidad en el ganado?,2,2,LATAM,flora,hard,0
LATAM|flora|Disocactus biformis,¿Cuál es el nombre común de Disocactus biformis?,1,1,LATAM,flora,easy,0
LATAM|flora|Disocactus biformis,¿En qué países se distribuye Disocactus biformis?,3,1,LATAM,flora,medium,1
LATAM|flora|Disocactus biformis,¿Qué características distintivas tiene Disocactus biformis y en qué tipo de hábitat se encuentra?,3,3,LATAM,flora,hard,0
LATAM|flora|Echinopsis caineana,¿Qué tipo de planta es Echinopsis caineana?,1,1,LATAM,flora,easy,0
LATAM|flora|Echinopsis caineana,¿Dónde se encuentra Echinopsis caineana de forma endémica?,1,1,LATAM,flora,medium,0
LATAM|flora|Echinopsis caineana,¿Cuál es el estado de conservación de Echinopsis caineana según la Lista Roja de Especies Amenazadas de la UICN y qué factores contribuyen a su riesgo poblacional?,2,2,LATAM,flora,hard,0
LATAM|flora|Pterygiosperma tehuelches,¿Qué tipo de planta es Pterygiosperma tehuelches?,1,1,LATAM,flora,easy,0
LATAM|flora|Pterygiosperma tehuelches,¿A qué familia pertenece Pterygiosperma tehuelches?,1,1,LATAM,flora,medium,0
LATAM|flora|Pterygiosperma tehuelches,¿Quién describió Pterygiosperma tehuelches y en qué año fue publicado?,2,2,LATAM,flora,hard,0
LATAM|flora|Echinopsis schieliana,¿Qué tipo de planta es Echinopsis schieliana?,1,1,LATAM,flora,easy,0
LATAM|flora|Echinopsis schieliana,¿Dónde se distribuye Echinopsis schieliana?,1,1,LATAM,flora,medium,0
LATAM|flora|Echinopsis schieliana,¿Qué características distintivas presenta Echinopsis schieliana en su morfología y hábitat?,2,2,LATAM,flora,hard,0
LATAM|flora|acacia bucheri,¿Qué tipo de especie es Acacia bucheri?,2,2,LATAM,flora,easy,0
LATAM|flora|acacia bucheri,¿Dónde se encuentra Acacia bucheri?,1,1,LATAM,flora,medium,0
LATAM|flora|acacia bucheri,¿Quién describió Acacia bucheri y en qué año fue publicada su descripción?,2,2,LATAM,flora,hard,0
LATAM|flora|Escallonia bifida,¿Qué tipo de especie es Escallonia bifida?,4,3,LATAM,flora,easy,0
LATAM|flora|Escallonia bifida,¿En qué países es originaria Escallonia bifida?,3,1,LATAM,flora,medium,0
LATAM|flora|Escallonia bifida,¿Qué características distintivas tiene Escallonia bifida y en qué región se encuentra en cultivo?,3,3,LATAM,flora,hard,0
LATAM|flora|Ramorinoa,¿Qué tipo de planta es Ramorinoa?,2,2,LATAM,flora,easy,0
LATAM|flora|Ramorinoa,¿Dónde se encuentra la especie Ramorinoa girolae?,1,1,LATAM,flora,medium,0
LATAM|flora|Ramorinoa,¿Cuáles son las características distintivas de Ramorinoa girolae y qué altura puede alcanzar?,2,2,LATAM,flora,hard,0
LATAM|flora|Justicia roigii,¿Qué tipo de especie es Justicia roigii?,2,2,LATAM,flora,easy,0
LATAM|flora|Justicia roigii,¿Dónde se encuentra Justicia roigii?,2,1,LATAM,flora,medium,0
LATAM|flora|Justicia roigii,¿Qué características distintivas tiene Justicia roigii y en qué tipo de hábitat crece?,2,2,LATAM,flora,hard,0
LATAM|flora|adesmia aromatica,¿Qué tipo de especie es Adesmia aromatica?,1,1,LATAM,flora,easy,0
LATAM|flora|adesmia aromatica,¿Quién describió la especie Adesmia aromatica?,1,1,LATAM,flora,medium,0
LATAM|flora|adesmia aromatica,¿En qué revista científica se registró Adesmia aromatica y en qué año?,2,2,LATAM,flora,hard,0
LATAM|flora|Dicliptera squarrosa,¿Qué tipo de especie es Dicliptera squarrosa?,1,1,LATAM,flora,easy,0
LATAM|flora|Dicliptera squarrosa,¿En qué bioma crece principalmente Dicliptera squarrosa?,1,1,LATAM,flora,medium,0
LATAM|flora|Dicliptera squarrosa,¿Quién describió inicialmente a Dicliptera squarrosa y bajo qué nombre fue publicada?,2,2,LATAM,flora,hard,0
LATAM|flora|adesmia leiocarpa,¿Qué tipo de especie es Adesmia leiocarpa?,1,1,LATAM,flora,easy,0
LATAM|flora|adesmia leiocarpa,¿A qué familia pertenece Adesmia leiocarpa?,1,1,LATAM,flora,medium,0
LATAM|flora|adesmia leiocarpa,¿Dónde es nativa Adesmia leiocarpa y en qué bioma crece?,2,2,LATAM,flora,hard,0
LATAM|flora|allium atrorubens,¿Qué tipo de especie es Allium atrorubens?,1,1,LATAM,flora,easy,0
LATAM|flora|allium atrorubens,¿Dónde es originaria Allium atrorubens?,1,1,LATAM,flora,medium,0
LATAM|flora|allium atrorubens,¿Quién describió Allium atrorubens y en qué año fue publicado?,2,2,LATAM,flora,hard,0
LATAM|flora|acanthosyris asipapote,¿Qué tipo de especie es Acanthosyris asipapote?,3,2,LATAM,flora,easy,0
LATAM|flora|acanthosyris asipapote,¿Dónde se encuentra Acanthosyris asipapote?,2,2,LATAM,flora,medium,0
LATAM|flora|acanthosyris asipapote,¿Quién describió Acanthosyris asipapote y en qué año fue descrita?,2,2,LATAM,flora,hard,0
LATAM|flora|adesmia karraikensis,¿Qué tipo de especie es Adesmia karraikensis?,1,1,LATAM,flora,easy,0
LATAM|flora|adesmia karraikensis,¿A qué género pertenece Adesmia karraikensis?,1,1,LATAM,flora,medium,0
LATAM|flora|adesmia karraikensis,¿En qué bioma crece Adesmia karraikensis y en qué país es nativa?,2,2,LATAM,flora,hard,0
LATAM|flora|adesmia tehuelcha,¿Qué tipo de especie es Adesmia tehuelcha?,1,1,LATAM,flora,easy,0
LATAM|flora|adesmia tehuelcha,¿A qué género pertenece Adesmia tehuelcha?,1,1,LATAM,flora,medium,0
LATAM|flora|adesmia tehuelcha,¿En qué bioma crece Adesmia tehuelcha y quién la describió?,2,2,LATAM,flora,hard,0
LATAM|flora|alstroemeria diluta,¿Qué tipo de especie es Alstroemeria diluta?,1,1,LATAM,flora,easy,0
LATAM|flora|alstroemeria diluta,¿Dónde es originaria Alstroemeria diluta?,1,1,LATAM,flora,medium,0
LATAM|flora|alstroemeria diluta,¿Quién describió Alstroemeria diluta y en qué publicación se realizó?,2,2,LATAM,flora,hard,0
LATAM|flora|Quercus sapotifolia,¿Qué tipo de planta es Quercus sapotifolia?,2,2,LATAM,flora,easy,0
LATAM|flora|Quercus sapotifolia,¿Dónde se encuentra Quercus sapotifolia?,6,1,LATAM,flora,medium,1
LATAM|flora|Quercus sapotifolia,¿Qué características distintivas tiene la madera de Quercus sapotifolia y para qué se utiliza?,6,2,LATAM,flora,hard,0
LATAM|flora|ateleia salicifolia,¿Qué tipo de especie es Ateleia salicifolia?,1,1,LATAM,flora,easy,0
LATAM|flora|ateleia salicifolia,¿A qué familia pertenece Ateleia salicifolia?,1,1,LATAM,flora,medium,0
LATAM|flora|ateleia salicifolia,¿Dónde se encuentra Ateleia salicifolia y en qué tipo de hábitat está confinado?,2,2,LATAM,flora,hard,0
LATAM|flora|alstroemeria kingii,¿Qué tipo de especie es Alstroemeria kingii?,4,1,LATAM,flora,easy,0
LATAM|flora|alstroemeria kingii,¿Dónde es originaria Alstroemeria kingii?,1,1,LATAM,flora,medium,0
LATAM|flora|alstroemeria kingii,¿Quién describió Alstroemeria kingii y en qué publicación se realizó?,2,2,LATAM,flora,hard,0
LATAM|flora|alstroemeria leporina,¿Qué tipo de especie es Alstroemeria leporina?,1,1,LATAM,flora,easy,0
LATAM|flora|alstroemeria leporina,¿Dónde es originaria Alstroemeria leporina?,1,1,LATAM,flora,medium,0
LATAM|flora|alstroemeria leporina,¿Quiénes describieron Alstroemeria leporina y en qué publicación se realizó?,2,2,LATAM,flora,hard,0
LATAM|flora|balbisia miniata,¿Qué nombre común recibe Balbisia miniata?,1,1,LATAM,flora,easy,0
LATAM|flora|balbisia miniata,¿A qué familia pertenece Balbisia miniata?,1,1,LATAM,flora,medium,0
LATAM|flora|balbisia miniata,¿Quiénes le dieron el nombre exacto a Balbisia miniata?,1,1,LATAM,flora,hard,0
LATAM|flora|brocchinia delicatula,¿Qué tipo de especie es Brocchinia delicatula?,1,1,LATAM,flora,easy,0
LATAM|flora|brocchinia delicatula,¿Dónde se encuentra Brocchinia delicatula?,1,1,LATAM,flora,medium,1
LATAM|flora|brocchinia delicatula,¿Quién describió Brocchinia delicatula y en qué año fue publicado?,2,2,LATAM,flora,hard,0
LATAM|flora|barkeria strophinx,¿Qué tipo de especie es Barkeria strophinx?,2,2,LATAM,flora,easy,0
LATAM|flora|barkeria strophinx,¿En qué estado de México se encuentra Barkeria strophinx?,1,1,LATAM,flora,medium,0
LATAM|flora|barkeria strophinx,¿Qué características distintivas tiene Barkeria strophinx y en qué tipo de hábitat se encuentra?,2,2,LATAM,flora,hard,0
LATAM|flora|borzicactus tenuiserpens,¿Qué tipo de especie es Borzicactus tenuiserpens?,1,1,LATAM,flora,easy,0
LATAM|flora|borzicactus tenuiserpens,¿Dónde se distribuye Borzicactus tenuiserpens?,2,1,LATAM,flora,medium,0
LATAM|flora|borzicactus tenuiserpens,¿Qué características distintivas presenta Borzicactus tenuiserpens en cuanto a su morfología y hábitat?,3,2,LATAM,flora,hard,0
LATAM|flora|atriplex vallenarensis,¿Qué tipo de especie es Atriplex vallenarensis?,3,2,LATAM,flora,easy,0
LATAM|flora|atriplex vallenarensis,¿Dónde se encuentra principalmente Atriplex vallenarensis?,1,1,LATAM,flora,medium,0
LATAM|flora|atriplex vallenarensis,¿Qué factores afectan el hábitat de Atriplex vallenarensis y en qué tipo de entorno crece?,4,2,LATAM,flora,hard,0
LATAM|flora|brocchinia hitchcockii,¿Qué tipo de especie es Brocchinia hitchcockii?,1,1,LATAM,flora,easy,0
LATAM|flora|brocchinia hitchcockii,¿Dónde se encuentra Brocchinia hitchcockii?,1,1,LATAM,flora,medium,0
LATAM|flora|brocchinia hitchcockii,¿Quién describió Brocchinia hitchcockii y a qué altitud se encuentra?,2,2,LATAM,flora,hard,0
LATAM|flora|castilleja affinis,¿Qué tipo de especie es castilleja affinis?,1,1,LATAM,flora,easy,0
LATAM|flora|castilleja affinis,¿Dónde es originaria castilleja affinis?,1,1,LATAM,flora,medium,0
LATAM|flora|castilleja affinis,¿Cuáles son las tres subespecies de castilleja affinis?,3,1,LATAM,flora,hard,0
LATAM|flora|ceiba pentandra,¿Qué tipo de especie es la ceiba pentandra?,2,2,LATAM,flora,easy,0
LATAM|flora|ceiba pentandra,¿Dónde es originaria la ceiba pentandra?,1,1,LATAM,flora,medium,0
LATAM|flora|ceiba pentandra,¿Qué características hacen que la ceiba pentandra sea considerada invasora y en qué tipo de suelos se encuentra?,2,2,LATAM,flora,hard,0
LATAM|flora|corryocactus tarijensis,¿Qué tipo de planta es Corryocactus tarijensis?,1,1,LATAM,flora,easy,0
LATAM|flora|corryocactus tarijensis,¿Dónde es endémica Corryocactus tarijensis?,1,1,LATAM,flora,medium,0
LATAM|flora|corryocactus tarijensis,¿Cuáles son las características distintivas de Corryocactus tarijensis en cuanto a su hábitat y morfología?,3,3,LATAM,flora,hard,0
LATAM|flora|cochemiea insularis,¿Cuál es el nombre común de Cochemiea insularis?,1,1,LATAM,flora,easy,0
LATAM|flora|cochemiea insularis,¿En qué regiones se distribuye Cochemiea insularis?,2,1,LATAM,flora,medium,0
LATAM|flora|cochemiea insularis,¿Qué nombre se le dio originalmente a Cochemiea insularis y quién lo describió por primera vez?,2,2,LATAM,flora,hard,0
LATAM|flora|brachystigma wrightii,¿Qué tipo de especie es Brachystigma wrightii?,1,1,LATAM,flora,easy,0
LATAM|flora|brachystigma wrightii,¿A qué familia pertenece Brachystigma wrightii?,1,1,LATAM,flora,medium,0
LATAM|flora|brachystigma wrightii,¿Quién describió Brachystigma wrightii y en qué publicación se realizó?,2,2,LATAM,flora,hard,0
LATAM|flora|corynabutilon ochsenii,¿Cuál es el nombre común de Corynabutilon ochsenii?,1,1,LATAM,flora,easy,0
LATAM|flora|corynabutilon ochsenii,¿En qué regiones de Chile se distribuye Corynabutilon ochsenii?,2,1,LATAM,flora,medium,0
LATAM|flora|corynabutilon ochsenii,¿Qué tipo de hábitat y características distintivas tiene Corynabutilon ochsenii en su distribución en Chile?,2,1,LATAM,flora,hard,0
LATAM|flora|chromolaena bullata,¿Qué tipo de planta es Chromolaena bullata?,2,2,LATAM,flora,easy,0
LATAM|flora|chromolaena bullata,¿Dónde se reporta Chromolaena bullata?,2,2,LATAM,flora,medium,0
LATAM|flora|chromolaena bullata,¿Quién describió Chromolaena bullata y en qué año fue publicado?,2,2,LATAM,flora,hard,0
LATAM|flora|cylindropuntia leptocaulis,¿Qué tipo de planta es Cylindropuntia leptocaulis?,1,1,LATAM,flora,easy,0
LATAM|flora|cylindropuntia leptocaulis,¿Dónde se distribuye Cylindropuntia leptocaulis?,1,1,LATAM,flora,medium,0
LATAM|flora|cylindropuntia leptocaulis,¿Por qué se considera a Cylindropuntia leptocaulis una especie invasora en Sudáfrica y qué implicaciones tiene esto en su manejo en España?,3,3,LATAM,flora,hard,0
LATAM|flora|cyttaria harioti,¿Qué tipo de organismo es Cyttaria harioti?,1,1,LATAM,flora,easy,0
LATAM|flora|cyttaria harioti,¿Dónde se encuentra Cyttaria harioti?,3,1,LATAM,flora,medium,0
LATAM|flora|cyttaria harioti,¿Qué efecto tiene Cyttaria harioti en los árboles Nothofagus?,3,3,LATAM,flora,hard,0
LATAM|flora|echinocereus pentalophus,¿Cómo se conoce comúnmente a Echinocereus pentalophus?,1,1,LATAM,flora,easy,0
LATAM|flora|echinocereus pentalophus,¿En qué bioma se desarrolla principalmente Echinocereus pentalophus?,1,1,LATAM,flora,medium,0
LATAM|flora|echinocereus pentalophus,¿Qué características distintivas presentan los tallos de Echinocereus pentalophus y en qué tipo de suelos crece?,2,2,LATAM,flora,hard,0
LATAM|flora|echeveria cante,¿Qué tipo de planta es Echeveria cante?,2,2,LATAM,flora,easy,0
LATAM|flora|echeveria cante,¿Dónde se encuentra Echeveria cante?,1,1,LATAM,flora,medium,0
LATAM|flora|echeveria cante,¿Quiénes describieron Echeveria cante y en qué publicación se realizó?,2,2,LATAM,flora,hard,0
LATAM|flora|echeveria harmsii,¿Qué tipo de planta es Echeveria harmsii?,2,2,LATAM,flora,easy,0
LATAM|flora|echeveria harmsii,¿Dónde es endémica Echeveria harmsii?,1,1,LATAM,flora,medium,0
LATAM|flora|echeveria harmsii,¿Quién describió Echeveria harmsii y en qué año?,2,2,LATAM,flora,hard,0
LATAM|flora|coccothrinax salvatoris,¿Qué tipo de especie es Coccothrinax salvatoris?,2,2,LATAM,flora,easy,0
LATAM|flora|coccothrinax salvatoris,¿En qué año fue descrita Coccothrinax salvatoris?,1,1,LATAM,flora,medium,0
LATAM|flora|coccothrinax salvatoris,¿Quién describió Coccothrinax salvatoris y en qué publicación se realizó?,2,2,LATAM,flora,hard,0
LATAM|flora|elaeagia pastoensis,¿Qué tipo de especie es el elaeagia pastoensis?,2,2,LATAM,flora,easy,0
LATAM|flora|elaeagia pastoensis,¿Dónde se encuentra el elaeagia pastoensis?,1,1,LATAM,flora,medium,0
LATAM|flora|elaeagia pastoensis,¿Qué características distintivas tiene el elaeagia pastoensis en cuanto a su resina y su uso en la fabricación del Barniz de Pasto?,3,3,LATAM,flora,hard,0
LATAM|flora|echinocereus viereckii,¿Cómo se conoce comúnmente a Echinocereus viereckii?,2,1,LATAM,flora,easy,0
LATAM|flora|echinocereus viereckii,¿En qué estados de México es endémica Echinocereus viereckii?,3,1,LATAM,flora,medium,0
LATAM|flora|echinocereus viereckii,¿Quién describió Echinocereus viereckii y en qué año fue publicada su descripción?,2,2,LATAM,flora,hard,0
LATAM|flora|echinocereus berlandieri,¿Qué tipo de especie es Echinocereus berlandieri?,1,1,LATAM,flora,easy,0
LATAM|flora|echinocereus berlandieri,¿Dónde se distribuye Echinocereus berlandieri?,2,1,LATAM,flora,medium,0
LATAM|flora|echinocereus berlandieri,¿Cuáles son las características distintivas de Echinocereus berlandieri en cuanto a su morfología y hábitat?,4,3,LATAM,flora,hard,0
LATAM|flora|eriosyce heinrichiana,¿Qué tipo de especie es Eriosyce heinrichiana?,2,2,LATAM,flora,easy,0
LATAM|flora|eriosyce heinrichiana,¿Dónde es endémica Eriosyce heinrichiana?,1,1,LATAM,flora,medium,0
LATAM|flora|eriosyce heinrichiana,¿En qué tipo de hábitat crece Eriosyce heinrichiana y dónde se encuentra?,2,2,LATAM,flora,hard,0
LATAM|flora|erigeron longipes,¿Qué tipo de planta es Erigeron longipes?,2,2,LATAM,flora,easy,0
LATAM|flora|erigeron longipes,¿Dónde es nativa Erigeron longipes?,1,1,LATAM,flora,medium,0
LATAM|flora|erigeron longipes,¿Qué usos medicinales se le han atribuido a Erigeron longipes desde el siglo XVI?,5,2,LATAM,flora,hard,0
LATAM|flora|cyttaria espinosae,¿Qué tipo de organismo es Cyttaria espinosae?,6,4,LATAM,flora,easy,0
LATAM|flora|cyttaria espinosae,¿Qué tipo de parásito es Cyttaria espinosae y de qué árbol es específico?,2,2,LATAM,flora,medium,0
LATAM|flora|cyttaria espinosae,¿Cuáles son algunas formas en que se consume Cyttaria espinosae en la gastronomía chilena?,5,1,LATAM,flora,hard,0
LATAM|flora|eriosyce robusta,¿Qué tipo de planta es Eriosyce robusta?,2,2,LATAM,flora,easy,0
LATAM|flora|eriosyce robusta,¿Dónde se encuentra Eriosyce robusta?,1,1,LATAM,flora,medium,0
LATAM|flora|eriosyce robusta,¿Cuál es el estado de conservación propuesto para Eriosyce robusta y qué factores han contribuido a su disminución poblacional?,5,2,LATAM,flora,hard,0
LATAM|flora|euphorbia gradyi,¿Qué tipo de especie es Euphorbia gradyi?,1,1,LATAM,flora,easy,0
LATAM|flora|euphorbia gradyi,¿A qué familia pertenece Euphorbia gradyi?,1,1,LATAM,flora,medium,0
LATAM|flora|euphorbia gradyi,¿Quién describió Euphorbia gradyi y en qué publicación se realizó?,2,2,LATAM,flora,hard,0
LATAM|flora|euphorbia bracteata,¿Qué tipo de especie es Euphorbia bracteata?,2,2,LATAM,flora,easy,0
LATAM|flora|euphorbia bracteata,¿Dónde es endémica Euphorbia bracteata?,1,1,LATAM,flora,medium,0
LATAM|flora|euphorbia bracteata,¿Quién describió Euphorbia bracteata y en qué año fue publicada su descripción?,2,2,LATAM,flora,hard,0
LATAM|flora|gymnocalycium mostii,¿Qué tipo de especie es Gymnocalycium mostii?,2,2,LATAM,flora,easy,0
LATAM|flora|gymnocalycium mostii,¿Dónde se encuentra Gymnocalycium mostii?,1,1,LATAM,flora,medium,0
LATAM|flora|gymnocalycium mostii,¿Cuál es el epíteto de Gymnocalycium mostii y a quién se le otorgó en honor?,2,2,LATAM,flora,hard,0
LATAM|flora|euphorbia parishii,¿Qué tipo de especie es Euphorbia parishii?,2,2,LATAM,flora,easy,0
LATAM|flora|euphorbia parishii,¿Dónde es nativa Euphorbia parishii?,1,1,LATAM,flora,medium,0
LATAM|flora|euphorbia parishii,¿Quién describió Euphorbia parishii y en qué publicación se hizo?,2,2,LATAM,flora,hard,0
LATAM|flora|ferocactus diguetii,¿Qué tipo de especie es Ferocactus diguetii?,1,1,LATAM,flora,easy,0
LATAM|flora|ferocactus diguetii,¿Dónde se encuentra Ferocactus diguetii?,2,1,LATAM,flora,medium,0
LATAM|flora|ferocactus diguetii,¿Cuáles son las características distintivas de Ferocactus diguetii en términos de su morfología y hábitat?,5,4,LATAM,flora,hard,0
LATAM|flora|gevuina avellana,¿Cuál es el nombre vulgar del Gevuina avellana?,1,1,LATAM,flora,easy,0
LATAM|flora|gevuina avellana,¿En qué tipo de hábitat crece el Gevuina avellana?,1,1,LATAM,flora,medium,0
LATAM|flora|gevuina avellana,¿Qué características distintivas tiene el Gevuina avellana en cuanto a su altura y diámetro del tronco?,2,2,LATAM,flora,hard,0
LATAM|flora|goodyera oblongifolia,¿Qué tipo de especie es Goodyera oblongifolia?,1,1,LATAM,flora,easy,0
LATAM|flora|goodyera oblongifolia,¿Dónde es comúnmente encontrada Goodyera oblongifolia?,1,1,LATAM,flora,medium,0
LATAM|flora|goodyera oblongifolia,¿Cuáles son los nombres comunes de Goodyera oblongifolia y en qué parte de América del Norte se encuentra?,3,2,LATAM,flora,hard,0
LATAM|flora|halimolobos jaegeri,¿Qué tipo de especie es Halimolobos jaegeri?,2,2,LATAM,flora,easy,0
LATAM|flora|halimolobos jaegeri,¿Dónde es nativa Halimolobos jaegeri?,1,1,LATAM,flora,medium,1
LATAM|flora|halimolobos jaegeri,¿Cuáles son las características distintivas de Halimolobos jaegeri en su hábitat natural?,6,4,LATAM,flora,hard,0
LATAM|flora|helicteres guazumifolia,¿Qué tipo de planta es Helicteres guazumifolia?,2,2,LATAM,flora,easy,0
LATAM|flora|helicteres guazumifolia,¿Dónde es originaria Helicteres guazumifolia?,1,1,LATAM,flora,medium,0
LATAM|flora|helicteres guazumifolia,¿Qué usos medicinales se le da a Helicteres guazumifolia en México y en qué estados específicos?,6,3,LATAM,flora,hard,0
LATAM|flora|harrisia martinii,¿Qué tipo de planta es Harrisia martinii?,2,2,LATAM,flora,easy,0
LATAM|flora|harrisia martinii,¿En qué regiones de Argentina es endémica Harrisia martinii?,6,2,LATAM,flora,medium,0
LATAM|flora|harrisia martinii,¿Qué características distintivas tiene Harrisia martinii en cuanto a su forma y espinas?,4,3,LATAM,flora,hard,0
LATAM|flora|mammillaria luethyi,¿Qué tipo de especie es Mammillaria luethyi?,2,2,LATAM,flora,easy,0
LATAM|flora|mammillaria luethyi,¿Dónde es endémico Mammillaria luethyi?,2,2,LATAM,flora,medium,0
LATAM|flora|mammillaria luethyi,¿Por qué está tratada Mammillaria luethyi en peligro de extinción?,1,1,LATAM,flora,hard,0
LATAM|flora|hoffmannseggia erecta,¿Qué tipo de especie es Hoffmannseggia erecta?,2,2,LATAM,flora,easy,0
LATAM|flora|hoffmannseggia erecta,¿Dónde se distribuye Hoffmannseggia erecta?,4,1,LATAM,flora,medium,0
LATAM|flora|hoffmannseggia erecta,¿Quién describió Hoffmannseggia erecta y en qué publicación se hizo?,2,2,LATAM,flora,hard,0
LATAM|flora|heliopsis longipes,¿Cuál es el nombre común de Heliopsis longipes?,1,1,LATAM,flora,easy,0
LATAM|flora|heliopsis longipes,¿Qué alcaloide contiene Heliopsis longipes?,1,1,LATAM,flora,medium,0
LATAM|flora|heliopsis longipes,"¿Qué significa el término ""chilmecatl"" en relación con Heliopsis longipes y cuál es su origen?",2,2,LATAM,flora,hard,0
LATAM|flora|manilkara zapota,¿Qué tipo de especie es el manilkara zapota?,2,2,LATAM,flora,easy,0
LATAM|flora|manilkara zapota,¿Dónde se encuentra el manilkara zapota?,1,1,LATAM,flora,medium,0
LATAM|flora|manilkara zapota,¿Cuál es el origen del manilkara zapota y en qué región es abundante?,3,2,LATAM,flora,hard,0
LATAM|flora|larrea nitida,¿Qué tipo de planta es Larrea nitida?,2,2,LATAM,flora,easy,0
LATAM|flora|larrea nitida,¿Dónde se distribuye Larrea nitida en Argentina?,1,1,LATAM,flora,medium,0
LATAM|flora|larrea nitida,¿Quién describió Larrea nitida y en qué año fue publicado?,2,2,LATAM,flora,hard,0
LATAM|flora|mammillaria sanchez-mejoradae,¿Qué tipo de especie es Mammillaria sanchez-mejoradae?,2,2,LATAM,flora,easy,0
LATAM|flora|mammillaria sanchez-mejoradae,¿Dónde es endémica Mammillaria sanchez-mejoradae?,2,2,LATAM,flora,medium,0
LATAM|flora|mammillaria sanchez-mejoradae,¿Cuál es el hábitat natural de Mammillaria sanchez-mejoradae y qué amenaza enfrenta?,3,3,LATAM,flora,hard,0
LATAM|flora|mammillaria hahniana,¿Qué tipo de especie es Mammillaria hahniana?,2,2,LATAM,flora,easy,0
LATAM|flora|mammillaria hahniana,¿Dónde es endémica Mammillaria hahniana?,3,1,LATAM,flora,medium,0
LATAM|flora|mammillaria hahniana,¿Cuál es el hábitat natural de Mammillaria hahniana y qué características distintivas tiene?,3,3,LATAM,flora,hard,0
LATAM|flora|maxillaria desvauxiana,¿Qué tipo de especie es Maxillaria desvauxiana?,1,1,LATAM,flora,easy,0
LATAM|flora|maxillaria desvauxiana,¿En qué tipo de hábitat se encuentra Maxillaria desvauxiana?,1,1,LATAM,flora,medium,0
LATAM|flora|maxillaria desvauxiana,¿En qué países de América se puede encontrar Maxillaria desvauxiana y en qué tipo de clima prefiere crecer?,7,2,LATAM,flora,hard,1
LATAM|flora|metastevia hintonii,¿Qué tipo de planta es Metastevia hintonii?,2,2,LATAM,flora,easy,0
LATAM|flora|metastevia hintonii,¿Dónde es endémica Metastevia hintonii?,1,1,LATAM,flora,medium,0
LATAM|flora|metastevia hintonii,¿Quién describió Metastevia hintonii y en qué año fue publicado?,2,2,LATAM,flora,hard,1
LATAM|flora|melochia manducata,¿Qué tipo de planta es Melochia manducata?,2,2,LATAM,flora,easy,0
LATAM|flora|melochia manducata,¿En qué tipo de hábitat crece Melochia manducata?,2,1,LATAM,flora,medium,0
LATAM|flora|melochia manducata,¿En qué países ha sido reportada Melochia manducata y qué características tiene su tallo?,10,2,LATAM,flora,hard,1
LATAM|flora|nicté-ha,"¿Qué significa ""nicté-ha"" en idioma maya?",1,1,LATAM,flora,easy,0
LATAM|flora|nicté-ha,¿Dónde se localiza la nicté-ha?,1,1,LATAM,flora,medium,0
LATAM|flora|nicté-ha,"¿Qué características distintivas tiene la nicté-ha y qué nombre en maya se le atribuye que significa ""blanca de lejos""?",3,3,LATAM,flora,hard,0
LATAM|flora|nolana sedifolia,¿Qué tipo de especie es la Nolana sedifolia?,1,1,LATAM,flora,easy,0
LATAM|flora|nolana sedifolia,¿Dónde se encuentra distribuida la Nolana sedifolia?,1,1,LATAM,flora,medium,0
LATAM|flora|nolana sedifolia,¿Qué características distintivas tiene la Nolana sedifolia en comparación con la Nolana crassulifolia?,2,2,LATAM,flora,hard,1
LATAM|flora|nothoscordum izaguirreae,¿Qué tipo de especie es Nothoscordum izaguirreae?,4,2,LATAM,flora,easy,0
LATAM|flora|nothoscordum izaguirreae,¿Dónde se encuentra Nothoscordum izaguirreae?,1,1,LATAM,flora,medium,0
LATAM|flora|nothoscordum izaguirreae,¿Quién describió Nothoscordum izaguirreae y en qué año fue publicado?,2,2,LATAM,flora,hard,0
LATAM|flora|ourisia biflora,¿Qué tipo de planta es Ourisia biflora?,2,2,LATAM,flora,easy,0
LATAM|flora|ourisia biflora,¿Dónde se encuentra Ourisia biflora?,2,1,LATAM,flora,medium,0
LATAM|flora|ourisia biflora,¿Quién describió Ourisia biflora y en qué año?,2,2,LATAM,flora,hard,0
LATAM|flora|paphinia rugosa,¿Qué tipo de especie es Paphinia rugosa?,2,2,LATAM,flora,easy,0
LATAM|flora|paphinia rugosa,¿A qué altitud se encuentra Paphinia rugosa?,1,1,LATAM,flora,medium,0
LATAM|flora|paphinia rugosa,¿Quién clasificó Paphinia rugosa y en qué año se publicó esta clasificación?,2,2,LATAM,flora,hard,0
LATAM|flora|ourisia breviflora subsp. breviflora,¿Qué tipo de planta es Ourisia breviflora subsp. breviflora?,2,2,LATAM,flora,easy,0
LATAM|flora|ourisia breviflora subsp. breviflora,¿Dónde se encuentra Ourisia breviflora subsp. breviflora?,1,1,LATAM,flora,medium,0
LATAM|flora|ourisia breviflora subsp. breviflora,"¿Quién describió Ourisia breviflora subsp. breviflora y en qué año, y qué relación tiene esta planta con el hábitat de los Andes del sur de Chile y Argentina?",3,3,LATAM,flora,hard,0
LATAM|flora|okenia hypogaea,¿Qué tipo de planta es Okenia hypogaea?,2,2,LATAM,flora,easy,0
LATAM|flora|okenia hypogaea,¿Dónde es originaria Okenia hypogaea?,2,1,LATAM,flora,medium,0
LATAM|flora|okenia hypogaea,¿Qué características distintivas tiene Okenia hypogaea en cuanto a su antocarpo y estilo?,2,2,LATAM,flora,hard,0
LATAM|flora|oncidium incurvum,¿Qué tipo de especie es Oncidium incurvum?,2,2,LATAM,flora,easy,0
LATAM|flora|oncidium incurvum,¿Dónde es originaria Oncidium incurvum?,3,2,LATAM,flora,medium,0
LATAM|flora|oncidium incurvum,¿Qué características distintivas tiene Oncidium incurvum y en qué tipo de hábitat se desarrolla?,2,2,LATAM,flora,hard,0
LATAM|flora|passiflora pilosa,¿Qué tipo de especie es Passiflora pilosa?,2,2,LATAM,flora,easy,0
LATAM|flora|passiflora pilosa,¿Dónde se distribuye Passiflora pilosa?,3,1,LATAM,flora,medium,0
LATAM|flora|passiflora pilosa,¿En qué tipo de hábitat se desarrolla Passiflora pilosa y en qué periodo florece?,2,2,LATAM,flora,hard,0
LATAM|flora|ovidia pillopillo,¿Qué tipo de especie es Ovidia pillopillo?,1,1,LATAM,flora,easy,0
LATAM|flora|ovidia pillopillo,¿Dónde se distribuye Ovidia pillopillo en Chile?,1,1,LATAM,flora,medium,0
LATAM|flora|ovidia pillopillo,¿Qué características distintivas tiene Ovidia pillopillo en cuanto a su tamaño y olor?,2,2,LATAM,flora,hard,0
LATAM|flora|pseudonemacladus,¿Qué tipo de género es Pseudonemacladus?,1,1,LATAM,flora,easy,0
LATAM|flora|pseudonemacladus,¿A qué familia pertenece Pseudonemacladus?,1,1,LATAM,flora,medium,0
LATAM|flora|pseudonemacladus,¿Cuál es la única especie que contiene el género Pseudonemacladus y quién la describió?,2,2,LATAM,flora,hard,0
LATAM|flora|pleopeltis pinnatifida,¿Qué tipo de especie es Pleopeltis pinnatifida?,3,3,LATAM,flora,easy,0
LATAM|flora|pleopeltis pinnatifida,¿Dónde se puede encontrar Pleopeltis pinnatifida?,2,1,LATAM,flora,medium,0
LATAM|flora|pleopeltis pinnatifida,¿Quién describió Pleopeltis pinnatifida y en qué publicación se realizó?,2,2,LATAM,flora,hard,0
LATAM|flora|prunus salicifolia,¿Qué tipo de especie es Prunus salicifolia?,2,2,LATAM,flora,easy,0
LATAM|flora|prunus salicifolia,¿Dónde es originaria Prunus salicifolia?,1,1,LATAM,flora,medium,0
LATAM|flora|prunus salicifolia,¿Qué características climáticas necesita Prunus salicifolia y en qué época florece en México?,2,2,LATAM,flora,hard,0
LATAM|flora|parodia aureicentra,¿Qué tipo de especie es Parodia aureicentra?,2,2,LATAM,flora,easy,0
LATAM|flora|parodia aureicentra,¿Dónde se encuentra Parodia aureicentra?,1,1,LATAM,flora,medium,1
LATAM|flora|parodia aureicentra,¿Quién describió Parodia aureicentra y en qué año fue publicado?,3,3,LATAM,flora,hard,0
LATAM|flora|quercus virginiana,¿Qué tipo de árbol es Quercus virginiana?,3,2,LATAM,flora,easy,0
LATAM|flora|quercus virginiana,¿En qué época florece Quercus virginiana?,1,1,LATAM,flora,medium,0
LATAM|flora|quercus virginiana,¿Con qué especies hibrida Quercus virginiana y qué características tiene su hábitat?,6,3,LATAM,flora,hard,0
LATAM|flora|senna candolleana,¿Qué tipo de especie es senna candolleana?,2,2,LATAM,flora,easy,0
LATAM|flora|senna candolleana,¿Dónde se distribuye senna candolleana en Chile?,2,1,LATAM,flora,medium,0
LATAM|flora|senna candolleana,¿Cuál es el hábitat natural de senna candolleana y qué características tiene su maduración?,3,3,LATAM,flora,hard,0
LATAM|flora|solanum ovalifolium,¿Qué tipo de planta es el solanum ovalifolium?,2,2,LATAM,flora,easy,1
LATAM|flora|solanum ovalifolium,¿Dónde es nativo el solanum ovalifolium?,1,1,LATAM,flora,medium,0
LATAM|flora|solanum ovalifolium,¿Cuáles son algunas características distintivas del solanum ovalifolium y qué altura puede alcanzar?,2,2,LATAM,flora,hard,0
LATAM|flora|myrmecophila tibicinis,¿Qué tipo de especie es Myrmecophila tibicinis?,2,2,LATAM,flora,easy,0
LATAM|flora|myrmecophila tibicinis,¿Dónde habita Myrmecophila tibicinis?,1,1,LATAM,flora,medium,0
LATAM|flora|myrmecophila tibicinis,¿Qué características distintivas tiene Myrmecophila tibicinis en comparación con M. brysiana?,2,2,LATAM,flora,hard,0
LATAM|flora|selenicereus tonduzii,¿Qué tipo de especie es Selenicereus tonduzii?,1,1,LATAM,flora,easy,0
LATAM|flora|selenicereus tonduzii,¿Dónde se extiende la distribución nativa de Selenicereus tonduzii?,2,1,LATAM,flora,medium,0
LATAM|flora|selenicereus tonduzii,¿Qué características distintivas tiene Selenicereus tonduzii y en qué bioma crece principalmente?,4,2,LATAM,flora,hard,0
LATAM|flora|senecio aphanactis,¿Qué tipo de planta es el senecio aphanactis?,2,2,LATAM,flora,easy,0
LATAM|flora|senecio aphanactis,¿Dónde se encuentra principalmente el senecio aphanactis?,1,1,LATAM,flora,medium,0
LATAM|flora|senecio aphanactis,¿Cuál es el rango de altura que puede alcanzar el senecio aphanactis y en qué región es originario?,2,2,LATAM,flora,hard,0
LATAM|flora|pilosocereus chrysacanthus,¿Qué tipo de especie es Pilosocereus chrysacanthus?,2,2,LATAM,flora,easy,0
LATAM|flora|pilosocereus chrysacanthus,¿Dónde se encuentra Pilosocereus chrysacanthus?,4,2,LATAM,flora,medium,0
LATAM|flora|pilosocereus chrysacanthus,¿Cuáles son las características distintivas de Pilosocereus chrysacanthus y su hábitat?,10,8,LATAM,flora,hard,0
LATAM|flora|tristagma graminifolium,¿Qué tipo de especie es Tristagma graminifolium?,1,1,LATAM,flora,easy,0
LATAM|flora|tristagma graminifolium,¿Dónde es endémica Tristagma graminifolium?,1,1,LATAM,flora,medium,0
LATAM|flora|tristagma graminifolium,¿Qué características distintivas presenta el androceo de Tristagma graminifolium?,1,1,LATAM,flora,hard,0
LATAM|flora|stenocactus lamellosus,¿Qué tipo de planta es Stenocactus lamellosus?,2,2,LATAM,flora,easy,0
LATAM|flora|stenocactus lamellosus,¿Dónde es endémica Stenocactus lamellosus?,1,1,LATAM,flora,medium,0
LATAM|flora|stenocactus lamellosus,¿Cuál es el hábitat natural de Stenocactus lamellosus y qué características tiene como planta?,2,2,LATAM,flora,hard,0
LATAM|geography|Batalla naval del Golfo de Cádiz,¿Qué tipo de acción fue la Batalla naval del Golfo de Cádiz?,1,1,LATAM,geography,easy,0
LATAM|geography|Batalla naval del Golfo de Cádiz,¿Cuándo tuvo lugar la Batalla naval del Golfo de Cádiz?,1,1,LATAM,geography,medium,0
LATAM|geography|Batalla naval del Golfo de Cádiz,¿Qué se destaca de la Batalla naval del Golfo de Cádiz en relación con el Tratado de Londres?,1,1,LATAM,geography,hard,0
LATAM|geography|Araújo (Uruguay),¿Qué tipo de lugar es Araújo?,3,2,LATAM,geography,easy,0
LATAM|geography|Araújo (Uruguay),¿Cómo se accede a la localidad de Araújo?,1,1,LATAM,geography,medium,0
LATAM|geography|Araújo (Uruguay),¿Cuál es la población de Araújo según el censo de 2011 y en qué zona se encuentra situada?,2,2,LATAM,geography,hard,0
LATAM|flora|tillandsia seleriana,¿Qué tipo de planta es Tillandsia seleriana?,2,2,LATAM,flora,easy,0
LATAM|flora|tillandsia seleriana,¿Dónde se encuentra Tillandsia seleriana?,1,1,LATAM,flora,medium,0
LATAM|flora|tillandsia seleriana,¿Quién describió Tillandsia seleriana y en qué año fue publicado?,2,2,LATAM,flora,hard,0
LATAM|geography|Acasio,¿Qué tipo de lugar es Acasio?,3,2,LATAM,geography,easy,0
LATAM|geography|Acasio,¿En qué provincia se ubica Acasio?,2,1,LATAM,geography,medium,1
LATAM|geography|Acasio,¿Qué relación tiene Acasio con la Cordillera Central de Bolivia y cuántos pueblos lo componen?,2,2,LATAM,geography,hard,0
LATAM|geography|Alto Boquete,¿Qué es Alto Boquete?,4,2,LATAM,geography,easy,1
LATAM|geography|Alto Boquete,¿A qué altitud se ubica Alto Boquete?,1,1,LATAM,geography,medium,0
LATAM|geography|Alto Boquete,¿Qué características geográficas destacan en Alto Boquete y qué motivó el desarrollo residencial en la zona?,2,2,LATAM,geography,hard,0
LATAM|geography|Borrero (Ecuador),¿Qué tipo de lugar es Borrero en Ecuador?,2,2,LATAM,geography,easy,1
LATAM|geography|Borrero (Ecuador),"¿En qué provincia se encuentra Borrero, Ecuador?",2,1,LATAM,geography,medium,0
LATAM|geography|Borrero (Ecuador),¿Por qué fue renombrada la parroquia Borrero en Ecuador?,1,1,LATAM,geography,hard,0
LATAM|geography|Bodianus prognathus,¿Qué tipo de pez es Bodianus prognathus?,2,2,LATAM,geography,easy,0
LATAM|geography|Bodianus prognathus,¿En qué tipo de hábitat se encuentra Bodianus prognathus?,1,1,LATAM,geography,medium,0
LATAM|geography|Bodianus prognathus,¿Cuál es la distribución geográfica de Bodianus prognathus y a qué profundidades se encuentra?,2,2,LATAM,geography,hard,0
LATAM|geography|Cabarete,¿Qué tipo de lugar es Cabarete?,4,2,LATAM,geography,easy,1
LATAM|geography|Cabarete,¿En qué año fue fundada Cabarete?,1,1,LATAM,geography,medium,0
LATAM|geography|Cabarete,¿Qué características definen a Cabarete como una zona turística de mayor proyección internacional?,2,1,LATAM,geography,hard,0
LATAM|geography|Branchiostoma caribaeum,¿Qué tipo de especie es Branchiostoma caribaeum?,1,1,LATAM,geography,easy,0
LATAM|geography|Branchiostoma caribaeum,¿Dónde se distribuye Branchiostoma caribaeum?,2,2,LATAM,geography,medium,0
LATAM|geography|Branchiostoma caribaeum,¿En qué tipo de hábitat se encuentra normalmente Branchiostoma caribaeum y qué características tiene su cuerpo?,2,2,LATAM,geography,hard,0
LATAM|geography|Cantón Simón Bolívar,¿En qué provincia se encuentra ubicado el cantón Simón Bolívar?,1,1,LATAM,geography,easy,1
LATAM|geography|Cantón Simón Bolívar,¿Cuántas parroquias tiene el cantón Simón Bolívar?,1,1,LATAM,geography,medium,0
LATAM|geography|Cantón Simón Bolívar,¿Con qué cantón y provincia limita al norte el cantón Simón Bolívar?,2,1,LATAM,geography,hard,1
LATAM|geography|Cantón Urcuquí,¿Qué tipo de lugar es el Cantón Urcuquí?,1,1,LATAM,geography,easy,0
LATAM|geography|Cantón Urcuquí,¿Cuál es la cabecera cantonal del Cantón Urcuquí?,1,1,LATAM,geography,medium,0
LATAM|geography|Cantón Urcuquí,¿Qué ciudad del conocimiento alberga el Cantón Urcuquí y cuál es su importancia educativa?,2,2,LATAM,geography,hard,0
LATAM|geography|Cabillus lacertops,¿Qué tipo de pez es Cabillus lacertops?,3,3,LATAM,geography,easy,0
LATAM|geography|Cabillus lacertops,¿En qué tipo de clima se encuentra Cabillus lacertops?,1,1,LATAM,geography,medium,0
LATAM|geography|Cabillus lacertops,¿En qué regiones del mundo se puede encontrar Cabillus lacertops y a qué hábitat está asociado?,6,2,LATAM,geography,hard,0
LATAM|geography|Cordillera Central (Panamá),¿Qué tipo de lugar es la Cordillera Central (Panamá)?,1,1,LATAM,geography,easy,0
LATAM|geography|Cordillera Central (Panamá),¿Dónde se ubica la Cordillera Central (Panamá)?,1,1,LATAM,geography,medium,0
LATAM|geography|Cordillera Central (Panamá),¿Qué importancia geográfica tiene la Cordillera Central (Panamá) en relación con las vertientes del océano Pacífico y el mar Caribe?,1,1,LATAM,geography,hard,0
LATAM|geography|Capitán Meza,¿Qué tipo de lugar es Capitán Meza?,1,1,LATAM,geography,easy,0
LATAM|geography|Capitán Meza,¿En qué año fue fundado Capitán Meza?,1,1,LATAM,geography,medium,0
LATAM|geography|Capitán Meza,¿Quién fundó Capitán Meza y qué nombre se le dio inicialmente?,2,2,LATAM,geography,hard,0
LATAM|geography|Departamento de Concepción (Paraguay),¿Cuál es la capital del Departamento de Concepción en Paraguay?,1,1,LATAM,geography,easy,0
LATAM|geography|Departamento de Concepción (Paraguay),¿Con qué país limita al norte el Departamento de Concepción?,1,1,LATAM,geography,medium,0
LATAM|geography|Departamento de Concepción (Paraguay),¿Qué ríos separan al Departamento de Concepción de los departamentos de San Pedro y Presidente Hayes?,4,2,LATAM,geography,hard,0
LATAM|geography|Cordillera del Bálsamo,¿Qué tipo de lugar es la cordillera del Bálsamo?,1,1,LATAM,geography,easy,0
LATAM|geography|Cordillera del Bálsamo,¿En qué departamentos de El Salvador se ubica la cordillera del Bálsamo?,1,1,LATAM,geography,medium,0
LATAM|geography|Cordillera del Bálsamo,¿Qué formación geológica hace parte de la cordillera del Bálsamo y en qué era se dató?,2,2,LATAM,geography,hard,0
LATAM|geography|Cantón de Sarapiquí,¿Qué es el cantón de Sarapiquí?,1,1,LATAM,geography,easy,0
LATAM|geography|Cantón de Sarapiquí,¿Cuántos distritos está dividido el cantón de Sarapiquí?,1,1,LATAM,geography,medium,0
LATAM|geography|Cantón de Sarapiquí,¿Con qué países y cantones limita el cantón de Sarapiquí?,4,1,LATAM,geography,hard,0
LATAM|geography|Cantón de San Pablo (Costa Rica),¿Qué tipo de lugar es el Cantón de San Pablo en Costa Rica?,1,1,LATAM,geography,easy,0
LATAM|geography|Cantón de San Pablo (Costa Rica),¿Qué cultivo permitió al Cantón de San Pablo lograr su cantonato?,2,2,LATAM,geography,medium,0
LATAM|geography|Cantón de San Pablo (Costa Rica),¿Qué nombre se le dio originalmente al Cantón de San Pablo y en qué año comenzó a citarse en los Protocolos?,2,2,LATAM,geography,hard,0
LATAM|geography|Copa Centroamericana Campeones de Copa 1991,¿Qué fue la Copa Centroamericana Campeones de Copa 1991?,1,1,LATAM,geography,easy,0
LATAM|geography|Copa Centroamericana Campeones de Copa 1991,¿Cuántos equipos participaron en la Copa Centroamericana Campeones de Copa 1991?,1,1,LATAM,geography,medium,0
LATAM|geography|Copa Centroamericana Campeones de Copa 1991,¿Qué resultado obtuvo el Atlético Marte en su último partido de la Copa Centroamericana Campeones de Copa 1991 y qué posición ocupó al final del torneo?,2,2,LATAM,geography,hard,0
LATAM|geography|Estación Pedrera,¿Qué tipo de lugar es Estación Pedrera?,2,2,LATAM,geography,easy,0
LATAM|geography|Estación Pedrera,¿A qué municipio pertenece Estación Pedrera?,1,1,LATAM,geography,medium,0
LATAM|geography|Estación Pedrera,¿Qué distancia tiene Estación Pedrera de la ciudad de San Jacinto y qué infraestructura cuenta en la localidad?,3,3,LATAM,geography,hard,0
LATAM|geography|Fort Lauderdale,¿Cuántos habitantes tenía Fort Lauderdale según el censo de 2010?,1,1,LATAM,geography,easy,0
LATAM|geography|Fort Lauderdale,¿Qué océano limita con Fort Lauderdale?,1,1,LATAM,geography,medium,1
LATAM|geography|Fort Lauderdale,¿En qué año fue designada Fort Lauderdale como capital del condado de Broward?,2,2,LATAM,geography,hard,1
LATAM|geography|Diócesis de Stella Maris,¿Qué es la Diócesis de Stella Maris?,3,3,LATAM,geography,easy,0
LATAM|geography|Diócesis de Stella Maris,¿Cuántas parroquias existen en la Diócesis de Stella Maris en 2025?,1,1,LATAM,geography,medium,0
LATAM|geography|Diócesis de Stella Maris,¿Quién erigió la Diócesis de Stella Maris y en qué fecha?,2,2,LATAM,geography,hard,0
LATAM|geography|El Caño,¿Qué tipo de lugar es El Caño?,4,2,LATAM,geography,easy,2
LATAM|geography|El Caño,¿Cuántos habitantes tenía El Caño en 2023?,1,1,LATAM,geography,medium,0
LATAM|geography|El Caño,¿Qué yacimiento arqueológico importante se encuentra cerca de El Caño y qué ocurrió con él en la década de 1920?,3,3,LATAM,geography,hard,0
LATAM|geography|Dunckerocampus,¿Qué tipo de organismo es Dunckerocampus?,2,2,LATAM,geography,easy,0
LATAM|geography|Dunckerocampus,¿Cuántos radios blandos dorsales tienen los peces del género Dunckerocampus?,1,1,LATAM,geography,medium,0
LATAM|geography|Dunckerocampus,¿Qué características distintivas tienen los machos de Dunckerocampus en comparación con las hembras?,2,1,LATAM,geography,hard,0
LATAM|geography|Groton (Connecticut),¿Qué tipo de lugar es Groton?,1,1,LATAM,geography,easy,0
LATAM|geography|Groton (Connecticut),¿En qué condado se encuentra Groton?,1,1,LATAM,geography,medium,0
LATAM|geography|Groton (Connecticut),¿Qué evento histórico significativo tuvo lugar en Groton el 6 de septiembre de 1781?,2,2,LATAM,geography,hard,0
LATAM|geography|HMS Sir Galahad (T226),¿Qué tipo de barco fue el HMS Sir Galahad (T226)?,3,3,LATAM,geography,easy,0
LATAM|geography|HMS Sir Galahad (T226),¿En qué año naufragó el HMS Sir Galahad (T226)?,1,1,LATAM,geography,medium,0
LATAM|geography|HMS Sir Galahad (T226),¿Qué ocurrió con el HMS Sir Galahad (T226) después de ser vendido a Walker Steam Trawling & Fishing Co Ltd de Aberdeen?,2,2,LATAM,geography,hard,0
LATAM|geography|Holmesina,¿Qué es Holmesina?,2,2,LATAM,geography,easy,0
LATAM|geography|Holmesina,¿Hasta cuándo vivió Holmesina en América del Norte y del Sur?,3,2,LATAM,geography,medium,0
LATAM|geography|Holmesina,¿Qué características diferencian a Holmesina de los armadillos modernos y en qué hábitats vivió?,2,2,LATAM,geography,hard,0
LATAM|geography|Informe Franck,¿Qué es el Informe Franck?,2,2,LATAM,geography,easy,0
LATAM|geography|Informe Franck,¿Quién fue el cabeza visible del comité que produjo el Informe Franck?,1,1,LATAM,geography,medium,0
LATAM|geography|Informe Franck,¿Qué advertía el Informe Franck sobre los descubrimientos atómicos de los Estados Unidos?,1,1,LATAM,geography,hard,0
LATAM|geography|Hoplostethus cadenati,¿Qué tipo de especie es Hoplostethus cadenati?,2,2,LATAM,geography,easy,0
LATAM|geography|Hoplostethus cadenati,¿Dónde se encuentra Hoplostethus cadenati?,2,2,LATAM,geography,medium,0
LATAM|geography|Hoplostethus cadenati,¿A qué profundidad vive Hoplostethus cadenati y cuál es su longitud máxima?,2,2,LATAM,geography,hard,0
LATAM|geography|Horario de verano de Uruguay,¿Qué fue el horario de verano de Uruguay?,2,2,LATAM,geography,easy,0
LATAM|geography|Horario de verano de Uruguay,¿En qué año cesó el horario de verano en Uruguay?,1,1,LATAM,geography,medium,0
LATAM|geography|Horario de verano de Uruguay,¿Por qué se justificaba históricamente el horario de verano en Uruguay?,1,1,LATAM,geography,hard,0
LATAM|geography|Ingeniero Budge,¿Qué tipo de lugar es Ingeniero Budge?,1,1,LATAM,geography,easy,0
LATAM|geography|Ingeniero Budge,¿Qué río delimita Ingeniero Budge al norte?,1,1,LATAM,geography,medium,0
LATAM|geography|Ingeniero Budge,¿Qué obras de infraestructura mejoraron las comunicaciones de Ingeniero Budge con la Capital Federal en 1930?,3,3,LATAM,geography,hard,0
LATAM|geography|Hotel Guaraní,¿Qué tipo de lugar es el Hotel Guaraní?,3,2,LATAM,geography,easy,0
LATAM|geography|Hotel Guaraní,¿En qué año fue inaugurado el Hotel Guaraní?,1,1,LATAM,geography,medium,0
LATAM|geography|Hotel Guaraní,¿Qué características arquitectónicas tiene el Hotel Guaraní y quiénes fueron los responsables de su diseño?,6,3,LATAM,geography,hard,0
LATAM|geography|Junta Política de Hebei-Chahar,¿Qué tipo de entidad es la Junta Política de Hebei-Chahar?,1,1,LATAM,geography,easy,0
LATAM|geography|Junta Política de Hebei-Chahar,¿Quién presidió la Junta Política de Hebei-Chahar?,1,1,LATAM,geography,medium,0
LATAM|geography|Junta Política de Hebei-Chahar,¿Qué planes apoyó teóricamente la Junta Política de Hebei-Chahar en relación con Nankín?,1,1,LATAM,geography,hard,0
LATAM|geography|Isla Larga (Los Roques),¿Qué tipo de lugar es Isla Larga (Los Roques)?,1,1,LATAM,geography,easy,0
LATAM|geography|Isla Larga (Los Roques),¿A qué archipiélago pertenece Isla Larga (Los Roques)?,1,1,LATAM,geography,medium,1
LATAM|geography|Isla Larga (Los Roques),¿Cuál es la superficie aproximada de Isla Larga (Los Roques) y qué características geográficas posee?,2,2,LATAM,geography,hard,0
LATAM|geography|Kitakyushu,¿Qué tipo de lugar es Kitakyushu?,2,2,LATAM,geography,easy,0
LATAM|geography|Kitakyushu,¿Cuántos barrios (ku) tiene Kitakyushu?,1,1,LATAM,geography,medium,0
LATAM|geography|Kitakyushu,¿Qué relación tiene Kitakyushu con la ciudad de Shimonoseki en el contexto del estrecho de Kanmon?,1,1,LATAM,geography,hard,0
LATAM|geography|Jean-Baptiste Charles Bouvet de Lozier,¿Quién fue Jean-Baptiste Charles Bouvet de Lozier?,3,2,LATAM,geography,easy,0
LATAM|geography|Jean-Baptiste Charles Bouvet de Lozier,¿Qué isla fue descubierta por Jean-Baptiste Charles Bouvet de Lozier?,1,1,LATAM,geography,medium,0
LATAM|geography|Jean-Baptiste Charles Bouvet de Lozier,¿Qué cargo ocupó Jean-Baptiste Charles Bouvet de Lozier en las islas Mascareñas y en qué años?,6,4,LATAM,geography,hard,0
LATAM|geography|Laguna de San Miguel del Monte,¿Qué tipo de lugar es la Laguna de San Miguel del Monte?,1,1,LATAM,geography,easy,0
LATAM|geography|Laguna de San Miguel del Monte,¿En qué provincia de Argentina se encuentra ubicada la Laguna de San Miguel del Monte?,1,1,LATAM,geography,medium,0
LATAM|geography|Laguna de San Miguel del Monte,¿Qué sistema de lagunas forma parte la Laguna de San Miguel del Monte y cuál es su relación con el río Salado?,2,2,LATAM,geography,hard,0
LATAM|geography|Lago Capoey,¿Qué tipo de lugar es el lago Capoey?,1,1,LATAM,geography,easy,0
LATAM|geography|Lago Capoey,¿Dónde se encuentra el lago Capoey?,2,2,LATAM,geography,medium,0
LATAM|geography|Lago Capoey,¿Qué localidades están más cercanas al lago Capoey y en qué región se ubica?,3,2,LATAM,geography,hard,0
LATAM|geography|Laguna Victoria,¿Qué tipo de lugar es la Laguna Victoria?,2,2,LATAM,geography,easy,0
LATAM|geography|Laguna Victoria,¿Dónde se encuentra la Laguna Victoria?,1,1,LATAM,geography,medium,0
LATAM|geography|Laguna Victoria,¿Con qué lagunas se encuentra conectada la Laguna Victoria al sur y por medio de qué río?,2,2,LATAM,geography,hard,0
LATAM|geography|Huaypan,¿Qué tipo de lugar es Huaypan?,2,2,LATAM,geography,easy,1
LATAM|geography|Huaypan,¿A qué distrito pertenece Huaypan?,1,1,LATAM,geography,medium,0
LATAM|geography|Huaypan,¿Qué actividades económicas predominan en Huaypan y qué productos se cultivan?,5,2,LATAM,geography,hard,0
LATAM|geography|Los Nevados,¿Qué tipo de lugar es Los Nevados?,1,1,LATAM,geography,easy,0
LATAM|geography|Los Nevados,¿En qué parque nacional se ubica Los Nevados?,1,1,LATAM,geography,medium,0
LATAM|geography|Los Nevados,¿Cuál es la principal actividad económica de Los Nevados y cómo se lleva a cabo?,3,3,LATAM,geography,hard,0
LATAM|geography|MS Berge Istra,¿Qué tipo de barco era el MS Berge Istra?,2,2,LATAM,geography,easy,0
LATAM|geography|MS Berge Istra,¿En qué año fue construido el MS Berge Istra?,1,1,LATAM,geography,medium,0
LATAM|geography|MS Berge Istra,¿Qué sucedió con el MS Berge Istra el 7 de enero de 1976?,1,1,LATAM,geography,hard,0
LATAM|geography|Leptura dimorpha,¿Qué tipo de especie es Leptura dimorpha?,2,2,LATAM,geography,easy,0
LATAM|geography|Leptura dimorpha,¿Dónde se distribuye Leptura dimorpha?,1,1,LATAM,geography,medium,0
LATAM|geography|Leptura dimorpha,¿Quién describió Leptura dimorpha y en qué año?,2,2,LATAM,geography,hard,0
LATAM|geography|Las Carreras,¿Qué tipo de lugar es Las Carreras?,3,2,LATAM,geography,easy,0
LATAM|geography|Las Carreras,¿A qué altitud se encuentra Las Carreras?,1,1,LATAM,geography,medium,0
LATAM|geography|Las Carreras,¿Qué tradiciones vitivinícolas mantiene Las Carreras y qué produce en su territorio?,3,2,LATAM,geography,hard,0
LATAM|geography|Malacatiupán,¿Qué significa la palabra Malacatiupán?,1,1,LATAM,geography,easy,0
LATAM|geography|Malacatiupán,¿Cuántas cascadas de agua termal tiene Malacatiupán?,1,1,LATAM,geography,medium,0
LATAM|geography|Malacatiupán,¿Qué relación tiene Malacatiupán con los Pocomames y qué significado cultural tiene su nombre?,2,2,LATAM,geography,hard,0
LATAM|geography|MV Joyita,¿Qué tipo de buque era el MV Joyita?,1,1,LATAM,geography,easy,0
LATAM|geography|MV Joyita,¿Cuántos miembros de la tripulación y pasajeros llevaba el MV Joyita al momento de su desaparición?,2,2,LATAM,geography,medium,0
LATAM|geography|MV Joyita,"¿Qué condiciones se encontraron en el MV Joyita cuando fue hallado a la deriva, y qué implicaciones tenía esto sobre su estado antes de ser abandonado?",3,2,LATAM,geography,hard,0
LATAM|geography|Linconia (colonia),¿Qué fue Linconia?,1,1,LATAM,geography,easy,0
LATAM|geography|Linconia (colonia),¿Quién presentó la colonia Linconia y en qué año?,3,3,LATAM,geography,medium,0
LATAM|geography|Linconia (colonia),¿Por qué fue abandonado el plan de la colonia Linconia y quiénes se sintieron amenazados por ella?,3,3,LATAM,geography,hard,0
LATAM|geography|Majagua,¿Qué tipo de lugar es Majagua?,2,2,LATAM,geography,easy,0
LATAM|geography|Majagua,¿En qué año fue fundado el municipio de Majagua?,1,1,LATAM,geography,medium,0
LATAM|geography|Majagua,¿Cuáles son los límites geográficos de Majagua?,6,4,LATAM,geography,hard,0
LATAM|geography|Mycteroperca fusca,¿Qué tipo de pez es Mycteroperca fusca?,1,1,LATAM,geography,easy,0
LATAM|geography|Mycteroperca fusca,¿Dónde se encuentra Mycteroperca fusca?,4,1,LATAM,geography,medium,0
LATAM|geography|Mycteroperca fusca,¿Cuál es la característica distintiva de Mycteroperca fusca en situaciones de estrés y qué profundidad habita?,2,2,LATAM,geography,hard,0
LATAM|geography|Cerro La Gloria,¿Qué tipo de lugar es el Cerro La Gloria?,1,1,LATAM,geography,easy,0
LATAM|geography|Cerro La Gloria,¿Cuál es la altitud promedio del Cerro La Gloria?,1,1,LATAM,geography,medium,0
LATAM|geography|Cerro La Gloria,¿Con qué cerro colinda hacia el sur el Cerro La Gloria y cuál es su relación geográfica con el estado Yaracuy?,2,2,LATAM,geography,hard,0
LATAM|geography|Musa (La Molina),¿Qué es Musa?,5,3,LATAM,geography,easy,0
LATAM|geography|Musa (La Molina),¿Dónde está ubicada Musa dentro del distrito de La Molina?,2,1,LATAM,geography,medium,0
LATAM|geography|Musa (La Molina),"¿Qué características socioeconómicas y de vivienda se observan en Musa, y cómo se relacionan con su historia de fundación?",5,5,LATAM,geography,hard,0
LATAM|geography|Orcotuna,¿Qué tipo de lugar es Orcotuna?,1,1,LATAM,geography,easy,0
LATAM|geography|Orcotuna,¿En qué región de Perú se encuentra Orcotuna?,1,1,LATAM,geography,medium,0
LATAM|geography|Orcotuna,¿Cuál es la población de Orcotuna según el censo de 1993?,1,1,LATAM,geography,hard,0
LATAM|geography|Oiceoptoma nigropunctatum,¿Qué tipo de especie es Oiceoptoma nigropunctatum?,1,1,LATAM,geography,easy,0
LATAM|geography|Oiceoptoma nigropunctatum,¿Dónde se distribuye Oiceoptoma nigropunctatum?,1,1,LATAM,geography,medium,0
LATAM|geography|Oiceoptoma nigropunctatum,¿Quién describió Oiceoptoma nigropunctatum y en qué año?,2,2,LATAM,geography,hard,0
LATAM|geography|Nueva Mestre,¿Qué tipo de lugar es Nueva Mestre?,1,1,LATAM,geography,easy,0
LATAM|geography|Nueva Mestre,¿Dónde se ubica Nueva Mestre en relación a Asunción?,1,1,LATAM,geography,medium,0
LATAM|geography|Nueva Mestre,"¿Cuál es la importancia cultural del nombre ""Nueva Mestre"" y a qué ciudad italiana hace referencia?",4,3,LATAM,geography,hard,0
LATAM|geography|Necora puber,¿Qué tipo de especie es la nécora (Necora puber)?,2,1,LATAM,geography,easy,0
LATAM|geography|Necora puber,¿Dónde se encuentra comúnmente la nécora (Necora puber)?,1,1,LATAM,geography,medium,0
LATAM|geography|Necora puber,¿Cuál es la importancia gastronómica de la nécora (Necora puber) en las costas del mar Cantábrico?,2,2,LATAM,geography,hard,0
LATAM|geography|Parque nacional San José la Colonia,¿Qué tipo de lugar es el Parque nacional San José la Colonia?,1,1,LATAM,geography,easy,0
LATAM|geography|Parque nacional San José la Colonia,¿Dónde se ubica el Parque nacional San José la Colonia?,2,1,LATAM,geography,medium,2
LATAM|geography|Parque nacional San José la Colonia,¿Cuál es la importancia de la gestión del Parque nacional San José la Colonia y quién lo gestiona?,1,1,LATAM,geography,hard,0
LATAM|geography|Pampa de Achala,¿Qué es la Pampa de Achala?,4,2,LATAM,geography,easy,0
LATAM|geography|Pampa de Achala,¿A qué altitud media se encuentra la Pampa de Achala?,1,1,LATAM,geography,medium,0
LATAM|geography|Pampa de Achala,¿Cuál es la importancia ecológica de la Pampa de Achala y qué decreto provincial la protege?,2,2,LATAM,geography,hard,0
LATAM|geography|Península de La Guajira,¿Qué es la península de La Guajira?,1,1,LATAM,geography,easy,0
LATAM|geography|Península de La Guajira,¿Cuál es la superficie aproximada de la península de La Guajira?,1,1,LATAM,geography,medium,0
LATAM|geography|Península de La Guajira,¿Qué tratado ratificó la pertenencia de gran parte de la península de La Guajira a Colombia y en qué año se firmó?,2,2,LATAM,geography,hard,0
LATAM|geography|Parroquia Vergel (Zamora Chinchipe),¿Qué tipo de lugar es la parroquia Vergel?,1,1,LATAM,geography,easy,0
LATAM|geography|Parroquia Vergel (Zamora Chinchipe),¿Dónde se ubica la parroquia Vergel?,2,1,LATAM,geography,medium,2
LATAM|geography|Parroquia Vergel (Zamora Chinchipe),¿Cuál es la importancia histórica de la parroquia Vergel en relación con la antigua ciudad de Loyola?,2,2,LATAM,geography,hard,0
LATAM|geography|Parque nacional Tingo María,¿Qué tipo de lugar es el parque nacional Tingo María?,1,1,LATAM,geography,easy,0
LATAM|geography|Parque nacional Tingo María,¿Dónde se ubica el parque nacional Tingo María?,1,1,LATAM,geography,medium,0
LATAM|geography|Parque nacional Tingo María,¿Cuál es la importancia cultural y natural de la cueva de las Lechuzas dentro del parque nacional Tingo María?,3,3,LATAM,geography,hard,0
LATAM|geography|Provincia de Aija,¿Cuál es la capital de la provincia de Aija?,1,1,LATAM,geography,easy,0
LATAM|geography|Provincia de Aija,¿Cuántos distritos conforman la provincia de Aija?,1,1,LATAM,geography,medium,0
LATAM|geography|Provincia de Aija,¿Qué evento importante ocurrió el 5 de marzo de 1936 en relación con la provincia de Aija?,3,3,LATAM,geography,hard,0
LATAM|geography|Potamotrygon amandae,¿Qué tipo de especie es Potamotrygon amandae?,3,2,LATAM,geography,easy,0
LATAM|geography|Potamotrygon amandae,¿Dónde se encuentra Potamotrygon amandae?,1,1,LATAM,geography,medium,0
LATAM|geography|Potamotrygon amandae,¿Cuál es la localidad tipo de Potamotrygon amandae y qué importancia tiene en su distribución?,1,1,LATAM,geography,hard,0
LATAM|geography|Provincia del Santa,¿Cuál es la capital de la provincia del Santa?,1,1,LATAM,geography,easy,0
LATAM|geography|Provincia del Santa,¿Cuántos distritos conforman la provincia del Santa?,1,1,LATAM,geography,medium,0
LATAM|geography|Provincia del Santa,¿Qué cambios administrativos ocurrieron en la provincia del Santa en 1950 y quién era el presidente en ese momento?,3,3,LATAM,geography,hard,0
LATAM|geography|Río Celeste,¿Qué es el río Celeste?,2,2,LATAM,geography,easy,0
LATAM|geography|Río Celeste,¿Dónde se ubica el río Celeste?,2,1,LATAM,geography,medium,1
LATAM|geography|Río Celeste,¿Cuál es la causa de la coloración particular del río Celeste y qué efecto óptico la produce?,3,2,LATAM,geography,hard,0
LATAM|geography|Río Aranjuez,¿Qué es el río Aranjuez?,2,2,LATAM,geography,easy,0
LATAM|geography|Río Aranjuez,¿Dónde desemboca el río Aranjuez?,2,2,LATAM,geography,medium,2
LATAM|geography|Río Aranjuez,¿Qué puerto se estableció en la desembocadura del río Aranjuez durante los años 1568 a 1574?,2,2,LATAM,geography,hard,0
LATAM|flora|hamadryas argentea,¿Qué tipo de especie es Hamadryas argentea?,2,2,LATAM,flora,easy,0
LATAM|flora|hamadryas argentea,¿Dónde se encuentra Hamadryas argentea?,1,1,LATAM,flora,medium,0
LATAM|flora|hamadryas argentea,¿Cuáles son los hábitats de Hamadryas argentea y en qué tipo de clima se desarrollan?,4,2,LATAM,flora,hard,0
LATAM|geography|Río Iruyáñez,¿Qué tipo de lugar es el río Iruyáñez?,1,1,LATAM,geography,easy,0
LATAM|geography|Río Iruyáñez,¿En qué departamento de Bolivia se encuentra el río Iruyáñez?,1,1,LATAM,geography,medium,0
LATAM|geography|Río Iruyáñez,¿Cuál es la cuenca a la que pertenece el río Iruyáñez y qué importancia tiene en relación con el río Amazonas?,2,1,LATAM,geography,hard,0
LATAM|geography|Río Platanar,¿Qué tipo de lugar es el río Platanar?,1,1,LATAM,geography,easy,0
LATAM|geography|Río Platanar,¿Dónde nace el río Platanar?,2,2,LATAM,geography,medium,1
LATAM|geography|Río Platanar,¿Cuál es la importancia del río Platanar en la generación de energía en Costa Rica?,1,1,LATAM,geography,hard,0
LATAM|geography|Sabaneta (Venezuela),¿Qué tipo de lugar es Sabaneta?,1,1,LATAM,geography,easy,0
LATAM|geography|Sabaneta (Venezuela),¿En qué estado de Venezuela se ubica Sabaneta?,1,1,LATAM,geography,medium,0
LATAM|geography|Sabaneta (Venezuela),¿Cuál es la importancia cultural de Sabaneta en relación con Hugo Chávez?,1,1,LATAM,geography,hard,0
LATAM|geography|San Fernando (Nicaragua),¿Qué tipo de lugar es San Fernando?,1,1,LATAM,geography,easy,0
LATAM|geography|San Fernando (Nicaragua),¿Con qué municipio limita al sur San Fernando?,1,1,LATAM,geography,medium,1
LATAM|geography|San Fernando (Nicaragua),¿Cuál es la población actual de San Fernando y qué porcentaje de esta población vive en la zona urbana?,2,2,LATAM,geography,hard,0
LATAM|geography|Pusa hispida,¿Qué tipo de mamífero es la Pusa hispida?,2,2,LATAM,geography,easy,0
LATAM|geography|Pusa hispida,¿Dónde se encuentra la Pusa hispida?,1,1,LATAM,geography,medium,0
LATAM|geography|Pusa hispida,¿Cuáles son algunas de las subespecies de la Pusa hispida y en qué regiones se encuentran?,9,1,LATAM,geography,hard,0
LATAM|geography|Río Papaloteca,¿Qué tipo de lugar es el río Papaloteca?,1,1,LATAM,geography,easy,0
LATAM|geography|Río Papaloteca,¿Dónde nace el río Papaloteca?,2,2,LATAM,geography,medium,0
LATAM|geography|Río Papaloteca,¿Cuál es la importancia geográfica del río Papaloteca en relación con su desembocadura?,3,3,LATAM,geography,hard,1
LATAM|geography|Samaná,¿Qué tipo de lugar es Samaná?,2,2,LATAM,geography,easy,0
LATAM|geography|Samaná,¿En qué año fue fundada la ciudad de Santa Bárbara de Samaná?,1,1,LATAM,geography,medium,0
LATAM|geography|Samaná,¿Qué significados se han atribuido al nombre Samaná y cuál es su origen?,4,4,LATAM,geography,hard,0
LATAM|geography|San Pedro de Quemes,¿Qué tipo de lugar es San Pedro de Quemes?,3,2,LATAM,geography,easy,0
LATAM|geography|San Pedro de Quemes,¿A qué altitud se sitúa San Pedro de Quemes?,1,1,LATAM,geography,medium,0
LATAM|geography|San Pedro de Quemes,¿Qué relación histórica tiene San Pedro de Quemes con la guerra del Pacífico?,4,4,LATAM,geography,hard,0
LATAM|geography|Transporte Río Limay,¿Qué tipo de transporte fue el Río Limay?,1,1,LATAM,geography,easy,0
LATAM|geography|Transporte Río Limay,¿En qué año se realizó el viaje inaugural del Río Limay?,1,1,LATAM,geography,medium,0
LATAM|geography|Transporte Río Limay,¿Qué papel desempeñó el Río Limay en la Conquista del Desierto y quién fue su comandante durante esa época?,2,2,LATAM,geography,hard,0
LATAM|geography|Territorio Indígena Ujarrás,¿Qué tipo de lugar es el Territorio Indígena Ujarrás?,3,3,LATAM,geography,easy,0
LATAM|geography|Territorio Indígena Ujarrás,¿En qué año fue fundado el Territorio Indígena Ujarrás?,1,1,LATAM,geography,medium,0
LATAM|geography|Territorio Indígena Ujarrás,¿Cuál es la lengua más hablada por la población del Territorio Indígena Ujarrás y qué porcentaje de la población la habla?,2,2,LATAM,geography,hard,0
LATAM|geography|Tiroteo en el Aeropuerto de Fort Lauderdale,¿En qué fecha ocurrió el tiroteo en el Aeropuerto de Fort Lauderdale?,1,1,LATAM,geography,easy,0
LATAM|geography|Tiroteo en el Aeropuerto de Fort Lauderdale,¿Cuántas personas murieron como resultado del tiroteo en el Aeropuerto de Fort Lauderdale?,1,1,LATAM,geography,medium,0
LATAM|geography|Tiroteo en el Aeropuerto de Fort Lauderdale,¿Quién fue el atacante del tiroteo en el Aeropuerto de Fort Lauderdale y qué problemas de salud mental padecía?,3,3,LATAM,geography,hard,0
LATAM|geography|Temporada de huracanes del Pacífico de 2005,¿Cuántas tormentas con nombre se originaron durante la Temporada de huracanes del Pacífico de 2005?,1,1,LATAM,geography,easy,0
LATAM|geography|Temporada de huracanes del Pacífico de 2005,¿Cuándo comienza oficialmente la Temporada de huracanes del Pacífico de 2005 en el Pacífico Oriental?,2,2,LATAM,geography,medium,0
LATAM|geography|Temporada de huracanes del Pacífico de 2005,¿Qué pronóstico hizo la NOAA sobre la actividad de huracanes en el Este del Pacífico Norte para la Temporada de huracanes del Pacífico de 2005?,3,3,LATAM,geography,hard,0
LATAM|geography|Timushán,¿Cuál es la aldea más grande del Municipio de Esquipulas?,1,1,LATAM,geography,easy,0
LATAM|geography|Timushán,¿En qué departamento de Guatemala se encuentra la aldea de Timushán?,1,1,LATAM,geography,medium,1
LATAM|geography|Timushán,¿Qué características geográficas definen la ubicación de Timushán en relación con otros lugares?,5,5,LATAM,geography,hard,0
LATAM|geography|Siuna,¿Qué tipo de lugar es Siuna?,1,1,LATAM,geography,easy,0
LATAM|geography|Siuna,¿Con qué municipio limita Siuna al norte?,1,1,LATAM,geography,medium,0
LATAM|geography|Siuna,¿Cuál fue el impacto de la revolución sandinista en la actividad minera de Siuna?,4,4,LATAM,geography,hard,0
LATAM|geography|Villa Sandino,¿Qué tipo de lugar es Villa Sandino?,1,1,LATAM,geography,easy,0
LATAM|geography|Villa Sandino,¿Cuál es la cabecera municipal de Villa Sandino?,1,1,LATAM,geography,medium,0
LATAM|geography|Villa Sandino,¿Qué nombre se le dio a Villa Sandino en su fundación y qué evento llevó a su cambio de nombre en 1992?,3,3,LATAM,geography,hard,0
LATAM|geography|Yaviza,¿Qué tipo de lugar es Yaviza?,1,1,LATAM,geography,easy,0
LATAM|geography|Yaviza,¿Dónde se ubica Yaviza?,3,1,LATAM,geography,medium,1
LATAM|geography|Yaviza,¿Cuál es la importancia histórica de Yaviza en relación con la Comarca del Darién?,2,2,LATAM,geography,hard,0
LATAM|geography|Wiñaymarca,"¿Qué significa ""Wiñaymarca"" en aimara?",1,1,LATAM,geography,easy,0
LATAM|geography|Wiñaymarca,¿Dónde se ubica Wiñaymarca?,2,1,LATAM,geography,medium,0
LATAM|geography|Wiñaymarca,¿Qué problema ambiental afecta a Wiñaymarca y qué contaminantes se han encontrado en el lago?,8,2,LATAM,geography,hard,0
LATAM|geography|cordillera del mahuidanche,¿Qué tipo de lugar es la cordillera del Mahuidanche?,1,1,LATAM,geography,easy,0
LATAM|geography|cordillera del mahuidanche,¿En qué región de Chile se encuentra la cordillera del Mahuidanche?,1,1,LATAM,geography,medium,0
LATAM|geography|cordillera del mahuidanche,"¿Cuál es la altura del cerro Oncol, la cumbre más importante de la cordillera del Mahuidanche, y qué significado tiene su nombre en mapudungun?",3,3,LATAM,geography,hard,0
LATAM|geography|cordillera de doña ana,¿Qué es la cordillera de Doña Ana?,1,1,LATAM,geography,easy,0
LATAM|geography|cordillera de doña ana,¿Dónde se encuentra la cordillera de Doña Ana?,1,1,LATAM,geography,medium,0
LATAM|geography|cordillera de doña ana,¿Qué características geológicas tiene la cordillera de Doña Ana?,4,1,LATAM,geography,hard,0
LATAM|geography|francisco varela,¿Cuál es el nombre completo de Francisco Varela?,1,1,LATAM,geography,easy,0
LATAM|geography|francisco varela,¿Qué concepto introdujo Francisco Varela en el ámbito de la biología?,1,1,LATAM,geography,medium,0
LATAM|geography|francisco varela,¿Qué relación tuvo Francisco Varela con el budismo y qué institución cofundó para promover el diálogo entre la ciencia y esta filosofía?,2,2,LATAM,geography,hard,0
LATAM|geography|cuyania,¿Qué es Cuyania?,2,1,LATAM,geography,easy,0
LATAM|geography|cuyania,¿Dónde se ubica Cuyania?,2,1,LATAM,geography,medium,0
LATAM|geography|cuyania,¿Con qué terreno es considerado Cuyania como un solo bloque por algunos geólogos?,1,1,LATAM,geography,hard,0
LATAM|geography|corrimiento de tierra de antioquia,¿En qué municipio ocurrió el corrimiento de tierra de Antioquia?,1,1,LATAM,geography,easy,0
LATAM|geography|corrimiento de tierra de antioquia,¿Qué bloqueó el corrimiento de tierra de Antioquia?,1,1,LATAM,geography,medium,0
LATAM|geography|corrimiento de tierra de antioquia,¿Quién coordinó las acciones de rescate tras el corrimiento de tierra de Antioquia y a qué hora ocurrió el incidente?,2,2,LATAM,geography,hard,0
LATAM|geography|frontera entre colombia y panamá,¿Qué es la frontera entre Colombia y Panamá?,2,2,LATAM,geography,easy,0
LATAM|geography|frontera entre colombia y panamá,¿Qué tratado demarca la frontera entre Colombia y Panamá?,1,1,LATAM,geography,medium,0
LATAM|geography|frontera entre colombia y panamá,¿Cómo se caracteriza la frontera entre Colombia y Panamá en términos de su tipo y longitud?,2,2,LATAM,geography,hard,0
LATAM|geography|iquique,¿Qué tipo de lugar es Iquique?,3,2,LATAM,geography,easy,1
LATAM|geography|iquique,¿Cuál es la población de Iquique según el censo de 2017?,1,1,LATAM,geography,medium,0
LATAM|geography|iquique,¿Qué importancia histórica tuvo Iquique durante el Virreinato del Perú?,4,4,LATAM,geography,hard,0
LATAM|geography|lago calafquén,¿Qué tipo de lugar es el lago Calafquén?,1,1,LATAM,geography,easy,0
LATAM|geography|lago calafquén,¿A cuántos kilómetros al sur de Villarrica se encuentra el lago Calafquén?,1,1,LATAM,geography,medium,0
LATAM|geography|lago calafquén,¿Cuál es la profundidad máxima del lago Calafquén y qué importancia tiene como centro turístico en la zona de los lagos del sur de Chile?,2,2,LATAM,geography,hard,0
LATAM|geography|eje central de bolivia,¿Qué es el eje central de Bolivia?,2,2,LATAM,geography,easy,0
LATAM|geography|eje central de bolivia,¿Qué porcentaje de la población total de Bolivia alberga el eje central de Bolivia?,1,1,LATAM,geography,medium,0
LATAM|geography|eje central de bolivia,¿Cuáles son las principales ciudades que conforman el eje central de Bolivia y qué porcentaje de la población nacional concentran?,2,2,LATAM,geography,hard,0
LATAM|geography|efectos del temporal del norte de chile de 2015 en atacama,¿Qué fenómeno meteorológico provocó fuertes precipitaciones en la región de Atacama en marzo de 2015?,2,2,LATAM,geography,easy,0
LATAM|geography|efectos del temporal del norte de chile de 2015 en atacama,¿Cuántas personas fallecieron a causa del temporal del norte de Chile de 2015 en Atacama?,1,1,LATAM,geography,medium,0
LATAM|geography|efectos del temporal del norte de chile de 2015 en atacama,"¿Qué medidas tomó la presidenta Michelle Bachelet tras el temporal del norte de Chile de 2015 en Atacama, y qué efectos tuvo este evento en la región?",2,2,LATAM,geography,hard,0
LATAM|geography|plaza bolognesi (lima),¿Qué tipo de lugar es la plaza Bolognesi?,1,1,LATAM,geography,easy,0
LATAM|geography|plaza bolognesi (lima),¿En qué distritos se ubica la plaza Bolognesi?,2,1,LATAM,geography,medium,0
LATAM|geography|plaza bolognesi (lima),¿Qué evento se celebra en la plaza Bolognesi cada 7 de junio y qué importancia tiene?,2,2,LATAM,geography,hard,0
LATAM|geography|pomaire,¿Qué tipo de lugar es Pomaire?,2,2,LATAM,geography,easy,0
LATAM|geography|pomaire,¿A cuántos kilómetros se encuentra Pomaire de Santiago?,1,1,LATAM,geography,medium,0
LATAM|geography|pomaire,¿Cuál es la importancia histórica de Pomaire en relación con su tradición alfarera y su población indígena?,4,4,LATAM,geography,hard,0
LATAM|geography|unión chocó,¿Qué es Unión Chocó?,1,1,LATAM,geography,easy,0
LATAM|geography|unión chocó,¿En qué provincia de Panamá se encuentra Unión Chocó?,1,1,LATAM,geography,medium,0
LATAM|geography|unión chocó,¿Cuál es la relación geográfica de Unión Chocó con Colombia y qué función administrativa tiene en su distrito?,2,2,LATAM,geography,hard,0
LATAM|geography|tratado de ancón,¿Qué tipo de tratado es el Tratado de Ancón?,2,2,LATAM,geography,easy,0
LATAM|geography|tratado de ancón,¿Cuántos artículos consta el Tratado de Ancón?,1,1,LATAM,geography,medium,0
LATAM|geography|tratado de ancón,¿Qué aspectos regula el Tratado de Ancón y quién lideró las negociaciones durante su firma?,2,2,LATAM,geography,hard,0
LATAM|geography|sopocachi,¿Qué tipo de lugar es Sopocachi?,1,1,LATAM,geography,easy,0
LATAM|geography|sopocachi,¿Con qué barrio está conectado Sopocachi al este?,1,1,LATAM,geography,medium,0
LATAM|geography|sopocachi,¿Qué instituciones culturales se encuentran en Sopocachi y qué características arquitectónicas tiene el barrio?,4,3,LATAM,geography,hard,0
LATAM|object|Annaé Torrealba,¿Cuál es el nombre completo de Annaé Torrealba?,1,1,LATAM,object,easy,0
LATAM|object|Annaé Torrealba,¿En qué año inició su carrera artística Annaé Torrealba?,1,1,LATAM,object,medium,0
LATAM|object|Annaé Torrealba,¿Qué relación tiene Annaé Torrealba con Juan Vicente Torrealba y qué álbum lanzó en su homenaje?,3,3,LATAM,object,hard,1
LATAM|geography|Área recreativa Lago Gatún,¿Qué tipo de lugar es el Área Recreativa Lago Gatún?,1,1,LATAM,geography,easy,0
LATAM|geography|Área recreativa Lago Gatún,¿Dónde se localiza el Área Recreativa Lago Gatún?,3,2,LATAM,geography,medium,0
LATAM|geography|Área recreativa Lago Gatún,¿Cuál es la importancia del Lago Gatún en relación con el Canal de Panamá?,3,3,LATAM,geography,hard,0
LATAM|object|Alfarería lenca de La Campa,¿Qué es la alfarería lenca de La Campa?,2,2,LATAM,object,easy,0
LATAM|object|Alfarería lenca de La Campa,¿A quién está reservada la actividad de alfarería en La Campa?,1,1,LATAM,object,medium,0
LATAM|object|Alfarería lenca de La Campa,¿Qué técnicas y materiales se utilizan en la alfarería lenca de La Campa y qué tipo de barro se emplea?,3,2,LATAM,object,hard,0
LATAM|object|Beba Rojas,¿Quién es Beba Rojas?,1,1,LATAM,object,easy,0
LATAM|object|Beba Rojas,¿En qué programa de televisión se dio a conocer Beba Rojas como presentadora?,1,1,LATAM,object,medium,0
LATAM|object|Beba Rojas,¿Qué papel antagónico desempeñó Beba Rojas en la telenovela La viuda joven y en qué año se emitió?,2,2,LATAM,object,hard,0
LATAM|geography|salar aguas calientes iv,¿Qué tipo de lugar es el salar de Aguas Calientes IV?,2,2,LATAM,geography,easy,1
LATAM|geography|salar aguas calientes iv,¿Cuál es la altura del salar de Aguas Calientes IV?,1,1,LATAM,geography,medium,0
LATAM|geography|salar aguas calientes iv,¿Qué características climatológicas tiene el salar de Aguas Calientes IV y qué sitio fue declarado en 2009?,3,3,LATAM,geography,hard,0
LATAM|object|Bandola,¿Qué es la bandola?,2,2,LATAM,object,easy,0
LATAM|object|Bandola,¿Qué tipo de cuerdas posee la bandola central?,2,2,LATAM,object,medium,0
LATAM|object|Bandola,¿Cuál es la importancia histórica de la bandola en el desarrollo del fandango flamenco?,2,2,LATAM,object,hard,0
LATAM|object|Erke,¿Qué es el erke?,1,1,LATAM,object,easy,0
LATAM|object|Erke,¿En qué tipo de celebraciones se utiliza el erke?,1,1,LATAM,object,medium,0
LATAM|object|Erke,¿Qué características estructurales tiene el erke y qué materiales se utilizan en su construcción?,2,2,LATAM,object,hard,0
LATAM|object|Bongó,¿Qué es el bongó?,1,1,LATAM,object,easy,0
LATAM|object|Bongó,¿Dónde se documentó por primera vez el uso del bongó?,1,1,LATAM,object,medium,0
LATAM|object|Bongó,¿De qué modelos de tambores deriva el bongó y en qué contexto cultural se desarrolló más?,2,2,LATAM,object,hard,0
LATAM|object|Jhosskaren Carrizo,¿Quién es Jhosskaren Carrizo?,1,1,LATAM,object,easy,0
LATAM|object|Jhosskaren Carrizo,¿Qué deporte practica Jhosskaren Carrizo?,1,1,LATAM,object,medium,0
LATAM|object|Jhosskaren Carrizo,¿En qué certamen de belleza participó Jhosskaren Carrizo representando al estado Lara y logró posicionarse en el Top 10 de semifinalistas?,3,3,LATAM,object,hard,0
LATAM|object|Maruch Méndez,¿Quién es Maruch Méndez?,3,1,LATAM,object,easy,0
LATAM|object|Maruch Méndez,¿Qué tipo de arte ha incorporado Maruch Méndez en su práctica artística?,4,1,LATAM,object,medium,0
LATAM|object|Maruch Méndez,¿Cuál es el contexto cultural de la obra de Maruch Méndez y qué tradición revivió en 2002?,2,2,LATAM,object,hard,0
LATAM|object|Luciano D'Alessandro,¿Cuál es el nombre completo de Luciano D'Alessandro?,1,1,LATAM,object,easy,0
LATAM|object|Luciano D'Alessandro,¿En qué año debutó Luciano D'Alessandro en televisión?,1,1,LATAM,object,medium,0
LATAM|object|Luciano D'Alessandro,"¿Qué personaje interpretó Luciano D'Alessandro en la telenovela ""La ley del corazón"" y qué premio recibió por su actuación en esta producción?",2,2,LATAM,object,hard,0
LATAM|geography|páramo de ocetá,¿En qué municipio se encuentra el páramo de Ocetá?,2,1,LATAM,geography,easy,0
LATAM|geography|páramo de ocetá,¿Qué temperatura puede alcanzar el páramo de Ocetá durante el día?,1,1,LATAM,geography,medium,0
LATAM|geography|páramo de ocetá,¿Qué quebradas nacen en el páramo de Ocetá y a qué cuencas llegan?,4,2,LATAM,geography,hard,0
LATAM|object|Pututo,¿Qué es el pututo?,1,1,LATAM,object,easy,0
LATAM|object|Pututo,¿Para qué se utilizaba el pututo en tiempos prehispánicos?,2,1,LATAM,object,medium,0
LATAM|object|Pututo,¿Qué papel desempeñaba el pututo en el imperio incaico y en qué contextos se utilizaba?,5,3,LATAM,object,hard,0
LATAM|object|Poncho salteño,¿Qué es el poncho salteño?,2,2,LATAM,object,easy,0
LATAM|object|Poncho salteño,¿Cuáles son los colores tradicionales del poncho salteño?,4,2,LATAM,object,medium,0
LATAM|object|Poncho salteño,¿Qué significado cultural tienen las franjas negras en el poncho salteño?,2,2,LATAM,object,hard,0
LATAM|object|absalón de los ríos,¿Quién es Absalón De Los Ríos?,3,2,LATAM,object,easy,0
LATAM|object|absalón de los ríos,¿En qué año comenzó su carrera Absalón De Los Ríos?,1,1,LATAM,object,medium,0
LATAM|object|absalón de los ríos,¿Qué personaje interpretó Absalón De Los Ríos en la telenovela Válgame Dios y en qué canal se emitió?,2,2,LATAM,object,hard,0
LATAM|geography|Península de Burica,¿Qué tipo de lugar es la península de Burica?,2,2,LATAM,geography,easy,0
LATAM|geography|Península de Burica,¿Qué países comparten la península de Burica?,2,1,LATAM,geography,medium,0
LATAM|geography|Península de Burica,¿Cuál es la característica geográfica que define la frontera natural entre Costa Rica y Panamá en la península de Burica?,1,1,LATAM,geography,hard,0
LATAM|object|arco percutor,¿Qué es el arco percutor?,2,2,LATAM,object,easy,0
LATAM|object|arco percutor,¿Qué se introduce en el arco percutor?,1,1,LATAM,object,medium,0
LATAM|object|arco percutor,¿En qué se utilizaba el arco percutor y qué característica presenta en su diseño?,2,2,LATAM,object,hard,0
LATAM|object|Victor Feldman,¿Quién fue Victor Feldman?,1,1,LATAM,object,easy,0
LATAM|object|Victor Feldman,¿Qué instrumentos tocaba Victor Feldman?,4,1,LATAM,object,medium,0
LATAM|object|Victor Feldman,"¿Con qué famoso músico de jazz participó Victor Feldman en el álbum ""Seven Steps to Heaven""?",2,2,LATAM,object,hard,0
LATAM|object|Salvador Trapani,¿Quién fue Salvador Trapani?,10,7,LATAM,object,easy,0
LATAM|object|Salvador Trapani,¿Qué instrumento musical interpretaba Salvador Trapani con gran sensibilidad y afinación?,1,1,LATAM,object,medium,0
LATAM|object|Salvador Trapani,¿Qué características definieron el estilo artístico de Salvador Trapani y qué grupo de teatro fundó en 1991?,6,4,LATAM,object,hard,0
LATAM|object|ariel ameijenda,¿Cuál es la fecha de nacimiento de Ariel Ameijenda?,1,1,LATAM,object,easy,0
LATAM|object|ariel ameijenda,¿Qué instrumento diseñó Ariel Ameijenda en 1986?,2,2,LATAM,object,medium,0
LATAM|object|ariel ameijenda,¿Con quién estudió Ariel Ameijenda en India y qué técnica profundizó?,2,2,LATAM,object,hard,0
LATAM|object|Teponaztli,¿Qué es el teponaztli?,2,2,LATAM,object,easy,0
LATAM|object|Teponaztli,¿Para qué se utiliza el teponaztli?,3,1,LATAM,object,medium,0
LATAM|object|Teponaztli,¿Qué culturas mesoamericanas utilizaron el teponaztli y en qué danzas de Guatemala se emplea?,5,2,LATAM,object,hard,0
LATAM|object|Papá Roncón,¿Quién es Papá Roncón?,2,2,LATAM,object,easy,0
LATAM|object|Papá Roncón,¿Qué instrumento musical aprendió a tocar Papá Roncón a una edad temprana?,1,1,LATAM,object,medium,0
LATAM|object|Papá Roncón,¿Qué reconocimiento recibió Papá Roncón en 2001 por su contribución a la cultura ecuatoriana?,3,3,LATAM,object,hard,0
LATAM|object|bombo legüero,¿Qué es el bombo legüero?,1,1,LATAM,object,easy,0
LATAM|object|bombo legüero,¿En qué provincia de Argentina es originario el bombo legüero?,1,1,LATAM,object,medium,0
LATAM|object|bombo legüero,¿Qué otros usos ha tenido el bombo legüero aparte del musical y en qué contexto se utilizaba para demarcar terrenos?,1,1,LATAM,object,hard,0
LATAM|object|artesanía de chile,¿Qué es la artesanía de Chile?,1,1,LATAM,object,easy,0
LATAM|object|artesanía de chile,¿Dónde se confecciona la artesanía de Chile?,1,1,LATAM,object,medium,0
LATAM|object|artesanía de chile,¿Qué implica la artesanía de Chile en términos de habilidades y técnicas?,1,1,LATAM,object,hard,0
LATAM|object|bárbara clara,¿Cuál es el nombre completo de Bárbara Clara?,1,1,LATAM,object,easy,0
LATAM|object|bárbara clara,¿En qué año ganó Bárbara Clara el certamen Miss Italia en el Mundo?,2,2,LATAM,object,medium,0
LATAM|object|bárbara clara,¿Cuál fue el primer papel protagónico de Bárbara Clara y en qué serie de televisión se emitió?,1,1,LATAM,object,hard,0
LATAM|object|ayacachtli,¿Qué es el ayacachtli?,1,1,LATAM,object,easy,0
LATAM|object|ayacachtli,¿De qué material está formado el ayacachtli?,1,1,LATAM,object,medium,0
LATAM|object|ayacachtli,¿Cómo se conoce el ayacachtli entre los aztecas y los mayas?,2,2,LATAM,object,hard,0
LATAM|object|cajón de tapeo,¿Qué es el cajón de tapeo?,1,1,LATAM,object,easy,0
LATAM|object|cajón de tapeo,¿Dónde se utiliza principalmente el cajón de tapeo?,1,1,LATAM,object,medium,0
LATAM|object|cajón de tapeo,¿Qué instrumentos forman parte de la dotación del Fandango de Varita junto con el cajón de tapeo?,2,1,LATAM,object,hard,0
LATAM|object|artesanías y arte popular en la ciudad de méxico,¿Qué tipo de papel se utiliza en la cartonería en la Ciudad de México?,1,1,LATAM,object,easy,0
LATAM|object|artesanías y arte popular en la ciudad de méxico,¿Qué familia es conocida por su trabajo en la cartonería en la Ciudad de México?,1,1,LATAM,object,medium,0
LATAM|object|artesanías y arte popular en la ciudad de méxico,¿Qué tipo de objetos se producen tradicionalmente con cartonería y están relacionados con festividades en la Ciudad de México?,1,1,LATAM,object,hard,0
LATAM|object|carmen maría montiel,¿Quién es Carmen María Montiel?,1,1,LATAM,object,easy,0
LATAM|object|carmen maría montiel,¿En qué año ganó Carmen María Montiel el concurso de Miss Venezuela?,2,2,LATAM,object,medium,0
LATAM|object|carmen maría montiel,¿Qué título obtuvo Carmen María Montiel en el concurso de Miss Universo 1984 y qué hizo tras su paso por este certamen?,3,3,LATAM,object,hard,0
LATAM|object|alejandra ghersi perozo,¿Quién es Alejandra Ghersi?,3,2,LATAM,object,easy,0
LATAM|object|alejandra ghersi perozo,¿En qué año trabajó Alejandra Ghersi con diferentes marcas venezolanas?,2,2,LATAM,object,medium,0
LATAM|object|alejandra ghersi perozo,¿Qué cambio profesional realizó Alejandra Ghersi en 2017 y qué compañía fundó en 2020?,4,4,LATAM,object,hard,0
LATAM|object|almirez,¿Qué es un almirez?,3,3,LATAM,object,easy,0
LATAM|object|almirez,¿Para qué se utiliza el almirez?,1,1,LATAM,object,medium,0
LATAM|object|almirez,¿Qué materiales son frecuentes en la fabricación de un almirez y en qué contextos culturales se utiliza?,6,3,LATAM,object,hard,2
LATAM|object|almirez,¿Para qué se utiliza el almirez en la cocina?,1,1,LATAM,object,medium,0
LATAM|object|almirez,¿En qué contextos culturales se ha utilizado el almirez además de en la cocina?,7,3,LATAM,object,hard,0
LATAM|object|cerámica de barro negro en oaxaca,¿Qué es la cerámica de barro negro en Oaxaca?,1,1,LATAM,object,easy,0
LATAM|object|cerámica de barro negro en oaxaca,¿Dónde se encuentra la cerámica de barro negro en Oaxaca?,1,1,LATAM,object,medium,0
LATAM|object|cerámica de barro negro en oaxaca,¿Qué innovaciones se realizaron en la cerámica de barro negro en Oaxaca a partir de 1950 y quién las descubrió?,4,4,LATAM,object,hard,0
LATAM|object|carmen tapia,¿Quién es Carmen Tapia en el diseño y la platería mexicana?,1,1,LATAM,object,easy,0
LATAM|object|carmen tapia,¿Qué técnica ha desarrollado Carmen Tapia en su trabajo?,1,1,LATAM,object,medium,0
LATAM|object|carmen tapia,¿En qué exposición participó Carmen Tapia que abarca 23 años de historia del diseño mexicano?,1,1,LATAM,object,hard,0
LATAM|object|chicas polar,¿En qué año se lanzó por primera vez la campaña de Chicas Polar?,1,1,LATAM,object,easy,0
LATAM|object|chicas polar,¿Desde qué año se ha renovado anualmente la campaña de Chicas Polar?,1,1,LATAM,object,medium,0
LATAM|object|chicas polar,¿Qué denominación se les dio a las nuevas modelos de la campaña a partir de 2006 y con qué han sido comparadas a nivel internacional?,2,2,LATAM,object,hard,0
LATAM|object|chicanel,¿Qué es el chicanel?,2,2,LATAM,object,easy,0
LATAM|object|chicanel,¿Dónde fue inicialmente identificado el chicanel?,1,1,LATAM,object,medium,0
LATAM|object|chicanel,¿Cuál es el periodo de tiempo que abarca la fase chicanel en el horizonte preclásico?,2,2,LATAM,object,hard,0
LATAM|object|chajchas,¿Qué son las chajchas?,1,1,LATAM,object,easy,0
LATAM|object|chajchas,¿Para qué se utilizan las chajchas en las danzas andinas?,2,2,LATAM,object,medium,0
LATAM|object|chajchas,¿Con qué tipo de materiales se elaboran las chajchas y qué cambio ocurrió en su fabricación con la llegada de los europeos?,3,2,LATAM,object,hard,0
LATAM|object|cerámica de chulucanas,¿Qué es la cerámica de Chulucanas?,1,1,LATAM,object,easy,0
LATAM|object|cerámica de chulucanas,¿Qué técnica se utiliza en la fabricación de la cerámica de Chulucanas?,1,1,LATAM,object,medium,0
LATAM|object|cerámica de chulucanas,¿Qué características distintivas presenta la cerámica de Chulucanas y qué fecha se le otorgó la denominación de origen?,4,2,LATAM,object,hard,0
LATAM|object|cerámica de chulucanas,¿Qué técnica utiliza la cerámica de Chulucanas en su fabricación?,1,1,LATAM,object,medium,0
LATAM|object|cerámica de chulucanas,¿Cuándo fue otorgada la denominación de origen de la cerámica de Chulucanas y qué método de decoración utiliza?,2,2,LATAM,object,hard,0
LATAM|object|cazuela de barro,¿Qué es una cazuela de barro?,2,2,LATAM,object,easy,0
LATAM|object|cazuela de barro,¿Para qué se utiliza principalmente la cazuela de barro en la cocina?,1,1,LATAM,object,medium,0
LATAM|object|cazuela de barro,¿Qué características comunes presenta la cazuela de barro y qué importancia cultural tiene en diferentes países?,7,3,LATAM,object,hard,0
LATAM|object|chapareque,¿Qué es el chapareque?,1,1,LATAM,object,easy,0
LATAM|object|chapareque,¿Cómo se toca el chapareque?,1,1,LATAM,object,medium,0
LATAM|object|chapareque,¿Por qué se considera al chapareque como “el eslabón perdido” entre la música prehispánica y la barroca?,3,3,LATAM,object,hard,0
LATAM|object|damarys ruiz,¿En qué año nació Damarys Ruiz?,1,1,LATAM,object,easy,0
LATAM|object|damarys ruiz,¿Cuál fue la causa de la muerte de Damarys Ruiz?,1,1,LATAM,object,medium,0
LATAM|object|damarys ruiz,¿Qué título profesional obtuvo Damarys Ruiz y en qué ocupación se desempeñó en el Ministerio Público?,2,2,LATAM,object,hard,0
LATAM|object|chililitli,¿Qué es el chililitli?,2,2,LATAM,object,easy,0
LATAM|object|chililitli,¿De qué material está hecho el chililitli?,1,1,LATAM,object,medium,0
LATAM|object|chililitli,¿Con qué se golpea el chililitli para producir sonido?,2,1,LATAM,object,hard,0
LATAM|object|dayana colmenares,¿Cuál es el nombre completo de Dayana Colmenares?,1,1,LATAM,object,easy,0
LATAM|object|dayana colmenares,¿En qué certamen fue coronada Dayana Colmenares como Miss Venezuela Internacional?,1,1,LATAM,object,medium,0
LATAM|object|dayana colmenares,¿Qué clasificación obtuvo Dayana Colmenares en el Miss Continente Americano 2006 y en qué certamen participó antes de Miss Venezuela?,2,2,LATAM,object,hard,0
LATAM|object|chiripá (prenda),¿Qué es el chiripá?,6,4,LATAM,object,easy,1
LATAM|object|chiripá (prenda),¿Qué prenda sustituyó al chiripá?,1,1,LATAM,object,medium,0
LATAM|object|chiripá (prenda),¿Qué grupos originarios utilizaron el chiripá y para qué se sostenía?,6,2,LATAM,object,hard,0
LATAM|object|corneta china,¿Qué es la corneta china?,2,2,LATAM,object,easy,0
LATAM|object|corneta china,¿En qué festividad se comenzó a usar la corneta china en Cuba?,1,1,LATAM,object,medium,0
LATAM|object|corneta china,¿Qué instrumento fue introducido en Cuba por inmigrantes chinos y se ha incorporado en algunas formas del son?,2,2,LATAM,object,hard,0
LATAM|object|corneta china,¿En qué contexto cultural se usa la corneta china?,1,1,LATAM,object,medium,0
LATAM|object|corneta china,¿Qué instrumento se constituyó en parte integral y obligatoria de la comparsa santiaguera y fue introducido en Cuba por inmigrantes chinos?,2,2,LATAM,object,hard,0
LATAM|object|cicaré ch-1,¿Quién diseñó y construyó el Cicaré CH-1?,4,4,LATAM,object,easy,2
LATAM|object|cicaré ch-1,¿Cuántos rotores tiene el Cicaré CH-1?,2,2,LATAM,object,medium,0
LATAM|object|cicaré ch-1,¿Qué características hacen del Cicaré CH-1 una aeronave única en Sudamérica?,3,2,LATAM,object,hard,0
LATAM|object|dalia reyes barrios,¿Quién es Dalia Reyes Barrios?,1,1,LATAM,object,easy,0
LATAM|object|dalia reyes barrios,¿Qué institución cofundó Dalia Reyes Barrios en 1987?,2,2,LATAM,object,medium,0
LATAM|object|dalia reyes barrios,¿Qué roles desempeñó Dalia Reyes Barrios en el ámbito del arte y la filantropía en Venezuela?,2,2,LATAM,object,hard,0
LATAM|object|diosa canales,¿Cuál es el nombre completo de Diosa Canales?,1,1,LATAM,object,easy,0
LATAM|object|diosa canales,¿En qué año comenzó Diosa Canales su carrera como cantante?,1,1,LATAM,object,medium,0
LATAM|object|diosa canales,¿Qué libro publicó Diosa Canales y en qué año fue lanzado?,1,1,LATAM,object,hard,0
LATAM|object|djane nany,¿Cuál es el nombre artístico de Daniela Daneska Vásquez Nieves?,1,1,LATAM,object,easy,0
LATAM|object|djane nany,¿En qué año comenzó Djane Nany su carrera como animadora y cantante?,1,1,LATAM,object,medium,0
LATAM|object|djane nany,¿Qué relación mantuvo Djane Nany con Vanessa Senior y en qué año comenzó?,2,2,LATAM,object,hard,0
LATAM|object|estefany oliveira (actriz),¿Cuál es el nombre completo de Estefany Oliveira?,1,1,LATAM,object,easy,0
LATAM|object|estefany oliveira (actriz),¿En qué serie juvenil de Nickelodeon ha intervenido Estefany Oliveira?,1,1,LATAM,object,medium,0
LATAM|object|estefany oliveira (actriz),¿Qué carrera estudió Estefany Oliveira en la Universidad de Miami y en qué año se mudó a Miami para perseguir su sueño como actriz?,4,4,LATAM,object,hard,0
LATAM|object|fma ia 53 mamboretá,¿Qué es el FMA IA 53 Mamboretá?,1,1,LATAM,object,easy,0
LATAM|object|fma ia 53 mamboretá,¿Cuántos prototipos del FMA IA 53 Mamboretá se construyeron?,1,1,LATAM,object,medium,0
LATAM|object|fma ia 53 mamboretá,¿Qué motor puede estar equipado el FMA IA 53 Mamboretá y cuál es su potencia?,2,2,LATAM,object,hard,0
LATAM|object|ehilin cuadros salek,¿Cuándo nació Ehilin Cuadros Salek?,1,1,LATAM,object,easy,0
LATAM|object|ehilin cuadros salek,¿Qué carrera estudió Ehilin Cuadros Salek en la Universidad Santa María?,2,2,LATAM,object,medium,0
LATAM|object|ehilin cuadros salek,¿Qué estudios realizó Ehilin Cuadros Salek después de emigrar a Perú y qué evento de belleza la destacó en 2017?,4,4,LATAM,object,hard,0
LATAM|object|eddy gaytán,¿Cuál es el seudónimo artístico de Dionisio Tomás Gaitán?,1,1,LATAM,object,easy,0
LATAM|object|eddy gaytán,¿Qué instrumentos musicales dominaba Eddy Gaytán?,4,1,LATAM,object,medium,1
LATAM|object|eddy gaytán,¿Qué papel desempeñó Eddy Gaytán en la empresa discográfica EGREM tras la Revolución cubana?,3,3,LATAM,object,hard,0
LATAM|object|gabriela fernández,¿Cuál es el nombre completo de Gabriela Fernández?,1,1,LATAM,object,easy,0
LATAM|object|gabriela fernández,¿En qué certamen participó Gabriela Fernández en 2008?,1,1,LATAM,object,medium,0
LATAM|object|gabriela fernández,¿Qué título ganó Gabriela Fernández en el certamen estatal celebrado en Maracaibo el 7 de mayo de 2008?,3,3,LATAM,object,hard,0
LATAM|object|huiringua,¿Qué es la huiringua?,1,1,LATAM,object,easy,0
LATAM|object|huiringua,¿De qué material está hecho el instrumento huiringua?,1,1,LATAM,object,medium,0
LATAM|object|huiringua,¿Cómo se produce el sonido en la huiringua?,1,1,LATAM,object,hard,0
LATAM|object|génesis carmona,¿Cuál es el nombre completo de Génesis Carmona?,1,1,LATAM,object,easy,0
LATAM|object|génesis carmona,¿Qué título ganó Génesis Carmona en mayo de 2013?,2,2,LATAM,object,medium,0
LATAM|object|génesis carmona,"¿Qué evento de moda en Valencia, Venezuela, incluyó la participación de Génesis Carmona como modelo?",3,3,LATAM,object,hard,0
LATAM|object|guacharaca,¿Qué es la guacharaca?,1,1,LATAM,object,easy,0
LATAM|object|guacharaca,¿De qué materiales se fabrica la guacharaca?,2,1,LATAM,object,medium,0
LATAM|object|guacharaca,¿Qué características tiene la guacharaca que la hacen adecuada para su uso en el vallenato?,3,3,LATAM,object,hard,1
LATAM|object|guillermo ríos alcalá,¿Quién es Guillermo Ríos Alcalá?,2,2,LATAM,object,easy,0
LATAM|object|guillermo ríos alcalá,¿En qué estado de México nació Guillermo Ríos Alcalá?,1,1,LATAM,object,medium,0
LATAM|object|guillermo ríos alcalá,¿Qué reconocimiento recibió Guillermo Ríos Alcalá en 2001 y por quién?,3,3,LATAM,object,hard,0
LATAM|object|gorro chilote,¿Qué es un gorro chilote?,3,3,LATAM,object,easy,0
LATAM|object|gorro chilote,¿De qué color suelen ser los gorros chilotes?,3,3,LATAM,object,medium,0
LATAM|object|gorro chilote,¿Qué importancia cultural tiene el gorro chilote en la identidad chilota y cómo se relaciona con la producción artesanal?,2,2,LATAM,object,hard,0
LATAM|object|hernán de vega,¿Cuál es el nombre artístico de Hernán de Vega?,1,1,LATAM,object,easy,0
LATAM|object|hernán de vega,¿En qué año comenzó Hernán de Vega su carrera artística?,1,1,LATAM,object,medium,0
LATAM|object|hernán de vega,¿Qué movimiento lidera Hernán de Vega desde el año 2005 y cuál es su propósito?,3,3,LATAM,object,hard,0
LATAM|object|hannelly quintero,¿Cuál es el nombre completo de Hannelly Quintero?,1,1,LATAM,object,easy,0
LATAM|object|hannelly quintero,¿En qué certamen representó Hannelly Quintero a Venezuela en 2008?,2,2,LATAM,object,medium,0
LATAM|object|hannelly quintero,¿Qué títulos ganó Hannelly Quintero en el certamen Miss Venezuela 2007 y en qué año fue este certamen?,2,2,LATAM,object,hard,0
LATAM|object|hannelly quintero,¿Qué títulos ganó Hannelly Quintero en el certamen Miss Venezuela 2007 y qué posición alcanzó en el certamen Miss Mundo 2008?,3,3,LATAM,object,hard,0
LATAM|object|indumentaria en la nueva españa,¿Qué es la indumentaria en la Nueva España?,2,2,LATAM,object,easy,0
LATAM|object|indumentaria en la nueva españa,¿Qué reflejó la indumentaria en la Nueva España?,2,2,LATAM,object,medium,0
LATAM|object|indumentaria en la nueva españa,¿Cómo se organizaba y regulaba la indumentaria en la Nueva España de acuerdo con la jerarquía social?,3,3,LATAM,object,hard,0
LATAM|object|incrustado de la plata,¿Qué es el incrustado de la plata?,1,1,LATAM,object,easy,0
LATAM|object|incrustado de la plata,¿En qué época se siguió desarrollando el incrustado de la plata?,1,1,LATAM,object,medium,0
LATAM|object|incrustado de la plata,¿Cuál es la diferencia entre el incrustado de la plata y la soldadura en su técnica de trabajo?,3,3,LATAM,object,hard,0
LATAM|object|incrustado de la plata,¿Cuál es la diferencia entre el incrustado de la plata y la técnica del unido?,3,3,LATAM,object,hard,0
LATAM|object|ia-63 pampa,¿Qué es el IA-63 Pampa?,4,4,LATAM,object,easy,1
LATAM|object|ia-63 pampa,¿Quién fue el diseñador del IA-63 Pampa?,1,1,LATAM,object,medium,0
LATAM|object|ia-63 pampa,¿Para qué fue construido el IA-63 Pampa y qué motor utiliza?,2,2,LATAM,object,hard,0
LATAM|object|judith castillo,¿Quién es Judith Castillo?,1,1,LATAM,object,easy,0
LATAM|object|judith castillo,¿Qué título ganó Judith Castillo en 1976?,1,1,LATAM,object,medium,0
LATAM|object|judith castillo,¿Qué posición alcanzó Judith Castillo en el Miss Universo 1976 y qué evento la llevó a representar a Venezuela en ese certamen?,2,2,LATAM,object,hard,0
LATAM|object|juan de dios rivera túpac,¿Dónde nació Juan de Dios Rivera Túpac?,1,1,LATAM,object,easy,0
LATAM|object|juan de dios rivera túpac,¿Qué oficio ejerció Juan de Dios Rivera Túpac en Buenos Aires?,2,2,LATAM,object,medium,0
LATAM|object|juan de dios rivera túpac,¿Qué diseño se le atribuye a Juan de Dios Rivera Túpac y qué elemento inspiró su creación?,2,2,LATAM,object,hard,0
LATAM|object|isabella rodríguez,¿Qué título ganó Isabella Rodríguez en el año 2018?,1,1,LATAM,object,easy,0
LATAM|object|isabella rodríguez,¿En qué evento fue Isabella Rodríguez seleccionada como una de las 12 chicas en 2015?,1,1,LATAM,object,medium,0
LATAM|object|isabella rodríguez,¿Qué bandas especiales ganó Isabella Rodríguez en el Miss Venezuela 2018 y qué evento representó a Venezuela en 2019?,3,2,LATAM,object,hard,0
LATAM|object|jeudiel condado,¿Cuál es el nombre completo de Jeudiel Condado?,1,1,LATAM,object,easy,0
LATAM|object|jeudiel condado,¿Qué título obtuvo Jeudiel Condado en 2018?,1,1,LATAM,object,medium,0
LATAM|object|jeudiel condado,¿Qué educación formal recibió Jeudiel Condado y en qué instituciones?,4,2,LATAM,object,hard,0
LATAM|object|juan carlos soto marín (lutier),¿En qué país nació Juan Carlos Soto Marín?,1,1,LATAM,object,easy,0
LATAM|object|juan carlos soto marín (lutier),¿Qué título obtuvo Juan Carlos Soto Marín en 1988?,2,2,LATAM,object,medium,0
LATAM|object|juan carlos soto marín (lutier),¿Qué tipo de instrumentos construye Juan Carlos Soto Marín respetando los parámetros históricos y en qué contexto cultural se destaca su trabajo?,2,2,LATAM,object,hard,0
LATAM|object|juan carlos soto marín (lutier),¿Quién es Juan Carlos Soto Marín?,5,2,LATAM,object,easy,0
LATAM|object|juan carlos soto marín (lutier),¿Qué tipo de instrumentos construye Juan Carlos Soto Marín respetando los parámetros históricos?,1,1,LATAM,object,hard,0
LATAM|object|karina velásquez,¿Cuántos hermanos tiene Karina Velásquez?,1,1,LATAM,object,easy,0
LATAM|object|karina velásquez,¿En qué película interpretó Karina Velásquez al personaje Claudiana?,2,2,LATAM,object,medium,0
LATAM|object|karina velásquez,¿Qué papel desempeñó Karina Velásquez en la película Hasta que la muerte nos separe y con quién compartió el rol actoral?,6,3,LATAM,object,hard,2
LATAM|object|imelda guillermina barnett díaz,¿Quién es Imelda Guillermina Barnett Díaz?,1,1,LATAM,object,easy,0
LATAM|object|imelda guillermina barnett díaz,¿Qué reconocimiento obtuvo Imelda Guillermina Barnett Díaz en 2008?,2,2,LATAM,object,medium,0
LATAM|object|imelda guillermina barnett díaz,¿Qué proyecto implementó Imelda Guillermina Barnett Díaz para su comunidad y qué tecnología utilizó?,2,2,LATAM,object,hard,0
LATAM|object|laura gonçalves,¿Quién es Laura Gonçalves?,1,1,LATAM,object,easy,0
LATAM|object|laura gonçalves,¿En qué certamen representó Laura Gonçalves a Portugal en 2011?,2,2,LATAM,object,medium,0
LATAM|object|laura gonçalves,¿Qué logros significativos alcanzó Laura Gonçalves en su carrera de modelaje y en qué año participó en el Miss Universo?,2,2,LATAM,object,hard,0
LATAM|object|josé feher,¿Cuál es el nombre completo de José Feher?,1,1,LATAM,object,easy,0
LATAM|object|josé feher,¿En qué año llegó José Feher a México?,2,2,LATAM,object,medium,0
LATAM|object|josé feher,¿Qué premio ganó José Feher en 1928 y en qué campo se destacó principalmente?,3,3,LATAM,object,hard,0
LATAM|object|kerly ruiz,¿Cuál es el nombre completo de Kerly Ruiz?,1,1,LATAM,object,easy,0
LATAM|object|kerly ruiz,¿En qué programa animado fue presentadora Kerly Ruiz en RCTV?,2,2,LATAM,object,medium,0
LATAM|object|kerly ruiz,¿Qué programas de televisión ha presentado Kerly Ruiz y en qué canal comenzó a trabajar en 2018?,3,3,LATAM,object,hard,0
LATAM|object|lidia gonzález,¿Quién es Lidia González?,1,1,LATAM,object,easy,0
LATAM|object|lidia gonzález,¿Qué porcentaje de votos obtuvo Lidia González al ser electa como concejala por la comuna de Cabo de Hornos en 2008?,1,1,LATAM,object,medium,0
LATAM|object|lidia gonzález,¿Qué rol desempeñó Lidia González en la Convención Constitucional de Chile y qué porcentaje de votos obtuvo al ser electa como candidata única?,2,2,LATAM,object,hard,0
LATAM|object|lidia gonzález,¿Qué porcentaje de votos obtuvo Lidia González al ser electa como concejala por la comuna de Cabo de Hornos?,1,1,LATAM,object,medium,0
LATAM|object|marjorie magri,¿Quién es Marjorie Magri?,3,2,LATAM,object,easy,0
LATAM|object|marjorie magri,¿En qué ciudad nació Marjorie Magri?,1,1,LATAM,object,medium,0
LATAM|object|marjorie magri,¿Qué profesión tiene Marjorie Magri además de ser actriz y modelo?,1,1,LATAM,object,hard,0
LATAM|object|manguaré,¿Qué es el manguaré?,2,2,LATAM,object,easy,0
LATAM|object|manguaré,¿Para qué se utiliza el manguaré?,1,1,LATAM,object,medium,0
LATAM|object|manguaré,¿Quiénes idearon y construyeron el manguaré y para qué lo utilizan?,5,2,LATAM,object,hard,0
LATAM|object|marjorie de sousa,¿Cuál es el nombre completo de Marjorie de Sousa?,1,1,LATAM,object,easy,0
LATAM|object|marjorie de sousa,¿En qué telenovela coprotagonizó Marjorie de Sousa el papel de Carolina Bonilla?,2,2,LATAM,object,medium,0
LATAM|object|marjorie de sousa,¿Qué papel interpretó Marjorie de Sousa en la telenovela Gata salvaje y en qué año se emitió?,2,2,LATAM,object,hard,0
LATAM|object|pinquillo,¿Qué es el pinquillo?,1,1,LATAM,object,easy,0
LATAM|object|pinquillo,¿De qué cultura es originario el pinquillo?,1,1,LATAM,object,medium,0
LATAM|object|pinquillo,¿En qué año fue declarado el pinquillo Patrimonio Cultural de la Nación del Perú y qué importancia tiene en la cultura?,2,2,LATAM,object,hard,0
LATAM|object|miguel augusto rodríguez,¿Cuál es el nombre completo de Miguel Augusto Rodríguez?,1,1,LATAM,object,easy,0
LATAM|object|miguel augusto rodríguez,¿En qué producción interpretó Miguel Augusto Rodríguez el personaje de León Antonio Borofsky Castellanos /El Monje?,2,2,LATAM,object,medium,0
LATAM|object|miguel augusto rodríguez,¿Qué galardón recibió Miguel Augusto Rodríguez en el año de su debut en la producción Estrambótica Anastasia y en qué canal realizó sus estudios actorales?,2,2,LATAM,object,hard,0
LATAM|object|pozahuanco,¿Qué es el pozahuanco?,1,1,LATAM,object,easy,0
LATAM|object|pozahuanco,¿Con qué se sujeta el pozahuanco a la cintura?,1,1,LATAM,object,medium,0
LATAM|object|pozahuanco,¿Qué características tiene el pozahuanco elaborado para las novias en comparación con otros usos?,2,2,LATAM,object,hard,0
LATAM|object|maracas,¿Qué son las maracas?,2,1,LATAM,object,easy,0
LATAM|object|maracas,¿Qué producen las maracas al agitarlas?,2,2,LATAM,object,medium,0
LATAM|object|maracas,¿Cuál es el origen de las maracas y en qué contexto eran utilizadas por las tribus indígenas?,2,2,LATAM,object,hard,0
LATAM|object|luis felipe manrique flores,¿Cuándo nació Luis Felipe Manrique Flores?,2,2,LATAM,object,easy,0
LATAM|object|luis felipe manrique flores,¿Qué técnicas ancestrales conserva Luis Felipe Manrique Flores en su artesanía?,1,1,LATAM,object,medium,0
LATAM|object|luis felipe manrique flores,¿Qué reconocimientos ha recibido Luis Felipe Manrique Flores por su trabajo como artesano y en qué contexto cultural se destaca su obra?,2,2,LATAM,object,hard,0
LATAM|object|piteado,¿Qué es el piteado?,1,1,LATAM,object,easy,0
LATAM|object|piteado,¿Para qué se utiliza el piteado?,1,1,LATAM,object,medium,0
LATAM|object|piteado,¿En qué municipio se reconoce como la capital mundial del piteado y qué técnica se fomenta por su gobierno municipal?,2,2,LATAM,object,hard,0
LATAM|object|niurka acevedo,¿Cuál es el nombre completo de Niurka Acevedo?,1,1,LATAM,object,easy,0
LATAM|object|niurka acevedo,¿Qué título de belleza obtuvo Niurka Acevedo en 1991?,1,1,LATAM,object,medium,0
LATAM|object|niurka acevedo,¿Qué profesión y cargo desempeñó Niurka Acevedo en la Gobernación de Anzoátegui y en qué año fue nombrada?,2,2,LATAM,object,hard,0
LATAM|object|manuel pailós,¿Cuál es la fecha de nacimiento de Manuel Pailós?,1,1,LATAM,object,easy,0
LATAM|object|manuel pailós,¿En qué país se encuentra el Museo Nacional de Artes Plásticas que alberga obras de Manuel Pailós?,2,2,LATAM,object,medium,0
LATAM|object|manuel pailós,¿Qué premio obtuvo Manuel Pailós en 1996 y quién lo otorgó?,3,3,LATAM,object,hard,0
LATAM|object|rodolfo villena hernández,¿En qué año nació Rodolfo Villena Hernández?,1,1,LATAM,object,easy,0
LATAM|object|rodolfo villena hernández,¿Qué tipo de artesanía crea Rodolfo Villena Hernández?,1,1,LATAM,object,medium,0
LATAM|object|rodolfo villena hernández,¿Cuáles son algunos de los altares que ha creado Rodolfo Villena Hernández y para qué instituciones?,2,1,LATAM,object,hard,0
LATAM|object|rodolfo camacho viera,¿Quién fue Rodolfo Camacho Viera?,3,2,LATAM,object,easy,0
LATAM|object|rodolfo camacho viera,¿Qué tipo de instrumentos musicales fabricó Rodolfo Camacho Viera?,2,1,LATAM,object,medium,0
LATAM|object|rodolfo camacho viera,¿Qué relación tuvo Rodolfo Camacho Viera con músicos latinoamericanos destacados y qué tipo de trabajos realizó para ellos?,3,3,LATAM,object,hard,0
LATAM|object|reinaldo zavarce,¿Dónde nació Reinaldo Zavarce?,1,1,LATAM,object,easy,0
LATAM|object|reinaldo zavarce,¿En qué telenovela protagonizó Reinaldo Zavarce junto a María Gabriela de Faría?,2,2,LATAM,object,medium,0
LATAM|object|reinaldo zavarce,"¿Qué papel desempeñó Reinaldo Zavarce en la película ""Día Naranja"" y en qué año se estrenó?",3,3,LATAM,object,hard,0
LATAM|object|mate burilado,¿Qué es un mate burilado?,2,2,LATAM,object,easy,0
LATAM|object|mate burilado,¿En qué regiones de Perú se produce el mate burilado?,3,1,LATAM,object,medium,0
LATAM|object|mate burilado,¿Qué representan los motivos decorativos en los mates burilados elaborados por artesanos en Perú?,4,1,LATAM,object,hard,0
LATAM|object|quena,¿Qué es la quena?,1,1,LATAM,object,easy,0
LATAM|object|quena,¿Cuál es la antigüedad de la quena más antigua hallada en la zona de Chilca-Perú?,1,1,LATAM,object,medium,0
LATAM|object|quena,¿Por qué fue declarada la quena Patrimonio Cultural de la Nación del Perú?,1,1,LATAM,object,hard,0
LATAM|object|sombrero vueltiao,¿Qué es el sombrero vueltiao?,2,2,LATAM,object,easy,0
LATAM|object|sombrero vueltiao,¿De qué material se elabora el sombrero vueltiao?,1,1,LATAM,object,medium,0
LATAM|object|sombrero vueltiao,¿Cuál es el origen cultural del sombrero vueltiao y qué ley lo declaró símbolo cultural de la nación?,2,2,LATAM,object,hard,0
LATAM|object|sabrina seara,¿Cuál es el nombre completo de Sabrina Seara?,1,1,LATAM,object,easy,0
LATAM|object|sabrina seara,¿En qué novela tuvo su primer protagónico Sabrina Seara?,1,1,LATAM,object,medium,0
LATAM|object|sabrina seara,¿Qué telenovela protagonizó Sabrina Seara en Venevisión que le abrió las puertas a su nuevo destino en Miami?,3,3,LATAM,object,hard,0
LATAM|object|sombrero de jipi,¿Qué es el sombrero de jipi?,2,2,LATAM,object,easy,0
LATAM|object|sombrero de jipi,¿Dónde se produce el sombrero de jipi?,2,1,LATAM,object,medium,0
LATAM|object|sombrero de jipi,¿Quién fue la primera persona en tejer un sombrero de jipi y en qué año lo hizo?,2,2,LATAM,object,hard,0
LATAM|object|submarino flach,¿Qué es el submarino Flach?,2,2,LATAM,object,easy,0
LATAM|object|submarino flach,¿Quién diseñó el submarino Flach?,1,1,LATAM,object,medium,0
LATAM|object|submarino flach,¿En qué contexto histórico se construyó el submarino Flach y qué ocurrió durante su fase de pruebas?,3,3,LATAM,object,hard,0
LATAM|object|tecla tofano,¿En qué país nació Tecla Tofano?,1,1,LATAM,object,easy,0
LATAM|object|tecla tofano,¿Qué tipo de obras creó Tecla Tofano a partir de 1963?,2,2,LATAM,object,medium,0
LATAM|object|tecla tofano,¿Qué premios recibió Tecla Tofano y en qué años fueron otorgados?,6,2,LATAM,object,hard,0
LATAM|object|tlecáxitl,¿Qué es el tlecáxitl?,2,2,LATAM,object,easy,0
LATAM|object|tlecáxitl,¿Dónde se utilizaba el tlecáxitl?,1,1,LATAM,object,medium,0
LATAM|object|tlecáxitl,¿Qué significaba el encendido del tlecáxitl en la ceremonia del Fuego Nuevo?,2,2,LATAM,object,hard,0
LATAM|object|tambores de candombe,¿Qué son los tambores de candombe?,2,2,LATAM,object,easy,0
LATAM|object|tambores de candombe,¿Cuántos tamaños de tambores de candombe existen?,3,1,LATAM,object,medium,0
LATAM|object|tambores de candombe,¿Qué función cumple el tambor repique en la cuerda de tambores de candombe?,2,1,LATAM,object,hard,0
LATAM|object|teresa carvallo rey,¿Quién es Teresa Carvallo Rey?,4,2,LATAM,object,easy,0
LATAM|object|teresa carvallo rey,¿En qué taller adquirió Teresa Carvallo sus primeros conocimientos técnicos?,1,1,LATAM,object,medium,0
LATAM|object|teresa carvallo rey,¿Qué tipo de situaciones cotidianas representan las obras de Teresa Carvallo y qué características se destacan en ellas?,4,4,LATAM,object,hard,0
LATAM|object|tarka,¿Qué es la tarka?,2,2,LATAM,object,easy,0
LATAM|object|tarka,¿De qué material está hecha la tarka?,1,1,LATAM,object,medium,0
LATAM|object|tarka,¿Cuál es la extensión aproximada de la tarka y en qué regiones se utiliza?,5,2,LATAM,object,hard,1
LATAM|object|verbo américa,¿Qué es Verbo América?,3,3,LATAM,object,easy,0
LATAM|object|verbo américa,¿Dónde se ubica Verbo América?,1,1,LATAM,object,medium,0
LATAM|object|verbo américa,¿Qué proceso sufrió Verbo América después de ser instalada en el Aeropuerto de Santiago?,2,2,LATAM,object,hard,0
LATAM|object|yul bürkle,¿Cuál es el nombre completo de Yul Bürkle?,1,1,LATAM,object,easy,0
LATAM|object|yul bürkle,"¿En qué año participó Yul Bürkle en la novela ""La llaman Mariamor""?",2,2,LATAM,object,medium,0
LATAM|object|yul bürkle,¿Qué carrera estudió Yul Bürkle en la Universidad Santa María y a qué edad comenzó su carrera en la actuación?,3,3,LATAM,object,hard,0
LATAM|object|trapelacucha,"¿Qué significa ""trapelacucha"" en mapudungun?",1,1,LATAM,object,easy,0
LATAM|object|trapelacucha,¿De qué material está fabricado un trapelacucha?,1,1,LATAM,object,medium,0
LATAM|object|trapelacucha,¿Qué otras dos joyas se designan con el nombre de trapelacucha en español y qué características tienen?,7,6,LATAM,object,hard,0
LATAM|public_figure|abraham freifeld umanskaia,¿Dónde nació Abraham Freifeld Umanskaia?,2,1,LATAM,public_figure,easy,0
LATAM|public_figure|abraham freifeld umanskaia,¿Qué carrera estudió Abraham Freifeld Umanskaia en la Universidad de Chile?,2,2,LATAM,public_figure,medium,0
LATAM|public_figure|abraham freifeld umanskaia,¿Qué premio recibió Abraham Freifeld Umanskaia en 1956 y en qué contexto se otorgó?,3,3,LATAM,public_figure,hard,0
LATAM|object|yelena maciel,¿Cuál es el nombre completo de Yelena Maciel?,1,1,LATAM,object,easy,0
LATAM|object|yelena maciel,¿En qué serie de RCTV interpretó Yelena Maciel el personaje de María de Lourdes Lobo?,2,2,LATAM,object,medium,0
LATAM|object|yelena maciel,"¿Qué apodo recibió Yelena Maciel en la telenovela ""La viuda joven"" y qué personaje interpretó en ""Y los declaro marido y mujer""?",4,4,LATAM,object,hard,0
LATAM|public_figure|albanella chávez,¿Cuál es el nombre completo de Albanella Chávez?,1,1,LATAM,public_figure,easy,0
LATAM|public_figure|albanella chávez,"¿En qué año publicó Albanella Chávez su libro ""Noches de cuerpos sin nombre""?",2,2,LATAM,public_figure,medium,0
LATAM|public_figure|albanella chávez,¿Qué estudios realizó Albanella Chávez en Santa Cruz de la Sierra y qué maestría obtuvo en España?,2,2,LATAM,public_figure,hard,0
LATAM|object|tiple,¿Qué es el tiple?,2,2,LATAM,object,easy,0
LATAM|object|tiple,¿Cuántas cuerdas metálicas tiene el tiple?,1,1,LATAM,object,medium,0
LATAM|object|tiple,¿En qué ritmos típicos del interior de Colombia se utiliza el tiple y qué lo hace un instrumento solista?,2,2,LATAM,object,hard,0
LATAM|public_figure|alejandra moffat,¿Quién es Alejandra Moffat?,3,2,LATAM,public_figure,easy,0
LATAM|public_figure|alejandra moffat,¿En qué ciudad nació Alejandra Moffat?,1,1,LATAM,public_figure,medium,0
LATAM|public_figure|alejandra moffat,¿Qué premios ha ganado Alejandra Moffat por su trabajo en dramaturgia?,2,1,LATAM,public_figure,hard,0
LATAM|public_figure|alex bowen,¿Quién es Alex Bowen?,2,1,LATAM,public_figure,easy,0
LATAM|public_figure|alex bowen,¿Cuál fue el primer largometraje realizado por Alex Bowen?,1,1,LATAM,public_figure,medium,0
LATAM|public_figure|alex bowen,¿Qué proyectos importantes gestionó Alex Bowen durante su tiempo como director general del área dramática de Televisión Nacional de Chile?,3,2,LATAM,public_figure,hard,0
LATAM|public_figure|alejandra pérez núñez,¿Cuál es el alias de Alejandra Pérez Núñez?,1,1,LATAM,public_figure,easy,0
LATAM|public_figure|alejandra pérez núñez,¿En qué universidad estudió Alejandra Pérez Núñez?,1,1,LATAM,public_figure,medium,0
LATAM|public_figure|alejandra pérez núñez,¿Qué obra desarrolló Alejandra Pérez Núñez para la radio del Museo Reina Sofía y qué temática aborda?,3,3,LATAM,public_figure,hard,0
LATAM|public_figure|ankatu alquinta,¿Quién es Eduardo Ankatu Alquinta Ross?,1,1,LATAM,public_figure,easy,0
LATAM|public_figure|ankatu alquinta,¿Qué grupo musical formó Ankatu Alquinta en 1995?,2,2,LATAM,public_figure,medium,0
LATAM|public_figure|ankatu alquinta,¿Qué rol asumió Ankatu Alquinta en Los Jaivas después del fallecimiento de su padre?,2,2,LATAM,public_figure,hard,0
LATAM|public_figure|alfredo jaar,¿Quién es Alfredo Jaar?,2,2,LATAM,public_figure,easy,0
LATAM|public_figure|alfredo jaar,¿En qué año obtuvo Alfredo Jaar el Premio Nacional de Artes Plásticas de Chile?,2,2,LATAM,public_figure,medium,0
LATAM|public_figure|alfredo jaar,¿Qué obra expuso Alfredo Jaar en la Bienal de Venecia de 1986 y qué temática aborda?,3,3,LATAM,public_figure,hard,0
LATAM|public_figure|adolfo urzúa rosas,¿Dónde nació Adolfo Urzúa Rosas?,1,1,LATAM,public_figure,easy,0
LATAM|public_figure|adolfo urzúa rosas,¿Qué profesión tuvo Adolfo Urzúa Rosas además de ser actor?,2,1,LATAM,public_figure,medium,0
LATAM|public_figure|adolfo urzúa rosas,"¿Cuál es el título del cortometraje considerado la primera película argumental del cine chileno, realizada por Adolfo Urzúa Rosas?",2,2,LATAM,public_figure,hard,0
LATAM|public_figure|antonio pecorara,¿Quién fue Antonio Pecorara?,1,1,LATAM,public_figure,easy,0
LATAM|public_figure|antonio pecorara,¿En qué universidad estudió Antonio Pecorara?,2,2,LATAM,public_figure,medium,0
LATAM|public_figure|antonio pecorara,¿Qué experiencias reflejó Antonio Pecorara en su primer libro de cuentos y en qué contexto trabajó?,2,2,LATAM,public_figure,hard,0
LATAM|public_figure|andrés pizarro,¿Quién es Andrés Pizarro en la literatura chilena?,1,1,LATAM,public_figure,easy,0
LATAM|public_figure|andrés pizarro,"¿En qué año obtuvo Andrés Pizarro el Premio Alerce por su obra ""Algunas cosas""?",3,3,LATAM,public_figure,medium,0
LATAM|public_figure|andrés pizarro,¿Qué premio obtuvo Andrés Pizarro en 1977 y con qué obra?,3,3,LATAM,public_figure,hard,0
LATAM|public_figure|beby aponte (cantante),¿Cuál es el nombre completo de Beby Aponte?,1,1,LATAM,public_figure,easy,0
LATAM|public_figure|beby aponte (cantante),¿En qué año comenzó Beby Aponte a formar parte del grupo Pk2?,2,2,LATAM,public_figure,medium,0
LATAM|public_figure|beby aponte (cantante),¿Qué reconocimiento recibió Beby Aponte en 2021 y en qué evento se le otorgó?,3,3,LATAM,public_figure,hard,0
LATAM|public_figure|antares de la luz,¿Quién fue Antares de la Luz?,1,1,LATAM,public_figure,easy,0
LATAM|public_figure|antares de la luz,¿Qué tipo de ritual realizó Antares de la Luz con su hijo?,1,1,LATAM,public_figure,medium,0
LATAM|public_figure|antares de la luz,¿Qué acciones llevó a cabo Antares de la Luz en su secta que reflejan su creencia en ser la reencarnación de Dios?,3,2,LATAM,public_figure,hard,0
LATAM|public_figure|andrea garcía-huidobro,¿Quién es Andrea García-Huidobro?,3,2,LATAM,public_figure,easy,0
LATAM|public_figure|andrea garcía-huidobro,¿En qué película participó Andrea García-Huidobro?,1,1,LATAM,public_figure,medium,0
LATAM|public_figure|andrea garcía-huidobro,¿Qué obras ha dirigido Andrea García-Huidobro y en qué año egresó de la escuela de Fernando González?,6,3,LATAM,public_figure,hard,0
LATAM|public_figure|armando rubio huidobro,¿En qué año nació Armando Rubio Huidobro?,1,1,LATAM,public_figure,easy,0
LATAM|public_figure|armando rubio huidobro,¿Cuál es el carácter que se le atribuye a la poesía de Armando Rubio Huidobro?,1,1,LATAM,public_figure,medium,0
LATAM|public_figure|armando rubio huidobro,¿Qué estudios realizó Armando Rubio Huidobro entre 1974 y 1980 y qué relación tiene esto con su carrera como poeta?,3,2,LATAM,public_figure,hard,0
LATAM|public_figure|botota fox,¿Cuál es el nombre artístico de José Miguel Navarrete Navarrete?,1,1,LATAM,public_figure,easy,0
LATAM|public_figure|botota fox,¿En qué año inició su trayectoria artística Botota Fox?,1,1,LATAM,public_figure,medium,0
LATAM|public_figure|botota fox,¿Qué reconocimiento obtuvo Botota Fox en 2016 y en qué evento fue elegida?,3,3,LATAM,public_figure,hard,0
LATAM|public_figure|carlos concha (actor),¿Cuál es el seudónimo de Carlos Concha Henriquez?,1,1,LATAM,public_figure,easy,0
LATAM|public_figure|carlos concha (actor),¿En qué telenovela debutó Carlos Concha?,1,1,LATAM,public_figure,medium,0
LATAM|public_figure|carlos concha (actor),"¿Qué personaje destacado interpretó Carlos Concha en la telenovela ""Ámame"" de 1993 y en qué canal trabajó durante cinco años?",3,3,LATAM,public_figure,hard,0
LATAM|public_figure|camba florencio,¿Quién fue Camba Florencio?,3,2,LATAM,public_figure,easy,0
LATAM|public_figure|camba florencio,¿En qué ciudad nació Camba Florencio?,1,1,LATAM,public_figure,medium,0
LATAM|public_figure|camba florencio,¿Qué distinción recibió Camba Florencio en 1984 durante el Festival de Ypacaraí?,3,3,LATAM,public_figure,hard,0
LATAM|public_figure|carlos miranda,¿Cuál es el nombre completo de Carlos Miranda?,1,1,LATAM,public_figure,easy,0
LATAM|public_figure|carlos miranda,¿En qué conservatorio estudió Carlos Miranda en su país natal?,1,1,LATAM,public_figure,medium,0
LATAM|public_figure|carlos miranda,"¿Qué obras importantes compuso Carlos Miranda para la Rambert Dance Company y qué premio recibió por ""Cruel Garden""?",4,3,LATAM,public_figure,hard,0
LATAM|public_figure|carlos isamitt,¿Cuál es el nombre completo de Carlos Isamitt?,1,1,LATAM,public_figure,easy,0
LATAM|public_figure|carlos isamitt,¿En qué año recibió Carlos Isamitt el Premio Nacional de Arte?,2,2,LATAM,public_figure,medium,0
LATAM|public_figure|carlos isamitt,¿Qué influencias artísticas recibió Carlos Isamitt durante su viaje a París en 1925 y cómo impactaron su obra?,7,3,LATAM,public_figure,hard,0
LATAM|public_figure|carmen cereceda,¿Dónde nació Carmen Cereceda?,1,1,LATAM,public_figure,easy,0
LATAM|public_figure|carmen cereceda,¿Cuántos años impartió clases Carmen Cereceda en el Colegio de Artes de Ontario?,2,2,LATAM,public_figure,medium,0
LATAM|public_figure|carmen cereceda,"¿Quién fue el gurú y maestro de Carmen Cereceda, y qué tipo de arte practicó?",2,2,LATAM,public_figure,hard,0
LATAM|public_figure|chabelita fuentes,¿Cuál es el nombre completo de Chabelita Fuentes?,1,1,LATAM,public_figure,easy,0
LATAM|public_figure|chabelita fuentes,¿En qué año recibió Chabelita Fuentes el Premio a la Música Nacional Presidente de la República?,2,2,LATAM,public_figure,medium,0
LATAM|public_figure|chabelita fuentes,¿Qué reconocimientos recibió Chabelita Fuentes y en qué contexto cultural se destaca su obra?,4,2,LATAM,public_figure,hard,0
LATAM|public_figure|catalina telias,¿Cuál es el nombre completo de Catalina Telias?,1,1,LATAM,public_figure,easy,0
LATAM|public_figure|catalina telias,¿En qué año se desvinculó Catalina Telias de La Banda del Gnomo?,2,2,LATAM,public_figure,medium,0
LATAM|public_figure|catalina telias,¿Qué canción presentó Catalina Telias en el festival de la OTI de 1989 y qué premio recibió en el festival de Viña del Mar de 1990?,3,3,LATAM,public_figure,hard,0
LATAM|public_figure|daniel puente encina,¿Quién es Daniel Puente Encina?,1,1,LATAM,public_figure,easy,0
LATAM|public_figure|daniel puente encina,¿Qué grupo musical fundó Daniel Puente Encina en Santiago de Chile?,2,2,LATAM,public_figure,medium,1
LATAM|public_figure|daniel puente encina,¿Qué álbum publicó Daniel Puente Encina en 2004 y qué estilo musical representa?,2,2,LATAM,public_figure,hard,0
LATAM|public_figure|carmen valbuena,¿Cuál es el nombre completo de Carmen Valbuena?,1,1,LATAM,public_figure,easy,0
LATAM|public_figure|carmen valbuena,¿En qué universidad se graduó Carmen Valbuena en licenciatura en pintura?,2,2,LATAM,public_figure,medium,0
LATAM|public_figure|carmen valbuena,¿Qué grupo artístico pertenece Carmen Valbuena y qué estilo artístico ha desarrollado en su carrera?,2,2,LATAM,public_figure,hard,0
LATAM|public_figure|carmen prieto,¿Quién es Carmen Prieto en la música y actuación chilena?,3,2,LATAM,public_figure,easy,0
LATAM|public_figure|carmen prieto,¿En qué año nació Carmen Prieto?,1,1,LATAM,public_figure,medium,0
LATAM|public_figure|carmen prieto,¿Qué discos de Carmen Prieto fueron premiados por la Asociación de Periodistas de Espectáculos?,2,1,LATAM,public_figure,hard,0
LATAM|public_figure|cergio prudencio,¿En qué año nació Cergio Prudencio?,1,1,LATAM,public_figure,easy,0
LATAM|public_figure|cergio prudencio,¿Qué orquesta fundó Cergio Prudencio en 1986?,2,2,LATAM,public_figure,medium,0
LATAM|public_figure|cergio prudencio,"¿Qué cargo ocupó Cergio Prudencio en el Ministerio de Culturas, Descolonización y Despatriarcalización de Bolivia entre noviembre de 2020 y marzo de 2021?",4,4,LATAM,public_figure,hard,0
LATAM|public_figure|caterina nix,¿Cuál es el nombre completo de Caterina Nix?,1,1,LATAM,public_figure,easy,0
LATAM|public_figure|caterina nix,¿En qué año se lanzó el primer álbum de Caterina Nix con la banda Aghonya?,2,2,LATAM,public_figure,medium,0
LATAM|public_figure|caterina nix,¿Qué productor trabajó en la segunda producción discográfica en solitario de Caterina Nix y qué compañía la publicó?,2,2,LATAM,public_figure,hard,1
LATAM|public_figure|difuntos correa,¿Qué tipo de grupo es Difuntos Correa?,1,1,LATAM,public_figure,easy,0
LATAM|public_figure|difuntos correa,¿En qué año lanzó Difuntos Correa su primer disco?,1,1,LATAM,public_figure,medium,0
LATAM|public_figure|difuntos correa,¿Qué reconocimiento obtuvo Difuntos Correa por su primer disco y en qué año?,3,3,LATAM,public_figure,hard,0
LATAM|public_figure|claudia peña claros,¿Quién es Claudia Peña Claros?,1,1,LATAM,public_figure,easy,0
LATAM|public_figure|claudia peña claros,¿Qué obra publicó Claudia Peña Claros en 2006 junto a Nelson Jordán?,3,3,LATAM,public_figure,medium,0
LATAM|public_figure|claudia peña claros,¿Qué cargos ocupó Claudia Peña Claros y cuáles son dos de sus obras publicadas en 2007?,5,3,LATAM,public_figure,hard,0
LATAM|public_figure|dare (la la la),"¿Quién interpreta la canción ""Dare (La La La)""?",2,2,LATAM,public_figure,easy,1
LATAM|public_figure|dare (la la la),"¿Cuándo fue publicada ""Dare (La La La)"" para la radio de música contemporánea en Italia?",1,1,LATAM,public_figure,medium,0
LATAM|public_figure|dare (la la la),"¿En qué evento fue interpretada por primera vez ""Dare (La La La)"" y qué otras canciones se incluyeron en el medley durante su gira mundial?",4,4,LATAM,public_figure,hard,1
LATAM|public_figure|daniuska gonzález,¿Quién es Daniuska González?,1,1,LATAM,public_figure,easy,0
LATAM|public_figure|daniuska gonzález,¿En qué ciudad reside Daniuska González?,1,1,LATAM,public_figure,medium,0
LATAM|public_figure|daniuska gonzález,¿Qué proyecto coordinó Daniuska González entre 2012 y 2014 relacionado con la violencia política?,3,3,LATAM,public_figure,hard,0
LATAM|public_figure|elodie fulton,¿Quién es Elodie Fulton?,2,2,LATAM,public_figure,easy,0
LATAM|public_figure|elodie fulton,¿En qué institución estudió Elodie Fulton arquitectura?,2,2,LATAM,public_figure,medium,0
LATAM|public_figure|elodie fulton,¿Qué galería de arte fundó Elodie Fulton en Santiago antes de Ch.ACO?,2,2,LATAM,public_figure,hard,0
LATAM|public_figure|estatua de shakira,¿Qué es la estatua de Shakira?,1,1,LATAM,public_figure,easy,0
LATAM|public_figure|estatua de shakira,¿Quién elaboró la estatua de Shakira?,1,1,LATAM,public_figure,medium,0
LATAM|public_figure|estatua de shakira,¿Cuándo fue inaugurada la estatua de Shakira y en qué lugar se encuentra?,2,2,LATAM,public_figure,hard,0
LATAM|public_figure|enrique heine,¿Quién fue Enrique Heine?,3,2,LATAM,public_figure,easy,0
LATAM|public_figure|enrique heine,"¿Qué papel interpretó Enrique Heine en la obra ""El enfermo imaginario""?",2,2,LATAM,public_figure,medium,0
LATAM|public_figure|enrique heine,¿Qué organizaciones fundó Enrique Heine y cuál fue su rol en el Sindicato de Actores de Cine Radio y Televisión de Chile - SIDARTE?,4,2,LATAM,public_figure,hard,0
LATAM|public_figure|enrique moro,¿Quién fue Enrique Moro en la literatura chilena?,1,1,LATAM,public_figure,easy,0
LATAM|public_figure|enrique moro,¿En qué año asistió Enrique Moro a la Feria Internacional del Libro de La Habana?,2,2,LATAM,public_figure,medium,0
LATAM|public_figure|enrique moro,¿Qué antología publicó Enrique Moro en 2002 para celebrar sus 30 años de trayectoria literaria y qué institución cultural creó en 1996?,4,4,LATAM,public_figure,hard,0
LATAM|public_figure|eskina familia skuad,¿Qué es Eskina Familia Skuad?,1,1,LATAM,public_figure,easy,0
LATAM|public_figure|eskina familia skuad,¿En qué ciudad es originario Eskina Familia Skuad?,1,1,LATAM,public_figure,medium,0
LATAM|public_figure|eskina familia skuad,¿Qué álbum lanzó Eskina Familia Skuad en 2005 y qué tipo de trabajo es?,3,3,LATAM,public_figure,hard,0
LATAM|public_figure|eva lefever,¿Dónde nació Eva Lefever?,1,1,LATAM,public_figure,easy,0
LATAM|public_figure|eva lefever,¿Qué grado académico obtuvo Eva Lefever en la Universidad de Chile?,1,1,LATAM,public_figure,medium,0
LATAM|public_figure|eva lefever,¿En qué institución estudió Eva Lefever artes gráficas y qué beca obtuvo entre 1981 y 1982?,2,2,LATAM,public_figure,hard,0
LATAM|public_figure|f.a.m.e. (álbum de maluma),¿Cuál es el tercer álbum de estudio del cantante colombiano Maluma?,1,1,LATAM,public_figure,easy,0
LATAM|public_figure|f.a.m.e. (álbum de maluma),¿Cuántos temas contiene el álbum F.A.M.E. de Maluma?,1,1,LATAM,public_figure,medium,0
LATAM|public_figure|f.a.m.e. (álbum de maluma),¿Qué premio ganó el álbum F.A.M.E. de Maluma en los Latin Grammy y en qué fecha se llevó a cabo la ceremonia?,2,2,LATAM,public_figure,hard,0
LATAM|public_figure|enrique campos menéndez,¿Dónde nació Enrique Campos Menéndez?,1,1,LATAM,public_figure,easy,0
LATAM|public_figure|enrique campos menéndez,¿Qué premio recibió Enrique Campos Menéndez en 1986?,1,1,LATAM,public_figure,medium,0
LATAM|public_figure|enrique campos menéndez,¿Qué cargo ocupó Enrique Campos Menéndez entre 1973 y 1977 y qué objetivo tenía este cargo en relación con la cultura chilena?,6,4,LATAM,public_figure,hard,0
LATAM|public_figure|fernando álvarez de toledo (conquistador),¿Dónde nació Fernando Álvarez de Toledo?,1,1,LATAM,public_figure,easy,0
LATAM|public_figure|fernando álvarez de toledo (conquistador),¿Qué obra poética escribió Fernando Álvarez de Toledo?,1,1,LATAM,public_figure,medium,0
LATAM|public_figure|fernando álvarez de toledo (conquistador),¿Qué eventos bélicos documentó Fernando Álvarez de Toledo en su obra Araucana?,3,3,LATAM,public_figure,hard,0
LATAM|public_figure|gabriel alemparte,¿Cuándo nació Gabriel Alemparte?,2,2,LATAM,public_figure,easy,0
LATAM|public_figure|gabriel alemparte,¿Qué cargo ocupó Gabriel Alemparte en el Ministerio de Obras Públicas?,1,1,LATAM,public_figure,medium,0
LATAM|public_figure|gabriel alemparte,¿Qué rol desempeñó Gabriel Alemparte en el plebiscito constitucional del 4 de septiembre de 2022 y qué partido político cofundó posteriormente?,3,3,LATAM,public_figure,hard,0
LATAM|public_figure|felipe castro,¿Cuál es el nombre completo de Felipe Castro?,1,1,LATAM,public_figure,easy,0
LATAM|public_figure|felipe castro,¿En qué año egresó Felipe Castro de la Pontificia Universidad Católica de Chile?,2,2,LATAM,public_figure,medium,0
LATAM|public_figure|felipe castro,¿Qué relación tiene Felipe Castro con la producción teatral y qué compañía cofundó en 2005?,3,3,LATAM,public_figure,hard,0
LATAM|public_figure|galo gómez,¿Cuál es el nombre completo de Galo Gómez?,1,1,LATAM,public_figure,easy,0
LATAM|public_figure|galo gómez,"¿En qué año se publicó el libro ""Días de coraje""?",1,1,LATAM,public_figure,medium,0
LATAM|public_figure|galo gómez,"¿Qué periodista chileno fue el único en entrevistar a Manuel Marulanda, y en qué contexto se publicó esta entrevista?",2,2,LATAM,public_figure,hard,0
LATAM|public_figure|gabriel prieto,¿Quién es Gabriel Prieto en la industria del entretenimiento chileno?,3,1,LATAM,public_figure,easy,0
LATAM|public_figure|gabriel prieto,¿En qué universidad estudió actuación Gabriel Prieto?,1,1,LATAM,public_figure,medium,0
LATAM|public_figure|gabriel prieto,¿Cuántos años ejerció Gabriel Prieto como docente teatral y en qué compañía es uno de los fundadores?,2,2,LATAM,public_figure,hard,0
LATAM|public_figure|guille söhrens,¿Dónde nació Guille Söhrens?,1,1,LATAM,public_figure,easy,1
LATAM|public_figure|guille söhrens,¿Cuál fue el primer largometraje que estrenó Guille Söhrens?,2,2,LATAM,public_figure,medium,0
LATAM|public_figure|guille söhrens,¿Qué temas sociales aborda Guille Söhrens en sus películas y qué obra destaca su postura política de izquierda?,3,3,LATAM,public_figure,hard,0
LATAM|public_figure|gemma contreras,¿Cuál es el nombre completo de Gemma Contreras?,1,1,LATAM,public_figure,easy,0
LATAM|public_figure|gemma contreras,¿En qué institución educativa estudió Gemma Contreras?,1,1,LATAM,public_figure,medium,0
LATAM|public_figure|gemma contreras,¿Qué cargo ocupó Gemma Contreras en Televisión Nacional de Chile y en qué periodo?,2,2,LATAM,public_figure,hard,0
LATAM|public_figure|inevitable (canción de shakira),"¿Quién es la intérprete de la canción ""Inevitable""?",1,1,LATAM,public_figure,easy,1
LATAM|public_figure|inevitable (canción de shakira),"¿En qué álbum de estudio se incluye la canción ""Inevitable""?",1,1,LATAM,public_figure,medium,0
LATAM|public_figure|inevitable (canción de shakira),"¿Qué tema aborda la canción ""Inevitable"" y qué posición ocupó en la lista de las 25 obras maestras del rock en español según Billboard?",2,2,LATAM,public_figure,hard,0
LATAM|public_figure|jaime vásquez (músico),¿Quién es Jaime Vásquez?,3,2,LATAM,public_figure,easy,0
LATAM|public_figure|jaime vásquez (músico),¿En qué conservatorio estudió Jaime Vásquez?,1,1,LATAM,public_figure,medium,0
LATAM|public_figure|jaime vásquez (músico),¿Qué agrupaciones musicales importantes ha integrado Jaime Vásquez y en qué contexto internacional se destacó?,3,3,LATAM,public_figure,hard,0
LATAM|public_figure|jaime artus,¿Quién es Jaime Artus?,3,2,LATAM,public_figure,easy,0
LATAM|public_figure|jaime artus,¿En qué serie comenzó Jaime Artus su carrera como actor?,1,1,LATAM,public_figure,medium,0
LATAM|public_figure|jaime artus,¿Qué papeles interpretó Jaime Artus en las miniseries Don Diablo y Vampiras?,4,2,LATAM,public_figure,hard,0
LATAM|public_figure|josé joaquín vallejo,¿Cuál es el nombre completo de José Joaquín Vallejo?,1,1,LATAM,public_figure,easy,0
LATAM|public_figure|josé joaquín vallejo,¿Qué seudónimo utilizó José Joaquín Vallejo en su carrera literaria?,1,1,LATAM,public_figure,medium,0
LATAM|public_figure|josé joaquín vallejo,¿Qué cargo ocupó José Joaquín Vallejo en la Intendencia de Maule y en qué año fue encarcelado?,2,2,LATAM,public_figure,hard,0
LATAM|public_figure|jaime soto león,¿Dónde nació Jaime Soto León?,1,1,LATAM,public_figure,easy,0
LATAM|public_figure|jaime soto león,¿Qué agrupación fundó Jaime Soto León en 1974?,2,2,LATAM,public_figure,medium,0
LATAM|public_figure|jaime soto león,¿Qué aportes hizo Jaime Soto León a la Nueva Canción Chilena y quiénes fueron sus contemporáneos en la consolidación de la Escuela de Chile en la Fusión Latinoamericana?,4,3,LATAM,public_figure,hard,1
LATAM|public_figure|josé vicente asuar,¿Dónde nació José Vicente Asuar?,1,1,LATAM,public_figure,easy,1
LATAM|public_figure|josé vicente asuar,¿Qué obra compuso José Vicente Asuar que es considerada su primera obra electrónica?,2,2,LATAM,public_figure,medium,0
LATAM|public_figure|josé vicente asuar,¿Qué laboratorio fundó José Vicente Asuar en 1958 y por qué es significativo en América Latina?,2,2,LATAM,public_figure,hard,0
LATAM|public_figure|jenaro gajardo vera,¿Qué profesión tenía Jenaro Gajardo Vera?,1,1,LATAM,public_figure,easy,0
LATAM|public_figure|jenaro gajardo vera,¿En qué institución estudió Jenaro Gajardo Vera leyes?,1,1,LATAM,public_figure,medium,0
LATAM|public_figure|jenaro gajardo vera,¿Qué organización creó Jenaro Gajardo Vera y cuál era uno de sus objetivos?,2,2,LATAM,public_figure,hard,0
LATAM|public_figure|antonio skármeta,¿Cuál es el nombre completo de Antonio Skármeta?,1,1,LATAM,public_figure,easy,0
LATAM|public_figure|antonio skármeta,"¿En qué año fue publicada la obra ""Ardiente paciencia""?",1,1,LATAM,public_figure,medium,0
LATAM|public_figure|antonio skármeta,"¿Qué obra de Antonio Skármeta, publicada en 2003, fue adaptada al cine en 2009?",3,3,LATAM,public_figure,hard,0
LATAM|public_figure|josé ángel cuevas,¿Quién es José Ángel Cuevas?,1,1,LATAM,public_figure,easy,0
LATAM|public_figure|josé ángel cuevas,¿En qué año publicó José Ángel Cuevas su primer libro?,1,1,LATAM,public_figure,medium,0
LATAM|public_figure|josé ángel cuevas,¿Qué grupo literario formó parte José Ángel Cuevas durante su tiempo en el Instituto Pedagógico?,2,2,LATAM,public_figure,hard,0
LATAM|public_figure|jeannette pualuan,¿Quién es Jeannette Pualuan?,3,2,LATAM,public_figure,easy,0
LATAM|public_figure|jeannette pualuan,¿A qué banda musical ingresó Jeannette Pualuan en 1999?,2,2,LATAM,public_figure,medium,0
LATAM|public_figure|jeannette pualuan,¿Qué álbum lanzó Jeannette Pualuan como solista en 2005 y qué concepto innovador presenta?,3,3,LATAM,public_figure,hard,0
LATAM|public_figure|juan pablo piñeiro,¿Dónde nació Juan Pablo Piñeiro?,1,1,LATAM,public_figure,easy,0
LATAM|public_figure|juan pablo piñeiro,¿Qué carrera estudió Juan Pablo Piñeiro en la Universidad Católica Boliviana?,2,2,LATAM,public_figure,medium,0
LATAM|public_figure|juan pablo piñeiro,¿Cuáles son dos novelas escritas por Juan Pablo Piñeiro y en qué año fue publicada su primera novela?,3,2,LATAM,public_figure,hard,0
LATAM|public_figure|juan claudio lechín,¿Quién es Juan Claudio Lechín?,1,1,LATAM,public_figure,easy,0
LATAM|public_figure|juan claudio lechín,¿Qué premio obtuvo Juan Claudio Lechín en 2004?,1,1,LATAM,public_figure,medium,0
LATAM|public_figure|juan claudio lechín,"¿Qué relación tiene Juan Claudio Lechín con Juan Lechín Oquendo y qué premio recibió por su obra ""La gula del picaflor""?",3,3,LATAM,public_figure,hard,0
LATAM|public_figure|la fuerte,"¿Qué es ""la fuerte""?",3,3,LATAM,public_figure,easy,1
LATAM|public_figure|la fuerte,"¿Cuándo fue lanzada ""la fuerte""?",1,1,LATAM,public_figure,medium,0
LATAM|public_figure|la fuerte,"¿Cuál es la relación entre ""la fuerte"" y el álbum ""Las mujeres ya no lloran""?",2,2,LATAM,public_figure,hard,0
LATAM|public_figure|juan uribe echevarría,¿Quién fue Juan Uribe Echevarría?,1,1,LATAM,public_figure,easy,0
LATAM|public_figure|juan uribe echevarría,¿En qué institución fue nombrado profesor de literatura Juan Uribe Echevarría?,1,1,LATAM,public_figure,medium,0
LATAM|public_figure|juan uribe echevarría,¿Qué revista fundó Juan Uribe Echevarría junto a Guillermo Feliú Cruz y qué importancia tuvo?,2,2,LATAM,public_figure,hard,0
LATAM|public_figure|julio vicuña cifuentes,¿Dónde nació Julio Vicuña Cifuentes?,1,1,LATAM,public_figure,easy,0
LATAM|public_figure|julio vicuña cifuentes,"¿En qué año fue fundadora la Sociedad del Folklore Chileno, de la cual Julio Vicuña Cifuentes fue miembro fundador?",2,2,LATAM,public_figure,medium,0
LATAM|public_figure|julio vicuña cifuentes,¿Qué relación tuvo Julio Vicuña Cifuentes con Rubén Darío y en qué contexto se desarrolló su carrera literaria?,3,2,LATAM,public_figure,hard,0
LATAM|public_figure|lautaro yankas,¿Quién es Lautaro Yankas?,3,2,LATAM,public_figure,easy,0
LATAM|public_figure|lautaro yankas,¿En qué ciudad nació Lautaro Yankas?,1,1,LATAM,public_figure,medium,0
LATAM|public_figure|lautaro yankas,¿Qué obra de Lautaro Yankas le valió el Premio Latinoamericano de Literatura en 1954?,2,2,LATAM,public_figure,hard,0
LATAM|public_figure|loba (álbum),"¿Quién es la cantautora que lanzó el álbum ""Loba""?",1,1,LATAM,public_figure,easy,1
LATAM|public_figure|loba (álbum),"¿Cuándo fue lanzado por primera vez el álbum ""Loba""?",1,1,LATAM,public_figure,medium,0
LATAM|public_figure|loba (álbum),"¿Qué influencias musicales se exploraron en el álbum ""Loba"" y quién fue el productor principal?",5,2,LATAM,public_figure,hard,1
LATAM|public_figure|luis advis,¿Cuál es el nombre completo de Luis Advis?,1,1,LATAM,public_figure,easy,0
LATAM|public_figure|luis advis,¿Qué obra destacada compuso Luis Advis que es un referente del movimiento de la Nueva Canción Chilena?,2,2,LATAM,public_figure,medium,0
LATAM|public_figure|luis advis,¿Qué obra de Luis Advis fue encargada por el Gobierno español para la celebración de los 500 años del descubrimiento de América y qué tipo de obra es?,4,4,LATAM,public_figure,hard,0
LATAM|public_figure|mahfúd massís,¿Cuál es el nombre real de Mahfúd Massís?,1,1,LATAM,public_figure,easy,0
LATAM|public_figure|mahfúd massís,¿En qué año nació Mahfúd Massís?,1,1,LATAM,public_figure,medium,0
LATAM|public_figure|mahfúd massís,¿Qué relación familiar tenía Mahfúd Massís con Pablo de Rokha y qué cargos ocupó en su vida cultural?,5,2,LATAM,public_figure,hard,0
LATAM|public_figure|luis orrego luco,¿Dónde nació Luis Orrego Luco?,1,1,LATAM,public_figure,easy,1
LATAM|public_figure|luis orrego luco,¿Qué profesión tuvo Luis Orrego Luco además de ser novelista?,2,2,LATAM,public_figure,medium,0
LATAM|public_figure|luis orrego luco,¿Qué obra de Luis Orrego Luco retrata la clase alta chilena y en qué año fue publicada?,3,3,LATAM,public_figure,hard,0
LATAM|public_figure|magda arguedas villanueva,¿Dónde nació Magda Arguedas Villanueva?,1,1,LATAM,public_figure,easy,0
LATAM|public_figure|magda arguedas villanueva,¿Cuántas exposiciones individuales realizó Magda Arguedas Villanueva entre 1951 y 1976?,2,2,LATAM,public_figure,medium,0
LATAM|public_figure|magda arguedas villanueva,¿Qué legado importante crea Magda Arguedas Villanueva para los artistas plásticos sobre los aparapitas o cargadores?,2,2,LATAM,public_figure,hard,0
LATAM|public_figure|maría urzúa,¿Cuál es el nombre completo de María Urzúa?,1,1,LATAM,public_figure,easy,0
LATAM|public_figure|maría urzúa,¿En qué año publicó María Urzúa su primer trabajo literario individual?,1,1,LATAM,public_figure,medium,0
LATAM|public_figure|maría urzúa,¿Qué obra antológica coescribió María Urzúa y en qué año fue publicada?,2,2,LATAM,public_figure,hard,0
LATAM|public_figure|marta vergara,¿Dónde nació Marta Vergara?,1,1,LATAM,public_figure,easy,0
LATAM|public_figure|marta vergara,¿Qué periódico fundó Marta Vergara?,1,1,LATAM,public_figure,medium,0
LATAM|public_figure|marta vergara,¿Cuáles fueron algunos de los temas sobre los que escribió Marta Vergara en La Mujer Nueva?,3,1,LATAM,public_figure,hard,0
LATAM|public_figure|maite alberdi,¿Quién es Maite Alberdi?,1,1,LATAM,public_figure,easy,0
LATAM|public_figure|maite alberdi,¿En qué universidad estudió Maite Alberdi?,1,1,LATAM,public_figure,medium,0
LATAM|public_figure|maite alberdi,¿Qué documental de Maite Alberdi fue nominado al Premio Óscar al mejor largometraje documental en 2020?,2,2,LATAM,public_figure,hard,0
LATAM|public_figure|nicolás saavedra,¿Dónde nació Nicolás Saavedra?,1,1,LATAM,public_figure,easy,0
LATAM|public_figure|nicolás saavedra,¿Qué premio recibió Nicolás Saavedra en 2006?,2,2,LATAM,public_figure,medium,0
LATAM|public_figure|nicolás saavedra,"¿En qué año egresó Nicolás Saavedra de la academia ""Club de Teatro"" y qué relación tiene con su carrera actoral?",2,2,LATAM,public_figure,hard,0
LATAM|public_figure|nicolás pérez (actor),¿Cuál es el nombre completo de Nicolás Pérez?,1,1,LATAM,public_figure,easy,0
LATAM|public_figure|nicolás pérez (actor),¿En qué año nació Nicolás Pérez?,1,1,LATAM,public_figure,medium,0
LATAM|public_figure|nicolás pérez (actor),¿En qué teleseries ha participado Nicolás Pérez y en qué canal se transmiten?,5,2,LATAM,public_figure,hard,0
LATAM|public_figure|omar gonzález onostre,¿Quién es Omar González Onostre?,3,2,LATAM,public_figure,easy,0
LATAM|public_figure|omar gonzález onostre,¿En qué año inició su carrera como cantante?,1,1,LATAM,public_figure,medium,0
LATAM|public_figure|omar gonzález onostre,¿Qué banda de rock es Omar González Onostre vocalista y qué nombre tenía anteriormente?,2,2,LATAM,public_figure,hard,0
LATAM|public_figure|manuel andros flores,¿Quién es Manuel Andros Flores?,1,1,LATAM,public_figure,easy,0
LATAM|public_figure|manuel andros flores,¿Qué cargo asumió Manuel Andros Flores en la Sociedad de Escritores de Chile (SECH) durante el periodo 2018-2020?,3,3,LATAM,public_figure,medium,1
LATAM|public_figure|manuel andros flores,¿Qué influencias literarias tiene Manuel Andros Flores y en qué proyecto cultural ha participado para difundir la poesía?,4,3,LATAM,public_figure,hard,0
LATAM|public_figure|percy eaglehurst,¿Cuál es el nombre completo de Percy Eaglehurst?,1,1,LATAM,public_figure,easy,0
LATAM|public_figure|percy eaglehurst,¿Qué personaje famoso creó Percy Eaglehurst?,1,1,LATAM,public_figure,medium,0
LATAM|public_figure|percy eaglehurst,¿Qué premio recibió Percy Eaglehurst en 1969 y en qué ámbito?,2,2,LATAM,public_figure,hard,0
LATAM|public_figure|pablo díaz (actor chileno),¿Dónde nació Pablo Díaz?,1,1,LATAM,public_figure,easy,0
LATAM|public_figure|pablo díaz (actor chileno),¿Qué telenovela hizo conocido a Pablo Díaz en 2003?,1,1,LATAM,public_figure,medium,0
LATAM|public_figure|pablo díaz (actor chileno),¿Qué empresa de producción audiovisual formó Pablo Díaz entre 2013 y 2017 y con quién se asoció?,2,2,LATAM,public_figure,hard,1
LATAM|public_figure|paulina brugnoli,¿Quién es Paulina Brugnoli?,2,2,LATAM,public_figure,easy,0
LATAM|public_figure|paulina brugnoli,¿En qué año ingresó Paulina Brugnoli a la Escuela de Bellas Artes de la Universidad de Chile?,2,2,LATAM,public_figure,medium,0
LATAM|public_figure|paulina brugnoli,¿Qué tipo de obra presentó Paulina Brugnoli en la Bienal Révélations del Grand Palais de París en 2017?,4,4,LATAM,public_figure,hard,0
LATAM|public_figure|raúl ybarnegaray,¿Quién es Raúl Ybarnegaray?,1,1,LATAM,public_figure,easy,0
LATAM|public_figure|raúl ybarnegaray,¿En qué año realizó Raúl Ybarnegaray su primer concierto como cantautor?,1,1,LATAM,public_figure,medium,0
LATAM|public_figure|raúl ybarnegaray,¿Qué carrera estudió Raúl Ybarnegaray en la Universidad Mayor de San Simón y en qué año ingresó?,2,2,LATAM,public_figure,hard,0
LATAM|public_figure|ricardo garcía (locutor),¿Cuál es el nombre completo de Ricardo García?,1,1,LATAM,public_figure,easy,0
LATAM|public_figure|ricardo garcía (locutor),¿En qué año nació Ricardo García?,1,1,LATAM,public_figure,medium,0
LATAM|public_figure|ricardo garcía (locutor),¿Qué sello discográfico creó Ricardo García y qué tipo de obras difundió a través de él?,3,2,LATAM,public_figure,hard,0
LATAM|public_figure|ramón núñez villarroel,¿Dónde nació Ramón Núñez Villarroel?,1,1,LATAM,public_figure,easy,0
LATAM|public_figure|ramón núñez villarroel,¿Qué cátedras dicta actualmente Ramón Núñez Villarroel en la Escuela de Teatro de la Pontificia Universidad Católica de Chile?,4,3,LATAM,public_figure,medium,0
LATAM|public_figure|ramón núñez villarroel,¿Qué reconocimiento recibió Ramón Núñez Villarroel en 2009 y qué categoría abarca?,3,3,LATAM,public_figure,hard,0
LATAM|public_figure|rita nuñez medina,¿Quién es Rita Núñez Medina?,1,1,LATAM,public_figure,easy,0
LATAM|public_figure|rita nuñez medina,¿En qué comuna de Santiago terminó su educación formal Rita Núñez Medina?,1,1,LATAM,public_figure,medium,0
LATAM|public_figure|rita nuñez medina,¿Qué aprendió Rita Núñez Medina en el Conjunto Millaray y quién la integró a este grupo?,2,2,LATAM,public_figure,hard,0
LATAM|public_figure|ruperto marchant pereira,¿Dónde nació Ruperto Marchant Pereira?,1,1,LATAM,public_figure,easy,0
LATAM|public_figure|ruperto marchant pereira,¿Qué ocupación tuvo Ruperto Marchant Pereira durante la Guerra del Pacífico?,1,1,LATAM,public_figure,medium,0
LATAM|public_figure|ruperto marchant pereira,¿Qué contribuciones hizo Ruperto Marchant Pereira a la educación y la comunidad en Santiago?,3,2,LATAM,public_figure,hard,0
LATAM|public_figure|roberto vander,¿Quién es Roberto Vander?,3,2,LATAM,public_figure,easy,0
LATAM|public_figure|roberto vander,¿En qué telenovela actuó Roberto Vander que se convirtió en uno de los mayores éxitos de Televisa?,2,2,LATAM,public_figure,medium,0
LATAM|public_figure|roberto vander,¿Qué papel interpretó Roberto Vander en la telenovela Senda de gloria y qué idiomas tuvo la oportunidad de hablar en esa producción?,4,3,LATAM,public_figure,hard,0
LATAM|public_figure|rubén sotoconil,¿Cuál es el nombre completo de Rubén Sotoconil?,1,1,LATAM,public_figure,easy,0
LATAM|public_figure|rubén sotoconil,¿En qué lugar nació Rubén Sotoconil?,1,1,LATAM,public_figure,medium,0
LATAM|public_figure|rubén sotoconil,¿Qué ocupaciones tuvo Rubén Sotoconil y en qué generación se le asocia?,5,2,LATAM,public_figure,hard,0
LATAM|public_figure|rodolfo opazo,¿Cuál es el nombre completo de Rodolfo Opazo?,1,1,LATAM,public_figure,easy,0
LATAM|public_figure|rodolfo opazo,¿En qué año comenzó Rodolfo Opazo su producción artística?,1,1,LATAM,public_figure,medium,0
LATAM|public_figure|rodolfo opazo,¿Qué cargo ocupó Rodolfo Opazo en la Facultad de Artes de la Universidad de Chile y en qué año fue nombrado profesor titular?,3,3,LATAM,public_figure,hard,0
LATAM|public_figure|ricardo santander,¿Dónde nació Ricardo Santander?,2,2,LATAM,public_figure,easy,0
LATAM|public_figure|ricardo santander,¿En qué año se tituló Ricardo Santander en Composición?,2,2,LATAM,public_figure,medium,0
LATAM|public_figure|ricardo santander,"¿Qué beca obtuvo Ricardo Santander para estudiar orquestación y música de cine, y en qué ciudad la realizó?",3,3,LATAM,public_figure,hard,0
LATAM|public_figure|tom urrejola díaz,¿Dónde nació Tom Urrejola Díaz?,1,1,LATAM,public_figure,easy,0
LATAM|public_figure|tom urrejola díaz,¿Qué profesión tuvo Tom Urrejola Díaz además de cantante?,1,1,LATAM,public_figure,medium,0
LATAM|public_figure|tom urrejola díaz,¿En qué año tuvo Tom Urrejola Díaz un infarto del corazón y qué impacto tuvo en su carrera musical?,1,1,LATAM,public_figure,hard,0
LATAM|public_figure|sergio vuskovic,¿En qué año se tituló Sergio Vuskovic?,1,1,LATAM,public_figure,easy,0
LATAM|public_figure|sergio vuskovic,¿Quién nombró a Sergio Vuskovic como alcalde de Valparaíso?,2,2,LATAM,public_figure,medium,0
LATAM|public_figure|sergio vuskovic,¿En qué instituciones se desempeñó Sergio Vuskovic como profesor durante su exilio en Italia?,3,2,LATAM,public_figure,hard,0
LATAM|public_figure|ricardo yrarrázaval,¿Quién es Ricardo Yrarrázaval?,3,2,LATAM,public_figure,easy,0
LATAM|public_figure|ricardo yrarrázaval,¿En qué año recibió Ricardo Yrarrázaval una beca de la Fundación Guggenheim?,2,2,LATAM,public_figure,medium,0
LATAM|public_figure|ricardo yrarrázaval,¿Qué características tienen los personajes en las obras de Ricardo Yrarrázaval y en qué estilo evolucionó su pintura en la década de 1970?,4,3,LATAM,public_figure,hard,0
LATAM|public_figure|sofía von ellrichshausen,¿Quién es Sofía von Ellrichshausen?,1,1,LATAM,public_figure,easy,0
LATAM|public_figure|sofía von ellrichshausen,¿En qué universidad obtuvo Sofía von Ellrichshausen su licenciatura en arquitectura?,1,1,LATAM,public_figure,medium,0
LATAM|public_figure|sofía von ellrichshausen,¿Qué premio recibió Sofía von Ellrichshausen en 2014 y por qué obra?,3,3,LATAM,public_figure,hard,0
LATAM|public_figure|gaby vallejo canedo,¿Dónde nació Gaby Vallejo Canedo?,1,1,LATAM,public_figure,easy,0
LATAM|public_figure|gaby vallejo canedo,¿Cuántas obras publicó Gaby Vallejo Canedo hasta 2018?,1,1,LATAM,public_figure,medium,0
LATAM|public_figure|gaby vallejo canedo,¿Qué reconocimiento recibió Gaby Vallejo Canedo por parte de la Gobernación de Cochabamba tras su fallecimiento?,2,2,LATAM,public_figure,hard,0
LATAM|public_figure|unit (banda),¿Qué tipo de banda fue Unit?,1,1,LATAM,public_figure,easy,0
LATAM|public_figure|unit (banda),¿En qué año se inició la banda Unit?,1,1,LATAM,public_figure,medium,0
LATAM|public_figure|unit (banda),¿Cuál fue el álbum que logró el punto más alto de la banda Unit y en qué año fue editado?,2,2,LATAM,public_figure,hard,0
LATAM|public_figure|ximena cristi,¿Cuál es el nombre completo de Ximena Cristi?,1,1,LATAM,public_figure,easy,0
LATAM|public_figure|ximena cristi,¿En qué institución estudió Ximena Cristi?,1,1,LATAM,public_figure,medium,0
LATAM|public_figure|ximena cristi,¿Qué grupos artísticos formó Ximena Cristi y qué características compartían?,4,2,LATAM,public_figure,hard,0
LATAM|public_figure|ventiscka,¿Qué es Ventiscka?,2,2,LATAM,public_figure,easy,0
LATAM|public_figure|ventiscka,¿En qué año fue fundado Ventiscka?,1,1,LATAM,public_figure,medium,0
LATAM|public_figure|ventiscka,"¿Con quién colaboró Ventiscka en las obras musicales ""Venceremos - Hommage à Salvatore Allende"" y ""Pisagua""?",3,2,LATAM,public_figure,hard,1
LATAM|public_figure|waldo rojas,¿Cuál es el nombre completo de Waldo Rojas?,1,1,LATAM,public_figure,easy,0
LATAM|public_figure|waldo rojas,¿En qué año publicó Waldo Rojas su primer libro?,1,1,LATAM,public_figure,medium,0
LATAM|public_figure|waldo rojas,¿Qué evento obligó a Waldo Rojas a exiliarse y en qué país vive actualmente?,2,2,LATAM,public_figure,hard,0
LATAM|public_figure|voces morenas,¿Qué tipo de grupo es Voces Morenas?,2,2,LATAM,public_figure,easy,0
LATAM|public_figure|voces morenas,¿Quién es la directora de Voces Morenas en el año 2023?,1,1,LATAM,public_figure,medium,0
LATAM|public_figure|voces morenas,¿Cuáles son dos de los objetivos de Voces Morenas y quiénes son sus directores musicales en 2023?,4,2,LATAM,public_figure,hard,1
LATAM|public_figure|óscar contardo,¿Quién es Óscar Contardo?,3,2,LATAM,public_figure,easy,0
LATAM|public_figure|óscar contardo,¿En qué universidad estudió Óscar Contardo?,2,2,LATAM,public_figure,medium,0
LATAM|public_figure|óscar contardo,¿Qué libro de Óscar Contardo trata sobre el fenómeno del clasismo y arribismo en Chile y cuántas copias vendió?,4,4,LATAM,public_figure,hard,0
LATAM|tradition|Abelardo Vásquez,¿Cuándo nació Abelardo Vásquez?,1,1,LATAM,tradition,easy,0
LATAM|tradition|Abelardo Vásquez,¿Con quién estuvo casado Abelardo Vásquez?,1,1,LATAM,tradition,medium,0
LATAM|tradition|Abelardo Vásquez,¿Qué agrupación invitó a Abelardo Vásquez a formar parte y qué relación tenía con Nicomedes Santa Cruz?,3,3,LATAM,tradition,hard,0
LATAM|public_figure|ricardo astorga,¿Cuál es el nombre completo de Ricardo Astorga?,1,1,LATAM,public_figure,easy,0
LATAM|public_figure|ricardo astorga,¿En qué año comenzó Ricardo Astorga a trabajar en TVN?,2,2,LATAM,public_figure,medium,0
LATAM|public_figure|ricardo astorga,¿Qué programas culturales creó Ricardo Astorga durante su carrera en TVN y con quién viajó en el programa La Ruta?,11,2,LATAM,public_figure,hard,2
LATAM|tradition|Adolfo Riestra,¿Quién fue Adolfo Riestra?,2,2,LATAM,tradition,easy,0
LATAM|tradition|Adolfo Riestra,¿En qué año realizó Adolfo Riestra su primera muestra individual?,1,1,LATAM,tradition,medium,0
LATAM|tradition|Adolfo Riestra,¿Qué término se utiliza para identificar la producción plástica de Adolfo Riestra y qué características culturales abarca?,1,1,LATAM,tradition,hard,0
LATAM|tradition|Adilia Castillo,¿Dónde nació Adilia Castillo?,1,1,LATAM,tradition,easy,0
LATAM|tradition|Adilia Castillo,¿Cuántas canciones compuso Adilia Castillo?,1,1,LATAM,tradition,medium,0
LATAM|tradition|Adilia Castillo,¿Qué apodos se le conocen a Adilia Castillo y en qué contexto se destacó como artista?,3,2,LATAM,tradition,hard,0
LATAM|tradition|Acústico en Suiza,"¿Qué es ""Acústico en Suiza""?",3,3,LATAM,tradition,easy,1
LATAM|tradition|Acústico en Suiza,"¿En qué año se realizó la presentación acústica que corresponde a ""Acústico en Suiza""?",2,2,LATAM,tradition,medium,0
LATAM|tradition|Acústico en Suiza,"¿Quién realizó la restauración y remasterización del álbum ""Acústico en Suiza"" y en qué año fue publicado oficialmente?",2,2,LATAM,tradition,hard,0
LATAM|public_figure|álvaro henríquez,¿Dónde nació Álvaro Henríquez?,1,1,LATAM,public_figure,easy,0
LATAM|public_figure|álvaro henríquez,¿A qué edad tuvo su inicio en la música Álvaro Henríquez?,1,1,LATAM,public_figure,medium,0
LATAM|public_figure|álvaro henríquez,"¿Cuál fue el primer disco lanzado por Los Tres, la banda liderada por Álvaro Henríquez?",2,2,LATAM,public_figure,hard,0
LATAM|tradition|Amaru Aranway,¿Qué son los Amaru Aranway?,1,1,LATAM,tradition,easy,0
LATAM|tradition|Amaru Aranway,¿En qué folclore forman parte los Amaru Aranway?,1,1,LATAM,tradition,medium,0
LATAM|tradition|Amaru Aranway,¿Qué explican los Amaru Aranway en relación con el Valle del Mantaro?,1,1,LATAM,tradition,hard,0
LATAM|tradition|Augusto Bracca,¿Quién fue Augusto Bracca?,1,1,LATAM,tradition,easy,0
LATAM|tradition|Augusto Bracca,¿Qué canción famosa compuso Augusto Bracca que fue interpretada por José Catire Carpio?,2,2,LATAM,tradition,medium,0
LATAM|tradition|Augusto Bracca,¿Qué relación tuvo Augusto Bracca con Cándido Herrera y qué impacto tuvo en su carrera musical?,2,2,LATAM,tradition,hard,0
LATAM|public_figure|ruth krauskopf,¿Quién es Ruth Krauskopf?,3,2,LATAM,public_figure,easy,0
LATAM|public_figure|ruth krauskopf,¿En qué año se trasladó Ruth Krauskopf a vivir a Venezuela?,2,2,LATAM,public_figure,medium,0
LATAM|public_figure|ruth krauskopf,¿Qué obra importante editó Ruth Krauskopf en 2005 y quién presentó el libro?,4,4,LATAM,public_figure,hard,0
LATAM|tradition|Amelia Abascal,¿Cuál es el nombre completo de Amelia Abascal?,1,1,LATAM,tradition,easy,0
LATAM|tradition|Amelia Abascal,¿En qué año se exilió Amelia Abascal a México?,2,2,LATAM,tradition,medium,0
LATAM|tradition|Amelia Abascal,¿Qué técnica utilizó Amelia Abascal en su trabajo con láminas de bronce y cobre?,1,1,LATAM,tradition,hard,0
LATAM|tradition|Chaquen,¿Qué es Chaquen en la mitología muisca?,3,3,LATAM,tradition,easy,1
LATAM|tradition|Chaquen,¿Qué responsabilidad se le atribuye a Chaquen en la organización de los poblados?,1,1,LATAM,tradition,medium,0
LATAM|tradition|Chaquen,¿Cómo se relaciona Chaquen con el delito de adulterio y qué papel juega en la justicia de los fugitivos?,2,2,LATAM,tradition,hard,0
LATAM|tradition|Bernardo Rubin,¿Quién fue Bernardo Rubin?,2,2,LATAM,tradition,easy,0
LATAM|tradition|Bernardo Rubin,¿En qué año fundó Bernardo Rubin el grupo Los Trovadores del Norte?,2,2,LATAM,tradition,medium,1
LATAM|tradition|Bernardo Rubin,¿Qué premio obtuvo Bernardo Rubin en el Festival de Cosquín y en qué año?,3,3,LATAM,tradition,hard,0
LATAM|tradition|Cristo del Jubileo,¿Qué es el Cristo del Jubileo?,1,1,LATAM,tradition,easy,0
LATAM|tradition|Cristo del Jubileo,¿Quién elaboró el Cristo del Jubileo?,1,1,LATAM,tradition,medium,0
LATAM|tradition|Cristo del Jubileo,¿En qué año fue restaurado el Cristo del Jubileo y qué material se descubrió que se utilizó en su elaboración?,2,2,LATAM,tradition,hard,0
LATAM|tradition|Corita,¿Qué es la corita?,3,3,LATAM,tradition,easy,0
LATAM|tradition|Corita,¿De qué material se elabora la corita?,1,1,LATAM,tradition,medium,0
LATAM|tradition|Corita,¿Qué procesos se utilizan para teñir la corita y qué colores se obtienen de cada material?,6,2,LATAM,tradition,hard,0
LATAM|tradition|Balam,"¿Qué significa la palabra ""Balam"" en lengua maya?",1,1,LATAM,tradition,easy,0
LATAM|tradition|Balam,¿Cómo se les llama a los Balames que protegen los pueblos?,1,1,LATAM,tradition,medium,0
LATAM|tradition|Balam,¿Qué se les ofrecía a los Balames antes de empezar la siembra y qué función tienen en la protección de los campos?,3,2,LATAM,tradition,hard,0
LATAM|tradition|Dionisio Díaz,¿Dónde nació Dionisio Díaz?,1,1,LATAM,tradition,easy,1
LATAM|tradition|Dionisio Díaz,¿Qué fecha nació Dionisio Díaz?,1,1,LATAM,tradition,medium,0
LATAM|tradition|Dionisio Díaz,¿Qué monumento se inauguró en 1953 en homenaje a Dionisio Díaz y quién lo realizó?,3,3,LATAM,tradition,hard,0
LATAM|tradition|Chabuca Granda,¿Cuál es el nombre completo de Chabuca Granda?,1,1,LATAM,tradition,easy,0
LATAM|tradition|Chabuca Granda,¿En qué fecha nació Chabuca Granda?,1,1,LATAM,tradition,medium,0
LATAM|tradition|Chabuca Granda,¿Qué condecoración recibió Chabuca Granda a título póstumo y en qué año?,2,2,LATAM,tradition,hard,0
LATAM|tradition|Día de San Nicolás,¿Cuándo se festeja el Día de San Nicolás?,1,1,LATAM,tradition,easy,0
LATAM|tradition|Día de San Nicolás,¿En qué país es conocido el Día de San Nicolás como Nikolaustag?,1,1,LATAM,tradition,medium,0
LATAM|tradition|Día de San Nicolás,¿Qué relación tiene el Día de San Nicolás con la tradición de entronizar a un obispo-niño en algunas catedrales de Inglaterra?,1,1,LATAM,tradition,hard,0
LATAM|tradition|Edén Muñoz,¿Cuál es el nombre completo de Edén Muñoz?,1,1,LATAM,tradition,easy,0
LATAM|tradition|Edén Muñoz,¿Qué género musical interpreta Edén Muñoz?,1,1,LATAM,tradition,medium,0
LATAM|tradition|Edén Muñoz,¿Cuántos premios SESAC ha ganado Edén Muñoz y qué grupo musical cofundó?,2,2,LATAM,tradition,hard,0
LATAM|tradition|De Ushuaia a La Quiaca,"¿Qué es ""De Ushuaia a La Quiaca""?",2,2,LATAM,tradition,easy,0
LATAM|tradition|De Ushuaia a La Quiaca,"¿Cuántos discos incluye ""De Ushuaia a La Quiaca""?",1,1,LATAM,tradition,medium,0
LATAM|tradition|De Ushuaia a La Quiaca,"¿Quiénes fueron los autores del libro ""De Ushuaia a La Quiaca"" y qué tipo de contenido incluye?",4,2,LATAM,tradition,hard,1
LATAM|tradition|Apolinar Hernández Balcazar,¿Quién es Apolinar Hernández Balcazar?,3,3,LATAM,tradition,easy,0
LATAM|tradition|Apolinar Hernández Balcazar,¿Qué técnica utiliza Apolinar Hernández Balcazar para trabajar las fibras que usa en su cestería?,2,1,LATAM,tradition,medium,0
LATAM|tradition|Apolinar Hernández Balcazar,¿Qué premios ha ganado Apolinar Hernández Balcazar y en qué años recibió reconocimientos significativos?,6,4,LATAM,tradition,hard,0
LATAM|tradition|Emilio Chamorro,¿En qué año nació Emilio Chamorro?,1,1,LATAM,tradition,easy,0
LATAM|tradition|Emilio Chamorro,¿Cuál fue el nombre del conjunto que Emilio Chamorro formó en 1931?,2,2,LATAM,tradition,medium,0
LATAM|tradition|Emilio Chamorro,"¿Qué importancia tuvo La Ranchada, establecido por Emilio Chamorro entre 1944 y 1945, en la difusión del chamamé?",4,4,LATAM,tradition,hard,0
LATAM|tradition|Esther Alzaibar,¿Dónde nació Esther Alzaibar?,1,1,LATAM,tradition,easy,0
LATAM|tradition|Esther Alzaibar,¿En qué periodo fue profesora de cerámica en el Instituto Neumann?,2,2,LATAM,tradition,medium,0
LATAM|tradition|Esther Alzaibar,¿Qué asociación fundó Esther Alzaibar y cuál fue su contribución al arte de la cerámica en Venezuela?,2,2,LATAM,tradition,hard,0
LATAM|tradition|Efraín Morote Best,¿Dónde nació Efraín Morote Best?,1,1,LATAM,tradition,easy,0
LATAM|tradition|Efraín Morote Best,¿Qué grado académico obtuvo Efraín Morote Best en la Universidad de San Antonio Abad?,3,2,LATAM,tradition,medium,0
LATAM|tradition|Efraín Morote Best,¿Qué papel desempeñó Efraín Morote Best en la Sociedad Peruana de Folklore y qué labor realizó en el país?,3,3,LATAM,tradition,hard,0
LATAM|tradition|Esmaltado de la plata,¿Qué es el esmaltado de la plata?,1,1,LATAM,tradition,easy,0
LATAM|tradition|Esmaltado de la plata,¿En qué época se desarrolló el esmaltado de la plata?,1,1,LATAM,tradition,medium,0
LATAM|tradition|Esmaltado de la plata,¿Qué técnica europea se utilizó desde la Edad Media y se sigue utilizando en el Perú para colorear la plata?,3,3,LATAM,tradition,hard,0
LATAM|tradition|Danzas del Perú,¿Qué son las danzas del Perú?,1,1,LATAM,tradition,easy,0
LATAM|tradition|Danzas del Perú,¿Qué tipo de danzas son las que se ejecutan durante la fiesta de las chicharras carnavalescas?,2,2,LATAM,tradition,medium,0
LATAM|tradition|Danzas del Perú,¿Qué danzas forman parte de la Festividad de la Virgen de La Candelaria y han sido declaradas Patrimonio Cultural de la Nación por el Ministerio de Cultura?,5,3,LATAM,tradition,hard,0
LATAM|tradition|Festival de Arte Negro,¿Cuál es el festival más antiguo de danzas afroperuanas?,2,2,LATAM,tradition,easy,1
LATAM|tradition|Festival de Arte Negro,¿En qué mes se celebra el Festival de Arte Negro?,1,1,LATAM,tradition,medium,0
LATAM|tradition|Festival de Arte Negro,¿Qué evento se desarrolló en el Festival de Arte Negro y es considerado el concurso de festejo femenino más antiguo del Perú?,2,2,LATAM,tradition,hard,0
LATAM|tradition|Facundo Saravia,¿Dónde nació Facundo Saravia?,1,1,LATAM,tradition,easy,0
LATAM|tradition|Facundo Saravia,¿Qué carrera estudió Facundo Saravia en la Universidad Católica Argentina?,2,2,LATAM,tradition,medium,0
LATAM|tradition|Facundo Saravia,¿Qué grupo musical formó Facundo Saravia junto a sus hermanos y un amigo antes de unirse a Los Chalchaleros?,2,2,LATAM,tradition,hard,0
LATAM|tradition|Gastronomía de Honduras,¿Qué tipo de cocina es la gastronomía de Honduras?,1,1,LATAM,tradition,easy,0
LATAM|tradition|Gastronomía de Honduras,¿Qué ingredientes dominan la gastronomía de Honduras?,2,1,LATAM,tradition,medium,0
LATAM|tradition|Gastronomía de Honduras,¿Cuál es el origen histórico de la gastronomía de Honduras y qué cultivo autóctono forma parte de su base alimentaria?,2,2,LATAM,tradition,hard,0
LATAM|tradition|Jaime Roos,¿Quién es Jaime Roos?,1,1,LATAM,tradition,easy,0
LATAM|tradition|Jaime Roos,¿Qué tema famoso grabó Jaime Roos que hace referencia a su barrio natal?,2,2,LATAM,tradition,medium,0
LATAM|tradition|Jaime Roos,¿Qué grupo musical integró Jaime Roos antes de su carrera como solista y qué instrumento tocaba en él?,2,2,LATAM,tradition,hard,0
LATAM|tradition|Festival Iberoamericano de Teatro de Bogotá,¿Qué es el Festival Iberoamericano de Teatro de Bogotá?,1,1,LATAM,tradition,easy,0
LATAM|tradition|Festival Iberoamericano de Teatro de Bogotá,¿Quiénes fueron los creadores del Festival Iberoamericano de Teatro de Bogotá?,2,1,LATAM,tradition,medium,0
LATAM|tradition|Festival Iberoamericano de Teatro de Bogotá,¿En qué año se realizó la primera versión del Festival Iberoamericano de Teatro de Bogotá y cuántos años cumplió en 2010?,2,2,LATAM,tradition,hard,0
LATAM|tradition|Fémina (grupo musical),¿Qué tipo de grupo musical es Fémina?,1,1,LATAM,tradition,easy,0
LATAM|tradition|Fémina (grupo musical),¿Quiénes fueron las creadoras de la agrupación Fémina?,2,1,LATAM,tradition,medium,0
LATAM|tradition|Fémina (grupo musical),¿Qué temáticas incorpora la música de Fémina y quiénes son algunas de sus influencias?,4,2,LATAM,tradition,hard,0
LATAM|tradition|Josefina Peña,¿Quién fue Josefina Peña?,2,1,LATAM,tradition,easy,0
LATAM|tradition|Josefina Peña,¿En qué país hizo carrera Josefina Peña?,1,1,LATAM,tradition,medium,0
LATAM|tradition|Josefina Peña,¿Qué obra protagonizó Josefina Peña en 1933 y en qué emisora se transmitió?,2,2,LATAM,tradition,hard,0
LATAM|tradition|Festival Internacional de Teatro Universitario (FITU),¿Qué es el Festival Internacional de Teatro Universitario (FITU)?,3,3,LATAM,tradition,easy,0
LATAM|tradition|Festival Internacional de Teatro Universitario (FITU),¿En qué año se convirtió el FITU en un festival de carácter internacional?,1,1,LATAM,tradition,medium,0
LATAM|tradition|Festival Internacional de Teatro Universitario (FITU),¿Qué tipo de actividades abarca el Festival Internacional de Teatro Universitario (FITU) y dónde se lleva a cabo?,3,2,LATAM,tradition,hard,0
LATAM|tradition|Juan de Nava,¿En qué año nació Juan de Nava?,1,1,LATAM,tradition,easy,0
LATAM|tradition|Juan de Nava,¿Qué enfrentamiento famoso tuvo Juan de Nava y con quién?,1,1,LATAM,tradition,medium,1
LATAM|tradition|Juan de Nava,¿Cuál es la importancia del enfrentamiento de Juan de Nava con Gabino Ezeiza en la historia del payadorismo en Uruguay?,2,2,LATAM,tradition,hard,0
LATAM|tradition|Laura Ros,¿Dónde nació Laura Ros?,1,1,LATAM,tradition,easy,0
LATAM|tradition|Laura Ros,¿Qué disco presentó Laura Ros en junio de 2016?,3,3,LATAM,tradition,medium,0
LATAM|tradition|Laura Ros,¿Qué reconocimiento recibió Laura Ros en 2010 y quiénes son sus abuelos?,3,2,LATAM,tradition,hard,1
LATAM|tradition|Juan Fuentes (músico),¿Dónde nació Juan Fuentes?,1,1,LATAM,tradition,easy,0
LATAM|tradition|Juan Fuentes (músico),¿Qué grupo musical formó Juan Fuentes en 1995?,2,2,LATAM,tradition,medium,1
LATAM|tradition|Juan Fuentes (músico),¿Qué premios obtuvo Juan Fuentes con el grupo Los Huayra y en qué año ganó el premio consagración en el Festival de Cosquín?,2,1,LATAM,tradition,hard,0
LATAM|tradition|Monumento al Tamboril,¿Dónde se ubica el Monumento al Tamboril?,1,1,LATAM,tradition,easy,0
LATAM|tradition|Monumento al Tamboril,¿Qué representa el Monumento al Tamboril?,1,1,LATAM,tradition,medium,0
LATAM|tradition|Monumento al Tamboril,¿Qué evento cultural comienza su recorrido en el Monumento al Tamboril cada febrero desde 1990?,3,3,LATAM,tradition,hard,0
LATAM|tradition|Leyenda de los volcanes,¿Qué es la leyenda de los volcanes?,1,1,LATAM,tradition,easy,0
LATAM|tradition|Leyenda de los volcanes,¿Qué busca dar explicación la leyenda de los volcanes?,1,1,LATAM,tradition,medium,0
LATAM|tradition|Leyenda de los volcanes,¿Qué relación tiene la leyenda de los volcanes con la mitología mexica y qué describe sobre Iztaccíhuatl?,2,2,LATAM,tradition,hard,0
LATAM|tradition|Nenette Pepin Fitzpatrick,¿Cuál es el apodo de Antonietta Paule Pepin Fitzpatrick?,1,1,LATAM,tradition,easy,0
LATAM|tradition|Nenette Pepin Fitzpatrick,¿Qué seudónimo utilizó Nenette Pepin Fitzpatrick para firmar sus composiciones?,1,1,LATAM,tradition,medium,0
LATAM|tradition|Nenette Pepin Fitzpatrick,¿Qué relación tuvo Nenette Pepin Fitzpatrick con el cantautor argentino Atahualpa Yupanqui y qué impacto tuvo en su carrera musical?,3,3,LATAM,tradition,hard,1
LATAM|tradition|Loquita mía,"¿Qué es ""Loquita mía""?",4,3,LATAM,tradition,easy,0
LATAM|tradition|Loquita mía,"¿En qué año fue publicada ""Loquita mía""?",1,1,LATAM,tradition,medium,0
LATAM|tradition|Loquita mía,"¿Cómo está dividida ""Loquita mía"" y cuáles son sus partes?",3,2,LATAM,tradition,hard,0
LATAM|tradition|Pirámide de la Serpiente Emplumada,¿Qué es la pirámide de la Serpiente Emplumada?,1,1,LATAM,tradition,easy,0
LATAM|tradition|Pirámide de la Serpiente Emplumada,¿Qué deidad está representada en la fachada de la pirámide de la Serpiente Emplumada?,2,2,LATAM,tradition,medium,2
LATAM|tradition|Pirámide de la Serpiente Emplumada,¿Qué sugiere el descubrimiento de más de doscientas personas enterradas en los cimientos de la pirámide de la Serpiente Emplumada?,1,1,LATAM,tradition,hard,0
LATAM|tradition|Raly Barrionuevo,¿Quién es Raly Barrionuevo?,3,3,LATAM,tradition,easy,0
LATAM|tradition|Raly Barrionuevo,¿Qué tipo de música representa Raly Barrionuevo?,1,1,LATAM,tradition,medium,0
LATAM|tradition|Raly Barrionuevo,¿Qué reconocimiento obtuvo Raly Barrionuevo en el Festival Nacional del Folclore en Cosquín?,1,1,LATAM,tradition,hard,0
LATAM|tradition|Los futuros murguistas,"¿Qué es ""Los futuros murguistas""?",4,3,LATAM,tradition,easy,2
LATAM|tradition|Los futuros murguistas,"¿En qué año fue editada la canción ""Los futuros murguistas""?",1,1,LATAM,tradition,medium,0
LATAM|tradition|Los futuros murguistas,"¿Qué hace referencia la letra de ""Los futuros murguistas"" y en qué contexto fue compuesta?",3,3,LATAM,tradition,hard,0
LATAM|tradition|Micaela Chauque,¿Quién es Micaela Chauque?,4,2,LATAM,tradition,easy,0
LATAM|tradition|Micaela Chauque,¿Qué instrumentos de viento andinos ejecuta Micaela Chauque?,3,1,LATAM,tradition,medium,0
LATAM|tradition|Micaela Chauque,"¿Cuál es el significado cultural de la Banda de Sikuris de Mujeres María Rosa Mística de Tilcara, formada por Micaela Chauque?",2,2,LATAM,tradition,hard,0
LATAM|tradition|Rosalinda Cauich Ramírez,¿Quién es Rosalinda Cauich Ramírez?,3,3,LATAM,tradition,easy,0
LATAM|tradition|Rosalinda Cauich Ramírez,¿Qué planta utiliza principalmente Rosalinda Cauich Ramírez para tejer sus canastas?,1,1,LATAM,tradition,medium,0
LATAM|tradition|Rosalinda Cauich Ramírez,¿Qué reconocimiento recibió Rosalinda Cauich Ramírez en 2011 y por qué?,4,4,LATAM,tradition,hard,0
LATAM|tradition|Lorenzo Barcelata,¿Cuál fue la primera canción que escribió Lorenzo Barcelata?,1,1,LATAM,tradition,easy,0
LATAM|tradition|Lorenzo Barcelata,¿Qué cuarteto formó Lorenzo Barcelata junto con Ernesto Cortázar y Alberto Caballero?,3,2,LATAM,tradition,medium,0
LATAM|tradition|Lorenzo Barcelata,¿Qué canción compuso Lorenzo Barcelata que fue adoptada como himno dentro de los actos políticos del Congreso Nacional Campesino?,2,2,LATAM,tradition,hard,0
LATAM|tradition|Serpiente Emplumada,¿Qué es la Serpiente Emplumada?,2,2,LATAM,tradition,easy,0
LATAM|tradition|Serpiente Emplumada,¿Cuál es el nombre personal de la Serpiente Emplumada en la cultura mixteca?,2,2,LATAM,tradition,medium,0
LATAM|tradition|Serpiente Emplumada,¿Qué relación tiene la Serpiente Emplumada con el dios de la lluvia en Teotihuacán?,2,2,LATAM,tradition,hard,0
LATAM|tradition|Raúl Ybarnegaray,¿Quién es Raúl Ybarnegaray?,3,1,LATAM,tradition,easy,0
LATAM|tradition|Raúl Ybarnegaray,¿Qué profesión estudió Raúl Ybarnegaray antes de dedicarse a la música?,2,2,LATAM,tradition,medium,0
LATAM|tradition|Raúl Ybarnegaray,¿Qué tipo de música interpreta Raúl Ybarnegaray y qué características tiene?,3,2,LATAM,tradition,hard,0
LATAM|tradition|San Borja del Yí,¿Qué población fue el último grupo poblacional guaraní misionero del Río de la Plata?,1,1,LATAM,tradition,easy,0
LATAM|tradition|San Borja del Yí,¿En qué año fue desmantelada la población de San Borja del Yí?,1,1,LATAM,tradition,medium,0
LATAM|tradition|San Borja del Yí,¿Qué evento histórico llevó a la llegada de los guaraníes misioneros a San Borja del Yí en 1833?,4,4,LATAM,tradition,hard,0
LATAM|tradition|Yohana Vaca,¿Quién es Yohana Vaca?,1,1,LATAM,tradition,easy,0
LATAM|tradition|Yohana Vaca,¿Qué título obtuvo Yohana Vaca en el certamen Miss Bolivia 2011?,1,1,LATAM,tradition,medium,0
LATAM|tradition|Yohana Vaca,¿Qué organización creó Yohana Vaca en 2014 y a qué partido político está afiliada?,2,2,LATAM,tradition,hard,0
LATAM|tradition|Yohualtecuhtli,¿Quién es Yohualtecuhtli?,1,1,LATAM,tradition,easy,0
LATAM|tradition|Yohualtecuhtli,¿Qué aspecto de la vida humana protegía Yohualtecuhtli?,1,1,LATAM,tradition,medium,0
LATAM|tradition|Yohualtecuhtli,¿Cómo se relaciona Yohualtecuhtli con el Cinturón de Orión en la cosmovisión mesoamericana?,3,2,LATAM,tradition,hard,0
LATAM|tradition|Rudy Chernicoff,¿Quién es Rudy Chernicoff?,1,1,LATAM,tradition,easy,0
LATAM|tradition|Rudy Chernicoff,¿Qué tipo de profesiones ha desempeñado Rudy Chernicoff?,7,1,LATAM,tradition,medium,0
LATAM|tradition|Rudy Chernicoff,¿Qué premios ha recibido Rudy Chernicoff a lo largo de su carrera y en qué años?,9,2,LATAM,tradition,hard,0
LATAM|tradition|Tlen Huicani,"¿Qué significa el nombre ""Tlen-Huicani"" en náhuatl?",1,1,LATAM,tradition,easy,0
LATAM|tradition|Tlen Huicani,¿En qué año se fundó el grupo de música folclórica Tlen-Huicani?,1,1,LATAM,tradition,medium,0
LATAM|tradition|Tlen Huicani,¿Qué actividades realiza Tlen-Huicani en colaboración con la Universidad Veracruzana?,3,3,LATAM,tradition,hard,0
LATAM|tradition|Tamborita (Bolivia),¿Qué es la tamborita?,1,1,LATAM,tradition,easy,0
LATAM|tradition|Tamborita (Bolivia),¿Qué instrumentos componen usualmente un ensamble de tamborita?,5,1,LATAM,tradition,medium,1
LATAM|tradition|Tamborita (Bolivia),¿Cuál es el repertorio musical que abarca la tamborita y qué significados culturales puede tener en Bolivia?,6,1,LATAM,tradition,hard,0
LATAM|tradition|amo jesús de timbío,¿Qué es el Amo Jesús de Timbío?,2,1,LATAM,tradition,easy,0
LATAM|tradition|amo jesús de timbío,¿Dónde es venerada la imagen del Amo Jesús de Timbío?,1,1,LATAM,tradition,medium,0
LATAM|tradition|amo jesús de timbío,¿Cuál es la relación del Amo Jesús de Timbío con el pasaje bíblico del evangelio de Juan (19:5) y qué evento reciente se realizó en su honor?,2,2,LATAM,tradition,hard,0
LATAM|tradition|Yuyo Montes,¿Quién fue Yuyo Montes?,4,3,LATAM,tradition,easy,0
LATAM|tradition|Yuyo Montes,¿Qué tipo de música se caracteriza por las composiciones de Yuyo Montes?,1,1,LATAM,tradition,medium,0
LATAM|tradition|Yuyo Montes,¿Qué impacto tuvo Yuyo Montes en la música folklórica argentina y qué artistas interpretaron sus canciones?,3,2,LATAM,tradition,hard,1
LATAM|tradition|carnaval en uruguay,¿Qué es el Carnaval en la cultura popular de Uruguay?,1,1,LATAM,tradition,easy,0
LATAM|tradition|carnaval en uruguay,¿Cuándo se realiza el Carnaval en Uruguay?,1,1,LATAM,tradition,medium,0
LATAM|tradition|carnaval en uruguay,¿Qué categoría se incluyó en el concurso oficial del Carnaval en Uruguay en 1934?,1,1,LATAM,tradition,hard,0
LATAM|tradition|carnaval de cajamarca,¿Qué es el Carnaval de Cajamarca?,1,1,LATAM,tradition,easy,0
LATAM|tradition|carnaval de cajamarca,¿En qué fecha se celebra el Carnaval de Cajamarca?,1,1,LATAM,tradition,medium,0
LATAM|tradition|carnaval de cajamarca,¿Qué personaje venerado se asocia con el Carnaval de Cajamarca y qué evento se realiza en su honor?,4,3,LATAM,tradition,hard,0
LATAM|tradition|Tinya palla,¿Qué es la tinya palla?,5,3,LATAM,tradition,easy,1
LATAM|tradition|Tinya palla,¿Cuáles son las etapas en las que se desarrolla la danza de la tinya palla?,4,1,LATAM,tradition,medium,1
LATAM|tradition|Tinya palla,¿Qué evento histórico se representa en la danza de la tinya palla y qué castigo impone el Dios Kon?,4,4,LATAM,tradition,hard,0
LATAM|tradition|cueva del pirata,¿Qué tipo de lugar es la Cueva del Pirata?,1,1,LATAM,tradition,easy,0
LATAM|tradition|cueva del pirata,¿Dónde se ubica la Cueva del Pirata?,1,1,LATAM,tradition,medium,0
LATAM|tradition|cueva del pirata,¿Con qué pirata se asocia la Cueva del Pirata y qué se dice que dejó en ella?,2,2,LATAM,tradition,hard,0
LATAM|tradition|atol shuco,¿Qué es el atol shuco?,2,2,LATAM,tradition,easy,0
LATAM|tradition|atol shuco,¿Qué ingredientes componen el atol shuco?,4,1,LATAM,tradition,medium,1
LATAM|tradition|atol shuco,¿Cuál es el origen cultural del atol shuco y con qué poblaciones está asociado?,4,2,LATAM,tradition,hard,0
LATAM|tradition|discurso de navidad de 1942 de pío xii,¿Quién pronunció el Discurso de Navidad de 1942?,1,1,LATAM,tradition,easy,0
LATAM|tradition|discurso de navidad de 1942 de pío xii,¿En qué fecha se pronunció el Discurso de Navidad de 1942?,1,1,LATAM,tradition,medium,0
LATAM|tradition|discurso de navidad de 1942 de pío xii,¿Por qué fue considerado el Discurso de Navidad de 1942 significativo en el contexto de la Segunda Guerra Mundial?,1,1,LATAM,tradition,hard,0
LATAM|tradition|cíclope de la selva misquita,¿Qué es el cíclope de la selva Misquita?,2,2,LATAM,tradition,easy,0
LATAM|tradition|cíclope de la selva misquita,¿Cómo es descrito el cíclope de la selva Misquita?,1,1,LATAM,tradition,medium,0
LATAM|tradition|cíclope de la selva misquita,¿En qué libro se menciona al cíclope de la selva Misquita y quién lo recopiló?,2,2,LATAM,tradition,hard,0
LATAM|tradition|cíclope de la selva misquita,¿En qué contexto histórico comenzó a ganar popularidad el mito del cíclope de la selva Misquita?,1,1,LATAM,tradition,hard,0
LATAM|tradition|carlos montbrun ocampo,¿En qué provincia nació Carlos Montbrun Ocampo?,1,1,LATAM,tradition,easy,0
LATAM|tradition|carlos montbrun ocampo,¿Qué programa de música folklórica tuvo Carlos Montbrun Ocampo en Radio Splendid?,2,2,LATAM,tradition,medium,0
LATAM|tradition|carlos montbrun ocampo,¿Qué relación tiene Carlos Montbrun Ocampo con la música de Cuyo y qué canciones populares compuso?,2,2,LATAM,tradition,hard,0
LATAM|tradition|eduardo lagos,¿Quién fue Eduardo Lagos en la industria del entretenimiento argentino?,2,2,LATAM,tradition,easy,0
LATAM|tradition|eduardo lagos,¿Qué álbum influyente participó Eduardo Lagos en 1969?,2,2,LATAM,tradition,medium,0
LATAM|tradition|eduardo lagos,¿Qué reconocimiento recibió Eduardo Lagos en 2005 por su aporte a la música popular argentina?,3,3,LATAM,tradition,hard,0
LATAM|tradition|día de la unidad nacional (chile),¿Qué fue el Día de la Unidad Nacional en Chile?,1,1,LATAM,tradition,easy,0
LATAM|tradition|día de la unidad nacional (chile),¿Cuándo se observó el Día de la Unidad Nacional en Chile?,2,2,LATAM,tradition,medium,0
LATAM|tradition|día de la unidad nacional (chile),¿Cuál era el objetivo del Día de la Unidad Nacional y quiénes estuvieron involucrados en su creación?,2,2,LATAM,tradition,hard,0
LATAM|tradition|el caballito (tradición petenera),¿Qué es el caballito en la tradición petenera?,2,2,LATAM,tradition,easy,0
LATAM|tradition|el caballito (tradición petenera),¿En qué tipo de eventos se realiza el baile del caballito?,2,1,LATAM,tradition,medium,0
LATAM|tradition|el caballito (tradición petenera),¿Cuál es el origen del baile del caballito y quién lo documentó en 1994?,3,3,LATAM,tradition,hard,0
LATAM|tradition|elena montoya,¿Cuál es el nombre completo de Elena Montoya?,1,1,LATAM,tradition,easy,0
LATAM|tradition|elena montoya,¿En qué año inició su carrera musical Elena Montoya?,1,1,LATAM,tradition,medium,0
LATAM|tradition|elena montoya,¿Qué reconocimiento recibió Elena Montoya por su actividad musical y quién se lo otorgó?,2,2,LATAM,tradition,hard,0
LATAM|tradition|carnaval de huejotzingo,¿Qué es el Carnaval de Huejotzingo?,1,1,LATAM,tradition,easy,0
LATAM|tradition|carnaval de huejotzingo,¿En qué ciudad se celebra el Carnaval de Huejotzingo?,1,1,LATAM,tradition,medium,0
LATAM|tradition|carnaval de huejotzingo,¿Desde qué año se celebra el Carnaval de Huejotzingo y cuántos tipos de batallones se componen en esta festividad?,2,2,LATAM,tradition,hard,0
LATAM|tradition|desfile de llamadas,¿Qué es el Desfile de Llamadas?,1,1,LATAM,tradition,easy,0
LATAM|tradition|desfile de llamadas,¿Cuándo se realiza el Desfile de Llamadas?,2,1,LATAM,tradition,medium,0
LATAM|tradition|desfile de llamadas,¿Qué elementos debe incluir una comparsa que participa en el Desfile de Llamadas?,8,1,LATAM,tradition,hard,0
LATAM|tradition|feria taurina de la macarena,¿Qué es la Feria Taurina de La Macarena?,2,2,LATAM,tradition,easy,0
LATAM|tradition|feria taurina de la macarena,¿En qué lugar se celebra la Feria Taurina de La Macarena?,1,1,LATAM,tradition,medium,0
LATAM|tradition|feria taurina de la macarena,¿Quién organiza la Feria Taurina de La Macarena y en qué periodo se realiza?,2,2,LATAM,tradition,hard,0
LATAM|tradition|festival internacional de cine del norte de chile,¿Cómo se llama el festival internacional de cine realizado anualmente en la ciudad de Antofagasta?,1,1,LATAM,tradition,easy,0
LATAM|tradition|festival internacional de cine del norte de chile,¿Qué galardón reciben los ganadores de la Competencia del Norte en el Festival Internacional de Cine del Norte de Chile?,1,1,LATAM,tradition,medium,0
LATAM|tradition|festival internacional de cine del norte de chile,¿Quién fue la cineasta que impulsó el Festival Internacional de Cine del Norte de Chile y qué sucedió con la organización del festival tras su fallecimiento?,2,2,LATAM,tradition,hard,0
LATAM|tradition|festival internacional de teatro de mosquera,¿Qué es el Festival Internacional de Teatro de Mosquera?,2,2,LATAM,tradition,easy,0
LATAM|tradition|festival internacional de teatro de mosquera,¿Cuántas funciones y artistas participaron en la primera versión del Festival Internacional de Teatro de Mosquera?,2,2,LATAM,tradition,medium,0
LATAM|tradition|festival internacional de teatro de mosquera,¿Qué país fue invitado de honor en la primera versión del Festival Internacional de Teatro de Mosquera y cuántas funciones se presentaron en total?,2,2,LATAM,tradition,hard,0
LATAM|tradition|elumbé,¿Qué es Elumbé?,1,1,LATAM,tradition,easy,0
LATAM|tradition|elumbé,¿En qué barrio de Uruguay es originaria la comparsa Elumbé?,1,1,LATAM,tradition,medium,1
LATAM|tradition|elumbé,¿Cuántas veces ha ganado Elumbé el Desfile de llamadas y en qué años?,6,3,LATAM,tradition,hard,1
LATAM|tradition|elumbé,¿Cuántas veces ha ganado Elumbé el Desfile de llamadas y en qué años lo hizo?,5,2,LATAM,tradition,hard,1
LATAM|tradition|fiesta nacional del sábalo,¿En qué mes se realiza generalmente la Fiesta Nacional del Sábalo?,1,1,LATAM,tradition,easy,0
LATAM|tradition|fiesta nacional del sábalo,¿Qué tipo de fines tiene la Fiesta Nacional del Sábalo?,1,1,LATAM,tradition,medium,0
LATAM|tradition|fiesta nacional del sábalo,¿Qué ediciones de la Fiesta Nacional del Sábalo fueron declaradas de interés nacional y por quién?,1,1,LATAM,tradition,hard,0
LATAM|tradition|feria del alfeñique,¿Qué es la Feria del Alfeñique?,1,1,LATAM,tradition,easy,0
LATAM|tradition|feria del alfeñique,¿Cuándo comienza la Feria del Alfeñique?,1,1,LATAM,tradition,medium,0
LATAM|tradition|feria del alfeñique,¿Qué instituciones están involucradas en la preparación de la Feria del Alfeñique?,4,1,LATAM,tradition,hard,0
LATAM|tradition|fiesta de santa vera cruz en cochabamba,¿Qué día se celebra la Fiesta de Santa Vera Cruz en Cochabamba?,2,2,LATAM,tradition,easy,0
LATAM|tradition|fiesta de santa vera cruz en cochabamba,¿Qué tipo de ofrendas incluyen los devotos durante la Fiesta de Santa Vera Cruz?,2,2,LATAM,tradition,medium,0
LATAM|tradition|fiesta de santa vera cruz en cochabamba,¿Qué figura se asocia simbólicamente con el nombre de Tatala en la Fiesta de Santa Vera Cruz y qué significado tiene?,3,2,LATAM,tradition,hard,1
LATAM|tradition|fiesta nacional del chamamé,¿Qué es la Fiesta Nacional del Chamamé?,1,1,LATAM,tradition,easy,0
LATAM|tradition|fiesta nacional del chamamé,¿Dónde se realizan las jornadas de música y danza de la Fiesta Nacional del Chamamé?,2,1,LATAM,tradition,medium,0
LATAM|tradition|fiesta nacional del chamamé,¿Qué conmemoración se celebra en la Fiesta Nacional del Chamamé en el año 2025 y qué lema se utilizará en la edición de 2026?,2,2,LATAM,tradition,hard,0
LATAM|tradition|fiesta patronal de la virgen purísima de pampas,¿Qué es la Fiesta Patronal de la Virgen Purísima de Pampas?,1,1,LATAM,tradition,easy,0
LATAM|tradition|fiesta patronal de la virgen purísima de pampas,¿Cuándo se realiza la Fiesta Patronal de la Virgen Purísima de Pampas?,1,1,LATAM,tradition,medium,0
LATAM|tradition|fiesta patronal de la virgen purísima de pampas,¿Qué hecho histórico se recuerda cada 20 de enero durante la Fiesta Patronal de la Virgen Purísima de Pampas?,1,1,LATAM,tradition,hard,0
LATAM|tradition|fiesta nacional de la leche,¿Qué es la Fiesta Nacional de la Leche?,3,3,LATAM,tradition,easy,0
LATAM|tradition|fiesta nacional de la leche,¿Cuándo se celebra la Fiesta Nacional de la Leche?,1,1,LATAM,tradition,medium,0
LATAM|tradition|fiesta nacional de la leche,¿Qué entidad fue designada como organizadora de la Fiesta Nacional de la Leche y en qué año fue declarada nacional?,3,3,LATAM,tradition,hard,0
LATAM|tradition|fiesta provincial del sol (romang),¿Qué es la Fiesta Provincial del Sol?,1,1,LATAM,tradition,easy,1
LATAM|tradition|fiesta provincial del sol (romang),¿Cuándo se celebra la Fiesta Provincial del Sol?,1,1,LATAM,tradition,medium,0
LATAM|tradition|fiesta provincial del sol (romang),¿Cuál es el impacto cultural de la Fiesta Provincial del Sol en la ciudad de Romang?,2,2,LATAM,tradition,hard,0
LATAM|tradition|grito de dolores,¿Qué acto dio inicio a la guerra de Independencia de México?,1,1,LATAM,tradition,easy,0
LATAM|tradition|grito de dolores,¿A qué hora se dio el Grito de Dolores?,1,1,LATAM,tradition,medium,0
LATAM|tradition|grito de dolores,¿Qué se considera el Grito de Dolores en el contexto de la historia de México y cuándo se declaró el 16 de septiembre como día de fiesta nacional?,3,3,LATAM,tradition,hard,0
LATAM|tradition|folclore de antioquia,¿Qué es el folclore de Antioquia?,1,1,LATAM,tradition,easy,0
LATAM|tradition|folclore de antioquia,¿En qué se expresa el folclore de Antioquia?,1,1,LATAM,tradition,medium,0
LATAM|tradition|folclore de antioquia,¿Qué personajes típicos se asocian al folclore de Antioquia y qué características culturales representan?,4,3,LATAM,tradition,hard,0
LATAM|tradition|la tigrada,¿Qué es La Tigrada?,1,1,LATAM,tradition,easy,0
LATAM|tradition|la tigrada,¿Cuándo se celebra La Tigrada?,1,1,LATAM,tradition,medium,0
LATAM|tradition|la tigrada,¿Cuál es el objetivo principal de La Tigrada y a qué festividad católica se conmemora durante esta celebración?,2,2,LATAM,tradition,hard,0
LATAM|tradition|luciel izumi,¿Cuál es el nombre completo de Luciel Izumi?,1,1,LATAM,tradition,easy,0
LATAM|tradition|luciel izumi,¿En qué año comenzó Luciel Izumi su carrera musical en festivales intercolegiales?,2,2,LATAM,tradition,medium,0
LATAM|tradition|luciel izumi,¿Qué canción lanzó Luciel Izumi en colaboración con otros artistas y qué reconocimiento recibió en los Bolivia Music Awards 2023?,2,2,LATAM,tradition,hard,0
LATAM|tradition|helenita vargas,¿Cuál es el nombre completo de Helenita Vargas?,1,1,LATAM,tradition,easy,0
LATAM|tradition|helenita vargas,¿En qué año ganó Helenita Vargas su primer Disco de Oro?,1,1,LATAM,tradition,medium,0
LATAM|tradition|helenita vargas,¿Qué géneros musicales interpretó Helenita Vargas y cuál fue su apodo?,4,2,LATAM,tradition,hard,1
LATAM|tradition|maría mayela padilla monge,¿Dónde nació María Mayela Padilla Monge?,1,1,LATAM,tradition,easy,0
LATAM|tradition|maría mayela padilla monge,¿Qué premio obtuvo María Mayela Padilla Monge en 2015?,1,1,LATAM,tradition,medium,0
LATAM|tradition|maría mayela padilla monge,¿Qué dos licenciaturas obtuvo María Mayela Padilla Monge y en qué universidad?,4,2,LATAM,tradition,hard,0
LATAM|tradition|origen de la cueca,¿Qué es el origen de la cueca?,2,1,LATAM,tradition,easy,0
LATAM|tradition|origen de la cueca,¿En qué lugar se desarrolló la cueca?,1,1,LATAM,tradition,medium,0
LATAM|tradition|origen de la cueca,¿Qué influencias culturales se consideran en el origen de la cueca según la corriente hispanista?,2,2,LATAM,tradition,hard,0
LATAM|tradition|ramón iriarte,¿Cómo se conoce a Ramón Iriarte?,1,1,LATAM,tradition,easy,0
LATAM|tradition|ramón iriarte,¿En qué año nació Ramón Iriarte?,1,1,LATAM,tradition,medium,0
LATAM|tradition|ramón iriarte,¿Qué conjunto musical fundó Ramón Iriarte y qué tipo de música interpretaba?,2,2,LATAM,tradition,hard,1
LATAM|tradition|fiss 1965,¿Qué aspecto tuvo la feria de 1965 debido a la decoración navideña de la capital de la república?,2,2,LATAM,tradition,easy,0
LATAM|tradition|fiss 1965,¿Cuántos animales fueron subastados en la Feria de San Sebastián de 1965?,1,1,LATAM,tradition,medium,0
LATAM|tradition|fiss 1965,¿Qué evento se realizó el 26 de enero de 1965 en la Feria de San Sebastián y quién fue coronada como soberana?,3,3,LATAM,tradition,hard,0
LATAM|tradition|mataniño (gastronomía salvadoreña),¿Qué es el mataniño en la gastronomía salvadoreña?,2,2,LATAM,tradition,easy,0
LATAM|tradition|mataniño (gastronomía salvadoreña),¿Con qué ingredientes se elabora el mataniño?,8,1,LATAM,tradition,medium,5
LATAM|tradition|mataniño (gastronomía salvadoreña),¿Por qué el mataniño es considerado una opción económica y popular en El Salvador?,3,2,LATAM,tradition,hard,0
LATAM|tradition|micomalo,¿Qué es el Micomalo?,2,2,LATAM,tradition,easy,0
LATAM|tradition|micomalo,¿Cómo es descrito el Micomalo en el folclor costarricense?,2,2,LATAM,tradition,medium,0
LATAM|tradition|micomalo,¿Qué características tiene el Micomalo y qué función moralista se le atribuye en la cultura costarricense?,4,3,LATAM,tradition,hard,0
LATAM|tradition|papel picado,¿Qué es el papel picado?,1,1,LATAM,tradition,easy,0
LATAM|tradition|papel picado,¿En qué festividades se utiliza el papel picado?,1,1,LATAM,tradition,medium,0
LATAM|tradition|papel picado,¿Cuál es el significado del papel picado en el contexto del Día de Muertos y qué representa cada color?,2,2,LATAM,tradition,hard,0
LATAM|tradition|iglesia de santo domingo (ciudad de guatemala),¿Qué tipo de templo es la iglesia de Santo Domingo en la Ciudad de Guatemala?,3,2,LATAM,tradition,easy,0
LATAM|tradition|iglesia de santo domingo (ciudad de guatemala),¿En qué año fue inaugurada la iglesia de Santo Domingo en la Ciudad de Guatemala?,1,1,LATAM,tradition,medium,0
LATAM|tradition|iglesia de santo domingo (ciudad de guatemala),¿Qué materiales se utilizaron para la construcción de la iglesia de Santo Domingo en la Ciudad de Guatemala?,2,1,LATAM,tradition,hard,0
LATAM|tradition|iglesia de santo domingo (ciudad de guatemala),¿Qué es la iglesia de Santo Domingo en la Ciudad de Guatemala?,3,2,LATAM,tradition,easy,0
LATAM|tradition|pala pala,¿Qué es el pala pala?,2,2,LATAM,tradition,easy,0
LATAM|tradition|pala pala,¿Qué animales representan las máscaras que portan los bailarines en el pala pala?,2,2,LATAM,tradition,medium,0
LATAM|tradition|pala pala,¿De qué leyenda santiagueña nació el pala pala y quién fue el primero en recibir este baile?,2,2,LATAM,tradition,hard,0
LATAM|tradition|wallunk'a,"¿Qué significa ""wallunk'a"" en quechua?",1,1,LATAM,tradition,easy,0
LATAM|tradition|wallunk'a,¿Cuándo comienza la celebración de la wallunk'a?,1,1,LATAM,tradition,medium,0
LATAM|tradition|wallunk'a,¿Qué simboliza la wallunk'a en relación con los mundos y la fertilidad?,2,1,LATAM,tradition,hard,0
LATAM|tradition|rey del acebo,¿Qué es el Rey del Acebo?,1,1,LATAM,tradition,easy,0
LATAM|tradition|rey del acebo,¿Durante qué período del año preside el Rey del Acebo?,1,1,LATAM,tradition,medium,0
LATAM|tradition|rey del acebo,¿Qué simboliza la lucha entre el Rey del Acebo y el Rey del Roble en la mitología celta?,1,1,LATAM,tradition,hard,0
LATAM|tradition|rubén izaurralde,¿Dónde nació Rubén Izaurralde?,1,1,LATAM,tradition,easy,0
LATAM|tradition|rubén izaurralde,¿Qué instrumento musical es Rubén Izaurralde?,1,1,LATAM,tradition,medium,0
LATAM|tradition|rubén izaurralde,¿Qué agrupación musical formó parte Rubén Izaurralde junto a Peteco Carabajal?,2,2,LATAM,tradition,hard,0
LATAM|tradition|tunupa,¿Quién es Tunupa?,2,2,LATAM,tradition,easy,0
LATAM|tradition|tunupa,¿Qué poderes se le atribuyen a Tunupa?,2,1,LATAM,tradition,medium,0
LATAM|tradition|tunupa,¿Qué relación tiene Tunupa con el pueblo de Yamquesupa según las leyendas?,3,3,LATAM,tradition,hard,0
LATAM|tradition|tagetes patula,¿Cuál es el nombre común de Tagetes patula?,1,1,LATAM,tradition,easy,0
LATAM|tradition|tagetes patula,¿En qué tipo de suelos puede crecer Tagetes patula?,2,1,LATAM,tradition,medium,0
LATAM|tradition|tagetes patula,¿Qué usos culturales y medicinales se le atribuyen a Tagetes patula en las celebraciones del Día de muertos en México?,4,3,LATAM,tradition,hard,0
LATAM|tradition|tigo fest,¿Qué es Tigo Fest?,2,2,LATAM,tradition,easy,0
LATAM|tradition|tigo fest,¿En qué año se llevó a cabo la primera edición de Tigo Fest?,1,1,LATAM,tradition,medium,0
LATAM|tradition|tigo fest,¿Qué artistas se presentaron en la primera edición de Tigo Fest y dónde se llevó a cabo?,8,2,LATAM,tradition,hard,0
USA|dish|7 Up,¿Qué es 7 Up?,2,2,USA,dish,easy,0
USA|dish|7 Up,¿Quién fue el inventor de 7 Up?,1,1,USA,dish,medium,0
USA|dish|7 Up,¿Qué nombre original tuvo 7 Up y en qué año fue lanzada?,2,2,USA,dish,hard,0
LATAM|tradition|zulema alcayaga,¿Dónde nació Zulema Alcayaga?,1,1,LATAM,tradition,easy,0
LATAM|tradition|zulema alcayaga,¿Qué tipo de folclore está orientada Zulema Alcayaga?,1,1,LATAM,tradition,medium,0
LATAM|tradition|zulema alcayaga,¿Qué obra importante compuso Zulema Alcayaga junto a su esposo Waldo Belloso que se convirtió en un personaje infantil famoso?,3,3,LATAM,tradition,hard,0
USA|dish|Baconator,¿Qué es un Baconator?,1,1,USA,dish,easy,1
USA|dish|Baconator,¿Cuándo fue introducido el Baconator?,1,1,USA,dish,medium,0
USA|dish|Baconator,¿Qué ingredientes componen un Baconator y cómo se prepara?,3,2,USA,dish,hard,0
USA|dish|Alcapurria,¿Qué es la alcapurria?,1,1,USA,dish,easy,0
USA|dish|Alcapurria,¿Con qué ingredientes principales está hecha la alcapurria?,2,1,USA,dish,medium,0
USA|dish|Alcapurria,¿Qué tipo de masa se utiliza para hacer la alcapurria y qué ingredientes opcionales se pueden añadir?,4,2,USA,dish,hard,0
USA|dish|Almejas fritas,¿Qué se elabora al freír almejas de concha blanda mojadas en rebozado?,2,2,USA,dish,easy,0
USA|dish|Almejas fritas,¿Con qué es habitual acompañar las almejas fritas?,2,1,USA,dish,medium,0
USA|dish|Almejas fritas,¿Quién se dice que creó las almejas fritas rebozadas y en qué fecha?,3,3,USA,dish,hard,0
USA|dish|Bun (papas fritas),¿Qué es Bun?,3,3,USA,dish,easy,0
USA|dish|Bun (papas fritas),¿En qué año fue creada la marca Bun?,1,1,USA,dish,medium,0
USA|dish|Bun (papas fritas),¿Quién creó la marca Bun y qué es lo que caracteriza a sus papas fritas en comparación con otras marcas?,2,2,USA,dish,hard,0
USA|dish|Burrito (comida),¿Qué es un burrito?,1,1,USA,dish,easy,0
USA|dish|Burrito (comida),¿Qué consiste en un burrito?,1,1,USA,dish,medium,0
USA|dish|Burrito (comida),¿Cuál era el nombre regional para lo que se conoce como taco y en qué estado se considera un regionalismo?,2,2,USA,dish,hard,1
USA|dish|Benihana,¿Qué tipo de restaurante es Benihana?,1,1,USA,dish,easy,0
USA|dish|Benihana,¿Cuál es la especialidad de Benihana?,1,1,USA,dish,medium,0
USA|dish|Benihana,¿En qué año pasó a denominarse Benihana Inc. y qué marcas incluye?,3,2,USA,dish,hard,0
USA|dish|Barco bananero,¿Qué era un barco bananero?,1,1,USA,dish,easy,0
USA|dish|Barco bananero,¿Para qué estaban diseñados los barcos bananeros?,1,1,USA,dish,medium,0
USA|dish|Barco bananero,¿Qué buscaba la Standard Fruit Company al convertir barcos de la Armada de los Estados Unidos en barcos bananeros?,2,2,USA,dish,hard,0
USA|dish|Balisto,¿Qué es Balisto?,3,3,USA,dish,easy,0
USA|dish|Balisto,¿Quién comercializa Balisto?,2,2,USA,dish,medium,0
USA|dish|Balisto,¿En qué países está disponible Balisto?,8,1,USA,dish,hard,0
USA|dish|Charlie Nagreen,¿Quién es Charlie Nagreen?,1,1,USA,dish,easy,0
USA|dish|Charlie Nagreen,¿Qué idea tuvo Charlie Nagreen para mejorar la venta de su producto en la feria?,1,1,USA,dish,medium,0
USA|dish|Charlie Nagreen,¿Por qué se hizo famoso Charlie Nagreen y qué nombre le dio a su invento?,2,2,USA,dish,hard,0
USA|dish|Big Mac,¿Qué es el Big Mac?,1,1,USA,dish,easy,0
USA|dish|Big Mac,¿Quién creó el Big Mac y en qué año?,3,3,USA,dish,medium,1
USA|dish|Big Mac,¿En qué ciudad fue creada la Big Mac y qué hamburguesa inspiró su creación?,2,2,USA,dish,hard,0
USA|dish|Candace Nelson,¿Qué profesión tiene Candace Nelson?,1,1,USA,dish,easy,0
USA|dish|Candace Nelson,¿Qué negocio abrió Candace Nelson en 2005?,2,2,USA,dish,medium,0
USA|dish|Candace Nelson,¿Qué reconocimientos ha recibido Candace Nelson y en qué instituciones se graduó?,4,2,USA,dish,hard,0
USA|dish|Celery Victor,¿Qué es Celery Victor?,2,2,USA,dish,easy,0
USA|dish|Celery Victor,¿Quién inventó Celery Victor y en qué año?,2,2,USA,dish,medium,0
USA|dish|Celery Victor,¿Cómo se prepara Celery Victor y qué ingredientes se le añaden?,2,2,USA,dish,hard,0
USA|dish|Chenpi,¿Qué es el chenpi?,1,1,USA,dish,easy,0
USA|dish|Chenpi,¿En qué tipo de cocina se emplea el chenpi como condimento tradicional?,2,2,USA,dish,medium,0
USA|dish|Chenpi,¿Qué sabor aporta el chenpi cuando se usa apropiadamente y en qué tipo de platos se emplea en la cocina chino-estadounidense?,3,2,USA,dish,hard,0
USA|dish|Chimichanga,¿Qué tipo de platillo es la chimichanga?,1,1,USA,dish,easy,0
USA|dish|Chimichanga,¿Con qué tipo de tortilla se elabora principalmente la chimichanga en el estado de Sonora?,2,2,USA,dish,medium,0
USA|dish|Chimichanga,¿Qué ingredientes se utilizan comúnmente para rellenar una chimichanga en el estado de Sonora?,2,2,USA,dish,hard,0
USA|dish|Chow mein,¿Qué es el chow mein?,1,1,USA,dish,easy,0
USA|dish|Chow mein,¿En qué países es considerado el chow mein un plato autóctono?,1,1,USA,dish,medium,0
USA|dish|Chow mein,¿Qué significa el término 'chow mein' y de qué idioma proviene?,2,2,USA,dish,hard,0
USA|dish|Cherpumple,¿Qué es un cherpumple?,1,1,USA,dish,easy,0
USA|dish|Cherpumple,¿Quién es el creador del cherpumple?,2,2,USA,dish,medium,0
USA|dish|Cherpumple,¿Cuánto tiempo puede tomar hacer un cherpumple y qué se requiere para su preparación?,2,2,USA,dish,hard,0
USA|dish|Aros de cebolla,¿Qué son los aros de cebolla?,4,4,USA,dish,easy,0
USA|dish|Aros de cebolla,¿En qué países se consumen habitualmente los aros de cebolla como aperitivo o guarnición?,3,1,USA,dish,medium,0
USA|dish|Aros de cebolla,¿Qué cadena estadounidense se considera pionera en la popularización de los aros de cebolla en la década de 1920 y qué evidencia existe sobre su origen?,4,4,USA,dish,hard,0
USA|dish|Claudia Sandoval,¿Quién es Claudia Sandoval?,1,1,USA,dish,easy,0
USA|dish|Claudia Sandoval,¿Qué empresa fundó Claudia Sandoval?,1,1,USA,dish,medium,0
USA|dish|Claudia Sandoval,¿En qué programa de cocina fue Claudia Sandoval la primera chef de origen latina en ganar?,2,2,USA,dish,hard,0
USA|dish|Cincinnati chili,¿Qué es el Cincinnati chili?,3,2,USA,dish,easy,0
USA|dish|Cincinnati chili,¿Quién fue el primero en servir el Cincinnati chili?,1,1,USA,dish,medium,0
USA|dish|Cincinnati chili,¿Qué ingredientes principales se utilizan en el Cincinnati chili y cómo se presenta tradicionalmente?,3,3,USA,dish,hard,0
USA|dish|Cocina lowcountry,¿Qué es la cocina lowcountry?,2,1,USA,dish,easy,0
USA|dish|Cocina lowcountry,¿Con qué cocina comparte características la cocina lowcountry?,1,1,USA,dish,medium,0
USA|dish|Cocina lowcountry,¿Qué alimentos son parte de la cocina lowcountry y tienen claros paralelismos con la gastronomía cajún y la cocina criolla de Luisiana?,3,2,USA,dish,hard,0
USA|dish|Coca-Cola Cherry,¿Qué es Coca-Cola Cherry?,1,1,USA,dish,easy,0
USA|dish|Coca-Cola Cherry,¿En qué año fue lanzada oficialmente Coca-Cola Cherry?,1,1,USA,dish,medium,0
USA|dish|Coca-Cola Cherry,¿Qué variante de Coca-Cola fue lanzada simultáneamente con Coca-Cola Cherry y qué ocurrió con ella en 1992?,2,2,USA,dish,hard,0
USA|dish|Dagwood sándwich,¿Qué es un sándwich Dagwood?,1,1,USA,dish,easy,0
USA|dish|Dagwood sándwich,¿Quién fue el personaje central que dio nombre al sándwich Dagwood?,1,1,USA,dish,medium,0
USA|dish|Dagwood sándwich,¿Qué elemento comúnmente corona un sándwich Dagwood y qué diccionarios lo han incluido?,3,2,USA,dish,hard,0
USA|dish|Cole Ranch (AVA),¿Qué es el Cole Ranch (AVA)?,1,1,USA,dish,easy,0
USA|dish|Cole Ranch (AVA),¿Dónde está localizado el Cole Ranch (AVA)?,1,1,USA,dish,medium,0
USA|dish|Cole Ranch (AVA),¿Qué bodega es propietaria del Cole Ranch (AVA) y qué tipo de uvas se cultivan en esta denominación?,4,2,USA,dish,hard,0
USA|dish|Diplomacia de cañonero,¿Qué es la diplomacia de cañonero?,3,3,USA,dish,easy,0
USA|dish|Diplomacia de cañonero,¿En qué consiste la diplomacia de cañonero?,1,1,USA,dish,medium,0
USA|dish|Diplomacia de cañonero,¿Qué relación tiene la diplomacia de cañonero con la doctrina Drago?,1,1,USA,dish,hard,0
USA|dish|Compañía Pisquera de Chile,¿Qué es la Compañía Pisquera de Chile?,2,2,USA,dish,easy,0
USA|dish|Compañía Pisquera de Chile,¿En qué año nació la Compañía Pisquera de Chile?,1,1,USA,dish,medium,0
USA|dish|Compañía Pisquera de Chile,¿Qué porcentaje del capital accionario adquirió CCU en la Compañía Pisquera de Chile y qué porcentaje mantiene la Cooperativa Agrícola Control Pisquero de Elqui y Limarí Limitada?,4,4,USA,dish,hard,0
USA|dish|El Adobe de Capistrano,¿Qué es El Adobe de Capistrano?,1,1,USA,dish,easy,0
USA|dish|El Adobe de Capistrano,¿En qué año fue abierto El Adobe de Capistrano?,1,1,USA,dish,medium,0
USA|dish|El Adobe de Capistrano,¿Qué función tuvo la parte sur de El Adobe de Capistrano antes de convertirse en restaurante?,2,2,USA,dish,hard,0
USA|dish|Estómago de cerdo,¿Qué es el estómago de cerdo?,1,1,USA,dish,easy,0
USA|dish|Estómago de cerdo,¿Cómo se prepara tradicionalmente el estómago de cerdo en la cocina holandesa de Pensilvania?,2,2,USA,dish,medium,0
USA|dish|Estómago de cerdo,¿Qué platos tradicionales incluyen el estómago de cerdo y en qué culturas se consumen?,3,2,USA,dish,hard,0
USA|dish|Fannie Merritt Farmer,¿Quién fue Fannie Merritt Farmer?,1,1,USA,dish,easy,0
USA|dish|Fannie Merritt Farmer,¿Qué libro de cocina escribió Fannie Merritt Farmer?,1,1,USA,dish,medium,0
USA|dish|Fannie Merritt Farmer,¿Qué innovaciones introdujo Fannie Merritt Farmer en su libro de cocina más conocido?,2,2,USA,dish,hard,0
USA|dish|Halls (caramelo mentolado),¿Qué es Halls?,1,1,USA,dish,easy,0
USA|dish|Halls (caramelo mentolado),¿Quién produce Halls?,1,1,USA,dish,medium,0
USA|dish|Halls (caramelo mentolado),¿En qué década se hizo por primera vez Halls y quién fue su creador?,2,2,USA,dish,hard,0
USA|dish|Five Guys,¿Qué es Five Guys?,1,1,USA,dish,easy,0
USA|dish|Five Guys,¿En qué año fue fundada Five Guys?,1,1,USA,dish,medium,0
USA|dish|Five Guys,¿Qué tipo de productos utiliza Five Guys en su menú y cómo se elabora su hamburguesa?,2,1,USA,dish,hard,0
USA|dish|Four Roses,¿Qué es Four Roses?,1,1,USA,dish,easy,0
USA|dish|Four Roses,¿En qué año fue construida la destilería de Four Roses?,1,1,USA,dish,medium,0
USA|dish|Four Roses,¿Qué porcentaje de alcohol tiene Four Roses Small Batch y qué relación tiene con la producción de whiskey en Kentucky?,3,3,USA,dish,hard,1
USA|dish|Galleta con pepitas de chocolate,¿Qué es una galleta con pepitas de chocolate?,2,2,USA,dish,easy,0
USA|dish|Galleta con pepitas de chocolate,¿Quién desarrolló la galleta con pepitas de chocolate?,1,1,USA,dish,medium,1
USA|dish|Galleta con pepitas de chocolate,¿En qué año fue desarrollada la galleta con pepitas de chocolate y qué receta famosa incluye?,2,2,USA,dish,hard,0
USA|dish|Dumpling de manzana,¿Qué es el dumpling de manzana?,1,1,USA,dish,easy,0
USA|dish|Dumpling de manzana,¿Qué consiste el dumpling de manzana?,1,1,USA,dish,medium,0
USA|dish|Dumpling de manzana,¿Qué grupos culturales consideran común la receta del dumpling de manzana y en qué ocasiones se consume?,4,2,USA,dish,hard,0
USA|dish|Guacamole,¿Qué es el guacamole?,2,2,USA,dish,easy,0
USA|dish|Guacamole,¿Cómo se prepara tradicionalmente el guacamole?,1,1,USA,dish,medium,0
USA|dish|Guacamole,"¿Cuál es el origen del nombre ""guacamole"" y qué significado tenía el aguacate para los aztecas?",2,2,USA,dish,hard,0
USA|dish|Jamón campestre,¿Qué es el jamón campestre?,2,2,USA,dish,easy,0
USA|dish|Jamón campestre,¿Cómo se cura el jamón campestre?,2,2,USA,dish,medium,0
USA|dish|Jamón campestre,¿Qué proceso se utiliza para preparar el jamón campestre antes de consumirlo y con qué se relaciona su preparación?,2,2,USA,dish,hard,0
USA|dish|Joya (refresco),¿Qué es Joya?,1,1,USA,dish,easy,0
USA|dish|Joya (refresco),¿En qué año fue introducido al mercado el refresco Joya?,1,1,USA,dish,medium,0
USA|dish|Joya (refresco),¿Qué empresa compró la marca Joya en 2004 y por cuánto?,4,3,USA,dish,hard,0
USA|dish|Jumbo's,¿Cuál era el nombre original de Jumbo's?,1,1,USA,dish,easy,0
USA|dish|Jumbo's,¿En qué año fue incluido Jumbo's en el Registro del Congreso?,1,1,USA,dish,medium,0
USA|dish|Jumbo's,¿Qué evento significativo ocurrió en Jumbo's en la década de 1960 relacionado con la integración racial?,2,2,USA,dish,hard,0
USA|dish|Lunchables,¿Qué es Lunchables?,1,1,USA,dish,easy,0
USA|dish|Lunchables,¿Quién fabrica Lunchables?,1,1,USA,dish,medium,1
USA|dish|Lunchables,¿En qué año se introdujeron inicialmente los Lunchables en Seattle?,2,2,USA,dish,hard,0
USA|dish|KFConsole,¿Qué es la KFConsole?,3,2,USA,dish,easy,0
USA|dish|KFConsole,¿Qué tipo de diseño tiene la KFConsole?,1,1,USA,dish,medium,0
USA|dish|KFConsole,¿Qué características distintivas tiene la KFConsole en comparación con otras consolas de videojuegos?,2,2,USA,dish,hard,0
USA|dish|Justified and Stripped Tour,¿Qué fue el Justified and Stripped Tour?,4,3,USA,dish,easy,0
USA|dish|Justified and Stripped Tour,¿Cuántas personas formaban parte del equipo del Justified and Stripped Tour?,1,1,USA,dish,medium,0
USA|dish|Justified and Stripped Tour,¿Qué gira continuó Christina Aguilera en el cuarto trimestre de 2003 tras el Justified and Stripped Tour?,3,3,USA,dish,hard,0
USA|dish|Lynja,¿En qué ciudad nació Lynja?,1,1,USA,dish,easy,0
USA|dish|Lynja,¿Cuántos suscriptores acumulaba Lynja en YouTube a fecha de 15 de enero de 2024?,1,1,USA,dish,medium,0
USA|dish|Lynja,¿Qué premios ganó Lynja en los Streamy Awards y en qué años?,4,2,USA,dish,hard,0
USA|dish|Laulau,¿Qué es el laulau?,1,1,USA,dish,easy,0
USA|dish|Laulau,¿Cuáles son los ingredientes tradicionales del laulau?,3,3,USA,dish,medium,0
USA|dish|Laulau,¿Cómo se cocinaba tradicionalmente el laulau en el antiguo Hawái?,3,2,USA,dish,hard,0
USA|dish|Krumkake,¿Qué es el krumkake?,6,2,USA,dish,easy,0
USA|dish|Krumkake,¿Cómo se cocinan los krumkaker?,1,1,USA,dish,medium,0
USA|dish|Krumkake,¿En qué contexto se sirven los krumkaker y qué otros dulces noruegos se preparan tradicionalmente en Navidad?,4,3,USA,dish,hard,2
USA|dish|Luther Burger,¿Qué es la Luther Burger?,1,1,USA,dish,easy,0
USA|dish|Luther Burger,¿Qué tipo de pan se utiliza en la Luther Burger?,1,1,USA,dish,medium,0
USA|dish|Luther Burger,¿A qué cantautor se remonta el origen de la Luther Burger y en qué serie se menciona?,2,2,USA,dish,hard,0
USA|dish|Martes de tacos,¿Qué es el Martes de tacos?,1,1,USA,dish,easy,0
USA|dish|Martes de tacos,"¿En qué año fue registrado el término ""Taco Tuesday""?",1,1,USA,dish,medium,0
USA|dish|Martes de tacos,"¿Qué cadena de restaurantes registró el término ""Taco Tuesday"" y en qué consiste esta costumbre?",3,2,USA,dish,hard,0
USA|dish|Mayhaw,¿Qué es el mayhaw?,1,1,USA,dish,easy,0
USA|dish|Mayhaw,¿En qué tipo de suelos crece el mayhaw?,1,1,USA,dish,medium,0
USA|dish|Mayhaw,¿Cuáles son las especies principales de mayhaw y en qué regiones se desarrollan?,3,2,USA,dish,hard,0
USA|dish|Muffin inglés,¿Qué es un muffin inglés?,1,1,USA,dish,easy,0
USA|dish|Muffin inglés,¿En qué país fueron inventados los muffins ingleses?,1,1,USA,dish,medium,0
USA|dish|Muffin inglés,¿Cuál es el plato tradicional de brunch en Nueva York que utiliza muffins ingleses como ingrediente principal?,2,2,USA,dish,hard,0
USA|dish|Nueva cocina estadounidense,¿Qué es la nueva cocina estadounidense?,1,1,USA,dish,easy,0
USA|dish|Nueva cocina estadounidense,¿En qué década se originó la nueva cocina estadounidense?,1,1,USA,dish,medium,0
USA|dish|Nueva cocina estadounidense,¿Qué influencias importantes recibe la nueva cocina estadounidense y qué tipo de cocina es?,2,2,USA,dish,hard,0
USA|dish|Mantequilla de cacahuete,¿Qué es la mantequilla de cacahuete?,2,2,USA,dish,easy,1
USA|dish|Mantequilla de cacahuete,¿Qué porcentaje de cacahuete debe tener un producto comercializado como mantequilla de cacahuete en los Estados Unidos?,2,2,USA,dish,medium,0
USA|dish|Mantequilla de cacahuete,¿Qué innovaciones en la producción de mantequilla de cacahuete fueron realizadas por el Dr. John Harvey Kellogg y su hermano?,2,2,USA,dish,hard,0
USA|dish|Muffuletta,¿Qué tipo de pan es el muffuletta?,1,1,USA,dish,easy,0
USA|dish|Muffuletta,¿En qué año se empezó a vender el muffuletta en Nueva Orleans?,2,2,USA,dish,medium,0
USA|dish|Muffuletta,"¿Quién fue el fundador de la Central Grocery, donde se empezó a vender el muffuletta, y qué relación tiene con el origen del sándwich?",2,2,USA,dish,hard,0
USA|dish|MrBeast Burger,¿Qué es MrBeast Burger?,2,2,USA,dish,easy,0
USA|dish|MrBeast Burger,¿Cuándo se inauguró oficialmente MrBeast Burger?,1,1,USA,dish,medium,0
USA|dish|MrBeast Burger,¿Qué parte de cada pedido de MrBeast Burger se donará a organizaciones benéficas?,1,1,USA,dish,hard,0
USA|dish|Monte Cristo sándwich,¿Qué ingredientes principales lleva el Monte Cristo sándwich?,3,1,USA,dish,easy,0
USA|dish|Monte Cristo sándwich,¿En qué cocina aparece el Monte Cristo sándwich como un derivado del croque-monsieur?,2,2,USA,dish,medium,0
USA|dish|Monte Cristo sándwich,¿Qué restaurantes de Los Ángeles se disputan la invención del primer sándwich Monte Cristo y desde qué década aparece en sus menús?,2,2,USA,dish,hard,0
USA|dish|Monkey bread,¿Qué es el monkey bread?,1,1,USA,dish,easy,0
USA|dish|Monkey bread,¿Con qué se cubre el monkey bread antes de hornearlo?,4,1,USA,dish,medium,0
USA|dish|Monkey bread,¿En qué país se sirve tradicionalmente el monkey bread y qué tipo de masa se utiliza para su elaboración?,2,2,USA,dish,hard,0
USA|dish|Original Starbucks,¿Cuál es el primer establecimiento Starbucks?,1,1,USA,dish,easy,0
USA|dish|Original Starbucks,¿En qué año fue establecido el Original Starbucks?,1,1,USA,dish,medium,0
USA|dish|Original Starbucks,¿Dónde se encuentra actualmente el Original Starbucks y cuál es su importancia cultural?,2,2,USA,dish,hard,0
USA|dish|Nugget de pollo,¿Qué es un nugget de pollo?,2,2,USA,dish,easy,0
USA|dish|Nugget de pollo,¿Qué tipo de recubrimiento se utiliza en los nuggets de pollo?,2,1,USA,dish,medium,0
USA|dish|Nugget de pollo,¿Quién inventó el nugget de pollo y en qué década?,2,2,USA,dish,hard,0
USA|dish|Mezzo Mix,¿Qué es Mezzo Mix?,1,1,USA,dish,easy,0
USA|dish|Mezzo Mix,¿En qué país fue introducido Mezzo Mix por primera vez?,2,2,USA,dish,medium,0
USA|dish|Mezzo Mix,¿Qué variante de Mezzo Mix se introdujo en Alemania en julio de 2007 y qué característica tiene?,4,4,USA,dish,hard,0
USA|dish|Pan de Anón,¿Qué es el pan de anón?,2,2,USA,dish,easy,0
USA|dish|Pan de Anón,¿Cuáles son algunos de los ingredientes que contiene el pan de anón?,5,1,USA,dish,medium,0
USA|dish|Pan de Anón,¿Quién creó el pan de anón y por qué motivo se creó?,2,2,USA,dish,hard,0
USA|dish|Panceta con chocolate,¿Qué es la panceta con chocolate?,1,1,USA,dish,easy,0
USA|dish|Panceta con chocolate,¿Qué ingredientes principales componen la panceta con chocolate?,3,1,USA,dish,medium,0
USA|dish|Panceta con chocolate,¿En qué feria estatal se presentó la panceta con chocolate y qué nombre se le dio?,2,2,USA,dish,hard,0
USA|dish|Pizza de taco,¿Qué es la pizza de taco?,2,2,USA,dish,easy,0
USA|dish|Pizza de taco,¿Quién afirmó haber creado la pizza de taco?,1,1,USA,dish,medium,0
USA|dish|Pizza de taco,¿Qué relación tuvo Pizza Inn con la pizza de taco y qué argumento presentó Pizza Hut al respecto?,2,2,USA,dish,hard,0
USA|dish|Pastel de azúcar moravo,¿Qué tipo de pastel es el pastel de azúcar moravo?,1,1,USA,dish,easy,0
USA|dish|Pastel de azúcar moravo,¿Con qué se enriquece la masa del pastel de azúcar moravo?,1,1,USA,dish,medium,0
USA|dish|Pastel de azúcar moravo,¿Qué similitudes tiene el pastel de azúcar moravo con otros pasteles alemanes y en qué contexto cultural se originó?,5,4,USA,dish,hard,1
USA|dish|Pastel de ángel,¿Qué tipo de bizcocho es el pastel de ángel?,1,1,USA,dish,easy,0
USA|dish|Pastel de ángel,¿Qué ingrediente se monta para preparar el pastel de ángel?,1,1,USA,dish,medium,0
USA|dish|Pastel de ángel,¿En qué país se popularizó el pastel de ángel y qué se considera debido a su ligereza?,2,2,USA,dish,hard,0
USA|dish|Pilgrim (sándwich),¿Qué es el sándwich Pilgrim?,2,2,USA,dish,easy,0
USA|dish|Pilgrim (sándwich),¿Cuál es el ingrediente principal del sándwich Pilgrim?,1,1,USA,dish,medium,0
USA|dish|Pilgrim (sándwich),¿A qué celebración hace alusión el sándwich Pilgrim y qué ingredientes suele incluir?,2,2,USA,dish,hard,0
USA|dish|Persillade,¿Qué es la persillade?,1,1,USA,dish,easy,0
USA|dish|Persillade,¿En qué cocina se usa la persillade?,1,1,USA,dish,medium,0
USA|dish|Persillade,¿Qué plato híbrido se obtiene al combinar la persillade con la poutine quebequesa?,2,2,USA,dish,hard,0
USA|dish|Papas fritas de pollo BK,¿Qué tipo de producto son las papas fritas de pollo BK?,2,2,USA,dish,easy,1
USA|dish|Papas fritas de pollo BK,¿En qué año se introdujeron las papas fritas de pollo BK?,1,1,USA,dish,medium,0
USA|dish|Papas fritas de pollo BK,¿Por qué se reintrodujeron las papas fritas de pollo BK en marzo de 2015?,2,2,USA,dish,hard,0
USA|dish|Pizza estilo Chicago,¿Qué es la pizza estilo Chicago?,1,1,USA,dish,easy,0
USA|dish|Pizza estilo Chicago,¿Qué tipo de masa tiene la pizza estilo Chicago?,1,1,USA,dish,medium,0
USA|dish|Pizza estilo Chicago,¿En qué año se presentó por primera vez la receta de la pizza estilo Chicago en el restaurante Rosati's Authentic Chicago Pizza?,2,2,USA,dish,hard,0
USA|dish|Patty melt,¿Qué es un patty melt?,5,2,USA,dish,easy,0
USA|dish|Patty melt,¿Qué tipo de pan se utiliza comúnmente para hacer un patty melt?,1,1,USA,dish,medium,0
USA|dish|Patty melt,¿Cuál es una variante del patty melt que se encuentra en la zona del Noroeste Pacífico de Estados Unidos?,3,3,USA,dish,hard,0
USA|dish|Rollo de frutos secos,¿Qué es un rollo de frutos secos?,1,1,USA,dish,easy,0
USA|dish|Rollo de frutos secos,¿Cuál es el ingrediente principal del relleno de un rollo de frutos secos?,2,1,USA,dish,medium,0
USA|dish|Rollo de frutos secos,¿Qué nombres se utilizan en el centro de Europa para referirse al rollo de frutos secos?,4,1,USA,dish,hard,0
USA|dish|Pepsi Max,¿Qué es Pepsi Max?,4,3,USA,dish,easy,2
USA|dish|Pepsi Max,¿En qué países debutó Pepsi Max en abril de 1993?,3,2,USA,dish,medium,0
USA|dish|Pepsi Max,¿Cuándo fue reintroducida Pepsi Max en Argentina y qué variante se lanzó en los Estados Unidos el 1 de junio de 2007?,5,5,USA,dish,hard,0
USA|dish|She-crab soup,¿Qué es el She-crab soup?,2,2,USA,dish,easy,1
USA|dish|She-crab soup,¿Con qué tipo de cangrejo se elabora el She-crab soup?,1,1,USA,dish,medium,0
USA|dish|She-crab soup,"¿Por qué se denomina ""She-Crab"" a la sopa She-crab soup y en qué región de Estados Unidos es popular?",2,2,USA,dish,hard,0
USA|dish|Salsa Tabasco,¿Qué es la salsa Tabasco?,2,2,USA,dish,easy,0
USA|dish|Salsa Tabasco,¿En qué año fue creada la salsa Tabasco?,1,1,USA,dish,medium,0
USA|dish|Salsa Tabasco,¿Qué empresa elabora la salsa Tabasco y quién es su actual director ejecutivo?,2,2,USA,dish,hard,0
USA|dish|Sirloin Stockade,¿Qué es Sirloin Stockade?,1,1,USA,dish,easy,0
USA|dish|Sirloin Stockade,¿Quién fundó Sirloin Stockade y en qué año?,2,2,USA,dish,medium,0
USA|dish|Sirloin Stockade,¿Cuántos restaurantes tenía Sirloin Stockade en 2008 y qué tipo de restaurantes son?,2,2,USA,dish,hard,0
USA|dish|Pollo al sésamo,¿Qué es el pollo al sésamo?,2,2,USA,dish,easy,0
USA|dish|Pollo al sésamo,¿Cuáles son los ingredientes principales del pollo al sésamo?,7,7,USA,dish,medium,0
USA|dish|Pollo al sésamo,¿En qué se diferencia el pollo al sésamo del pollo General Tso?,3,3,USA,dish,hard,1
USA|dish|Russian tea cake,¿Qué es la Russian tea cake?,4,2,USA,dish,easy,1
USA|dish|Russian tea cake,¿Qué ingredientes básicos se utilizan en la preparación de la Russian tea cake?,4,1,USA,dish,medium,0
USA|dish|Russian tea cake,¿En qué siglo aparecieron las Russian tea cakes en Rusia y cómo se relacionan con las bodas y las navidades estadounidenses?,4,3,USA,dish,hard,0
USA|dish|Sex on the Beach,¿Qué tipo de cóctel es el Sex on the Beach?,2,2,USA,dish,easy,0
USA|dish|Sex on the Beach,¿Quién creó el Sex on the Beach y en qué año?,2,2,USA,dish,medium,0
USA|dish|Sex on the Beach,¿Cuál es la relación entre el Sex on the Beach y la receta del Cape Codder?,1,1,USA,dish,hard,0
USA|dish|Salsa de pato,¿Qué es la salsa de pato?,3,3,USA,dish,easy,0
USA|dish|Salsa de pato,¿En qué tipo de restaurantes se usa la salsa de pato?,1,1,USA,dish,medium,0
USA|dish|Salsa de pato,¿Qué ingredientes se pueden añadir para hacer salsa de pato?,7,1,USA,dish,hard,0
USA|dish|Saimin,¿Qué es el Saimin?,2,2,USA,dish,easy,0
USA|dish|Saimin,¿Qué tipo de fideos lleva el Saimin?,1,1,USA,dish,medium,0
USA|dish|Saimin,¿Qué platos inspiraron el Saimin y en qué contexto fue desarrollado?,4,2,USA,dish,hard,0
USA|dish|Sal ahumada,¿Qué es la sal ahumada?,3,3,USA,dish,easy,0
USA|dish|Sal ahumada,¿Cuáles son algunos de los usos de la sal ahumada en la cocina?,6,1,USA,dish,medium,0
USA|dish|Sal ahumada,"¿Qué variaciones de sal ahumada existen en diferentes culturas, y cómo se elabora la sal ahumada en Bali, Indonesia?",5,3,USA,dish,hard,0
USA|dish|Sopa de cangrejo y maíz,¿Qué es la sopa de cangrejo y maíz?,4,2,USA,dish,easy,0
USA|dish|Sopa de cangrejo y maíz,¿En qué regiones es especialmente popular la sopa de cangrejo y maíz?,1,1,USA,dish,medium,0
USA|dish|Sopa de cangrejo y maíz,"¿En qué países se encuentra la sopa de cangrejo y maíz, además de Estados Unidos y Canadá?",1,1,USA,dish,hard,0
USA|dish|Soda sucia,¿Qué es la soda sucia?,5,2,USA,dish,easy,0
USA|dish|Soda sucia,¿Qué ingredientes incluye la soda sucia?,4,1,USA,dish,medium,0
USA|dish|Soda sucia,¿En qué contexto cultural surgió la soda sucia y qué relación tiene con los Santos de los Últimos Días?,2,2,USA,dish,hard,0
USA|dish|Sándwich Elvis,¿Qué es el sándwich Elvis?,2,2,USA,dish,easy,0
USA|dish|Sándwich Elvis,¿Cuáles son algunos de los ingredientes que suele elaborarse el sándwich Elvis?,1,1,USA,dish,medium,0
USA|dish|Sándwich Elvis,¿Por qué se denomina sándwich Elvis y qué relación tiene con Elvis Presley?,1,1,USA,dish,hard,1
USA|dish|Spencer (cerveza),¿Qué tipo de producto es Spencer?,1,1,USA,dish,easy,0
USA|dish|Spencer (cerveza),¿Quién elabora la cerveza Spencer?,1,1,USA,dish,medium,0
USA|dish|Spencer (cerveza),¿Cuál es la única cerveza trapense que proviene de fuera de Europa y qué logotipo lleva?,2,2,USA,dish,hard,0
USA|dish|Tacos franceses,¿Qué son los tacos franceses?,1,1,USA,dish,easy,0
USA|dish|Tacos franceses,¿En qué región de Francia se originaron los tacos franceses?,1,1,USA,dish,medium,0
USA|dish|Tacos franceses,¿Qué afirmación se hace sobre la popularidad de los tacos franceses en relación con los adolescentes y jóvenes adultos en Francia?,1,1,USA,dish,hard,0
USA|dish|Sándwich submarino,¿Qué es el sándwich submarino?,2,1,USA,dish,easy,0
USA|dish|Sándwich submarino,¿Qué tipo de pan se utiliza para elaborar un sándwich submarino?,2,1,USA,dish,medium,1
USA|dish|Sándwich submarino,¿En qué parte de Estados Unidos se hizo muy popular el sándwich submarino durante los años cuarenta?,1,1,USA,dish,hard,0
USA|dish|Tab (bebida),¿Qué tipo de bebida es Tab?,1,1,USA,dish,easy,0
USA|dish|Tab (bebida),¿Quién produjo la bebida Tab?,1,1,USA,dish,medium,1
USA|dish|Tab (bebida),¿Qué edulcorante utilizaba Tab antes de ser reemplazado por la sacarina en 1969?,2,2,USA,dish,hard,0
USA|dish|Tarta helada,¿Qué es una tarta helada?,1,1,USA,dish,easy,0
USA|dish|Tarta helada,¿En qué ocasiones puede emplearse una tarta helada?,1,1,USA,dish,medium,0
USA|dish|Tarta helada,"¿Qué postres se hacían en la época victoriana que consistían en helado y fruta, y cómo se relacionan con la tarta helada?",3,3,USA,dish,hard,0
USA|dish|Tasso ham,¿Qué es el tasso ham?,1,1,USA,dish,easy,0
USA|dish|Tasso ham,¿De qué corte de cerdo se hace el tasso ham?,1,1,USA,dish,medium,0
USA|dish|Tasso ham,¿En qué tipo de recetas aparece a menudo el tasso ham?,1,1,USA,dish,hard,0
USA|dish|Tarta colibrí,¿Qué tipo de pastel es la tarta colibrí?,2,2,USA,dish,easy,0
USA|dish|Tarta colibrí,¿Qué ingrediente utiliza la tarta colibrí en vez de mantequilla?,1,1,USA,dish,medium,0
USA|dish|Tarta colibrí,¿Por qué se le puso el nombre de tarta colibrí y qué relación tiene con su origen?,2,2,USA,dish,hard,0
USA|dish|Sándwich de albóndigas,¿Qué es el sándwich de albóndigas?,1,1,USA,dish,easy,0
USA|dish|Sándwich de albóndigas,"¿En qué países se conoce el sándwich de albóndigas como ""albondigazo"" y ""bocata de albóndigas""?",2,1,USA,dish,medium,0
USA|dish|Sándwich de albóndigas,¿Qué ingredientes principales componen el sándwich de albóndigas y en qué forma es común prepararlo?,4,2,USA,dish,hard,2
USA|dish|Tetrazzini,¿Qué es el Tetrazzini?,1,1,USA,dish,easy,0
USA|dish|Tetrazzini,¿Qué tipo de carne incluye típicamente el Tetrazzini?,1,1,USA,dish,medium,0
USA|dish|Tetrazzini,¿Quién fue el inventor del Tetrazzini y en qué periodo se cree que fue creado?,2,2,USA,dish,hard,0
USA|dish|Tomato pie,¿Qué es el tomato pie?,1,1,USA,dish,easy,0
USA|dish|Tomato pie,¿Con qué se elabora el tomato pie?,1,1,USA,dish,medium,1
USA|dish|Tomato pie,"¿Desde qué década se emplearon los tomates en la cocina estadounidense, específicamente en la elaboración del tomato pie?",3,3,USA,dish,hard,0
USA|dish|The Wieners Circle,¿En qué año abrió The Wieners Circle?,1,1,USA,dish,easy,0
USA|dish|The Wieners Circle,¿Qué tipo de comida es conocida en The Wieners Circle?,1,1,USA,dish,medium,0
USA|dish|The Wieners Circle,¿Qué evento en la década de 1990 contribuyó a la cultura de abuso verbal en The Wieners Circle?,3,2,USA,dish,hard,0
USA|dish|Tostada,¿Qué es una tostada?,1,1,USA,dish,easy,0
USA|dish|Tostada,¿Cómo se llama la tostada en Argentina?,2,2,USA,dish,medium,0
USA|dish|Tostada,"¿Qué variaciones del término ""tostada"" existen en Colombia y Venezuela?",4,2,USA,dish,hard,0
USA|dish|Vio (bebida),¿Qué es Vio?,2,2,USA,dish,easy,0
USA|dish|Vio (bebida),¿Cuáles son los sabores en los que viene la bebida Vio?,1,1,USA,dish,medium,0
USA|dish|Vio (bebida),¿En qué ciudades se puede encontrar de forma limitada la bebida Vio?,2,1,USA,dish,hard,0
USA|dish|Tiras de pollo,¿Cómo se llaman también las tiras de pollo en inglés?,1,1,USA,dish,easy,0
USA|dish|Tiras de pollo,¿Qué tipo de carne se utiliza para preparar las tiras de pollo?,1,1,USA,dish,medium,0
USA|dish|Tiras de pollo,¿En qué países se sirven comúnmente las tiras de pollo?,4,1,USA,dish,hard,0
USA|dish|Vino del Condado de Mendocino,¿Qué es el Vino del Condado de Mendocino?,1,1,USA,dish,easy,0
USA|dish|Vino del Condado de Mendocino,¿En qué estado de Estados Unidos se produce el Vino del Condado de Mendocino?,1,1,USA,dish,medium,0
USA|dish|Vino del Condado de Mendocino,¿Qué porcentaje de la superficie cultivada en el condado de Mendocino es orgánica y qué características climáticas tiene esta región vinícola?,2,2,USA,dish,hard,0
USA|dish|Whiskey de maíz,¿Qué es el whiskey de maíz?,1,1,USA,dish,easy,0
USA|dish|Whiskey de maíz,¿Con qué porcentaje mínimo de maíz se elabora el whiskey de maíz?,1,1,USA,dish,medium,0
USA|dish|Whiskey de maíz,¿Qué características tiene el envejecimiento del whiskey de maíz y en qué tipo de barriles debe ser envejecido si se decide hacerlo?,2,2,USA,dish,hard,0
USA|dish|The Boston cooking-school cook book,"¿Quién publicó ""The Boston cooking-school cook book""?",1,1,USA,dish,easy,1
USA|dish|The Boston cooking-school cook book,"¿En qué año fue publicado ""The Boston cooking-school cook book""?",1,1,USA,dish,medium,0
USA|dish|The Boston cooking-school cook book,"¿Por qué ""The Boston cooking-school cook book"" es considerado una fuente fidedigna de la cocina del siglo XIX?",1,1,USA,dish,hard,0
USA|fauna|Achatinella sowerbyana,¿Qué tipo de especie es Achatinella sowerbyana?,3,3,USA,fauna,easy,0
USA|fauna|Achatinella sowerbyana,¿Dónde se encuentra Achatinella sowerbyana?,1,1,USA,fauna,medium,0
USA|fauna|Achatinella sowerbyana,¿Qué característica distintiva tiene Achatinella sowerbyana en relación a su distribución geográfica?,1,1,USA,fauna,hard,0
USA|dish|Wendy's,¿Qué tipo de empresa es Wendy's?,1,1,USA,dish,easy,0
USA|dish|Wendy's,¿Cuántos establecimientos tiene Wendy's a nivel mundial?,1,1,USA,dish,medium,0
USA|dish|Wendy's,¿Quién fundó Wendy's y en qué año se abrió su primer restaurante?,2,2,USA,dish,hard,0
USA|dish|White Castle (restaurante),¿Qué es White Castle?,2,2,USA,dish,easy,0
USA|dish|White Castle (restaurante),¿En qué año fue fundado White Castle?,2,1,USA,dish,medium,0
USA|dish|White Castle (restaurante),¿Qué medidas adoptó White Castle para remarcar la higiene de su local y quién fue su fundador?,3,3,USA,dish,hard,0
USA|fauna|Aegialites farallonensis,¿Qué tipo de especie es Aegialites farallonensis?,2,2,USA,fauna,easy,0
USA|fauna|Aegialites farallonensis,¿Dónde se encuentra Aegialites farallonensis?,1,1,USA,fauna,medium,0
USA|fauna|Aegialites farallonensis,¿Qué familia pertenece Aegialites farallonensis y en qué región geográfica se distribuye?,2,2,USA,fauna,hard,0
USA|fauna|Agrypnus rectangularis,¿Qué tipo de especie es Agrypnus rectangularis?,2,2,USA,fauna,easy,0
USA|fauna|Agrypnus rectangularis,¿Quién describió científicamente a Agrypnus rectangularis y en qué año?,2,2,USA,fauna,medium,0
USA|fauna|Agrypnus rectangularis,"¿A qué familia y tribu pertenece Agrypnus rectangularis, y en qué país se distribuye?",3,3,USA,fauna,hard,0
USA|fauna|Alaskan Husky,¿Qué es el Alaskan Husky?,1,1,USA,fauna,easy,0
USA|fauna|Alaskan Husky,¿Dónde es originario el Alaskan Husky?,1,1,USA,fauna,medium,0
USA|fauna|Alaskan Husky,¿Qué características distintivas tiene el Alaskan Husky en comparación con otras razas de perros de trineo?,2,2,USA,fauna,hard,0
USA|fauna|American shorthair,¿Qué es el American shorthair?,2,2,USA,fauna,easy,0
USA|fauna|American shorthair,¿A qué debe mucho el American shorthair en su desarrollo?,1,1,USA,fauna,medium,0
USA|fauna|American shorthair,¿Cuál es el nombre del macho atigrado rojizo que se remonta al pedigrí del American shorthair y qué título recibió al registrarse en Estados Unidos?,4,4,USA,fauna,hard,0
USA|fauna|Acuminochernes crassopalpus,¿Qué tipo de arácnido es Acuminochernes crassopalpus?,3,3,USA,fauna,easy,0
USA|fauna|Acuminochernes crassopalpus,¿Dónde se encuentra Acuminochernes crassopalpus?,1,1,USA,fauna,medium,0
USA|fauna|Acuminochernes crassopalpus,¿Qué relación tiene Acuminochernes crassopalpus con el orden Pseudoscorpionida y dónde se encuentra?,4,4,USA,fauna,hard,0
USA|fauna|Alabamocreagris mortis,¿Qué tipo de especie es Alabamocreagris mortis?,4,3,USA,fauna,easy,0
USA|fauna|Alabamocreagris mortis,¿Dónde se encuentra Alabamocreagris mortis?,2,1,USA,fauna,medium,1
USA|fauna|Alabamocreagris mortis,¿Qué familia pertenece Alabamocreagris mortis y qué orden de arácnidos representa?,2,2,USA,fauna,hard,0
USA|fauna|Albiorix edentatus,¿Qué tipo de especie es Albiorix edentatus?,3,3,USA,fauna,easy,0
USA|fauna|Albiorix edentatus,¿Dónde se encuentra Albiorix edentatus?,2,1,USA,fauna,medium,0
USA|fauna|Albiorix edentatus,¿Qué características distintivas tiene Albiorix edentatus y en qué hábitat se encuentra?,5,4,USA,fauna,hard,0
USA|fauna|Achatinella casta,¿Qué tipo de especie es Achatinella casta?,2,2,USA,fauna,easy,0
USA|fauna|Achatinella casta,¿Dónde se encontraba Achatinella casta?,1,1,USA,fauna,medium,0
USA|fauna|Achatinella casta,¿Qué características distintivas tiene Achatinella casta y dónde se encontraba?,3,3,USA,fauna,hard,0
USA|fauna|Ammotrechula catalinae,¿Qué tipo de arácnido es Ammotrechula catalinae?,3,3,USA,fauna,easy,0
USA|fauna|Ammotrechula catalinae,¿Dónde se encuentra Ammotrechula catalinae?,2,2,USA,fauna,medium,0
USA|fauna|Ammotrechula catalinae,¿A qué familia pertenece Ammotrechula catalinae y qué características distintivas tiene su hábitat?,1,1,USA,fauna,hard,0
USA|fauna|Amphicerus bicaudatus,¿Qué tipo de especie es Amphicerus bicaudatus?,1,1,USA,fauna,easy,0
USA|fauna|Amphicerus bicaudatus,¿En qué año fue descrita Amphicerus bicaudatus?,1,1,USA,fauna,medium,0
USA|fauna|Amphicerus bicaudatus,¿A qué familia pertenece Amphicerus bicaudatus y en qué tribu está categorizada?,2,2,USA,fauna,hard,0
USA|fauna|Antilocapra americana,¿Qué tipo de mamífero es el Antilocapra americana?,2,2,USA,fauna,easy,0
USA|fauna|Antilocapra americana,¿Cuál es el peso de los machos de Antilocapra americana?,1,1,USA,fauna,medium,0
USA|fauna|Antilocapra americana,¿En qué tipo de hábitat evoluciona el Antilocapra americana y qué características prefiere?,3,2,USA,fauna,hard,0
USA|fauna|Araneus bonsallae,¿Qué tipo de especie es Araneus bonsallae?,2,2,USA,fauna,easy,0
USA|fauna|Araneus bonsallae,¿Quién describió científicamente a Araneus bonsallae y en qué año?,2,2,USA,fauna,medium,0
USA|fauna|Araneus bonsallae,¿En qué periodo del año se mantiene activa Araneus bonsallae y en qué país se distribuye?,2,2,USA,fauna,hard,0
USA|fauna|Ammotrechella pallida,¿Qué tipo de especie es Ammotrechella pallida?,3,3,USA,fauna,easy,0
USA|fauna|Ammotrechella pallida,¿Dónde se encuentra Ammotrechella pallida?,1,1,USA,fauna,medium,0
USA|fauna|Ammotrechella pallida,¿Qué características distintivas tiene Ammotrechella pallida y en qué región se encuentra?,4,4,USA,fauna,hard,0
USA|fauna|Aspidoscelis velox,¿Qué tipo de especie es Aspidoscelis velox?,2,2,USA,fauna,easy,0
USA|fauna|Aspidoscelis velox,¿En qué estado de Estados Unidos se distribuye Aspidoscelis velox?,1,1,USA,fauna,medium,0
USA|fauna|Aspidoscelis velox,¿Quién describió a Aspidoscelis velox y en qué año?,2,2,USA,fauna,hard,0
USA|fauna|Archips packardiana,¿Qué tipo de especie es Archips packardiana?,1,1,USA,fauna,easy,0
USA|fauna|Archips packardiana,¿Quién describió científicamente a Archips packardiana y en qué año?,2,2,USA,fauna,medium,0
USA|fauna|Archips packardiana,"¿A qué familia y tribu pertenece Archips packardiana, y en qué país se distribuye?",3,3,USA,fauna,hard,0
USA|fauna|Atimia gannoni,¿Qué tipo de especie es Atimia gannoni?,2,2,USA,fauna,easy,0
USA|fauna|Atimia gannoni,¿Quiénes describieron científicamente a Atimia gannoni y en qué año?,2,2,USA,fauna,medium,0
USA|fauna|Atimia gannoni,"¿A qué tribu y subfamilia pertenece Atimia gannoni, y en qué país se distribuye?",3,3,USA,fauna,hard,0
USA|fauna|Callimoxys nigrinus,¿Qué tipo de especie es Callimoxys nigrinus?,2,2,USA,fauna,easy,0
USA|fauna|Callimoxys nigrinus,¿Quiénes describieron a Callimoxys nigrinus y en qué año?,2,2,USA,fauna,medium,0
USA|fauna|Callimoxys nigrinus,¿A qué tribu y subfamilia pertenece Callimoxys nigrinus?,2,2,USA,fauna,hard,0
USA|fauna|Canifa pallipennis,¿Qué tipo de especie es Canifa pallipennis?,2,2,USA,fauna,easy,0
USA|fauna|Canifa pallipennis,¿Dónde se encuentra Canifa pallipennis?,1,1,USA,fauna,medium,0
USA|fauna|Canifa pallipennis,¿Qué familia pertenece Canifa pallipennis y en qué lugar específico de Estados Unidos se encuentra?,2,2,USA,fauna,hard,0
USA|fauna|Archips rileyana,¿Qué tipo de especie es Archips rileyana?,1,1,USA,fauna,easy,0
USA|fauna|Archips rileyana,¿Quién describió científicamente a Archips rileyana y en qué año?,2,2,USA,fauna,medium,0
USA|fauna|Archips rileyana,"¿A qué familia y tribu pertenece Archips rileyana, y en qué país se distribuye?",3,3,USA,fauna,hard,0
USA|fauna|Chauliognathus arizonensis,¿Qué tipo de especie es Chauliognathus arizonensis?,1,1,USA,fauna,easy,0
USA|fauna|Chauliognathus arizonensis,¿A qué familia pertenece Chauliognathus arizonensis?,1,1,USA,fauna,medium,0
USA|fauna|Chauliognathus arizonensis,¿Cuál es la subfamilia a la que pertenece Chauliognathus arizonensis y qué características distintivas tiene?,2,2,USA,fauna,hard,0
USA|fauna|Cheiridium simulacrum,¿Qué tipo de especie es Cheiridium simulacrum?,3,3,USA,fauna,easy,0
USA|fauna|Cheiridium simulacrum,¿Dónde se encuentra Cheiridium simulacrum?,1,1,USA,fauna,medium,0
USA|fauna|Cheiridium simulacrum,¿Qué características distintivas tiene Cheiridium simulacrum y en qué región específica se encuentra?,4,4,USA,fauna,hard,0
USA|fauna|Cis ursulinus,¿Qué tipo de especie es Cis ursulinus?,2,2,USA,fauna,easy,0
USA|fauna|Cis ursulinus,¿Dónde se encuentra Cis ursulinus?,1,1,USA,fauna,medium,0
USA|fauna|Cis ursulinus,¿Qué familia pertenece Cis ursulinus y en qué región geográfica se distribuye?,2,2,USA,fauna,hard,0
USA|fauna|Chorisoneura texensis,¿Qué tipo de especie es Chorisoneura texensis?,2,2,USA,fauna,easy,0
USA|fauna|Chorisoneura texensis,¿En qué estados de los Estados Unidos se puede encontrar Chorisoneura texensis?,3,1,USA,fauna,medium,2
USA|fauna|Chorisoneura texensis,¿Quiénes describieron científicamente a Chorisoneura texensis y en qué año?,2,2,USA,fauna,hard,0
USA|fauna|Copidita desecheonis,¿Qué tipo de especie es Copidita desecheonis?,2,2,USA,fauna,easy,0
USA|fauna|Copidita desecheonis,¿Dónde se encuentra la especie Copidita desecheonis?,1,1,USA,fauna,medium,0
USA|fauna|Copidita desecheonis,¿Qué familia pertenece la especie Copidita desecheonis y en qué región geográfica se distribuye?,2,2,USA,fauna,hard,0
USA|fauna|Choristoneura zapulata,¿Qué tipo de especie es Choristoneura zapulata?,2,2,USA,fauna,easy,0
USA|fauna|Choristoneura zapulata,¿En qué parte de América del Norte se distribuye Choristoneura zapulata?,2,1,USA,fauna,medium,0
USA|fauna|Choristoneura zapulata,¿Quién describió científicamente a Choristoneura zapulata y en qué año?,2,2,USA,fauna,hard,0
USA|fauna|Cis crinitus,¿Qué tipo de especie es Cis crinitus?,2,2,USA,fauna,easy,0
USA|fauna|Cis crinitus,¿Dónde se encuentra Cis crinitus?,1,1,USA,fauna,medium,0
USA|fauna|Cis crinitus,¿Qué familia pertenece Cis crinitus y en qué región geográfica se distribuye?,2,2,USA,fauna,hard,0
USA|fauna|Cyprinella pyrrhomelas,¿Qué tipo de especie es Cyprinella pyrrhomelas?,3,3,USA,fauna,easy,0
USA|fauna|Cyprinella pyrrhomelas,¿Dónde se encuentra Cyprinella pyrrhomelas?,3,1,USA,fauna,medium,1
USA|fauna|Cyprinella pyrrhomelas,¿Qué características morfológicas pueden alcanzar los machos de Cyprinella pyrrhomelas?,1,1,USA,fauna,hard,0
USA|fauna|Bavia aericeps,¿Qué tipo de especie es Bavia aericeps?,2,2,USA,fauna,easy,0
USA|fauna|Bavia aericeps,¿Quién describió científicamente a Bavia aericeps y en qué año?,2,2,USA,fauna,medium,0
USA|fauna|Bavia aericeps,¿En qué regiones del mundo se distribuye Bavia aericeps y qué familia le pertenece?,19,2,USA,fauna,hard,0
USA|fauna|Cyclonaias tuberculata,¿Qué tipo de especie es Cyclonaias tuberculata?,2,2,USA,fauna,easy,0
USA|fauna|Cyclonaias tuberculata,¿Dónde se encuentra Cyclonaias tuberculata?,1,1,USA,fauna,medium,0
USA|fauna|Cyclonaias tuberculata,¿Qué significa que Cyclonaias tuberculata es endémica de los Estados Unidos?,1,1,USA,fauna,hard,0
USA|fauna|Cyphon johni,¿Qué tipo de especie es Cyphon johni?,2,2,USA,fauna,easy,0
USA|fauna|Cyphon johni,¿Dónde se encuentra Cyphon johni?,2,1,USA,fauna,medium,0
USA|fauna|Cyphon johni,¿Cuál es la familia a la que pertenece Cyphon johni y en qué región geográfica se encuentra?,3,2,USA,fauna,hard,0
USA|fauna|Cyrtinus subopacus,¿Qué tipo de especie es Cyrtinus subopacus?,2,2,USA,fauna,easy,0
USA|fauna|Cyrtinus subopacus,¿Quién describió científicamente a Cyrtinus subopacus y en qué año?,2,2,USA,fauna,medium,0
USA|fauna|Cyrtinus subopacus,"¿A qué tribu y orden pertenece Cyrtinus subopacus, y dónde se distribuye?",3,3,USA,fauna,hard,0
USA|fauna|Earophila vasiliata,¿Qué tipo de especie es Earophila vasiliata?,2,2,USA,fauna,easy,0
USA|fauna|Earophila vasiliata,¿Quién describió por primera vez a Earophila vasiliata?,1,1,USA,fauna,medium,0
USA|fauna|Earophila vasiliata,¿Cuál es la envergadura de Earophila vasiliata y en qué tipo de hábitats se encuentra?,5,2,USA,fauna,hard,0
USA|fauna|Dinocheirus aequalis,¿Qué tipo de especie es Dinocheirus aequalis?,3,3,USA,fauna,easy,0
USA|fauna|Dinocheirus aequalis,¿Dónde se encuentra Dinocheirus aequalis?,2,1,USA,fauna,medium,0
USA|fauna|Dinocheirus aequalis,¿A qué familia pertenece Dinocheirus aequalis y qué orden de arácnidos representa?,2,2,USA,fauna,hard,0
USA|fauna|Elgaria panamintina,¿Qué tipo de especie es Elgaria panamintina?,1,1,USA,fauna,easy,0
USA|fauna|Elgaria panamintina,¿Dónde puede ser encontrada Elgaria panamintina?,1,1,USA,fauna,medium,0
USA|fauna|Elgaria panamintina,¿Qué tipo de lagartos es Elgaria panamintina y en qué país se encuentra?,2,2,USA,fauna,hard,0
USA|fauna|Emelinus huachucanus,¿Qué tipo de especie es Emelinus huachucanus?,2,2,USA,fauna,easy,0
USA|fauna|Emelinus huachucanus,¿Dónde se encuentra Emelinus huachucanus?,1,1,USA,fauna,medium,0
USA|fauna|Emelinus huachucanus,¿Qué familia pertenece Emelinus huachucanus y en qué región geográfica se distribuye?,2,2,USA,fauna,hard,0
USA|fauna|Ectobius lapponicus,¿Qué tipo de insecto es Ectobius lapponicus?,2,2,USA,fauna,easy,0
USA|fauna|Ectobius lapponicus,¿Cuál es la longitud que mide el macho de Ectobius lapponicus?,1,1,USA,fauna,medium,0
USA|fauna|Ectobius lapponicus,¿En qué año se registró por primera vez Ectobius lapponicus en América del Norte y de dónde es originaria?,3,3,USA,fauna,hard,0
USA|fauna|Elytrimitatrix undata,¿Qué tipo de especie es Elytrimitatrix undata?,2,2,USA,fauna,easy,0
USA|fauna|Elytrimitatrix undata,¿Quién describió científicamente a Elytrimitatrix undata y en qué año?,2,2,USA,fauna,medium,0
USA|fauna|Elytrimitatrix undata,"¿A qué familia y orden pertenece Elytrimitatrix undata, y dónde se distribuye?",3,3,USA,fauna,hard,0
USA|fauna|Epicauta virgulata,¿Qué tipo de especie es Epicauta virgulata?,2,2,USA,fauna,easy,0
USA|fauna|Epicauta virgulata,¿Dónde se encuentra Epicauta virgulata?,1,1,USA,fauna,medium,0
USA|fauna|Epicauta virgulata,¿Qué familia pertenece Epicauta virgulata y en qué región geográfica se distribuye?,2,2,USA,fauna,hard,0
USA|fauna|Epicauta emarginata,¿Qué tipo de especie es Epicauta emarginata?,2,2,USA,fauna,easy,0
USA|fauna|Epicauta emarginata,¿Dónde se encuentra Epicauta emarginata?,2,1,USA,fauna,medium,0
USA|fauna|Epicauta emarginata,¿Cuál es la familia a la que pertenece Epicauta emarginata y qué tipo de hábitat se asocia comúnmente con los coleópteros de esta familia?,2,2,USA,fauna,hard,0
USA|fauna|Eremobates kraepelini,¿Qué tipo de arácnido es Eremobates kraepelini?,3,3,USA,fauna,easy,0
USA|fauna|Eremobates kraepelini,¿Dónde se encuentra Eremobates kraepelini?,1,1,USA,fauna,medium,0
USA|fauna|Eremobates kraepelini,¿A qué familia pertenece Eremobates kraepelini y qué características distintivas tiene dentro de su orden?,2,2,USA,fauna,hard,0
USA|fauna|Elaphidion linsleyi,¿Qué tipo de especie es Elaphidion linsleyi?,2,2,USA,fauna,easy,0
USA|fauna|Elaphidion linsleyi,¿En qué año fue descrita la especie Elaphidion linsleyi?,1,1,USA,fauna,medium,0
USA|fauna|Elaphidion linsleyi,"¿En qué subfamilia y tribu se categoriza Elaphidion linsleyi, y en qué región se distribuye?",3,3,USA,fauna,hard,0
USA|fauna|Eremobates scopulatellus,¿Qué tipo de especie es Eremobates scopulatellus?,4,3,USA,fauna,easy,0
USA|fauna|Eremobates scopulatellus,¿Dónde se encuentra Eremobates scopulatellus?,2,1,USA,fauna,medium,0
USA|fauna|Eremobates scopulatellus,¿A qué familia pertenece Eremobates scopulatellus y qué características distintivas tiene en su hábitat?,1,1,USA,fauna,hard,0
USA|fauna|Eremobates scaber,¿Qué tipo de especie es Eremobates scaber?,4,3,USA,fauna,easy,0
USA|fauna|Eremobates scaber,¿Dónde se encuentra Eremobates scaber?,2,1,USA,fauna,medium,0
USA|fauna|Eremobates scaber,¿A qué familia pertenece Eremobates scaber y qué características distintivas tiene en su hábitat?,1,1,USA,fauna,hard,0
USA|fauna|Eupithecia albigrisata,¿Qué tipo de especie es Eupithecia albigrisata?,2,2,USA,fauna,easy,0
USA|fauna|Eupithecia albigrisata,¿Quién describió por primera vez a Eupithecia albigrisata?,1,1,USA,fauna,medium,0
USA|fauna|Eupithecia albigrisata,¿En qué año fue descrita Eupithecia albigrisata y dónde se encuentra su distribución?,2,2,USA,fauna,hard,0
USA|fauna|Eupithecia edna,¿Qué tipo de especie es Eupithecia edna?,2,2,USA,fauna,easy,0
USA|fauna|Eupithecia edna,¿En qué año fue descrita la especie Eupithecia edna?,1,1,USA,fauna,medium,0
USA|fauna|Eupithecia edna,¿Qué características distintivas tiene Eupithecia edna en comparación con Eupithecia owenata?,2,1,USA,fauna,hard,0
USA|fauna|Eremobates zinni,¿Qué tipo de especie es Eremobates zinni?,3,3,USA,fauna,easy,0
USA|fauna|Eremobates zinni,¿Dónde se encuentra Eremobates zinni?,2,1,USA,fauna,medium,0
USA|fauna|Eremobates zinni,¿Qué características distintivas tiene Eremobates zinni y en qué regiones se distribuye?,5,4,USA,fauna,hard,0
USA|fauna|Epicauta pedalis,¿Qué tipo de especie es Epicauta pedalis?,2,2,USA,fauna,easy,0
USA|fauna|Epicauta pedalis,¿Dónde se encuentra Epicauta pedalis?,2,1,USA,fauna,medium,0
USA|fauna|Epicauta pedalis,¿Qué familia pertenece Epicauta pedalis y qué características distintivas tiene como coleóptero?,1,1,USA,fauna,hard,0
USA|fauna|Eupithecia albimontanata,¿Qué tipo de especie es Eupithecia albimontanata?,2,2,USA,fauna,easy,0
USA|fauna|Eupithecia albimontanata,¿Quién describió por primera vez a Eupithecia albimontanata?,1,1,USA,fauna,medium,0
USA|fauna|Eupithecia albimontanata,¿En qué año fue descrita Eupithecia albimontanata y dónde se encuentra su holotipo?,2,2,USA,fauna,hard,0
USA|fauna|Ischnomera excavata,¿Qué tipo de especie es Ischnomera excavata?,2,2,USA,fauna,easy,0
USA|fauna|Ischnomera excavata,¿Dónde se encuentra Ischnomera excavata?,1,1,USA,fauna,medium,0
USA|fauna|Ischnomera excavata,¿A qué familia pertenece Ischnomera excavata y qué tipo de hábitat se asocia comúnmente con los coleópteros de esta familia?,1,1,USA,fauna,hard,0
USA|fauna|Kleptochthonius regulus,¿Qué tipo de especie es Kleptochthonius regulus?,4,2,USA,fauna,easy,0
USA|fauna|Kleptochthonius regulus,¿Dónde se encuentra Kleptochthonius regulus?,1,1,USA,fauna,medium,0
USA|fauna|Kleptochthonius regulus,¿A qué familia pertenece Kleptochthonius regulus y qué características distintivas tiene como arácnido?,3,2,USA,fauna,hard,0
USA|fauna|Lasionycta coracina,¿Qué tipo de especie es Lasionycta coracina?,2,2,USA,fauna,easy,0
USA|fauna|Lasionycta coracina,¿Dónde vive Lasionycta coracina?,1,1,USA,fauna,medium,0
USA|fauna|Lasionycta coracina,¿Qué características distintivas tiene Lasionycta coracina en cuanto a su envergadura y hábitat?,3,2,USA,fauna,hard,0
USA|fauna|Lasionycta sasquatch,¿Qué tipo de especie es Lasionycta sasquatch?,2,2,USA,fauna,easy,0
USA|fauna|Lasionycta sasquatch,¿Dónde se encuentra Lasionycta sasquatch?,1,1,USA,fauna,medium,0
USA|fauna|Lasionycta sasquatch,¿Cuál es la envergadura de Lasionycta sasquatch para los machos y en qué hábitat se encuentra?,2,2,USA,fauna,hard,0
USA|fauna|Hallomenus serricornis,¿Qué tipo de especie es Hallomenus serricornis?,2,2,USA,fauna,easy,0
USA|fauna|Hallomenus serricornis,¿Dónde se encuentra Hallomenus serricornis?,1,1,USA,fauna,medium,0
USA|fauna|Hallomenus serricornis,¿A qué familia pertenece Hallomenus serricornis y qué tipo de hábitat ocupa en su distribución geográfica?,2,2,USA,fauna,hard,0
USA|fauna|Hysterochelifer proprius,¿Qué tipo de especie es Hysterochelifer proprius?,3,3,USA,fauna,easy,0
USA|fauna|Hysterochelifer proprius,¿Dónde se encuentra Hysterochelifer proprius?,1,1,USA,fauna,medium,0
USA|fauna|Hysterochelifer proprius,¿Qué características distintivas tiene Hysterochelifer proprius y en qué región específica de Estados Unidos se encuentra?,4,4,USA,fauna,hard,0
USA|fauna|Lasionycta staudingeri,¿Qué tipo de especie es Lasionycta staudingeri?,2,2,USA,fauna,easy,0
USA|fauna|Lasionycta staudingeri,¿Dónde se encuentra Lasionycta staudingeri?,4,1,USA,fauna,medium,0
USA|fauna|Lasionycta staudingeri,¿Cuáles son las subespecies de Lasionycta staudingeri y dónde se encuentra una de ellas?,5,2,USA,fauna,hard,0
USA|fauna|Himatolabus axillaris,¿Qué tipo de especie es Himatolabus axillaris?,2,2,USA,fauna,easy,0
USA|fauna|Himatolabus axillaris,¿Dónde se encuentra Himatolabus axillaris?,3,1,USA,fauna,medium,1
USA|fauna|Himatolabus axillaris,¿Cuál es la familia a la que pertenece Himatolabus axillaris y en qué países se distribuye?,4,2,USA,fauna,hard,1
USA|fauna|Metophthalmus sandersoni,¿Qué tipo de especie es Metophthalmus sandersoni?,2,2,USA,fauna,easy,0
USA|fauna|Metophthalmus sandersoni,¿Dónde se encuentra Metophthalmus sandersoni?,1,1,USA,fauna,medium,0
USA|fauna|Metophthalmus sandersoni,¿A qué familia pertenece Metophthalmus sandersoni y qué tipo de hábitat se asocia comúnmente con los coleópteros de esta familia?,1,1,USA,fauna,hard,0
USA|fauna|Leptura abdominalis,¿Qué tipo de especie es Leptura abdominalis?,2,2,USA,fauna,easy,0
USA|fauna|Leptura abdominalis,¿En qué año fue descrita Leptura abdominalis?,1,1,USA,fauna,medium,0
USA|fauna|Leptura abdominalis,¿A qué tribu y subfamilia pertenece Leptura abdominalis?,2,2,USA,fauna,hard,0
USA|fauna|Metacarcinus magister,¿Qué tipo de especie es Metacarcinus magister?,2,2,USA,fauna,easy,0
USA|fauna|Metacarcinus magister,¿Dónde se encuentra Metacarcinus magister?,1,1,USA,fauna,medium,0
USA|fauna|Metacarcinus magister,¿Cuál es el tamaño máximo que puede alcanzar Metacarcinus magister en algunas áreas de la costa de Washington y qué tipo de fondo prefiere habitar?,2,2,USA,fauna,hard,0
USA|fauna|Linsleya suavissima,¿Qué tipo de especie es Linsleya suavissima?,2,2,USA,fauna,easy,0
USA|fauna|Linsleya suavissima,¿Dónde se encuentra Linsleya suavissima?,3,2,USA,fauna,medium,0
USA|fauna|Linsleya suavissima,¿Cuál es la familia a la que pertenece Linsleya suavissima y qué tipo de hábitat ocupa?,4,3,USA,fauna,hard,0
USA|fauna|Mordella brevistylis,¿Qué tipo de especie es Mordella brevistylis?,2,2,USA,fauna,easy,0
USA|fauna|Mordella brevistylis,¿Dónde se encuentra Mordella brevistylis?,1,1,USA,fauna,medium,0
USA|fauna|Mordella brevistylis,¿Qué familia pertenece Mordella brevistylis y qué tipo de hábitat ocupa en su distribución geográfica?,2,2,USA,fauna,hard,0
USA|fauna|Mordellistena wolcotti,¿Qué tipo de insecto es Mordellistena wolcotti?,2,2,USA,fauna,easy,0
USA|fauna|Mordellistena wolcotti,¿Dónde se encuentra Mordellistena wolcotti?,1,1,USA,fauna,medium,0
USA|fauna|Mordellistena wolcotti,¿Qué familia de insectos pertenece Mordellistena wolcotti y qué características distintivas pueden tener los coleópteros de esta familia?,1,1,USA,fauna,hard,0
USA|fauna|Mordellistena smithi,¿Qué tipo de especie es Mordellistena smithi?,2,2,USA,fauna,easy,0
USA|fauna|Mordellistena smithi,¿Dónde habita Mordellistena smithi?,1,1,USA,fauna,medium,0
USA|fauna|Mordellistena smithi,¿Qué características distintivas tiene Mordellistena smithi y en qué región se encuentra?,2,2,USA,fauna,hard,0
USA|fauna|Mordellistena divisa,¿Qué tipo de especie es Mordellistena divisa?,2,2,USA,fauna,easy,0
USA|fauna|Mordellistena divisa,¿Cuánto mide Mordellistena divisa hasta el extremo de los élitros?,1,1,USA,fauna,medium,0
USA|fauna|Mordellistena divisa,¿En qué país se encuentra la especie Mordellistena divisa y qué color presenta?,2,2,USA,fauna,hard,0
USA|fauna|Mordellistena tarsalis,¿Qué tipo de especie es Mordellistena tarsalis?,2,2,USA,fauna,easy,0
USA|fauna|Mordellistena tarsalis,¿Dónde se encuentra Mordellistena tarsalis?,1,1,USA,fauna,medium,0
USA|fauna|Mordellistena tarsalis,¿Qué familia pertenece Mordellistena tarsalis y en qué región geográfica se distribuye?,2,2,USA,fauna,hard,0
USA|fauna|Mordellistena pauxilla,¿Qué tipo de insecto es Mordellistena pauxilla?,2,2,USA,fauna,easy,0
USA|fauna|Mordellistena pauxilla,¿Dónde se encuentra Mordellistena pauxilla?,1,1,USA,fauna,medium,0
USA|fauna|Mordellistena pauxilla,¿Qué familia de insectos pertenece Mordellistena pauxilla y qué características distintivas pueden tener los coleópteros de esta familia?,3,2,USA,fauna,hard,0
USA|fauna|Neoblattella vomer,¿Qué tipo de especie es Neoblattella vomer?,1,1,USA,fauna,easy,0
USA|fauna|Neoblattella vomer,¿En qué lugar se encuentra Neoblattella vomer?,1,1,USA,fauna,medium,0
USA|fauna|Neoblattella vomer,¿A qué familia pertenece Neoblattella vomer y qué características distintivas tiene dentro de su hábitat?,1,1,USA,fauna,hard,0
USA|fauna|Lytta stygica,¿Qué tipo de especie es Lytta stygica?,2,2,USA,fauna,easy,0
USA|fauna|Lytta stygica,¿Dónde se encuentra Lytta stygica?,3,2,USA,fauna,medium,1
USA|fauna|Lytta stygica,¿Cuál es la familia a la que pertenece Lytta stygica y en qué región geográfica se distribuye?,4,3,USA,fauna,hard,1
USA|fauna|Morgan (caballo),¿Qué es el Morgan?,2,2,USA,fauna,easy,0
USA|fauna|Morgan (caballo),¿Qué características físicas tiene el caballo Morgan?,1,1,USA,fauna,medium,0
USA|fauna|Morgan (caballo),¿Cómo ha influido la raza Morgan en otras razas de caballos y en qué contexto histórico se utilizó?,3,3,USA,fauna,hard,0
USA|fauna|Nemognatha dubia,¿Qué tipo de especie es Nemognatha dubia?,2,2,USA,fauna,easy,0
USA|fauna|Nemognatha dubia,¿Dónde se encuentra Nemognatha dubia?,2,1,USA,fauna,medium,0
USA|fauna|Nemognatha dubia,¿Qué familia pertenece Nemognatha dubia y qué características distintivas pueden tener los coleópteros de esta familia?,1,1,USA,fauna,hard,0
USA|fauna|Mordella felix,¿Qué tipo de especie es Mordella felix?,2,2,USA,fauna,easy,0
USA|fauna|Mordella felix,¿Dónde se encuentra Mordella felix?,3,1,USA,fauna,medium,1
USA|fauna|Mordella felix,¿Qué familia pertenece Mordella felix y en qué regiones de Estados Unidos se distribuye?,4,2,USA,fauna,hard,1
USA|fauna|Neoeurygenius grahami,¿Qué tipo de especie es Neoeurygenius grahami?,2,2,USA,fauna,easy,0
USA|fauna|Neoeurygenius grahami,¿Dónde se encuentra Neoeurygenius grahami?,1,1,USA,fauna,medium,0
USA|fauna|Neoeurygenius grahami,¿Qué familia pertenece Neoeurygenius grahami y en qué región geográfica se distribuye?,2,2,USA,fauna,hard,0
USA|fauna|Myrmecoderus laevipennis,¿Qué tipo de especie es Myrmecoderus laevipennis?,2,2,USA,fauna,easy,0
USA|fauna|Myrmecoderus laevipennis,¿Dónde se encuentra Myrmecoderus laevipennis?,2,1,USA,fauna,medium,0
USA|fauna|Myrmecoderus laevipennis,¿Qué familia pertenece Myrmecoderus laevipennis y en qué regiones específicas de América del Norte se distribuye?,3,2,USA,fauna,hard,0
USA|fauna|Oligonicella bolliana,¿Qué tipo de especie es Oligonicella bolliana?,2,2,USA,fauna,easy,0
USA|fauna|Oligonicella bolliana,¿Dónde se encuentra Oligonicella bolliana?,2,1,USA,fauna,medium,0
USA|fauna|Oligonicella bolliana,¿Qué familia pertenece Oligonicella bolliana y qué características distintivas podría tener en su hábitat?,1,1,USA,fauna,hard,0
USA|fauna|Notoxus werneri,¿Qué tipo de especie es Notoxus werneri?,2,2,USA,fauna,easy,0
USA|fauna|Notoxus werneri,¿Dónde se encuentra Notoxus werneri?,1,1,USA,fauna,medium,0
USA|fauna|Notoxus werneri,¿Qué familia pertenece Notoxus werneri y en qué región geográfica se distribuye?,2,2,USA,fauna,hard,0
USA|fauna|Oxacis nitidicollis,¿Qué tipo de especie es Oxacis nitidicollis?,2,2,USA,fauna,easy,0
USA|fauna|Oxacis nitidicollis,¿Dónde se encuentra Oxacis nitidicollis?,1,1,USA,fauna,medium,0
USA|fauna|Oxacis nitidicollis,¿Qué familia pertenece Oxacis nitidicollis y qué tipo de hábitat se asocia comúnmente con los coleópteros de esta familia?,1,1,USA,fauna,hard,0
USA|fauna|Nicrophorus vespilloides,¿Qué tipo de especie es Nicrophorus vespilloides?,2,2,USA,fauna,easy,0
USA|fauna|Nicrophorus vespilloides,¿Quién describió a Nicrophorus vespilloides y en qué año?,2,2,USA,fauna,medium,0
USA|fauna|Nicrophorus vespilloides,¿Qué características distintivas presenta Nicrophorus vespilloides en su coloración y cómo se relaciona esto con su defensa contra depredadores?,3,3,USA,fauna,hard,0
USA|fauna|Pedilus arizonensis,¿Qué tipo de especie es Pedilus arizonensis?,2,2,USA,fauna,easy,0
USA|fauna|Pedilus arizonensis,¿Dónde se encuentra Pedilus arizonensis?,1,1,USA,fauna,medium,0
USA|fauna|Pedilus arizonensis,¿A qué familia pertenece Pedilus arizonensis y qué tipo de hábitat se asocia comúnmente con los coleópteros de esta familia?,1,1,USA,fauna,hard,0
USA|fauna|Novohorus obscurus,¿Qué tipo de especie es Novohorus obscurus?,3,3,USA,fauna,easy,0
USA|fauna|Novohorus obscurus,¿Dónde se encuentra Novohorus obscurus?,1,1,USA,fauna,medium,0
USA|fauna|Novohorus obscurus,¿Quién describió a Novohorus obscurus y en qué año?,2,2,USA,fauna,hard,0
USA|fauna|Orsonwelles,¿Qué tipo de especie es Orsonwelles?,2,2,USA,fauna,easy,0
USA|fauna|Orsonwelles,¿Dónde se encuentra nativo el género Orsonwelles?,1,1,USA,fauna,medium,0
USA|fauna|Orsonwelles,¿Quién describió por primera vez el género Orsonwelles y en qué año?,2,2,USA,fauna,hard,0
USA|fauna|Orsonwelles falstaffius,¿Qué tipo de especie es Orsonwelles falstaffius?,2,2,USA,fauna,easy,0
USA|fauna|Orsonwelles falstaffius,¿De qué familia es Orsonwelles falstaffius?,1,1,USA,fauna,medium,0
USA|fauna|Orsonwelles falstaffius,¿Dónde se encuentra endémicamente Orsonwelles falstaffius?,1,1,USA,fauna,hard,0
USA|fauna|Paroxacis recendita,¿Qué tipo de especie es Paroxacis recendita?,2,2,USA,fauna,easy,0
USA|fauna|Paroxacis recendita,¿Dónde se encuentra Paroxacis recendita?,1,1,USA,fauna,medium,0
USA|fauna|Paroxacis recendita,¿Qué familia pertenece Paroxacis recendita y qué tipo de hábitat se asocia comúnmente con los coleópteros de esta familia?,3,3,USA,fauna,hard,0
USA|fauna|Parachelifer muricatus,¿Qué tipo de especie es Parachelifer muricatus?,3,3,USA,fauna,easy,0
USA|fauna|Parachelifer muricatus,¿Dónde se encuentra Parachelifer muricatus?,2,1,USA,fauna,medium,0
USA|fauna|Parachelifer muricatus,¿Qué tipo de arácnido es Parachelifer muricatus y en qué región geográfica se encuentra?,5,4,USA,fauna,hard,0
USA|fauna|Oxacis fragilis,¿Qué tipo de especie es Oxacis fragilis?,2,2,USA,fauna,easy,0
USA|fauna|Oxacis fragilis,¿Dónde se encuentra Oxacis fragilis?,1,1,USA,fauna,medium,0
USA|fauna|Oxacis fragilis,¿A qué familia pertenece Oxacis fragilis y qué tipo de hábitat ocupa en su distribución geográfica?,2,2,USA,fauna,hard,0
USA|fauna|Orthocis immaturus,¿Qué tipo de especie es Orthocis immaturus?,2,2,USA,fauna,easy,0
USA|fauna|Orthocis immaturus,¿Dónde se encuentra Orthocis immaturus?,4,2,USA,fauna,medium,0
USA|fauna|Orthocis immaturus,¿Qué familia pertenece Orthocis immaturus y en qué islas de Hawái se encuentra?,5,3,USA,fauna,hard,0
USA|fauna|Plethodon teyahalee,¿Qué tipo de especie es Plethodon teyahalee?,2,2,USA,fauna,easy,0
USA|fauna|Plethodon teyahalee,¿Dónde se encuentra Plethodon teyahalee?,2,1,USA,fauna,medium,0
USA|fauna|Plethodon teyahalee,¿Cuál es el hábitat natural de Plethodon teyahalee y qué amenaza enfrenta?,2,2,USA,fauna,hard,0
USA|fauna|Phalonidia basiochreana,¿Qué tipo de especie es Phalonidia basiochreana?,2,2,USA,fauna,easy,0
USA|fauna|Phalonidia basiochreana,¿En qué tribu está categorizada Phalonidia basiochreana?,1,1,USA,fauna,medium,0
USA|fauna|Phalonidia basiochreana,¿Quién describió Phalonidia basiochreana y en qué año fue publicada su descripción?,2,2,USA,fauna,hard,0
USA|fauna|Pseudariotus notatus,¿Qué tipo de especie es Pseudariotus notatus?,2,2,USA,fauna,easy,0
USA|fauna|Pseudariotus notatus,¿Dónde habita Pseudariotus notatus?,1,1,USA,fauna,medium,0
USA|fauna|Pseudariotus notatus,¿En qué regiones se encuentra Pseudariotus notatus además del sureste de Estados Unidos?,1,1,USA,fauna,hard,0
USA|fauna|Pseudemys alabamensis,¿Qué tipo de especie es Pseudemys alabamensis?,2,2,USA,fauna,easy,0
USA|fauna|Pseudemys alabamensis,¿Dónde habita Pseudemys alabamensis?,1,1,USA,fauna,medium,0
USA|fauna|Pseudemys alabamensis,¿Qué características distintivas tiene Pseudemys alabamensis en relación a su reproducción y hábitat?,2,2,USA,fauna,hard,0
USA|fauna|Planctolpium suteri,¿Qué tipo de especie es Planctolpium suteri?,4,3,USA,fauna,easy,0
USA|fauna|Planctolpium suteri,¿Dónde se encuentra Planctolpium suteri?,3,1,USA,fauna,medium,2
USA|fauna|Planctolpium suteri,¿Qué familia pertenece Planctolpium suteri y en qué orden se clasifica?,2,2,USA,fauna,hard,0
USA|fauna|Pseudozonitis longicornis,¿Qué tipo de especie es Pseudozonitis longicornis?,2,2,USA,fauna,easy,0
USA|fauna|Pseudozonitis longicornis,¿Dónde se encuentra Pseudozonitis longicornis?,1,1,USA,fauna,medium,0
USA|fauna|Pseudozonitis longicornis,¿Qué familia pertenece Pseudozonitis longicornis y qué tipo de hábitat se asocia comúnmente con los coleópteros de esta familia?,2,2,USA,fauna,hard,0
USA|fauna|Sparganothis demissana,¿Qué tipo de especie es Sparganothis demissana?,2,2,USA,fauna,easy,0
USA|fauna|Sparganothis demissana,¿En qué estado de Estados Unidos se encuentra Sparganothis demissana?,2,1,USA,fauna,medium,0
USA|fauna|Sparganothis demissana,¿Quién describió Sparganothis demissana y en qué año fue publicada?,2,2,USA,fauna,hard,0
USA|fauna|Polites sabuleti,¿Qué tipo de especie es Polites sabuleti?,2,2,USA,fauna,easy,0
USA|fauna|Polites sabuleti,¿Dónde fue descrita la especie Polites sabuleti?,1,1,USA,fauna,medium,0
USA|fauna|Polites sabuleti,¿Cuáles son algunas de las gramíneas de las que se alimentan las larvas de Polites sabuleti?,7,1,USA,fauna,hard,1
USA|fauna|Spastonyx macswaini,¿Qué tipo de especie es Spastonyx macswaini?,2,2,USA,fauna,easy,0
USA|fauna|Spastonyx macswaini,¿Dónde se encuentra Spastonyx macswaini?,1,1,USA,fauna,medium,0
USA|fauna|Spastonyx macswaini,¿Cuál es la familia a la que pertenece Spastonyx macswaini y en qué región geográfica se distribuye?,2,2,USA,fauna,hard,0
USA|fauna|Tanarthrus cochisus,¿Qué tipo de especie es Tanarthrus cochisus?,2,2,USA,fauna,easy,0
USA|fauna|Tanarthrus cochisus,¿Dónde se encuentra Tanarthrus cochisus?,1,1,USA,fauna,medium,0
USA|fauna|Tanarthrus cochisus,¿Cuál es la familia a la que pertenece Tanarthrus cochisus y en qué región geográfica se distribuye?,2,2,USA,fauna,hard,0
USA|fauna|Pseudogarypus hesperus,¿Qué tipo de arácnido es Pseudogarypus hesperus?,3,3,USA,fauna,easy,0
USA|fauna|Pseudogarypus hesperus,¿En qué estados de Estados Unidos se encuentra Pseudogarypus hesperus?,3,1,USA,fauna,medium,1
USA|fauna|Pseudogarypus hesperus,¿Qué características distintivas tiene Pseudogarypus hesperus y en qué región específica de Estados Unidos se encuentra?,6,4,USA,fauna,hard,1
USA|flora|Abies magnifica,¿Qué tipo de especie es Abies magnifica?,1,1,USA,flora,easy,0
USA|flora|Abies magnifica,¿Dónde es nativa Abies magnifica?,1,1,USA,flora,medium,0
USA|flora|Abies magnifica,¿Qué características distintivas tiene la corteza de Abies magnifica en comparación con su edad?,3,3,USA,flora,hard,0
USA|fauna|Tyrannochelifer floridanus,¿Qué tipo de especie es Tyrannochelifer floridanus?,3,3,USA,fauna,easy,0
USA|fauna|Tyrannochelifer floridanus,¿Dónde se encuentra Tyrannochelifer floridanus?,1,1,USA,fauna,medium,1
USA|fauna|Tyrannochelifer floridanus,¿En qué dos lugares se encuentra Tyrannochelifer floridanus?,2,1,USA,fauna,hard,1
USA|flora|Allium fibrillum,¿Qué tipo de especie es Allium fibrillum?,2,2,USA,flora,easy,0
USA|flora|Allium fibrillum,¿Dónde es originaria Allium fibrillum?,1,1,USA,flora,medium,0
USA|flora|Allium fibrillum,¿Quién describió Allium fibrillum y en qué año fue publicado?,2,2,USA,flora,hard,0
USA|flora|Adenostoma fasciculatum,¿Qué tipo de especie es Adenostoma fasciculatum?,2,2,USA,flora,easy,0
USA|flora|Adenostoma fasciculatum,¿Dónde se puede encontrar Adenostoma fasciculatum?,1,1,USA,flora,medium,0
USA|flora|Adenostoma fasciculatum,¿Qué características distintivas tiene Adenostoma fasciculatum que le permiten adaptarse a la sequía y recuperarse después de incendios forestales?,3,3,USA,flora,hard,0
USA|fauna|Tyrannochthonius felix,¿Qué tipo de especie es Tyrannochthonius felix?,4,2,USA,fauna,easy,0
USA|fauna|Tyrannochthonius felix,¿Dónde se encuentra Tyrannochthonius felix?,2,1,USA,fauna,medium,1
USA|fauna|Tyrannochthonius felix,¿Qué familia pertenece Tyrannochthonius felix y qué características distintivas tiene dentro de su orden?,2,2,USA,fauna,hard,0
USA|fauna|Xenochodaeus ulkei,¿Qué tipo de especie es Xenochodaeus ulkei?,2,2,USA,fauna,easy,0
USA|fauna|Xenochodaeus ulkei,¿Dónde se encuentra Xenochodaeus ulkei?,1,1,USA,fauna,medium,0
USA|fauna|Xenochodaeus ulkei,¿Qué familia pertenece Xenochodaeus ulkei y en qué región geográfica se distribuye?,2,2,USA,fauna,hard,0
USA|flora|Andropogon gerardii,¿Qué tipo de planta es Andropogon gerardii?,2,2,USA,flora,easy,0
USA|flora|Andropogon gerardii,¿Dónde se encuentra Andropogon gerardii?,2,2,USA,flora,medium,0
USA|flora|Andropogon gerardii,¿Cuál es la importancia de Andropogon gerardii en la agricultura y el paisaje?,2,2,USA,flora,hard,0
USA|flora|Andropogon virginicus,¿Qué tipo de especie es Andropogon virginicus?,1,1,USA,flora,easy,0
USA|flora|Andropogon virginicus,¿Dónde se encuentra Andropogon virginicus de forma nativa?,2,1,USA,flora,medium,0
USA|flora|Andropogon virginicus,¿Por qué Andropogon virginicus es considerada una especie invasora en lugares como Hawái?,3,3,USA,flora,hard,0
USA|flora|Arboreto del Estado de Idaho,¿Qué tipo de entidad es el Arboreto del Estado de Idaho?,1,1,USA,flora,easy,0
USA|flora|Arboreto del Estado de Idaho,¿Qué incluye el Arboreto del Estado de Idaho para los visitantes?,1,1,USA,flora,medium,0
USA|flora|Arboreto del Estado de Idaho,"¿Qué especies de árboles alberga el Arboreto del Estado de Idaho, y cuál es una de ellas?",1,1,USA,flora,hard,1
USA|flora|Anisacanthus quadrifidus,¿Qué tipo de especie es Anisacanthus quadrifidus?,1,1,USA,flora,easy,0
USA|flora|Anisacanthus quadrifidus,¿Dónde se encuentra Anisacanthus quadrifidus?,1,1,USA,flora,medium,0
USA|flora|Anisacanthus quadrifidus,¿Cuál es el hábitat de Anisacanthus quadrifidus y en qué altitudes se encuentra?,5,2,USA,flora,hard,0
USA|flora|Aesculus glabra,¿Qué tipo de especie es Aesculus glabra?,2,2,USA,flora,easy,0
USA|flora|Aesculus glabra,¿Dónde se encuentra de forma natural Aesculus glabra?,7,1,USA,flora,medium,0
USA|flora|Aesculus glabra,¿Quién describió Aesculus glabra y en qué año fue publicado?,2,2,USA,flora,hard,0
USA|flora|Arctostaphylos myrtifolia,¿Qué tipo de especie es Arctostaphylos myrtifolia?,1,1,USA,flora,easy,0
USA|flora|Arctostaphylos myrtifolia,¿Dónde se encuentra Arctostaphylos myrtifolia?,1,1,USA,flora,medium,0
USA|flora|Arctostaphylos myrtifolia,¿Cuáles son las características distintivas de Arctostaphylos myrtifolia y en qué tipo de hábitat crece?,2,2,USA,flora,hard,0
USA|flora|Arctostaphylos hookeri,¿Qué tipo de especie es Arctostaphylos hookeri?,2,2,USA,flora,easy,0
USA|flora|Arctostaphylos hookeri,¿Dónde se encuentra Arctostaphylos hookeri?,2,2,USA,flora,medium,0
USA|flora|Arctostaphylos hookeri,¿Qué subespecie de Arctostaphylos hookeri se creía extinta en estado salvaje hasta que un espécimen fue descubierto en 2009 y dónde se originó?,3,3,USA,flora,hard,0
USA|flora|Atriplex hymenelytra,¿Qué tipo de especie es Atriplex hymenelytra?,1,1,USA,flora,easy,0
USA|flora|Atriplex hymenelytra,¿Dónde es originaria Atriplex hymenelytra?,1,1,USA,flora,medium,0
USA|flora|Atriplex hymenelytra,¿Quién describió Atriplex hymenelytra y en qué año fue publicado?,2,2,USA,flora,hard,0
USA|flora|Arboreto y Jardines de Montana,¿Qué es el Arboreto y Jardines de Montana?,1,1,USA,flora,easy,0
USA|flora|Arboreto y Jardines de Montana,¿Dónde se ubica el Arboreto y Jardines de Montana?,1,1,USA,flora,medium,0
USA|flora|Arboreto y Jardines de Montana,¿Para qué se creó el Arboreto y Jardines de Montana y quién fue el presidente de la universidad durante su creación?,2,2,USA,flora,hard,0
USA|flora|Astragalus anserinus,¿Qué tipo de especie es Astragalus anserinus?,2,2,USA,flora,easy,0
USA|flora|Astragalus anserinus,¿Dónde se encuentra Astragalus anserinus?,1,1,USA,flora,medium,0
USA|flora|Astragalus anserinus,"¿Qué significa el epíteto latino ""anserinus"" en el nombre de Astragalus anserinus y cuál es su etimología?",2,2,USA,flora,hard,0
USA|flora|Baccharis vanessae,¿Qué tipo de especie es Baccharis vanessae?,1,1,USA,flora,easy,0
USA|flora|Baccharis vanessae,¿Dónde se encuentra Baccharis vanessae?,1,1,USA,flora,medium,0
USA|flora|Baccharis vanessae,"¿Cuál es el hábitat de Baccharis vanessae y qué relación tiene con los ""Torrey pines""?",2,2,USA,flora,hard,0
USA|flora|Atriplex coronata,¿Qué tipo de planta es Atriplex coronata?,2,2,USA,flora,easy,0
USA|flora|Atriplex coronata,¿Dónde es originaria Atriplex coronata?,1,1,USA,flora,medium,0
USA|flora|Atriplex coronata,¿Qué características distintivas tiene Atriplex coronata en cuanto a su hábitat y morfología?,3,2,USA,flora,hard,0
USA|flora|Astragalus aridus,¿Qué tipo de especie es Astragalus aridus?,2,2,USA,flora,easy,0
USA|flora|Astragalus aridus,¿Dónde se distribuye Astragalus aridus?,2,1,USA,flora,medium,0
USA|flora|Astragalus aridus,¿Quién describió Astragalus aridus y en qué publicación se realizó?,2,2,USA,flora,hard,0
USA|flora|Berberis aquifolium,¿Cuál es el nombre popular de Berberis aquifolium?,2,1,USA,flora,easy,0
USA|flora|Berberis aquifolium,¿En qué tipo de hábitat se encuentra Berberis aquifolium?,1,1,USA,flora,medium,0
USA|flora|Berberis aquifolium,¿Quién describió por primera vez Berberis aquifolium y en qué año fue publicado?,2,2,USA,flora,hard,0
USA|flora|Asclepias californica,¿Qué tipo de especie es Asclepias californica?,2,2,USA,flora,easy,0
USA|flora|Asclepias californica,¿Dónde es nativa Asclepias californica?,2,1,USA,flora,medium,0
USA|flora|Asclepias californica,¿Qué importancia tiene Asclepias californica para la mariposa monarca y qué relación tiene con los Kawaiisu?,3,3,USA,flora,hard,0
USA|flora|Betula occidentalis,¿Cuál es el nombre común de Betula occidentalis?,1,1,USA,flora,easy,0
USA|flora|Betula occidentalis,¿Dónde se encuentra comúnmente Betula occidentalis?,1,1,USA,flora,medium,0
USA|flora|Betula occidentalis,¿Qué uso tienen algunos indios de las tribus del Plateau para Betula occidentalis?,2,2,USA,flora,hard,0
USA|flora|Boechera perennans,¿Qué tipo de especie es Boechera perennans?,1,1,USA,flora,easy,0
USA|flora|Boechera perennans,¿A qué familia pertenece Boechera perennans?,1,1,USA,flora,medium,0
USA|flora|Boechera perennans,¿Dónde es nativo Boechera perennans y qué características tienen sus flores?,5,3,USA,flora,hard,0
USA|flora|Bosque nacional Okanogan,¿Qué tipo de lugar es el bosque nacional Okanogan?,1,1,USA,flora,easy,0
USA|flora|Bosque nacional Okanogan,¿Dónde se encuentra el bosque nacional Okanogan?,1,1,USA,flora,medium,0
USA|flora|Bosque nacional Okanogan,¿Qué porcentaje del terreno del bosque nacional Okanogan fue designado por el Congreso para la preservación en 1984?,1,1,USA,flora,hard,0
USA|flora|Buchloe dactyloides,¿Qué tipo de especie es Buchloe dactyloides?,1,1,USA,flora,easy,0
USA|flora|Buchloe dactyloides,¿Dónde es originaria Buchloe dactyloides?,1,1,USA,flora,medium,0
USA|flora|Buchloe dactyloides,¿Qué importancia económica tiene Buchloe dactyloides en su hábitat?,3,1,USA,flora,hard,0
USA|flora|Campus del Ventura County Community College District,¿Qué tipo de entidad es el Campus del Ventura County Community College District?,2,2,USA,flora,easy,0
USA|flora|Campus del Ventura County Community College District,¿En qué año se trasladó el Campus del Ventura County Community College District a su actual campus?,1,1,USA,flora,medium,0
USA|flora|Campus del Ventura County Community College District,¿Qué características distintivas tiene el Campus del Ventura County Community College District en relación a su ubicación y visión?,2,2,USA,flora,hard,0
USA|flora|Buddleja scordioides,¿Qué tipo de especie es Buddleja scordioides?,2,2,USA,flora,easy,0
USA|flora|Buddleja scordioides,¿Dónde es originaria Buddleja scordioides?,1,1,USA,flora,medium,0
USA|flora|Buddleja scordioides,¿Qué características distintivas tiene Buddleja scordioides y en qué tipo de hábitat crece?,2,2,USA,flora,hard,0
USA|flora|Calochortus pulchellus,¿Qué tipo de especie es Calochortus pulchellus?,2,2,USA,flora,easy,0
USA|flora|Calochortus pulchellus,¿Dónde se localiza principalmente Calochortus pulchellus?,2,1,USA,flora,medium,0
USA|flora|Calochortus pulchellus,¿En qué hábitat crece Calochortus pulchellus y qué características tiene su inflorescencia?,2,2,USA,flora,hard,0
USA|flora|Carex luzulina,¿Qué tipo de especie es Carex luzulina?,2,2,USA,flora,easy,0
USA|flora|Carex luzulina,¿En qué tipo de hábitats crece Carex luzulina?,3,1,USA,flora,medium,0
USA|flora|Carex luzulina,¿Quién describió Carex luzulina y en qué publicación se realizó?,2,2,USA,flora,hard,0
USA|flora|Chrysothamnus nauseosus,¿Qué tipo de especie es Chrysothamnus nauseosus?,1,1,USA,flora,easy,0
USA|flora|Chrysothamnus nauseosus,¿Cuál es el color de las flores de Chrysothamnus nauseosus?,1,1,USA,flora,medium,0
USA|flora|Chrysothamnus nauseosus,¿En qué tipo de suelos prospera Chrysothamnus nauseosus y qué características tiene su hábitat?,2,2,USA,flora,hard,0
USA|flora|Campanula angustiflora,¿Qué tipo de especie es Campanula angustiflora?,2,2,USA,flora,easy,0
USA|flora|Campanula angustiflora,¿Dónde es endémica Campanula angustiflora?,1,1,USA,flora,medium,0
USA|flora|Campanula angustiflora,¿Qué características distintivas tiene Campanula angustiflora y en qué tipo de hábitat crece?,3,2,USA,flora,hard,0
USA|flora|Carex geyeri,¿Qué tipo de especie es Carex geyeri?,2,2,USA,flora,easy,0
USA|flora|Carex geyeri,¿Dónde es nativa Carex geyeri?,1,1,USA,flora,medium,0
USA|flora|Carex geyeri,¿Quién describió Carex geyeri y en qué publicación se realizó?,2,2,USA,flora,hard,0
USA|flora|Chionanthus virginicus,¿Qué tipo de especie es Chionanthus virginicus?,1,1,USA,flora,easy,0
USA|flora|Chionanthus virginicus,¿Dónde es natural Chionanthus virginicus?,1,1,USA,flora,medium,0
USA|flora|Chionanthus virginicus,¿Qué propiedades medicinales se le atribuyen a Chionanthus virginicus y qué parte de la planta se utiliza para su uso medicinal?,4,3,USA,flora,hard,0
USA|flora|Cyrtopodium punctatum,¿Qué tipo de especie es Cyrtopodium punctatum?,2,1,USA,flora,easy,0
USA|flora|Cyrtopodium punctatum,¿Dónde se encuentra Cyrtopodium punctatum?,1,1,USA,flora,medium,0
USA|flora|Cyrtopodium punctatum,¿Cuáles son las características distintivas de Cyrtopodium punctatum y en qué hábitat se desarrolla?,3,3,USA,flora,hard,0
USA|flora|Cirsium quercetorum,¿Qué tipo de especie es Cirsium quercetorum?,2,2,USA,flora,easy,0
USA|flora|Cirsium quercetorum,¿Dónde se encuentra Cirsium quercetorum?,1,1,USA,flora,medium,0
USA|flora|Cirsium quercetorum,"¿Qué significa el epíteto latino ""quercetorum"" en Cirsium quercetorum y qué relación tiene con su hábitat?",2,2,USA,flora,hard,0
USA|flora|Corydalis aurea,¿Qué tipo de especie es Corydalis aurea?,3,2,USA,flora,easy,0
USA|flora|Corydalis aurea,¿Dónde se encuentra especialmente Corydalis aurea?,1,1,USA,flora,medium,0
USA|flora|Corydalis aurea,¿Qué propiedades medicinales se le atribuyen a Corydalis aurea y quién la describió?,2,2,USA,flora,hard,0
USA|flora|Echinocereus bakeri,¿Qué tipo de especie es Echinocereus bakeri?,1,1,USA,flora,easy,0
USA|flora|Echinocereus bakeri,¿En qué estados de los Estados Unidos se distribuye Echinocereus bakeri?,3,1,USA,flora,medium,0
USA|flora|Echinocereus bakeri,¿Qué características distintivas presenta Echinocereus bakeri en cuanto a su sistema reproductivo y su número de cromosomas?,2,2,USA,flora,hard,0
USA|flora|Echinocereus davisii,¿Qué tipo de especie es Echinocereus davisii?,1,1,USA,flora,easy,0
USA|flora|Echinocereus davisii,¿Dónde es endémica Echinocereus davisii?,1,1,USA,flora,medium,0
USA|flora|Echinocereus davisii,¿Quién describió Echinocereus davisii y en qué año fue publicada la descripción?,2,2,USA,flora,hard,0
USA|flora|Dudleya viscida,¿Cuál es el nombre común de Dudleya viscida?,1,1,USA,flora,easy,0
USA|flora|Dudleya viscida,¿A qué familia pertenece Dudleya viscida?,1,1,USA,flora,medium,0
USA|flora|Dudleya viscida,¿Quién describió Dudleya viscida y en qué publicación se realizó?,2,2,USA,flora,hard,0
USA|flora|Echinocereus fendleri,¿Cuál es el nombre común de Echinocereus fendleri?,1,1,USA,flora,easy,0
USA|flora|Echinocereus fendleri,¿En qué bioma se desarrolla principalmente Echinocereus fendleri?,1,1,USA,flora,medium,0
USA|flora|Echinocereus fendleri,¿Qué características distintivas presenta Echinocereus fendleri en comparación con otras especies del género Echinocereus?,2,2,USA,flora,hard,0
USA|flora|Erythronium albidum,¿Qué tipo de especie es Erythronium albidum?,1,1,USA,flora,easy,0
USA|flora|Erythronium albidum,¿Dónde se encuentra principalmente Erythronium albidum?,1,1,USA,flora,medium,0
USA|flora|Erythronium albidum,¿Quién describió Erythronium albidum y en qué publicación se realizó?,2,2,USA,flora,hard,0
USA|flora|Erythrina herbacea,¿Cuál es el nombre común de Erythrina herbacea?,1,1,USA,flora,easy,0
USA|flora|Erythrina herbacea,¿En qué regiones se encuentra Erythrina herbacea?,3,1,USA,flora,medium,0
USA|flora|Erythrina herbacea,¿Qué características distintivas tienen las flores de Erythrina herbacea y en qué periodo florece?,3,3,USA,flora,hard,0
USA|flora|Ebenopsis ebano,¿Qué tipo de especie es Ebenopsis ebano?,3,3,USA,flora,easy,0
USA|flora|Ebenopsis ebano,¿Dónde se encuentra principalmente Ebenopsis ebano?,1,1,USA,flora,medium,0
USA|flora|Ebenopsis ebano,¿Qué características distintivas tiene la madera de Ebenopsis ebano y en qué se utiliza?,2,2,USA,flora,hard,0
USA|flora|Escobaria missouriensis,¿Qué tipo de especie es Escobaria missouriensis?,2,2,USA,flora,easy,0
USA|flora|Escobaria missouriensis,¿Dónde es nativa Escobaria missouriensis?,1,1,USA,flora,medium,0
USA|flora|Escobaria missouriensis,¿Quién describió Escobaria missouriensis y en qué año fue publicado?,2,2,USA,flora,hard,0
USA|flora|Echinocereus poselgeri,¿Qué tipo de planta es Echinocereus poselgeri?,1,1,USA,flora,easy,0
USA|flora|Echinocereus poselgeri,¿Dónde se distribuye Echinocereus poselgeri?,2,1,USA,flora,medium,0
USA|flora|Echinocereus poselgeri,¿Quién describió Echinocereus poselgeri y en qué año fue publicada la descripción?,2,2,USA,flora,hard,0
USA|flora|Grossularia purpusii,¿Qué tipo de especie es Grossularia purpusii?,1,1,USA,flora,easy,0
USA|flora|Grossularia purpusii,¿Dónde se encuentra Grossularia purpusii?,1,1,USA,flora,medium,0
USA|flora|Grossularia purpusii,¿Quién describió Grossularia purpusii y en qué publicación se incluyó?,2,2,USA,flora,hard,0
USA|flora|Invernadero botánico Foellinger-Freimann,¿Qué tipo de entidad es el Invernadero botánico Foellinger-Freimann?,2,1,USA,flora,easy,0
USA|flora|Invernadero botánico Foellinger-Freimann,¿En qué año fue abierto al público el Invernadero botánico Foellinger-Freimann?,1,1,USA,flora,medium,0
USA|flora|Invernadero botánico Foellinger-Freimann,¿Qué características tiene el invernadero del Invernadero botánico Foellinger-Freimann y qué tipo de plantas se exhiben en él?,3,2,USA,flora,hard,0
USA|flora|Huntington Desert Garden,¿Qué tipo de jardín es el Huntington Desert Garden?,3,2,USA,flora,easy,0
USA|flora|Huntington Desert Garden,¿Cuántas especies alberga el Huntington Desert Garden?,1,1,USA,flora,medium,0
USA|flora|Huntington Desert Garden,¿Qué tipo de plantas presenta el Huntington Desert Garden y cuál es su importancia en el contexto de la botánica?,1,1,USA,flora,hard,0
USA|flora|Iris bracteata,¿Cuál es el nombre común de Iris bracteata?,1,1,USA,flora,easy,0
USA|flora|Iris bracteata,¿Quién describió la especie Iris bracteata?,1,1,USA,flora,medium,0
USA|flora|Iris bracteata,¿En qué publicación se describió por primera vez Iris bracteata y en qué año?,2,2,USA,flora,hard,0
USA|flora|Iodanthus pinnatifidus,¿Qué tipo de especie es Iodanthus pinnatifidus?,1,1,USA,flora,easy,0
USA|flora|Iodanthus pinnatifidus,¿Dónde se encuentra Iodanthus pinnatifidus?,1,1,USA,flora,medium,0
USA|flora|Iodanthus pinnatifidus,¿Qué características distintivas tiene Iodanthus pinnatifidus y en qué hábitat se encuentra?,2,2,USA,flora,hard,0
USA|flora|Eysenhardtia polystachya,¿Qué tipo de especie es Eysenhardtia polystachya?,2,2,USA,flora,easy,0
USA|flora|Eysenhardtia polystachya,¿Dónde habita Eysenhardtia polystachya?,1,1,USA,flora,medium,0
USA|flora|Eysenhardtia polystachya,¿Qué sustancia fluorescente se extrae de la madera de Eysenhardtia polystachya y cómo fue descrita históricamente?,3,3,USA,flora,hard,0
USA|flora|Jardines de Selva de Sarasota,¿Qué tipo de entidad son los Jardines de Selva de Sarasota?,2,2,USA,flora,easy,0
USA|flora|Jardines de Selva de Sarasota,¿En qué año comenzaron su andadura los Jardines de Selva de Sarasota?,1,1,USA,flora,medium,0
USA|flora|Jardines de Selva de Sarasota,¿Qué tipo de exhibiciones incluyen los Jardines de Selva de Sarasota y quiénes administran el lugar actualmente?,2,2,USA,flora,hard,0
USA|flora|Lyrocarpa coulteri,¿Qué tipo de especie es Lyrocarpa coulteri?,1,1,USA,flora,easy,0
USA|flora|Lyrocarpa coulteri,¿A qué familia pertenece Lyrocarpa coulteri?,1,1,USA,flora,medium,0
USA|flora|Lyrocarpa coulteri,¿Quiénes describieron Lyrocarpa coulteri y en qué año fue publicado?,2,2,USA,flora,hard,0
USA|flora|Juglans cinerea,¿Qué tipo de especie es Juglans cinerea?,2,2,USA,flora,easy,0
USA|flora|Juglans cinerea,¿Hasta qué altura puede crecer Juglans cinerea?,1,1,USA,flora,medium,0
USA|flora|Juglans cinerea,¿Qué propiedades medicinales se atribuían a la corteza de Juglans cinerea durante la Revolución Americana?,4,2,USA,flora,hard,0
USA|flora|Jardín de Kirpal,¿Qué tipo de entidad es el Jardín de Kirpal?,2,1,USA,flora,easy,0
USA|flora|Jardín de Kirpal,¿En qué año fue creado el Jardín de Kirpal?,1,1,USA,flora,medium,0
USA|flora|Jardín de Kirpal,¿Qué ejemplares de árboles se pueden encontrar en el Jardín de Kirpal y qué tipo de administración tiene?,5,2,USA,flora,hard,4
USA|flora|Leucothrinax,¿Qué tipo de género es Leucothrinax?,1,1,USA,flora,easy,0
USA|flora|Leucothrinax,¿Dónde se encuentra Leucothrinax morrisii?,1,1,USA,flora,medium,0
USA|flora|Leucothrinax,¿En qué países o territorios es nativa Leucothrinax morrisii?,5,1,USA,flora,hard,0
USA|flora|Liatris cylindracea,¿Qué tipo de especie es Liatris cylindracea?,3,3,USA,flora,easy,0
USA|flora|Liatris cylindracea,¿Dónde es nativa Liatris cylindracea?,1,1,USA,flora,medium,0
USA|flora|Liatris cylindracea,¿Quién describió Liatris cylindracea y en qué publicación se realizó?,2,2,USA,flora,hard,0
USA|flora|Lysiloma latisiliquum,¿Qué tipo de especie es Lysiloma latisiliquum?,2,2,USA,flora,easy,0
USA|flora|Lysiloma latisiliquum,¿Dónde se encuentra restringido Lysiloma latisiliquum?,1,1,USA,flora,medium,0
USA|flora|Lysiloma latisiliquum,¿Cuál es la función ecológica de Lysiloma latisiliquum en su hábitat?,1,1,USA,flora,hard,0
USA|flora|Magnolia virginiana,¿Qué tipo de árbol es la Magnolia virginiana?,2,2,USA,flora,easy,0
USA|flora|Magnolia virginiana,¿Cuál es el origen geográfico de la Magnolia virginiana?,1,1,USA,flora,medium,0
USA|flora|Magnolia virginiana,¿Quién describió científicamente la Magnolia virginiana y en qué obra fue publicada?,2,2,USA,flora,hard,0
USA|flora|Nolina arenicola,¿Qué tipo de planta es Nolina arenicola?,2,2,USA,flora,easy,0
USA|flora|Nolina arenicola,¿Dónde se encuentra Nolina arenicola?,1,1,USA,flora,medium,0
USA|flora|Nolina arenicola,¿Por qué Nolina arenicola está en la lista de especies amenazadas y en peligro de extinción por los EE. UU. y dónde es endémica?,2,2,USA,flora,hard,0
USA|flora|Nolina lindheimeriana,¿Qué tipo de planta es Nolina lindheimeriana?,2,2,USA,flora,easy,0
USA|flora|Nolina lindheimeriana,¿Dónde se encuentra Nolina lindheimeriana?,2,1,USA,flora,medium,0
USA|flora|Nolina lindheimeriana,¿Cuál es el período de floración de Nolina lindheimeriana y en qué estado de EE. UU. se encuentra?,2,2,USA,flora,hard,0
USA|flora|Mammillaria heyderi,¿Qué tipo de especie es Mammillaria heyderi?,2,2,USA,flora,easy,0
USA|flora|Mammillaria heyderi,¿Dónde se encuentra Mammillaria heyderi?,5,1,USA,flora,medium,0
USA|flora|Mammillaria heyderi,¿Quién describió Mammillaria heyderi y en qué año fue publicado?,2,2,USA,flora,hard,0
USA|flora|Opuntia gosseliniana,¿Qué tipo de especie es Opuntia gosseliniana?,1,1,USA,flora,easy,0
USA|flora|Opuntia gosseliniana,¿Dónde es nativa Opuntia gosseliniana?,3,1,USA,flora,medium,0
USA|flora|Opuntia gosseliniana,¿Quién describió Opuntia gosseliniana y en qué año fue publicado?,2,2,USA,flora,hard,0
USA|flora|Narthecium americanum,¿Qué tipo de especie es Narthecium americanum?,1,1,USA,flora,easy,0
USA|flora|Narthecium americanum,¿Dónde se distribuye Narthecium americanum?,1,1,USA,flora,medium,0
USA|flora|Narthecium americanum,¿En qué estados de EE. UU. está clasificada Narthecium americanum como rara o en peligro de extinción?,4,2,USA,flora,hard,1
USA|flora|Parque Estatal del Arboreto de Boyce Thompson,¿Qué tipo de lugar es el Parque Estatal del Arboreto de Boyce Thompson?,1,1,USA,flora,easy,0
USA|flora|Parque Estatal del Arboreto de Boyce Thompson,¿Cuántos acres de extensión tiene el Parque Estatal del Arboreto de Boyce Thompson?,1,1,USA,flora,medium,0
USA|flora|Parque Estatal del Arboreto de Boyce Thompson,¿Qué instituciones administran el Parque Estatal del Arboreto de Boyce Thompson y en qué año fue fundado?,3,2,USA,flora,hard,0
USA|flora|Plantación Botánica Fay Hyland,¿Qué tipo de entidad es la Plantación Botánica Fay Hyland?,2,2,USA,flora,easy,0
USA|flora|Plantación Botánica Fay Hyland,¿Quién administra la Plantación Botánica Fay Hyland?,1,1,USA,flora,medium,0
USA|flora|Plantación Botánica Fay Hyland,¿Qué papel desempeña la Plantación Botánica Fay Hyland en la investigación de la Universidad de Maine?,1,1,USA,flora,hard,0
USA|flora|Palafoxia arida,¿Qué tipo de planta es Palafoxia arida?,2,2,USA,flora,easy,0
USA|flora|Palafoxia arida,¿Dónde es nativa Palafoxia arida?,2,1,USA,flora,medium,0
USA|flora|Palafoxia arida,¿Quiénes describieron Palafoxia arida y en qué publicación se realizó?,2,2,USA,flora,hard,0
USA|flora|Piperia dilatata,¿Qué tipo de especie es Piperia dilatata?,2,2,USA,flora,easy,0
USA|flora|Piperia dilatata,¿Dónde se encuentra Piperia dilatata?,2,1,USA,flora,medium,0
USA|flora|Piperia dilatata,¿Qué características distintivas tiene Piperia dilatata en cuanto a su hábitat y morfología?,4,4,USA,flora,hard,0
USA|flora|Parthenice mollis,¿Qué tipo de especie es Parthenice mollis?,1,1,USA,flora,easy,0
USA|flora|Parthenice mollis,¿Dónde se encuentra Parthenice mollis?,1,1,USA,flora,medium,0
USA|flora|Parthenice mollis,¿Quién describió Parthenice mollis y en qué año fue publicado?,2,2,USA,flora,hard,0
USA|flora|Polemonium pulcherrimum,¿Qué tipo de planta es Polemonium pulcherrimum?,2,2,USA,flora,easy,0
USA|flora|Polemonium pulcherrimum,¿Dónde es originaria Polemonium pulcherrimum?,1,1,USA,flora,medium,0
USA|flora|Polemonium pulcherrimum,¿Cuáles son algunas de las variedades de Polemonium pulcherrimum?,3,1,USA,flora,hard,0
USA|flora|Pastizales costeros del Golfo occidental,¿Qué tipo de ecorregión son los pastizales costeros del Golfo occidental?,3,2,USA,flora,easy,0
USA|flora|Pastizales costeros del Golfo occidental,¿Cuál es el clima de los pastizales costeros del Golfo occidental?,1,1,USA,flora,medium,0
USA|flora|Pastizales costeros del Golfo occidental,¿Qué especies de pasto alto son típicas de la pradera costera en los pastizales costeros del Golfo occidental?,4,1,USA,flora,hard,0
USA|flora|Quercus bicolor,¿Qué tipo de árbol es Quercus bicolor?,2,2,USA,flora,easy,0
USA|flora|Quercus bicolor,¿Dónde se encuentra de forma nativa Quercus bicolor?,4,2,USA,flora,medium,0
USA|flora|Quercus bicolor,¿Qué características distintivas tiene Quercus bicolor en comparación con otros robles?,2,1,USA,flora,hard,0
USA|flora|Prosopis glandulosa,¿Cuál es el nombre común de Prosopis glandulosa en Estados Unidos?,2,2,USA,flora,easy,0
USA|flora|Prosopis glandulosa,¿Qué altura normalmente alcanza el Prosopis glandulosa?,1,1,USA,flora,medium,0
USA|flora|Prosopis glandulosa,¿Qué importancia tiene el Prosopis glandulosa para el pueblo seri del noroeste de México?,2,2,USA,flora,hard,0
USA|flora|Polystichum munitum,¿Qué tipo de planta es Polystichum munitum?,1,1,USA,flora,easy,0
USA|flora|Polystichum munitum,¿Dónde se encuentra nativo el helecho de espada occidental?,1,1,USA,flora,medium,0
USA|flora|Polystichum munitum,¿Cuáles son las características distintivas de las frondes de Polystichum munitum?,2,2,USA,flora,hard,0
USA|flora|Quercus john-tuckeri,¿Qué tipo de especie es Quercus john-tuckeri?,2,2,USA,flora,easy,0
USA|flora|Quercus john-tuckeri,¿Dónde es endémica Quercus john-tuckeri?,1,1,USA,flora,medium,0
USA|flora|Quercus john-tuckeri,¿En qué tipo de hábitat crece Quercus john-tuckeri y qué características tiene su fruto?,2,2,USA,flora,hard,0
USA|flora|Programa de las Leguminosas del Desierto,¿Qué es el Programa de las Leguminosas del Desierto?,2,1,USA,flora,easy,0
USA|flora|Programa de las Leguminosas del Desierto,¿En qué año fue creado el Programa de las Leguminosas del Desierto?,1,1,USA,flora,medium,0
USA|flora|Programa de las Leguminosas del Desierto,¿Cuál es el objetivo principal del Programa de las Leguminosas del Desierto en relación con las legumbres en peligro?,1,1,USA,flora,hard,0
USA|flora|Quercus marilandica,¿Qué tipo de especie es Quercus marilandica?,2,2,USA,flora,easy,0
USA|flora|Quercus marilandica,¿Dónde es originaria Quercus marilandica?,1,1,USA,flora,medium,0
USA|flora|Quercus marilandica,¿Cuánto tiempo tarda en madurar la bellota de Quercus marilandica y qué características tiene su corteza?,2,2,USA,flora,hard,0
USA|flora|Quercus michauxii,¿Qué tipo de especie es Quercus michauxii?,2,2,USA,flora,easy,0
USA|flora|Quercus michauxii,¿Dónde es nativa Quercus michauxii?,1,1,USA,flora,medium,0
USA|flora|Quercus michauxii,¿Quién describió Quercus michauxii y en qué publicación se realizó?,2,2,USA,flora,hard,0
USA|flora|Quercus emoryi,¿Qué tipo de especie es Quercus emoryi?,2,2,USA,flora,easy,0
USA|flora|Quercus emoryi,¿En qué regiones es común encontrar Quercus emoryi?,4,1,USA,flora,medium,0
USA|flora|Quercus emoryi,¿Quién describió Quercus emoryi y en qué año fue descubierta?,2,2,USA,flora,hard,0
USA|flora|Prunus subcordata,¿Qué tipo de especie es Prunus subcordata?,2,2,USA,flora,easy,0
USA|flora|Prunus subcordata,¿Dónde es nativa Prunus subcordata?,3,1,USA,flora,medium,1
USA|flora|Prunus subcordata,¿Qué características distintivas tiene Prunus subcordata en cuanto a su hábitat y su forma de crecimiento?,2,2,USA,flora,hard,0
USA|flora|Quercus virginiana,¿Qué tipo de árbol es Quercus virginiana?,3,2,USA,flora,easy,0
USA|flora|Quercus virginiana,¿En qué época florece Quercus virginiana?,1,1,USA,flora,medium,0
USA|flora|Quercus virginiana,¿Qué características distintivas tiene la corteza de Quercus virginiana y con qué otras especies hibrida?,3,2,USA,flora,hard,0
USA|flora|Rubus spectabilis,¿Qué tipo de especie es Rubus spectabilis?,3,3,USA,flora,easy,0
USA|flora|Rubus spectabilis,¿Dónde se encuentra típicamente Rubus spectabilis?,2,2,USA,flora,medium,0
USA|flora|Rubus spectabilis,¿Qué características hacen a Rubus spectabilis resistentes a incendios y qué hábitats proporciona?,2,2,USA,flora,hard,0
USA|flora|Salix ligulifolia,¿Qué tipo de especie es Salix ligulifolia?,1,1,USA,flora,easy,0
USA|flora|Salix ligulifolia,¿Dónde es nativa Salix ligulifolia?,1,1,USA,flora,medium,0
USA|flora|Salix ligulifolia,¿En qué hábitats crece Salix ligulifolia y cuál es su altura máxima?,3,2,USA,flora,hard,0
USA|flora|Sanicula arctopoides,¿Qué tipo de especie es Sanicula arctopoides?,1,1,USA,flora,easy,0
USA|flora|Sanicula arctopoides,¿Dónde se encuentra principalmente Sanicula arctopoides?,1,1,USA,flora,medium,0
USA|flora|Sanicula arctopoides,¿Quién describió Sanicula arctopoides y en qué obra fue publicado?,2,2,USA,flora,hard,0
USA|flora|Salvia columbariae,¿Qué tipo de especie es Salvia columbariae?,2,2,USA,flora,easy,0
USA|flora|Salvia columbariae,¿Dónde se encuentra Salvia columbariae?,6,1,USA,flora,medium,0
USA|flora|Salvia columbariae,¿Qué usos medicinales se le atribuían a Salvia columbariae por los nativos americanos?,2,1,USA,flora,hard,0
USA|flora|Sassafras albidum,¿Qué tipo de especie es Sassafras albidum?,2,2,USA,flora,easy,0
USA|flora|Sassafras albidum,¿Dónde es originaria Sassafras albidum?,1,1,USA,flora,medium,0
USA|flora|Sassafras albidum,¿Qué tipo de suelo prefiere Sassafras albidum y en qué tipo de hábitat se encuentra?,2,2,USA,flora,hard,0
USA|flora|Schwalbea americana,¿Qué tipo de planta es Schwalbea americana?,1,1,USA,flora,easy,0
USA|flora|Schwalbea americana,¿En qué país es originaria Schwalbea americana?,1,1,USA,flora,medium,0
USA|flora|Schwalbea americana,¿Quién describió Schwalbea americana y en qué obra fue publicado?,2,2,USA,flora,hard,0
USA|flora|Salix bonplandiana,¿Qué tipo de especie es Salix bonplandiana?,2,2,USA,flora,easy,0
USA|flora|Salix bonplandiana,¿Dónde es originario Salix bonplandiana?,1,1,USA,flora,medium,0
USA|flora|Salix bonplandiana,¿Para qué emplearon los indígenas mesoamericanos Salix bonplandiana en la época prehispánica?,2,2,USA,flora,hard,0
USA|flora|Sclerocactus nyensis,¿Qué tipo de especie es Sclerocactus nyensis?,2,2,USA,flora,easy,0
USA|flora|Sclerocactus nyensis,¿Dónde se encuentra Sclerocactus nyensis?,1,1,USA,flora,medium,0
USA|flora|Sclerocactus nyensis,¿Cuál es el hábitat de Sclerocactus nyensis y en qué altitudes se extiende?,2,2,USA,flora,hard,0
USA|flora|Sclerocactus parviflorus,¿Qué tipo de planta es Sclerocactus parviflorus?,2,2,USA,flora,easy,0
USA|flora|Sclerocactus parviflorus,¿En qué tipo de hábitat natural se encuentra Sclerocactus parviflorus?,1,1,USA,flora,medium,0
USA|flora|Sclerocactus parviflorus,¿Qué características distintivas tiene Sclerocactus parviflorus y en qué altitudes se encuentra?,2,2,USA,flora,hard,0
USA|flora|Selva Fitzpatrick,¿Qué tipo de área es la selva Fitzpatrick?,1,1,USA,flora,easy,0
USA|flora|Selva Fitzpatrick,¿En qué estado de Estados Unidos se encuentra la selva Fitzpatrick?,1,1,USA,flora,medium,0
USA|flora|Selva Fitzpatrick,¿Qué ley se cumple en la selva Fitzpatrick y qué prohíbe en esta área?,4,3,USA,flora,hard,0
USA|flora|Shinnersoseris,¿Qué tipo de planta es Shinnersoseris?,1,1,USA,flora,easy,0
USA|flora|Shinnersoseris,¿A qué familia pertenece Shinnersoseris?,1,1,USA,flora,medium,0
USA|flora|Shinnersoseris,¿Quién describió el género Shinnersoseris y en qué año fue publicado?,2,2,USA,flora,hard,0
USA|flora|Selva Tamarac,¿Qué tipo de área es la Selva Tamarac?,1,1,USA,flora,easy,0
USA|flora|Selva Tamarac,¿Cuántos acres abarca la Selva Tamarac?,1,1,USA,flora,medium,0
USA|flora|Selva Tamarac,¿Qué tipo de árboles predominan en la Selva Tamarac y qué organismo la protege?,2,2,USA,flora,hard,0
USA|flora|Selva McCormick,¿Qué tipo de área es la selva McCormick?,2,2,USA,flora,easy,0
USA|flora|Selva McCormick,¿Dónde se encuentra situada la selva McCormick?,1,1,USA,flora,medium,0
USA|flora|Selva McCormick,¿Cuál es la importancia histórica de la familia McCormick en relación con la selva McCormick?,3,3,USA,flora,hard,0
USA|flora|Sclerocactus polyancistrus,¿Qué tipo de planta es Sclerocactus polyancistrus?,2,2,USA,flora,easy,0
USA|flora|Sclerocactus polyancistrus,¿Dónde se encuentra Sclerocactus polyancistrus?,4,1,USA,flora,medium,1
USA|flora|Sclerocactus polyancistrus,¿Qué características distintivas tiene Sclerocactus polyancistrus y con qué otras especies se asocia en su hábitat?,9,2,USA,flora,hard,3
USA|flora|Spiraea tomentosa,¿Qué tipo de especie es Spiraea tomentosa?,1,1,USA,flora,easy,0
USA|flora|Spiraea tomentosa,¿Dónde es nativa Spiraea tomentosa?,2,1,USA,flora,medium,0
USA|flora|Spiraea tomentosa,¿Quién describió Spiraea tomentosa y en qué año fue publicado?,2,2,USA,flora,hard,0
USA|flora|Tsuga heterophylla,¿Qué tipo de especie es Tsuga heterophylla?,1,1,USA,flora,easy,0
USA|flora|Tsuga heterophylla,¿Dónde se encuentra principalmente Tsuga heterophylla?,1,1,USA,flora,medium,0
USA|flora|Tsuga heterophylla,¿Qué importancia tiene Tsuga heterophylla fuera de su área nativa?,2,1,USA,flora,hard,0
USA|flora|Solanum fendleri,¿Qué tipo de especie es Solanum fendleri?,1,1,USA,flora,easy,0
USA|flora|Solanum fendleri,¿En qué países está distribuida Solanum fendleri?,2,1,USA,flora,medium,0
USA|flora|Solanum fendleri,¿Quién describió Solanum fendleri y en qué año fue publicado?,2,2,USA,flora,hard,0
USA|flora|Ulmus rubra,¿Qué tipo de especie es Ulmus rubra?,2,2,USA,flora,easy,0
USA|flora|Ulmus rubra,¿Dónde es originaria Ulmus rubra?,1,1,USA,flora,medium,0
USA|flora|Ulmus rubra,¿Cuáles son las características distintivas de Ulmus rubra en comparación con el olmo americano?,2,1,USA,flora,hard,0
USA|flora|Toxicoscordion exaltatum,¿Qué tipo de especie es Toxicoscordion exaltatum?,2,2,USA,flora,easy,0
USA|flora|Toxicoscordion exaltatum,¿En qué estados de Estados Unidos es originaria Toxicoscordion exaltatum?,3,1,USA,flora,medium,1
USA|flora|Toxicoscordion exaltatum,¿Quién describió Toxicoscordion exaltatum y en qué publicación se realizó?,2,2,USA,flora,hard,0
USA|flora|Toxicoscordion micranthum,¿Qué tipo de especie es Toxicoscordion micranthum?,2,2,USA,flora,easy,0
USA|flora|Toxicoscordion micranthum,¿Dónde es nativa Toxicoscordion micranthum?,2,1,USA,flora,medium,1
USA|flora|Toxicoscordion micranthum,¿Qué características distintivas tiene Toxicoscordion micranthum en comparación con otras especies del género?,2,2,USA,flora,hard,0
USA|flora|Vauquelinia californica,¿Qué tipo de especie es Vauquelinia californica?,2,1,USA,flora,easy,0
USA|flora|Vauquelinia californica,¿Dónde es nativa Vauquelinia californica?,1,1,USA,flora,medium,0
USA|flora|Vauquelinia californica,¿Quién describió Vauquelinia californica y en qué año fue publicado?,2,2,USA,flora,hard,0
USA|geography|Alondra Park,¿Qué tipo de lugar es Alondra Park?,1,1,USA,geography,easy,0
USA|geography|Alondra Park,¿Cuál es la población de Alondra Park según el censo del año 2000?,1,1,USA,geography,medium,0
USA|geography|Alondra Park,¿Qué porcentaje de la población de Alondra Park estaba por debajo del umbral de pobreza y qué distrito escolar gestiona las escuelas en la localidad?,2,2,USA,geography,hard,0
USA|geography|Arbee (California),¿Qué tipo de lugar es Arbee (California)?,1,1,USA,geography,easy,0
USA|geography|Arbee (California),¿En qué condado se encuentra Arbee (California)?,1,1,USA,geography,medium,0
USA|geography|Arbee (California),¿Cuáles son las coordenadas geográficas donde se ubica Arbee (California)?,1,1,USA,geography,hard,0
USA|geography|Armstrong (condado de Nevada),¿Qué tipo de lugar es Armstrong (condado de Nevada)?,1,1,USA,geography,easy,0
USA|geography|Armstrong (condado de Nevada),¿En qué estado estadounidense se encuentra ubicado Armstrong (condado de Nevada)?,1,1,USA,geography,medium,0
USA|geography|Armstrong (condado de Nevada),¿Cuáles son las coordenadas geográficas de Armstrong (condado de Nevada)?,1,1,USA,geography,hard,0
USA|geography|Arroyo Cibolo,¿Qué tipo de lugar es el arroyo Cibolo?,1,1,USA,geography,easy,0
USA|geography|Arroyo Cibolo,¿Dónde se ubica el arroyo Cibolo?,1,1,USA,geography,medium,0
USA|geography|Arroyo Cibolo,¿Qué importancia tiene el arroyo Cibolo en relación con el río San Antonio?,1,1,USA,geography,hard,0
USA|geography|Audubon (Nueva Jersey),¿Qué tipo de lugar es Audubon (Nueva Jersey)?,1,1,USA,geography,easy,0
USA|geography|Audubon (Nueva Jersey),¿En qué condado se encuentra ubicado Audubon (Nueva Jersey)?,1,1,USA,geography,medium,0
USA|geography|Audubon (Nueva Jersey),¿Cuál era la población de Audubon (Nueva Jersey) según el censo de 2010?,1,1,USA,geography,hard,0
USA|flora|Zanthoxylum clava-herculis,¿Qué tipo de especie es Zanthoxylum clava-herculis?,2,2,USA,flora,easy,0
USA|flora|Zanthoxylum clava-herculis,¿Dónde es nativa Zanthoxylum clava-herculis?,1,1,USA,flora,medium,0
USA|flora|Zanthoxylum clava-herculis,¿Qué características distintivas tiene Zanthoxylum clava-herculis y qué uso medicinal se le daba?,4,3,USA,flora,hard,0
USA|geography|2.º distrito congresional de Nueva Jersey,¿Qué es el 2.º distrito congresional de Nueva Jersey?,3,3,USA,geography,easy,0
USA|geography|2.º distrito congresional de Nueva Jersey,¿Cuál era la población del 2.º distrito congresional de Nueva Jersey en 2011?,1,1,USA,geography,medium,0
USA|geography|2.º distrito congresional de Nueva Jersey,¿Qué porcentaje de la población del 2.º distrito congresional de Nueva Jersey era hispana o latina en 2011 y quién lo representa actualmente?,2,2,USA,geography,hard,0
USA|geography|2.º distrito congresional de Nueva Jersey,"¿Qué porcentaje de la población del 2.º distrito congresional de Nueva Jersey era hispana o latina en 2011, y cuántos hogares había en ese mismo año?",2,2,USA,geography,hard,0
USA|geography|Barrio Francés de Nueva Orleans,¿Cuál es el nombre habitual del Barrio Francés de Nueva Orleans?,2,1,USA,geography,easy,0
USA|geography|Barrio Francés de Nueva Orleans,¿Cuántas personas habitaban el Barrio Francés según el censo de 2010?,1,1,USA,geography,medium,0
USA|geography|Barrio Francés de Nueva Orleans,¿Qué características arquitectónicas se implementaron en el Barrio Francés tras el Gran Incendio de Nueva Orleans de 1788?,4,4,USA,geography,hard,0
USA|geography|Bellair-Meadowbrook Terrace,¿Qué tipo de lugar es Bellair-Meadowbrook Terrace?,1,1,USA,geography,easy,0
USA|geography|Bellair-Meadowbrook Terrace,¿En qué estado de Estados Unidos se ubica Bellair-Meadowbrook Terrace?,1,1,USA,geography,medium,0
USA|geography|Bellair-Meadowbrook Terrace,¿Cuál es la densidad poblacional de Bellair-Meadowbrook Terrace según el censo de 2010 y qué porcentaje de su población era blanca?,2,2,USA,geography,hard,0
USA|geography|Baker (Luisiana),¿Qué tipo de lugar es Baker?,1,1,USA,geography,easy,0
USA|geography|Baker (Luisiana),¿En qué parroquia se encuentra ubicada Baker?,1,1,USA,geography,medium,0
USA|geography|Baker (Luisiana),¿Cuál es la población de Baker según el censo de 2010 y qué porcentaje de la población era afroamericana?,2,2,USA,geography,hard,0
USA|geography|Beardstown,¿Qué tipo de lugar es Beardstown?,1,1,USA,geography,easy,0
USA|geography|Beardstown,¿En qué estado estadounidense se encuentra Beardstown?,1,1,USA,geography,medium,0
USA|geography|Beardstown,¿Cuál es la población de Beardstown según el censo de 2010 y qué porcentaje de esta población era hispano o latino?,2,2,USA,geography,hard,0
USA|geography|Benld,¿Qué tipo de lugar es Benld?,1,1,USA,geography,easy,0
USA|geography|Benld,¿En qué estado estadounidense se encuentra ubicada Benld?,1,1,USA,geography,medium,0
USA|geography|Benld,¿Cuál es la población de Benld según el censo de 2010 y qué porcentaje de su población era blanca?,2,2,USA,geography,hard,0
USA|geography|Bowen (Illinois),¿Qué tipo de lugar es Bowen (Illinois)?,1,1,USA,geography,easy,0
USA|geography|Bowen (Illinois),¿En qué estado estadounidense se encuentra ubicada Bowen?,1,1,USA,geography,medium,0
USA|geography|Bowen (Illinois),¿Cuál es la población de Bowen (Illinois) según el censo de 2010 y qué porcentaje de la población estaba compuesta por blancos?,2,2,USA,geography,hard,0
USA|geography|Bermuda Dunes,¿Qué tipo de lugar es Bermuda Dunes?,1,1,USA,geography,easy,0
USA|geography|Bermuda Dunes,¿Cuál es la población de Bermuda Dunes según el censo del año 2000?,1,1,USA,geography,medium,0
USA|geography|Bermuda Dunes,¿Qué porcentaje de la población de Bermuda Dunes estaba por debajo del umbral de pobreza?,1,1,USA,geography,hard,0
USA|geography|Batalla de Tuxpan,¿Qué fue la Batalla de Tuxpan?,3,3,USA,geography,easy,0
USA|geography|Batalla de Tuxpan,¿Quién comandó la Batalla de Tuxpan?,1,1,USA,geography,medium,0
USA|geography|Batalla de Tuxpan,¿Qué ocurrió en Tuxpan después del asedio de Veracruz y quiénes estaban involucrados en la Batalla de Tuxpan?,3,3,USA,geography,hard,0
USA|geography|Cantrall (Illinois),¿Qué tipo de lugar es Cantrall (Illinois)?,1,1,USA,geography,easy,0
USA|geography|Cantrall (Illinois),¿En qué condado se ubica Cantrall (Illinois)?,1,1,USA,geography,medium,0
USA|geography|Cantrall (Illinois),¿Cuál es la densidad de población de Cantrall (Illinois) y qué porcentaje de sus habitantes son blancos?,2,2,USA,geography,hard,0
USA|geography|CBP One,¿Qué es CBP One?,2,2,USA,geography,easy,0
USA|geography|CBP One,¿Cuándo fue lanzado originalmente CBP One?,1,1,USA,geography,medium,0
USA|geography|CBP One,¿Qué función tuvo CBP One en 2023 y cómo se relaciona con las solicitudes de asilo en la frontera entre Estados Unidos y México?,3,3,USA,geography,hard,0
USA|geography|Casa Lummis,¿Qué es la casa Lummis?,1,1,USA,geography,easy,0
USA|geography|Casa Lummis,¿Quién construyó la casa Lummis?,1,1,USA,geography,medium,0
USA|geography|Casa Lummis,¿Qué organización gestiona la casa Lummis como museo histórico y qué tipo de colecciones contiene?,2,2,USA,geography,hard,0
USA|geography|Cayo Congo,¿Qué tipo de lugar es el Cayo Congo?,1,1,USA,geography,easy,0
USA|geography|Cayo Congo,¿Dónde se ubica el Cayo Congo?,1,1,USA,geography,medium,0
USA|geography|Cayo Congo,¿Cuáles son los cayos que se encuentran al sur del Cayo Congo?,1,1,USA,geography,hard,0
USA|geography|Capitolio de los Estados Unidos,¿Qué es el Capitolio de los Estados Unidos?,1,1,USA,geography,easy,0
USA|geography|Capitolio de los Estados Unidos,¿En qué año fue inaugurado el Capitolio de los Estados Unidos?,1,1,USA,geography,medium,0
USA|geography|Capitolio de los Estados Unidos,¿Qué arquitecto diseñó el Capitolio de los Estados Unidos y quiénes fueron los arquitectos que lo modificaron posteriormente?,3,2,USA,geography,hard,0
USA|geography|Cedar Creek (Arizona),¿Qué tipo de lugar es Cedar Creek?,1,1,USA,geography,easy,0
USA|geography|Cedar Creek (Arizona),¿En qué condado se ubica Cedar Creek?,1,1,USA,geography,medium,0
USA|geography|Cedar Creek (Arizona),¿Cuál es la población y la densidad poblacional de Cedar Creek según el censo de 2010?,2,2,USA,geography,hard,0
USA|geography|Cayo Grass,¿Qué tipo de lugar es el Cayo Grass?,1,1,USA,geography,easy,0
USA|geography|Cayo Grass,¿Dónde se encuentra el Cayo Grass?,1,1,USA,geography,medium,0
USA|geography|Cayo Grass,¿Entre qué islas se encuentra el Cayo Grass y qué característica tiene en cuanto a la presencia humana?,2,2,USA,geography,hard,0
USA|geography|Chico (Texas),¿Qué tipo de lugar es Chico?,1,1,USA,geography,easy,0
USA|geography|Chico (Texas),¿En qué condado se encuentra ubicada Chico?,1,1,USA,geography,medium,0
USA|geography|Chico (Texas),¿Cuál es la población de Chico según el censo de 2010 y qué porcentaje de la población era hispana o latina?,2,2,USA,geography,hard,0
USA|geography|Coronita,¿Qué tipo de lugar es Coronita?,1,1,USA,geography,easy,0
USA|geography|Coronita,¿En qué condado se encuentra ubicado Coronita?,1,1,USA,geography,medium,0
USA|geography|Coronita,¿Cuál era la población de Coronita en el año 2010 y en qué coordenadas se encuentra?,2,2,USA,geography,hard,0
USA|geography|Cholame (California),¿Qué tipo de lugar es Cholame?,1,1,USA,geography,easy,0
USA|geography|Cholame (California),¿Cuál es la altitud de Cholame sobre el nivel del mar?,1,1,USA,geography,medium,0
USA|geography|Cholame (California),¿Qué evento significativo ocurrió en Cholame el 30 de septiembre de 1955 y quién fue la persona involucrada?,4,4,USA,geography,hard,0
USA|geography|Código Bimini,¿Qué tipo de película es Código Bimini?,1,1,USA,geography,easy,0
USA|geography|Código Bimini,¿Quién fue el director de Código Bimini?,1,1,USA,geography,medium,0
USA|geography|Código Bimini,¿Qué trama sigue la película Código Bimini y a qué lugar se dirigen los personajes principales?,2,2,USA,geography,hard,1
USA|geography|Cordilleras transversales,¿Qué son las cordilleras transversales?,2,2,USA,geography,easy,0
USA|geography|Cordilleras transversales,¿Dónde se encuentran las cordilleras transversales?,2,1,USA,geography,medium,0
USA|geography|Cordilleras transversales,¿Qué segmentos distintos tienen las cordilleras transversales y cómo se manifiestan geológicamente?,2,2,USA,geography,hard,0
USA|geography|Del Norte (Colorado),¿Qué tipo de lugar es Del Norte?,1,1,USA,geography,easy,0
USA|geography|Del Norte (Colorado),¿En qué condado se ubica Del Norte?,1,1,USA,geography,medium,0
USA|geography|Del Norte (Colorado),¿Cuál es la población de Del Norte según el censo de 2010 y qué porcentaje de la población era hispana o latina?,2,2,USA,geography,hard,0
USA|geography|Estanque reflectante del monumento a Lincoln,¿Qué es el estanque reflectante del monumento a Lincoln?,1,1,USA,geography,easy,0
USA|geography|Estanque reflectante del monumento a Lincoln,¿Dónde se ubica el estanque reflectante del monumento a Lincoln?,1,1,USA,geography,medium,0
USA|geography|Estanque reflectante del monumento a Lincoln,¿Cuáles son las dimensiones del estanque reflectante del monumento a Lincoln en términos de largo y ancho?,2,2,USA,geography,hard,0
USA|geography|Escalón (California),¿Qué tipo de lugar es Escalón (California)?,1,1,USA,geography,easy,0
USA|geography|Escalón (California),¿En qué condado se ubica Escalón (California)?,1,1,USA,geography,medium,0
USA|geography|Escalón (California),¿Cuál es la población aproximada de Escalón (California) según el año 2008?,1,1,USA,geography,hard,0
USA|geography|Ignacio (Colorado),¿Qué tipo de lugar es Ignacio?,1,1,USA,geography,easy,0
USA|geography|Ignacio (Colorado),¿En qué condado se localiza Ignacio?,1,1,USA,geography,medium,0
USA|geography|Ignacio (Colorado),¿Cuál es el porcentaje de la población de Ignacio que vive por debajo de la línea de pobreza?,1,1,USA,geography,hard,0
USA|geography|Distrito electoral de Albion n.º 2,¿Qué tipo de lugar es el distrito electoral de Albion n.º 2?,1,1,USA,geography,easy,0
USA|geography|Distrito electoral de Albion n.º 2,¿En qué estado estadounidense se ubica el distrito electoral de Albion n.º 2?,1,1,USA,geography,medium,0
USA|geography|Distrito electoral de Albion n.º 2,¿Cuál es la población y la densidad poblacional del distrito electoral de Albion n.º 2 según el censo de 2010?,4,3,USA,geography,hard,0
USA|geography|Eldorado (Texas),¿Qué tipo de lugar es Eldorado (Texas)?,1,1,USA,geography,easy,0
USA|geography|Eldorado (Texas),¿En qué condado se encuentra ubicada Eldorado (Texas)?,1,1,USA,geography,medium,0
USA|geography|Eldorado (Texas),¿Cuál es la población de Eldorado (Texas) según el censo de 2010 y qué porcentaje de esta población era hispano o latino?,2,2,USA,geography,hard,0
USA|geography|Independence (condado de Calaveras),¿Qué tipo de lugar es Independence (condado de Calaveras)?,1,1,USA,geography,easy,0
USA|geography|Independence (condado de Calaveras),¿En qué estado estadounidense se ubica Independence (condado de Calaveras)?,1,1,USA,geography,medium,0
USA|geography|Independence (condado de Calaveras),¿A qué altitud se encuentra Independence (condado de Calaveras) sobre el nivel del mar y en qué condado está ubicada?,2,2,USA,geography,hard,0
USA|geography|Kirby (Texas),¿Qué tipo de lugar es Kirby?,1,1,USA,geography,easy,0
USA|geography|Kirby (Texas),¿En qué condado se encuentra ubicada Kirby?,1,1,USA,geography,medium,0
USA|geography|Kirby (Texas),¿Cuál es la población de Kirby según el censo de 2010 y qué porcentaje de la población era hispana o latina?,2,2,USA,geography,hard,0
USA|geography|Indian Creek (Florida),¿Qué tipo de lugar es Indian Creek?,2,1,USA,geography,easy,0
USA|geography|Indian Creek (Florida),¿En qué condado se encuentra Indian Creek?,1,1,USA,geography,medium,0
USA|geography|Indian Creek (Florida),¿Cuál es la población y la densidad poblacional de Indian Creek según el censo de 2010?,4,3,USA,geography,hard,0
USA|geography|Lawtey,¿Qué tipo de lugar es Lawtey?,1,1,USA,geography,easy,0
USA|geography|Lawtey,¿En qué estado estadounidense se encuentra Lawtey?,1,1,USA,geography,medium,1
USA|geography|Lawtey,¿Cuál es la densidad poblacional de Lawtey según el censo de 2010?,1,1,USA,geography,hard,0
USA|geography|Isla Jarvis,¿Qué tipo de lugar es la isla Jarvis?,2,2,USA,geography,easy,0
USA|geography|Isla Jarvis,¿Dónde se encuentra localizada la isla Jarvis?,1,1,USA,geography,medium,0
USA|geography|Isla Jarvis,¿Cuándo fue oficialmente anexionada la isla Jarvis por los Estados Unidos y qué evento importante ocurrió en 1857 relacionado con la isla?,4,4,USA,geography,hard,0
USA|geography|Latham (Illinois),¿Qué tipo de lugar es Latham (Illinois)?,1,1,USA,geography,easy,0
USA|geography|Latham (Illinois),¿En qué condado se encuentra ubicada Latham (Illinois)?,1,1,USA,geography,medium,0
USA|geography|Latham (Illinois),"Según el censo de 2010, ¿cuál era la densidad de población de Latham (Illinois) y qué porcentaje de su población era blanca?",2,2,USA,geography,hard,0
USA|geography|Lyons (Illinois),¿Qué tipo de lugar es Lyons (Illinois)?,1,1,USA,geography,easy,0
USA|geography|Lyons (Illinois),¿En qué condado se encuentra ubicada Lyons (Illinois)?,1,1,USA,geography,medium,0
USA|geography|Lyons (Illinois),¿Cuál es la población de Lyons (Illinois) según el censo de 2010 y qué porcentaje de esta población era hispano o latino?,2,2,USA,geography,hard,0
USA|geography|La Grange (Illinois),¿Qué tipo de lugar es La Grange (Illinois)?,1,1,USA,geography,easy,0
USA|geography|La Grange (Illinois),¿En qué condado se ubica La Grange (Illinois)?,1,1,USA,geography,medium,0
USA|geography|La Grange (Illinois),"Según el censo de 2010, ¿cuál era el porcentaje de la población de La Grange (Illinois) que era blanca y cuántos habitantes tenía en total?",2,2,USA,geography,hard,0
USA|geography|Mer Rouge,¿Qué tipo de lugar es Mer Rouge?,1,1,USA,geography,easy,0
USA|geography|Mer Rouge,¿En qué estado estadounidense se encuentra Mer Rouge?,1,1,USA,geography,medium,0
USA|geography|Mer Rouge,¿Cuál es la población de Mer Rouge según el censo de 2010 y qué porcentaje de la población era blanca?,2,2,USA,geography,hard,0
USA|geography|Mercedes (Texas),¿Qué tipo de lugar es Mercedes (Texas)?,1,1,USA,geography,easy,0
USA|geography|Mercedes (Texas),¿En qué condado se ubica Mercedes (Texas)?,1,1,USA,geography,medium,0
USA|geography|Mercedes (Texas),¿Cuál es la población de Mercedes (Texas) según el censo de 2020 y qué porcentaje de la población es hispana o latina?,2,2,USA,geography,hard,0
USA|geography|Magnolia grandiflora,¿Cuál es el nombre común de Magnolia grandiflora?,1,1,USA,geography,easy,0
USA|geography|Magnolia grandiflora,¿En qué región es nativa la Magnolia grandiflora?,2,1,USA,geography,medium,0
USA|geography|Magnolia grandiflora,¿Qué características distintivas tiene la Magnolia grandiflora en cuanto a su hábitat y su uso en jardinería?,3,3,USA,geography,hard,0
USA|geography|Morriston (Florida),¿Qué tipo de lugar es Morriston (Florida)?,1,1,USA,geography,easy,0
USA|geography|Morriston (Florida),¿En qué condado se encuentra ubicado Morriston (Florida)?,1,1,USA,geography,medium,0
USA|geography|Morriston (Florida),¿Cuál es la población y la densidad poblacional de Morriston (Florida) según el censo de 2010?,2,2,USA,geography,hard,0
USA|geography|Municipio de Cave (Illinois),¿Qué tipo de lugar es el municipio de Cave?,1,1,USA,geography,easy,0
USA|geography|Municipio de Cave (Illinois),¿Cuál es la superficie total del municipio de Cave?,1,1,USA,geography,medium,0
USA|geography|Municipio de Cave (Illinois),¿Qué porcentaje de la población del municipio de Cave era blanca según el censo de 2020?,1,1,USA,geography,hard,0
USA|geography|Municipio de Camp Point,¿Qué tipo de lugar es el municipio de Camp Point?,1,1,USA,geography,easy,0
USA|geography|Municipio de Camp Point,¿En qué condado se encuentra ubicado el municipio de Camp Point?,1,1,USA,geography,medium,0
USA|geography|Municipio de Camp Point,¿Cuál es la superficie total del municipio de Camp Point y cuántos habitantes tenía según el censo de 2010?,2,2,USA,geography,hard,0
USA|geography|Municipio de Deer Creek (Illinois),¿Qué tipo de lugar es el municipio de Deer Creek?,1,1,USA,geography,easy,0
USA|geography|Municipio de Deer Creek (Illinois),¿En qué condado se ubica el municipio de Deer Creek?,1,1,USA,geography,medium,0
USA|geography|Municipio de Deer Creek (Illinois),¿Cuál es la superficie total del municipio de Deer Creek y cuántos habitantes tenía según el censo de 2010?,2,2,USA,geography,hard,0
USA|geography|Municipio de Germanville,¿Qué tipo de lugar es el municipio de Germanville?,1,1,USA,geography,easy,0
USA|geography|Municipio de Germanville,¿En qué estado estadounidense se ubica el municipio de Germanville?,1,1,USA,geography,medium,0
USA|geography|Municipio de Germanville,¿Cuál es la superficie total del municipio de Germanville y cuántos habitantes tenía según el censo de 2010?,2,2,USA,geography,hard,0
USA|geography|Municipio de Clover (Illinois),¿Qué tipo de lugar es el municipio de Clover?,3,2,USA,geography,easy,0
USA|geography|Municipio de Clover (Illinois),¿Cuál es la superficie total del municipio de Clover?,1,1,USA,geography,medium,0
USA|geography|Municipio de Clover (Illinois),¿Cuál era la población del municipio de Clover en el año 2010 y qué porcentaje de esta población era hispano o latino?,2,2,USA,geography,hard,0
USA|geography|Municipio de Drummer,¿Qué tipo de lugar es el municipio de Drummer?,1,1,USA,geography,easy,0
USA|geography|Municipio de Drummer,¿En qué estado estadounidense se ubica el municipio de Drummer?,1,1,USA,geography,medium,0
USA|geography|Municipio de Drummer,¿Cuál es la superficie total del municipio de Drummer y cuántos habitantes tenía según el censo de 2010?,2,2,USA,geography,hard,0
USA|geography|Jardín Botánico de la Universidad del Sur de Florida,¿Qué tipo de lugar es el Jardín Botánico de la Universidad del Sur de Florida?,4,2,USA,geography,easy,0
USA|geography|Jardín Botánico de la Universidad del Sur de Florida,¿En qué año fue establecido el Jardín Botánico de la Universidad del Sur de Florida?,1,1,USA,geography,medium,0
USA|geography|Jardín Botánico de la Universidad del Sur de Florida,¿Cuántos acres de jardines cuidados para la exhibición tiene el Jardín Botánico de la Universidad del Sur de Florida y cuántos acres de vegetación natural lo rodean?,4,2,USA,geography,hard,0
USA|geography|Municipio de Manlius (condado de Bureau),¿Qué tipo de lugar es el municipio de Manlius?,1,1,USA,geography,easy,0
USA|geography|Municipio de Manlius (condado de Bureau),¿En qué estado estadounidense se ubica el municipio de Manlius?,1,1,USA,geography,medium,0
USA|geography|Municipio de Manlius (condado de Bureau),¿Cuál era la población del municipio de Manlius según el censo de 2010 y cuántas personas residían en él?,1,1,USA,geography,hard,0
USA|geography|Municipio de Limestone (condado de Kankakee),¿Qué tipo de lugar es el municipio de Limestone (condado de Kankakee)?,1,1,USA,geography,easy,0
USA|geography|Municipio de Limestone (condado de Kankakee),¿En qué estado estadounidense se ubica el municipio de Limestone (condado de Kankakee)?,1,1,USA,geography,medium,0
USA|geography|Municipio de Limestone (condado de Kankakee),¿Cuál era la población del municipio de Limestone (condado de Kankakee) según el censo de 2010 y qué superficie total tiene?,2,2,USA,geography,hard,0
USA|geography|Municipio de Lee (condado de Brown),¿Qué tipo de lugar es el municipio de Lee?,1,1,USA,geography,easy,0
USA|geography|Municipio de Lee (condado de Brown),¿Dónde está ubicado el municipio de Lee?,1,1,USA,geography,medium,0
USA|geography|Municipio de Lee (condado de Brown),¿Cuál es la población del municipio de Lee y qué porcentaje de esta población es blanca?,2,2,USA,geography,hard,0
USA|geography|Municipio de Monroe (Illinois),¿Qué tipo de lugar es el municipio de Monroe?,1,1,USA,geography,easy,0
USA|geography|Municipio de Monroe (Illinois),¿En qué condado se ubica el municipio de Monroe?,1,1,USA,geography,medium,0
USA|geography|Municipio de Monroe (Illinois),¿Cuál es la población y la densidad poblacional del municipio de Monroe según el censo de 2010?,2,2,USA,geography,hard,0
USA|geography|Municipio de New Berlin,¿Qué tipo de lugar es el municipio de New Berlin?,1,1,USA,geography,easy,0
USA|geography|Municipio de New Berlin,¿En qué estado estadounidense se ubica el municipio de New Berlin?,1,1,USA,geography,medium,0
USA|geography|Municipio de New Berlin,¿Cuál es la superficie total del municipio de New Berlin y cuántos habitantes tenía según el censo de 2010?,2,2,USA,geography,hard,0
USA|geography|Municipio de Hopedale,¿Qué tipo de lugar es el municipio de Hopedale?,1,1,USA,geography,easy,0
USA|geography|Municipio de Hopedale,¿En qué condado se encuentra ubicado el municipio de Hopedale?,1,1,USA,geography,medium,0
USA|geography|Municipio de Hopedale,¿Cuál es la superficie total del municipio de Hopedale y cuántos habitantes tenía según el censo de 2010?,3,3,USA,geography,hard,0
USA|geography|Municipio de Deptford,¿Qué tipo de lugar es el municipio de Deptford?,1,1,USA,geography,easy,0
USA|geography|Municipio de Deptford,¿En qué estado estadounidense se ubica el municipio de Deptford?,1,1,USA,geography,medium,0
USA|geography|Municipio de Deptford,¿Cuál era la población del municipio de Deptford según el censo de 2010 y qué porcentaje de la población estaba por debajo del umbral de pobreza?,2,2,USA,geography,hard,0
USA|geography|New Milford (Illinois),¿Qué tipo de lugar es New Milford (Illinois)?,1,1,USA,geography,easy,0
USA|geography|New Milford (Illinois),¿En qué condado se encuentra ubicada New Milford (Illinois)?,1,1,USA,geography,medium,0
USA|geography|New Milford (Illinois),¿Cuál es la población y la densidad poblacional de New Milford (Illinois) según el censo de 2010?,2,2,USA,geography,hard,0
USA|geography|Niantic (Illinois),¿Qué tipo de lugar es Niantic?,1,1,USA,geography,easy,0
USA|geography|Niantic (Illinois),¿En qué condado se encuentra ubicada Niantic?,1,1,USA,geography,medium,0
USA|geography|Niantic (Illinois),¿Cuál era la densidad poblacional de Niantic según el censo de 2010 y qué porcentaje de su población era blanca?,2,2,USA,geography,hard,0
USA|geography|Municipio de Oxford (Illinois),¿Qué tipo de lugar es el municipio de Oxford (Illinois)?,1,1,USA,geography,easy,0
USA|geography|Municipio de Oxford (Illinois),¿En qué condado se ubica el municipio de Oxford (Illinois)?,1,1,USA,geography,medium,0
USA|geography|Municipio de Oxford (Illinois),¿Cuál es la superficie total del municipio de Oxford (Illinois) y cuántos habitantes tenía según el censo de 2010?,2,2,USA,geography,hard,0
USA|geography|North Miami Beach,¿Qué tipo de lugar es North Miami Beach?,1,1,USA,geography,easy,0
USA|geography|North Miami Beach,¿En qué estado estadounidense se ubica North Miami Beach?,1,1,USA,geography,medium,1
USA|geography|North Miami Beach,¿Cuál es la población de North Miami Beach según el censo de 2010 y qué porcentaje de esta población era hispano o latino?,2,2,USA,geography,hard,0
USA|geography|North Palm Beach,¿Qué tipo de lugar es North Palm Beach?,1,1,USA,geography,easy,0
USA|geography|North Palm Beach,¿En qué estado estadounidense se encuentra North Palm Beach?,1,1,USA,geography,medium,1
USA|geography|North Palm Beach,¿Cuál es la proporción de la superficie de North Palm Beach que corresponde a agua?,1,1,USA,geography,hard,0
USA|geography|Municipio de Wilmington (Illinois),¿Qué tipo de lugar es el municipio de Wilmington (Illinois)?,1,1,USA,geography,easy,0
USA|geography|Municipio de Wilmington (Illinois),¿En qué condado se ubica el municipio de Wilmington (Illinois)?,1,1,USA,geography,medium,0
USA|geography|Municipio de Wilmington (Illinois),¿Cuál es la superficie total del municipio de Wilmington (Illinois) y qué porcentaje de esta superficie corresponde a agua?,3,3,USA,geography,hard,0
USA|geography|Oquawka (Illinois),¿Qué tipo de lugar es Oquawka?,1,1,USA,geography,easy,0
USA|geography|Oquawka (Illinois),¿En qué condado se encuentra ubicada Oquawka?,1,1,USA,geography,medium,0
USA|geography|Oquawka (Illinois),¿Cuál es la población de Oquawka según el censo de 2010 y qué porcentaje de la población era blanca?,2,2,USA,geography,hard,0
USA|geography|Newcastle (Texas),¿Qué tipo de lugar es Newcastle (Texas)?,1,1,USA,geography,easy,0
USA|geography|Newcastle (Texas),¿En qué condado se ubica Newcastle (Texas)?,1,1,USA,geography,medium,0
USA|geography|Newcastle (Texas),¿Cuál es la población de Newcastle (Texas) según el censo de 2010 y qué porcentaje de la población era hispana o latina?,2,2,USA,geography,hard,0
USA|geography|Paige (Texas),¿Qué tipo de lugar es Paige (Texas)?,1,1,USA,geography,easy,0
USA|geography|Paige (Texas),¿Cuál era la población de Paige (Texas) según el Censo de 2020?,1,1,USA,geography,medium,0
USA|geography|Paige (Texas),¿En qué coordenadas se encuentra ubicado Paige (Texas) y qué tipo de entidad es?,2,2,USA,geography,hard,0
USA|geography|Patterson (California),"¿En qué año fue fundada la ciudad de Patterson, California?",1,1,USA,geography,easy,0
USA|geography|Patterson (California),"¿Cuál es el área total de Patterson, California?",2,1,USA,geography,medium,0
USA|geography|Patterson (California),"¿Qué porcentaje de la población de Patterson, California, estaba por debajo del umbral de pobreza según la Oficina del Censo?",1,1,USA,geography,hard,0
USA|geography|Pollock Pines,¿Qué tipo de lugar es Pollock Pines?,1,1,USA,geography,easy,0
USA|geography|Pollock Pines,¿En qué condado se ubica Pollock Pines?,1,1,USA,geography,medium,0
USA|geography|Pollock Pines,¿Cuál es la densidad poblacional de Pollock Pines y qué porcentaje de su población estaba por debajo del umbral de pobreza según el censo de 2000?,2,2,USA,geography,hard,0
USA|geography|Puerto del Cajón,¿Qué tipo de lugar es el Puerto del Cajón?,1,1,USA,geography,easy,0
USA|geography|Puerto del Cajón,¿A qué altitud se encuentra el Puerto del Cajón?,1,1,USA,geography,medium,0
USA|geography|Puerto del Cajón,¿Qué grupo de colonos atravesó el Puerto del Cajón en 1851 y qué formación de rocas se relaciona con este evento?,2,2,USA,geography,hard,0
USA|geography|Pleasant Hill (Luisiana),¿Qué tipo de lugar es Pleasant Hill?,1,1,USA,geography,easy,0
USA|geography|Pleasant Hill (Luisiana),¿En qué parroquia se encuentra ubicada Pleasant Hill?,1,1,USA,geography,medium,0
USA|geography|Pleasant Hill (Luisiana),¿Cuál es la población total de Pleasant Hill según el censo de 2010 y qué porcentaje de la población era afroamericana?,2,2,USA,geography,hard,0
USA|geography|Payne Springs,¿Qué tipo de lugar es Payne Springs?,1,1,USA,geography,easy,0
USA|geography|Payne Springs,¿En qué estado de Estados Unidos se encuentra ubicado Payne Springs?,1,1,USA,geography,medium,0
USA|geography|Payne Springs,¿Cuál es la población de Payne Springs según el censo de 2010 y qué porcentaje de la población era blanca?,2,2,USA,geography,hard,0
USA|geography|Richwood (Nueva Jersey),¿Qué tipo de lugar es Richwood (Nueva Jersey)?,1,1,USA,geography,easy,0
USA|geography|Richwood (Nueva Jersey),¿En qué condado se ubica Richwood (Nueva Jersey)?,1,1,USA,geography,medium,0
USA|geography|Richwood (Nueva Jersey),¿Cuáles son las coordenadas geográficas de Richwood (Nueva Jersey)?,1,1,USA,geography,hard,0
USA|geography|Quesada (Texas),¿Qué tipo de lugar es Quesada?,1,1,USA,geography,easy,0
USA|geography|Quesada (Texas),¿En qué condado se encuentra ubicado Quesada?,1,1,USA,geography,medium,0
USA|geography|Quesada (Texas),¿Cuál es la población y la composición racial de Quesada según el censo de 2010?,3,3,USA,geography,hard,0
USA|geography|Roby (Texas),¿Qué tipo de lugar es Roby?,1,1,USA,geography,easy,0
USA|geography|Roby (Texas),¿En qué estado estadounidense se ubica Roby?,1,1,USA,geography,medium,0
USA|geography|Roby (Texas),¿Cuál es la población de Roby según el censo de 2010 y qué porcentaje de la población era hispano o latino de cualquier raza?,2,2,USA,geography,hard,0
USA|geography|Reserva india Yakama,¿Qué tipo de lugar es la Reserva india Yakama?,2,2,USA,geography,easy,0
USA|geography|Reserva india Yakama,¿En qué año fue creada la Reserva india Yakama?,1,1,USA,geography,medium,0
USA|geography|Reserva india Yakama,¿Qué conflicto surgió a raíz de una disputa sobre el tratado relacionado con la Reserva india Yakama?,2,2,USA,geography,hard,0
USA|geography|Rockwood (Illinois),¿Qué tipo de lugar es Rockwood (Illinois)?,1,1,USA,geography,easy,0
USA|geography|Rockwood (Illinois),¿En qué condado se encuentra ubicada Rockwood (Illinois)?,1,1,USA,geography,medium,0
USA|geography|Rockwood (Illinois),¿Cuál es la población de Rockwood (Illinois) según el censo de 2010 y qué porcentaje de la población era blanca?,2,2,USA,geography,hard,0
USA|geography|Quercus prinoides,¿Qué tipo de especie es Quercus prinoides?,3,3,USA,geography,easy,0
USA|geography|Quercus prinoides,¿Dónde se encuentra Quercus prinoides?,1,1,USA,geography,medium,0
USA|geography|Quercus prinoides,¿Con qué especie está más estrechamente relacionado Quercus prinoides y qué características lo distinguen?,4,3,USA,geography,hard,0
USA|geography|Santa Fe Plaza,¿Qué es la Santa Fe Plaza?,1,1,USA,geography,easy,0
USA|geography|Santa Fe Plaza,¿Qué tipo de eventos anuales alberga la Santa Fe Plaza?,1,1,USA,geography,medium,0
USA|geography|Santa Fe Plaza,¿Cómo evolucionó la Santa Fe Plaza desde su origen y qué importancia tuvo en el contexto del Camino Real?,2,2,USA,geography,hard,0
USA|geography|Richmond (Illinois),¿Qué tipo de lugar es Richmond (Illinois)?,1,1,USA,geography,easy,0
USA|geography|Richmond (Illinois),¿En qué condado se encuentra ubicada Richmond (Illinois)?,1,1,USA,geography,medium,0
USA|geography|Richmond (Illinois),¿Cuál es la población y la densidad poblacional de Richmond (Illinois) según el censo de 2010?,4,3,USA,geography,hard,0
USA|geography|Satellite Beach,¿Qué tipo de lugar es Satellite Beach?,1,1,USA,geography,easy,0
USA|geography|Satellite Beach,¿En qué estado estadounidense se encuentra Satellite Beach?,1,1,USA,geography,medium,1
USA|geography|Satellite Beach,¿Cuál es la superficie total de Satellite Beach y cuánta de ella corresponde a tierra firme?,2,2,USA,geography,hard,0
USA|geography|Sheldon (California),¿Qué tipo de lugar es Sheldon (California)?,1,1,USA,geography,easy,0
USA|geography|Sheldon (California),¿En qué condado se encuentra ubicada Sheldon (California)?,1,1,USA,geography,medium,0
USA|geography|Sheldon (California),¿Cuáles son las coordenadas geográficas donde se encuentra ubicada Sheldon (California)?,1,1,USA,geography,hard,0
USA|geography|Shenandoah (Texas),¿Qué tipo de lugar es Shenandoah?,1,1,USA,geography,easy,0
USA|geography|Shenandoah (Texas),¿En qué condado se encuentra situada Shenandoah?,1,1,USA,geography,medium,0
USA|geography|Shenandoah (Texas),¿Cuál es la densidad de población de Shenandoah según el censo de 2020 y qué porcentaje de su población eran hispanos o latinos?,2,2,USA,geography,hard,0
USA|geography|Sims (Illinois),¿Qué tipo de lugar es Sims (Illinois)?,1,1,USA,geography,easy,0
USA|geography|Sims (Illinois),¿En qué condado se encuentra ubicada Sims (Illinois)?,1,1,USA,geography,medium,0
USA|geography|Sims (Illinois),¿Cuál es la población y la densidad poblacional de Sims (Illinois) según el censo de 2010?,3,3,USA,geography,hard,0
USA|geography|Short Hills (Nueva Jersey),¿Qué tipo de lugar es Short Hills?,1,1,USA,geography,easy,0
USA|geography|Short Hills (Nueva Jersey),¿En qué condado se encuentra Short Hills?,1,1,USA,geography,medium,0
USA|geography|Short Hills (Nueva Jersey),¿Cuál era la población de Short Hills en el año 2010 y en qué estado se ubica?,2,2,USA,geography,hard,0
USA|geography|South River (Nueva Jersey),¿Qué tipo de lugar es South River?,1,1,USA,geography,easy,0
USA|geography|South River (Nueva Jersey),¿En qué condado se ubica South River?,1,1,USA,geography,medium,0
USA|geography|South River (Nueva Jersey),¿Cuál es la población aproximada de South River según el censo de 2010?,2,2,USA,geography,hard,0
USA|geography|Sparland (Illinois),¿Qué tipo de lugar es Sparland?,1,1,USA,geography,easy,0
USA|geography|Sparland (Illinois),¿En qué condado se encuentra ubicada Sparland?,1,1,USA,geography,medium,0
USA|geography|Sparland (Illinois),¿Cuál es la población de Sparland según el censo de 2010 y qué porcentaje de la población era blanca?,2,2,USA,geography,hard,0
USA|geography|Thawville (Illinois),¿Qué tipo de lugar es Thawville?,1,1,USA,geography,easy,0
USA|geography|Thawville (Illinois),¿En qué condado se encuentra ubicada Thawville?,1,1,USA,geography,medium,0
USA|geography|Thawville (Illinois),¿Cuál es la población de Thawville según el censo de 2010 y qué porcentaje de la población era hispana o latina?,2,2,USA,geography,hard,0
USA|geography|The Pinery,¿Qué tipo de lugar es The Pinery?,1,1,USA,geography,easy,0
USA|geography|The Pinery,¿En qué condado se ubica The Pinery?,1,1,USA,geography,medium,0
USA|geography|The Pinery,"Según la Oficina del Censo en 2000, ¿cuáles eran los ingresos medios por hogar en The Pinery?",1,1,USA,geography,hard,0
USA|geography|Stanley (Luisiana),¿Qué tipo de lugar es Stanley (Luisiana)?,1,1,USA,geography,easy,0
USA|geography|Stanley (Luisiana),¿En qué parroquia se encuentra ubicada Stanley (Luisiana)?,1,1,USA,geography,medium,0
USA|geography|Stanley (Luisiana),¿Cuál es la población y la densidad poblacional de Stanley (Luisiana) según el censo de 2010?,3,3,USA,geography,hard,0
USA|geography|Theba (Arizona),¿Qué tipo de lugar es Theba (Arizona)?,1,1,USA,geography,easy,0
USA|geography|Theba (Arizona),¿En qué condado se encuentra ubicado Theba (Arizona)?,1,1,USA,geography,medium,0
USA|geography|Theba (Arizona),¿Cuál es la población de Theba (Arizona) según el censo de 2010 y qué porcentaje de esta población era hispano o latino?,2,2,USA,geography,hard,0
USA|geography|Surfside,¿Qué tipo de lugar es Surfside?,3,2,USA,geography,easy,0
USA|geography|Surfside,¿Cuál es la superficie total de Surfside?,1,1,USA,geography,medium,0
USA|geography|Surfside,¿Qué porcentaje de la población de Surfside era hispana o latina según el censo de 2010 y qué evento le dio trascendencia mundial?,2,2,USA,geography,hard,0
USA|geography|Three Rivers (Texas),¿Qué tipo de lugar es Three Rivers?,1,1,USA,geography,easy,0
USA|geography|Three Rivers (Texas),¿En qué condado se encuentra ubicada Three Rivers?,1,1,USA,geography,medium,0
USA|geography|Three Rivers (Texas),¿Cuál es la población de Three Rivers según el censo de 2010 y qué porcentaje de la población era hispano o latino?,2,2,USA,geography,hard,0
USA|geography|Twin Peaks (Condado de Tuolumne),¿Qué tipo de lugar son los Twin Peaks en el condado de Tuolumne?,1,1,USA,geography,easy,0
USA|geography|Twin Peaks (Condado de Tuolumne),¿Cuál es la elevación del pico occidental de Twin Peaks?,1,1,USA,geography,medium,0
USA|geography|Twin Peaks (Condado de Tuolumne),¿En qué frontera se encuentran los Twin Peaks y qué parque nacional se extiende hacia el sur y el oeste de ellos?,2,2,USA,geography,hard,0
USA|geography|Volcano (California),¿Qué tipo de lugar es Volcano (California)?,1,1,USA,geography,easy,0
USA|geography|Volcano (California),¿En qué condado se ubica Volcano (California)?,1,1,USA,geography,medium,0
USA|geography|Volcano (California),¿Cuál era la población de Volcano (California) en el año 2010 y en qué estado se encuentra?,2,2,USA,geography,hard,0
USA|geography|Tiempo de Alaska,¿Qué es el Tiempo de Alaska?,2,2,USA,geography,easy,0
USA|geography|Tiempo de Alaska,¿Qué time offset tiene el Tiempo de Alaska durante el horario de verano?,1,1,USA,geography,medium,0
USA|geography|Tiempo de Alaska,¿En qué año entró en efecto el cambio del Tiempo de Alaska a AKDT y qué hora se ajusta en el segundo domingo de marzo?,2,2,USA,geography,hard,0
USA|geography|Winchuck,¿Qué tipo de lugar es el Winchuck?,1,1,USA,geography,easy,0
USA|geography|Winchuck,¿En qué estados atraviesa el río Winchuck?,2,1,USA,geography,medium,1
USA|geography|Winchuck,¿Qué arroyos recibe el río Winchuck por la margen derecha y qué fauna acuática se encuentra en él?,5,2,USA,geography,hard,0
USA|geography|Yorba Linda,¿Qué tipo de lugar es Yorba Linda?,1,1,USA,geography,easy,0
USA|geography|Yorba Linda,¿Dónde se ubica Yorba Linda?,1,1,USA,geography,medium,0
USA|geography|Yorba Linda,¿Qué presidente de los Estados Unidos nació en Yorba Linda y qué institución se encuentra en la ciudad?,2,2,USA,geography,hard,0
USA|geography|Tierras altas del interior,¿Qué tipo de lugar son las tierras altas del interior?,2,2,USA,geography,easy,0
USA|geography|Tierras altas del interior,"¿Qué subregiones se combinan para designar el nombre ""tierras altas del interior""?",2,1,USA,geography,medium,0
USA|geography|Tierras altas del interior,¿Cuáles son las tres cadenas montañosas distintas que se encuentran en las tierras altas del interior y cuál es el punto más alto de cada una?,6,2,USA,geography,hard,0
USA|object|21 Savage,¿Cuál es el nombre real de 21 Savage?,1,1,USA,object,easy,0
USA|object|21 Savage,¿En qué año comenzó 21 Savage su carrera discográfica?,1,1,USA,object,medium,0
USA|object|21 Savage,¿Qué álbum lanzó 21 Savage en 2018 y qué canción de ese álbum ganó un Grammy?,2,2,USA,object,hard,0
USA|object|400 Millas de Daytona,¿Qué es las 400 Millas de Daytona?,1,1,USA,object,easy,0
USA|object|400 Millas de Daytona,¿Cuántas vueltas tiene la carrera de las 400 Millas de Daytona?,1,1,USA,object,medium,0
USA|object|400 Millas de Daytona,¿Desde qué año se celebra la carrera de las 400 Millas de Daytona y qué día se realizaba originalmente?,3,3,USA,object,hard,0
USA|object|Addison-Wesley,¿Qué tipo de entidad es Addison-Wesley?,1,1,USA,object,easy,0
USA|object|Addison-Wesley,¿Quién compró Addison-Wesley y en qué año?,2,2,USA,object,medium,0
USA|object|Addison-Wesley,¿Por qué es conocida Addison-Wesley y qué servicio utilizaba para distribuir publicaciones técnicas?,2,2,USA,object,hard,0
USA|geography|Área metropolitana de Hanford-Corcoran,¿Qué tipo de lugar es el Área Metropolitana de Hanford-Corcoran?,3,3,USA,geography,easy,0
USA|geography|Área metropolitana de Hanford-Corcoran,¿Cuál es la población del Área Metropolitana de Hanford-Corcoran según el Censo de 2010?,1,1,USA,geography,medium,0
USA|geography|Área metropolitana de Hanford-Corcoran,¿Qué área metropolitana es la 259.º más poblada de los Estados Unidos y comprende solamente el Condado de Kings?,2,2,USA,geography,hard,0
USA|object|Aetna,¿Qué tipo de empresa es Aetna?,3,3,USA,object,easy,0
USA|object|Aetna,¿Cuántos empleados tiene Aetna?,1,1,USA,object,medium,0
USA|object|Aetna,¿Quiénes son el jefe (chairman) y el CEO de Aetna?,3,3,USA,object,hard,0
USA|object|Alto padre,¿Quién es el Alto Padre en los cómics de DC Comics?,2,2,USA,object,easy,1
USA|object|Alto padre,¿Cuál es el verdadero nombre del Alto Padre?,1,1,USA,object,medium,0
USA|object|Alto padre,¿Qué relación tiene el Alto Padre con Darkseid y qué pacto hicieron entre ellos?,3,3,USA,object,hard,0
USA|object|Amazon Glue,¿Qué es Amazon Glue?,3,3,USA,object,easy,1
USA|object|Amazon Glue,¿En qué año se introdujo Amazon Glue?,1,1,USA,object,medium,0
USA|object|Amazon Glue,¿Cuáles son los lenguajes de programación oficialmente compatibles con Amazon Glue a partir de 2020?,3,2,USA,object,hard,0
USA|object|American Bantam Company,¿Qué es American Bantam Company?,2,2,USA,object,easy,0
USA|object|American Bantam Company,¿En qué año fue instituida American Bantam Company?,1,1,USA,object,medium,0
USA|object|American Bantam Company,¿Cuál fue el primer prototipo de vehículo todoterreno presentado por American Bantam Company y para qué fue desarrollado?,3,3,USA,object,hard,0
USA|object|Boeing Model 204,¿Qué es el Boeing Model 204?,1,1,USA,object,easy,0
USA|object|Boeing Model 204,¿En qué año fue construido el Boeing Model 204?,1,1,USA,object,medium,0
USA|object|Boeing Model 204,¿Cuántos aviones se comenzaron a construir del Boeing Model 204 y cuántos fueron completados?,2,2,USA,object,hard,0
USA|object|Astroworld,¿Qué es Astroworld?,2,2,USA,object,easy,0
USA|object|Astroworld,¿Cuándo fue lanzado Astroworld?,1,1,USA,object,medium,0
USA|object|Astroworld,¿Qué álbum de Travis Scott se considera una continuación de su álbum debut Rodeo y fue certificado triple platino por la RIAA?,2,2,USA,object,hard,0
USA|object|Biker Boyz,¿Qué tipo de película es Biker Boyz?,2,2,USA,object,easy,0
USA|object|Biker Boyz,¿Quién fue el director de Biker Boyz?,1,1,USA,object,medium,0
USA|object|Biker Boyz,¿En qué contexto se desarrolla la trama de Biker Boyz y qué tipo de competiciones realizan?,1,1,USA,object,hard,0
USA|object|BAE Systems Inc.,¿Qué es BAE Systems Inc.?,4,3,USA,object,easy,0
USA|object|BAE Systems Inc.,¿Cuántos trabajadores emplea BAE Systems Inc. dentro de las fronteras de los Estados Unidos de América?,2,2,USA,object,medium,0
USA|object|BAE Systems Inc.,¿Qué importante adquisición realizó BAE Systems Inc. el 7 de marzo de 2005 y qué tipo de productos fabricaba la empresa adquirida?,2,2,USA,object,hard,0
USA|object|Apple Fifth Avenue,¿Qué es Apple Fifth Avenue?,1,1,USA,object,easy,1
USA|object|Apple Fifth Avenue,¿En qué año fue construida Apple Fifth Avenue?,1,1,USA,object,medium,0
USA|object|Apple Fifth Avenue,¿Quién diseñó la tienda Apple Fifth Avenue y qué característica distintiva tiene su entrada?,2,2,USA,object,hard,0
USA|object|Boundin',¿Qué es Boundin'?,2,2,USA,object,easy,0
USA|object|Boundin',¿Qué le enseña el jackalope al cordero en Boundin'?,2,2,USA,object,medium,0
USA|object|Boundin',¿Qué elementos de otras creaciones de Pixar se incluyen en Boundin'?,3,1,USA,object,hard,0
USA|object|Call of Duty: Black Ops Cold War,¿Qué tipo de videojuego es Call of Duty: Black Ops Cold War?,1,1,USA,object,easy,0
USA|object|Call of Duty: Black Ops Cold War,¿Quiénes fueron los desarrolladores de Call of Duty: Black Ops Cold War?,2,1,USA,object,medium,1
USA|object|Call of Duty: Black Ops Cold War,¿Qué relación tiene Call of Duty: Black Ops Cold War con la Guerra Fría y qué tipo de críticas recibió tras su lanzamiento?,2,2,USA,object,hard,0
USA|object|Capers Jones,¿Quién es Capers Jones?,1,1,USA,object,easy,0
USA|object|Capers Jones,¿En qué universidad se licenció Capers Jones?,2,2,USA,object,medium,0
USA|object|Capers Jones,¿Qué empresa creó Capers Jones en 1984 y qué puesto ocupó en Software Productivity Research?,3,3,USA,object,hard,0
USA|object|Denso Corporation,¿Qué tipo de compañía es Denso Corporation?,1,1,USA,object,easy,0
USA|object|Denso Corporation,¿En qué año fue fundada Denso Corporation?,1,1,USA,object,medium,0
USA|object|Denso Corporation,¿Qué porcentaje de Denso Corporation está en manos de Toyota Motor y qué posición ocupa Denso en el mercado mundial de fabricantes de componentes para la automoción?,2,2,USA,object,hard,0
USA|object|Boeing XP-4,¿Qué es el Boeing XP-4?,1,1,USA,object,easy,0
USA|object|Boeing XP-4,¿Qué tipo de motor tenía el Boeing XP-4?,1,1,USA,object,medium,0
USA|object|Boeing XP-4,¿Cuál era la velocidad máxima operativa del Boeing XP-4 y qué potencia tenía su motor?,2,2,USA,object,hard,0
USA|object|Daily Journal Corporation,¿Qué tipo de entidad es Daily Journal Corporation?,2,1,USA,object,easy,0
USA|object|Daily Journal Corporation,¿En qué año comenzó a cotizar en bolsa Daily Journal Corporation?,1,1,USA,object,medium,0
USA|object|Daily Journal Corporation,¿Quién compró el periódico The Daily Court Journal y en qué año lo hizo?,2,2,USA,object,hard,0
USA|object|Deseret Book,¿Qué es Deseret Book?,1,1,USA,object,easy,0
USA|object|Deseret Book,¿Cuántas librerías posee Deseret Book?,1,1,USA,object,medium,0
USA|object|Deseret Book,¿A qué entidad pertenece Deseret Book y qué tipo de medios de comunicación distribuye?,2,2,USA,object,hard,0
USA|object|Cat's Eye (manga),¿Qué es Cat's Eye?,2,2,USA,object,easy,0
USA|object|Cat's Eye (manga),¿En qué revista fue publicado Cat's Eye?,2,2,USA,object,medium,0
USA|object|Cat's Eye (manga),¿Cuántas temporadas de anime fueron adaptadas de Cat's Eye y en qué años se emitieron?,5,5,USA,object,hard,0
USA|object|Cat Daddy Games,¿Qué es Cat Daddy Games?,2,2,USA,object,easy,0
USA|object|Cat Daddy Games,¿Para qué editoras ha desarrollado juegos Cat Daddy Games?,5,1,USA,object,medium,1
USA|object|Cat Daddy Games,¿Cuál fue el éxito de Cat Daddy Games con el lanzamiento de Carnival Games y cuántas copias se enviaron en todo el mundo?,3,2,USA,object,hard,0
USA|object|Corsair Gaming,¿Qué es Corsair Gaming?,3,3,USA,object,easy,0
USA|object|Corsair Gaming,¿En qué año fue constituida Corsair Gaming?,1,1,USA,object,medium,0
USA|object|Corsair Gaming,¿Qué tipo de productos comenzó a enviar Corsair Gaming en 2002 y a qué mercado estaban dirigidos?,3,3,USA,object,hard,0
USA|object|Dile al sol,"¿Qué es ""Dile al sol""?",2,2,USA,object,easy,0
USA|object|Dile al sol,"¿Cuándo salió a la venta ""Dile al sol""?",1,1,USA,object,medium,0
USA|object|Dile al sol,"¿Qué canciones de ""Dile al sol"" lograron el primer lugar en las listas de popularidad de España?",2,1,USA,object,hard,0
USA|object|Customers Bancorp,¿Qué es Customers Bancorp?,3,3,USA,object,easy,0
USA|object|Customers Bancorp,¿En qué año tuvo Customers Bancorp su oferta pública inicial en NASDAQ?,2,2,USA,object,medium,0
USA|object|Customers Bancorp,"¿Qué cambios de nombre experimentó New Century Bank antes de convertirse en Customers Bancorp, Inc.?",3,1,USA,object,hard,0
USA|object|El navegante,"¿Qué es ""El navegante""?",1,1,USA,object,easy,0
USA|object|El navegante,"¿Quién fue el director de ""El navegante""?",1,1,USA,object,medium,0
USA|object|El navegante,"¿Cuánto recaudó ""El navegante"" y cuál fue su presupuesto?",2,2,USA,object,hard,0
USA|object|El que recibe las bofetadas (película de 1924),"¿Qué tipo de película es ""El que recibe las bofetadas""?",1,1,USA,object,easy,0
USA|object|El que recibe las bofetadas (película de 1924),"¿Quién fue el director de ""El que recibe las bofetadas""?",1,1,USA,object,medium,0
USA|object|El que recibe las bofetadas (película de 1924),"¿Qué récords mundiales de recaudación de taquilla estableció ""El que recibe las bofetadas"" en un día, una semana y dos semanas?",3,3,USA,object,hard,0
USA|object|Electronic Data Systems,¿Qué tipo de empresa fue Electronic Data Systems?,1,1,USA,object,easy,0
USA|object|Electronic Data Systems,¿En qué año fue fundada Electronic Data Systems?,1,1,USA,object,medium,0
USA|object|Electronic Data Systems,¿Qué porcentaje de las ganancias de Electronic Data Systems en 2004 provino de América y qué empresa la adquirió en 2008?,2,2,USA,object,hard,0
USA|object|First Boston,¿Qué es First Boston?,1,1,USA,object,easy,0
USA|object|First Boston,¿En qué año fue fundado First Boston?,1,1,USA,object,medium,0
USA|object|First Boston,¿Qué relación tuvo First Boston con Crédit Suisse y en qué año adquirió una participación del 44% en First Boston?,2,2,USA,object,hard,0
USA|object|Electronic Arts,¿Qué es Electronic Arts?,4,4,USA,object,easy,0
USA|object|Electronic Arts,¿Quién fundó Electronic Arts?,1,1,USA,object,medium,0
USA|object|Electronic Arts,¿Qué licencia exclusiva adquirió Electronic Arts en mayo de 2013 y qué impacto tuvo en su desarrollo de juegos?,3,3,USA,object,hard,0
USA|object|EAT Club,¿Cuál es el primer sencillo en inglés de la cantante coreana BoA?,1,1,USA,object,easy,0
USA|object|EAT Club,"¿Cuánto dura la versión ""Eat You Up"" (Radio Edit)?",1,1,USA,object,medium,0
USA|object|EAT Club,"¿Qué remixes oficiales de ""Eat You Up"" fueron realizados por DJ Escape y Johnny Vicious?",4,1,USA,object,hard,0
USA|object|Día de desarrolladores de Google,¿Qué son los eventos del Día de desarrolladores de Google?,3,3,USA,object,easy,0
USA|object|Día de desarrolladores de Google,¿Cuántas veces se ha celebrado el Día de desarrolladores de Google hasta la fecha?,1,1,USA,object,medium,0
USA|object|Día de desarrolladores de Google,¿Qué presentó Google en el Día de desarrolladores de Google 2008 y qué tecnologías se discutieron en ese evento?,5,3,USA,object,hard,0
USA|object|Fear (película),"¿Qué es ""Fear""?",3,3,USA,object,easy,0
USA|object|Fear (película),"¿Quién dirigió la película ""Fear""?",1,1,USA,object,medium,0
USA|object|Fear (película),"¿Qué canción ganó el premio MTV Movie Awards de 1996 a la Mejor Canción para Película en ""Fear""?",3,3,USA,object,hard,0
USA|object|First Republic Bank,¿Qué tipo de entidad era First Republic Bank?,2,1,USA,object,easy,0
USA|object|First Republic Bank,¿A qué tipo de clientes atendía First Republic Bank?,2,1,USA,object,medium,0
USA|object|First Republic Bank,¿Qué relación tenía First Republic Bank con la FDIC antes de su cierre y venta a JPMorgan Chase?,1,1,USA,object,hard,0
USA|object|Freescale,¿Qué es Freescale?,1,1,USA,object,easy,0
USA|object|Freescale,¿En qué año se completó la Oferta Pública Inicial de Freescale?,1,1,USA,object,medium,0
USA|object|Freescale,¿Qué relación tuvo Freescale con Motorola y qué evento importante ocurrió el 6 de octubre de 2003?,2,2,USA,object,hard,0
USA|object|Han Lue,¿Quién interpreta al personaje Han Lue en la franquicia Fast & Furious?,1,1,USA,object,easy,0
USA|object|Han Lue,¿En qué película aparece por primera vez el personaje Han Lue?,1,1,USA,object,medium,0
USA|object|Han Lue,¿Cuál es la relación entre el personaje Han Lue y el filme Better Luck Tomorrow en la franquicia Fast & Furious?,1,1,USA,object,hard,0
USA|object|Ford en Fórmula 1,¿Qué fabricante estadounidense de automóviles volvió a la Fórmula 1 en 2026?,2,2,USA,object,easy,0
USA|object|Ford en Fórmula 1,¿A qué equipo suministrará motores Ford en su regreso a la Fórmula 1 en 2026?,2,2,USA,object,medium,0
USA|object|Ford en Fórmula 1,¿Cuántos Grandes Premios ganaron los motores Ford-Cosworth entre 1967 y 2003 y qué equipos destacados utilizaron estos motores?,4,3,USA,object,hard,0
USA|object|G.I. Robot,¿Qué es G.I. Robot?,1,1,USA,object,easy,0
USA|object|G.I. Robot,¿En qué comic-book apareció por primera vez G.I. Robot?,1,1,USA,object,medium,0
USA|object|G.I. Robot,¿Quiénes fueron los creadores del G.I. Robot original y en qué contexto histórico se desarrolla su historia?,2,2,USA,object,hard,0
USA|object|Gargoyles,¿Qué es Gargoyles?,1,1,USA,object,easy,0
USA|object|Gargoyles,¿Quiénes fueron los creadores de Gargoyles?,2,1,USA,object,medium,0
USA|object|Gargoyles,¿Qué evento llevó a las gárgolas a ser transformadas en piedra durante un milenio en la serie Gargoyles?,2,2,USA,object,hard,0
USA|object|JBL,¿Quién fundó JBL?,1,1,USA,object,easy,0
USA|object|JBL,¿Qué tipo de productos produce JBL para uso doméstico?,1,1,USA,object,medium,0
USA|object|JBL,¿Con qué fabricante de automóviles ha mantenido JBL una alianza estratégica para diseñar sistemas de sonido premium desde 1998?,2,2,USA,object,hard,0
USA|object|Kahndaq,¿Qué es Kahndaq?,1,1,USA,object,easy,0
USA|object|Kahndaq,¿Dónde se encuentra Kahndaq?,1,1,USA,object,medium,0
USA|object|Kahndaq,¿Quién fue el dictador que gobernó Kahndaq antes de ser depuesto por Black Adam?,2,2,USA,object,hard,0
USA|object|Ju-on: Origins,"¿Qué es ""Ju-on: Origins""?",1,1,USA,object,easy,0
USA|object|Ju-on: Origins,"¿Quiénes fueron los productores de ""Ju-on: Origins""?",2,1,USA,object,medium,0
USA|object|Ju-on: Origins,"¿Qué calificación recibió ""Ju-on: Origins"" en Rotten Tomatoes y qué indica esta calificación?",2,2,USA,object,hard,0
USA|object|Fundación Banco Santander,¿Qué es la Fundación Banco Santander?,1,1,USA,object,easy,0
USA|object|Fundación Banco Santander,¿En qué año fue constituida la Fundación Banco Santander?,1,1,USA,object,medium,0
USA|object|Fundación Banco Santander,¿Con qué instituciones colabora la Fundación Banco Santander en el ámbito del arte?,6,1,USA,object,hard,0
USA|object|Heathen Chemistry,¿Cuál es el título del quinto álbum de estudio de la banda inglesa Oasis?,1,1,USA,object,easy,0
USA|object|Heathen Chemistry,¿Cuántas copias vendió el álbum Heathen Chemistry en el Reino Unido?,1,1,USA,object,medium,0
USA|object|Heathen Chemistry,¿Qué cambio significativo ocurrió en la composición de las canciones en el álbum Heathen Chemistry en comparación con los álbumes anteriores de Oasis?,1,1,USA,object,hard,0
USA|object|Julianna Peña,¿Cuál es el nombre completo de Julianna Peña?,1,1,USA,object,easy,0
USA|object|Julianna Peña,¿En qué división compite Julianna Peña en la Ultimate Fighting Championship?,2,2,USA,object,medium,0
USA|object|Julianna Peña,¿Qué título obtuvo Julianna Peña el 30 de noviembre de 2013 y en qué evento?,3,3,USA,object,hard,0
USA|object|Jorge el curioso (película),"¿Qué es ""Jorge el curioso""?",3,3,USA,object,easy,0
USA|object|Jorge el curioso (película),"¿Quién fue el director de ""Jorge el curioso""?",1,1,USA,object,medium,0
USA|object|Jorge el curioso (película),"¿Qué características hacen de ""Jorge el curioso"" la primera película animada de Universal Animation Studios?",1,1,USA,object,hard,0
USA|object|King of the Hill (película),"¿En qué año se estrenó la película ""King of the Hill""?",1,1,USA,object,easy,0
USA|object|King of the Hill (película),"¿Quién es el personaje principal de la película ""King of the Hill""?",1,1,USA,object,medium,0
USA|object|King of the Hill (película),"¿Qué evento histórico influye en la trama de ""King of the Hill"" y cómo afecta a la familia de Aaron?",2,2,USA,object,hard,0
USA|object|La frontera (1982),"¿Quién dirigió la película ""La frontera""?",1,1,USA,object,easy,0
USA|object|La frontera (1982),"¿Qué personaje interpreta Jack Nicholson en ""La frontera""?",2,2,USA,object,medium,0
USA|object|La frontera (1982),"¿Cuál es el conflicto principal que enfrenta el personaje de Charlie Smith en ""La frontera""?",1,1,USA,object,hard,0
USA|object|NASCAR 06: Total Team Control,¿Qué es NASCAR 06: Total Team Control?,1,1,USA,object,easy,0
USA|object|NASCAR 06: Total Team Control,¿Quiénes son los conductores que aparecen en la portada del juego NTSC de NASCAR 06: Total Team Control?,2,1,USA,object,medium,0
USA|object|NASCAR 06: Total Team Control,¿Qué características nuevas implementa NASCAR 06: Total Team Control en comparación con su predecesor NASCAR 2005: Chase for the Cup?,1,1,USA,object,hard,0
USA|object|Microsoft Mobile,¿Qué es Microsoft Mobile?,1,1,USA,object,easy,0
USA|object|Microsoft Mobile,¿Qué serie de teléfonos inteligentes fue desarrollada por Microsoft Mobile?,1,1,USA,object,medium,0
USA|object|Microsoft Mobile,¿Qué ocurrió el 25 de abril de 2014 en relación con Microsoft Mobile?,1,1,USA,object,hard,0
USA|object|La maldición del escorpión de jade,"¿Quién escribió, dirigió y protagonizó ""La maldición del escorpión de jade""?",3,3,USA,object,easy,0
USA|object|La maldición del escorpión de jade,"¿Cuál es el presupuesto de producción de ""La maldición del escorpión de jade""?",1,1,USA,object,medium,0
USA|object|La maldición del escorpión de jade,"¿Qué opinó Woody Allen sobre ""La maldición del escorpión de jade"" en relación con su actuación y el contexto de la película?",4,4,USA,object,hard,0
USA|object|PRS Guitars,¿Qué es PRS Guitars?,1,1,USA,object,easy,0
USA|object|PRS Guitars,¿En qué año fue fundada PRS Guitars?,1,1,USA,object,medium,0
USA|object|PRS Guitars,¿Qué tipo de madera utiliza PRS Guitars para los cuerpos de sus guitarras y qué tecnología emplea en su fabricación?,2,2,USA,object,hard,0
USA|object|PARC,¿Qué es PARC?,1,1,USA,object,easy,0
USA|object|PARC,¿En qué año fue fundada PARC?,1,1,USA,object,medium,0
USA|object|PARC,¿Qué desarrollos importantes ha sido responsable PARC en la industria de la computación moderna?,1,1,USA,object,hard,0
USA|object|Long-Term Capital Management,¿Qué es Long-Term Capital Management?,2,2,USA,object,easy,0
USA|object|Long-Term Capital Management,¿Quién fundó Long-Term Capital Management?,2,2,USA,object,medium,0
USA|object|Long-Term Capital Management,¿Qué evento financiero llevó a la intervención de la Reserva Federal de los Estados Unidos en Long-Term Capital Management?,4,4,USA,object,hard,0
USA|object|Ozark Air Lines,¿Qué fue Ozark Air Lines?,4,4,USA,object,easy,0
USA|object|Ozark Air Lines,¿Cuándo inició Ozark Air Lines los vuelos entre Springfield y St. Louis?,2,2,USA,object,medium,0
USA|object|Ozark Air Lines,¿Qué ocurrió con Ozark Air Lines en 1986 y cuál era su base central?,4,4,USA,object,hard,0
USA|object|Martin Nodell,¿Cuál es la fecha de nacimiento de Martin Nodell?,1,1,USA,object,easy,0
USA|object|Martin Nodell,¿En qué año comenzó Martin Nodell su carrera como ilustrador?,1,1,USA,object,medium,0
USA|object|Martin Nodell,¿Qué personaje de cómic fue creado por Martin Nodell y en qué año apareció por primera vez?,2,2,USA,object,hard,0
USA|object|Peet's Coffee,¿Qué es Peet's Coffee?,3,2,USA,object,easy,0
USA|object|Peet's Coffee,¿Quién fundó Peet's Coffee?,1,1,USA,object,medium,0
USA|object|Peet's Coffee,¿Qué empresa adquirió Peet's Coffee en 2012 y por cuánto fue la adquisición?,3,3,USA,object,hard,0
USA|object|PolyGram,¿Qué fue PolyGram?,4,3,USA,object,easy,0
USA|object|PolyGram,¿A quién fue vendida PolyGram en 1998?,2,2,USA,object,medium,0
USA|object|PolyGram,¿Qué papel jugó PolyGram en la introducción del disco de larga duración de vinilo en Europa y qué necesidad tenía la compañía en el mercado?,2,2,USA,object,hard,0
USA|object|Remote Control Productions,¿Qué es Remote Control Productions?,1,1,USA,object,easy,0
USA|object|Remote Control Productions,¿Quién es el compositor veterano que lidera Remote Control Productions?,1,1,USA,object,medium,1
USA|object|Remote Control Productions,¿Por qué cambió su nombre Remote Control Productions de Media Ventures?,2,2,USA,object,hard,0
USA|object|Quake III Arena,¿Qué tipo de videojuego es Quake III Arena?,1,1,USA,object,easy,0
USA|object|Quake III Arena,¿Cuándo fue publicado Quake III Arena?,1,1,USA,object,medium,0
USA|object|Quake III Arena,¿Qué desarrolladora creó Quake III Arena y qué modos de juego incluye por defecto?,5,2,USA,object,hard,0
USA|object|Polaris Inc.,¿Qué es Polaris Inc.?,1,1,USA,object,easy,0
USA|object|Polaris Inc.,¿En qué año compró Polaris Inc. la subsidiaria Indian Motorcycle?,2,2,USA,object,medium,0
USA|object|Polaris Inc.,¿Qué nombre tenía originalmente Polaris Inc. y en qué año pasó a llamarse Polaris Inc.?,3,3,USA,object,hard,0
USA|object|Silver Surfer: Parábola,"¿Qué es ""Silver Surfer: Parábola""?",1,1,USA,object,easy,0
USA|object|Silver Surfer: Parábola,"¿Quién escribió ""Silver Surfer: Parábola""?",1,1,USA,object,medium,1
USA|object|Silver Surfer: Parábola,¿Cuál es la única colaboración entre el ilustrador Moebius y la editorial Marvel?,1,1,USA,object,hard,0
USA|object|Robert Arneson,¿Quién fue Robert Arneson?,1,1,USA,object,easy,0
USA|object|Robert Arneson,¿En qué institución fue profesor de cerámica Robert Arneson?,1,1,USA,object,medium,0
USA|object|Robert Arneson,¿Qué movimiento artístico es Robert Arneson considerado el padre y qué tipo de obras comenzó a crear en la década de 1960?,3,3,USA,object,hard,0
USA|object|Rough Draft Studios,¿Qué es Rough Draft Studios?,1,1,USA,object,easy,0
USA|object|Rough Draft Studios,¿En qué año fue fundado Rough Draft Studios?,1,1,USA,object,medium,0
USA|object|Rough Draft Studios,¿Qué combinación de técnicas de animación es conocida Rough Draft Studios y en qué proyecto la utilizó por primera vez?,2,2,USA,object,hard,0
USA|object|Searchlight Pictures,¿Qué es Searchlight Pictures?,1,1,USA,object,easy,0
USA|object|Searchlight Pictures,¿En qué año fue establecido Searchlight Pictures?,1,1,USA,object,medium,0
USA|object|Searchlight Pictures,¿Qué película producida por Searchlight Pictures ganó el Óscar a la mejor película en la 81.ª edición de los Óscar?,2,2,USA,object,hard,0
USA|object|Rome: Total War,"¿Qué tipo de objeto es ""Rome: Total War""?",1,1,USA,object,easy,0
USA|object|Rome: Total War,"¿En qué año fue publicado ""Rome: Total War""?",1,1,USA,object,medium,0
USA|object|Rome: Total War,"¿Qué combina ""Rome: Total War"" en su sistema de juego y qué tipos de campaña incluye?",4,2,USA,object,hard,0
USA|object|Monsanto,¿Qué tipo de empresa fue Monsanto?,6,3,USA,object,easy,0
USA|object|Monsanto,¿En qué año fue fundada Monsanto y quién fue su fundador?,2,2,USA,object,medium,0
USA|object|Monsanto,¿Qué controversia ha generado Monsanto en relación con las semillas que patenta y cómo afecta a los agricultores?,3,3,USA,object,hard,0
USA|object|Reunion (álbum de Black Sabbath),¿Qué es Reunion?,2,2,USA,object,easy,0
USA|object|Reunion (álbum de Black Sabbath),¿Cuándo fue lanzado el álbum Reunion?,1,1,USA,object,medium,0
USA|object|Reunion (álbum de Black Sabbath),¿Qué miembros de Black Sabbath se reunieron para grabar el álbum Reunion y qué evento significativo ocurrió en 2000 relacionado con este álbum?,5,2,USA,object,hard,0
USA|object|TIM Brasil,¿Qué es TIM Brasil?,1,1,USA,object,easy,0
USA|object|TIM Brasil,¿En qué sector opera TIM Brasil?,1,1,USA,object,medium,0
USA|object|TIM Brasil,¿Desde qué año ha consolidado TIM Brasil su presencia a nivel nacional y en qué ciudad se encuentran sus oficinas centrales?,2,2,USA,object,hard,0
USA|object|SpaceX CRS-14,¿Qué es SpaceX CRS-14?,1,1,USA,object,easy,0
USA|object|SpaceX CRS-14,¿Cuándo fue lanzada la misión SpaceX CRS-14?,1,1,USA,object,medium,0
USA|object|SpaceX CRS-14,¿Qué tipo de carga incluye la misión SpaceX CRS-14 y cuántos kilos de material ha puesto en órbita?,3,3,USA,object,hard,0
USA|object|Teresa (película de 1951),"¿Qué tipo de película es ""Teresa""?",1,1,USA,object,easy,0
USA|object|Teresa (película de 1951),"¿Quién fue el director de la película ""Teresa""?",1,1,USA,object,medium,0
USA|object|Teresa (película de 1951),"¿En qué contexto histórico se desarrolla la película ""Teresa"" y quién es el protagonista?",2,2,USA,object,hard,0
USA|object|Smashbox Studios,¿Qué es Smashbox Studios?,2,2,USA,object,easy,0
USA|object|Smashbox Studios,¿Quiénes fundaron Smashbox Studios?,1,1,USA,object,medium,0
USA|object|Smashbox Studios,¿Qué relación tuvo Smashbox Studios con IMG y qué evento suspendieron en 2009?,4,4,USA,object,hard,0
USA|object|Tenor (sitio web),¿Qué es Tenor?,3,2,USA,object,easy,0
USA|object|Tenor (sitio web),¿En qué año fue fundado Tenor?,1,1,USA,object,medium,0
USA|object|Tenor (sitio web),¿Qué amenaza recibió Tenor en noviembre de 2017 y por parte de quién?,2,2,USA,object,hard,0
USA|object|The Behemoth,¿Qué tipo de empresa es The Behemoth?,1,1,USA,object,easy,0
USA|object|The Behemoth,¿En qué año fue fundada The Behemoth?,1,1,USA,object,medium,0
USA|object|The Behemoth,¿Cuáles son dos juegos que ha producido The Behemoth y que también ha desarrollado?,4,2,USA,object,hard,0
USA|object|The World Is Not Enough,"¿Qué es ""The World Is Not Enough""?",1,1,USA,object,easy,0
USA|object|The World Is Not Enough,"¿Quién fue el director de ""The World Is Not Enough""?",2,2,USA,object,medium,0
USA|object|The World Is Not Enough,"¿Cuál es el contexto del asesinato de Sir Robert King en ""The World Is Not Enough"" y quién es el terrorista involucrado?",2,2,USA,object,hard,0
USA|object|Tappan Company,¿En qué año comenzó Tappan Company su historia?,1,1,USA,object,easy,0
USA|object|Tappan Company,¿Qué nombre adoptó Tappan Company después de ser conocida como Empresa de Estufas Eclipse?,2,2,USA,object,medium,0
USA|object|Tappan Company,¿Qué innovaciones significativas introdujo Tappan Company en la industria de la cocina durante el siglo XX?,4,2,USA,object,hard,0
USA|object|The Simpsons Ride,¿Qué es The Simpsons Ride?,3,2,USA,object,easy,0
USA|object|The Simpsons Ride,¿Cuándo se inauguró The Simpsons Ride en Hollywood?,2,2,USA,object,medium,0
USA|object|The Simpsons Ride,¿Qué características técnicas utiliza The Simpsons Ride para su simulación y cuántas personas puede transportar por hora?,2,2,USA,object,hard,0
USA|object|Thunder (película),¿Qué tipo de película es Thunder?,3,3,USA,object,easy,0
USA|object|Thunder (película),¿Quién protagoniza la película Thunder?,1,1,USA,object,medium,0
USA|object|Thunder (película),¿Qué características distintivas tenía la película Thunder en comparación con otras películas de su época?,3,2,USA,object,hard,0
USA|object|This Island Earth,"¿Qué tipo de película es ""This Island Earth""?",3,3,USA,object,easy,0
USA|object|This Island Earth,"¿Quién fue el productor de ""This Island Earth""?",1,1,USA,object,medium,0
USA|object|This Island Earth,"¿En qué año se estrenó ""This Island Earth"" y quiénes fueron sus directores?",3,2,USA,object,hard,0
USA|object|SuperBeef,¿Qué es el SuperBeef?,3,3,USA,object,easy,1
USA|object|SuperBeef,¿Cuáles son algunos de los ingredientes que componen el SuperBeef?,8,1,USA,object,medium,0
USA|object|SuperBeef,¿Cuál era el precio del SuperBeef y en qué periodo estuvo disponible?,4,4,USA,object,hard,0
USA|object|Tommy Hilfiger (empresa),¿Qué tipo de empresa es Tommy Hilfiger?,1,1,USA,object,easy,0
USA|object|Tommy Hilfiger (empresa),¿En qué año fue fundada Tommy Hilfiger?,1,1,USA,object,medium,0
USA|object|Tommy Hilfiger (empresa),¿Qué empresa adquirió Tommy Hilfiger por aproximadamente 1600 millones de dólares estadounidenses y en qué año se realizó la compra?,3,3,USA,object,hard,0
USA|object|Touch of Evil,"¿Qué es ""Touch of Evil""?",2,2,USA,object,easy,0
USA|object|Touch of Evil,"¿Quién fue el director de ""Touch of Evil""?",1,1,USA,object,medium,1
USA|object|Touch of Evil,"¿En qué año fue estrenada ""Touch of Evil"" y qué significó para Orson Welles en su carrera?",2,2,USA,object,hard,0
USA|object|Turn 10 Studios,¿Qué tipo de entidad es Turn 10 Studios?,1,1,USA,object,easy,0
USA|object|Turn 10 Studios,¿En qué año se fundó Turn 10 Studios?,1,1,USA,object,medium,0
USA|object|Turn 10 Studios,¿Qué desarrolladora estadounidense de videojuegos fue fundada por Microsoft para desarrollar la saga Forza Motorsport y se compone de más de 300 empleados?,3,3,USA,object,hard,0
USA|object|Tyla,¿Cuál es el nombre completo de Tyla?,1,1,USA,object,easy,0
USA|object|Tyla,¿En qué año lanzó Tyla su sencillo «Water»?,2,2,USA,object,medium,0
USA|object|Tyla,¿Qué premio ganó Tyla en febrero de 2024 y por qué canción?,3,3,USA,object,hard,0
USA|object|Turbo C,¿Qué es Turbo C?,4,3,USA,object,easy,1
USA|object|Turbo C,¿En qué año fue lanzada la primera versión de Turbo C?,1,1,USA,object,medium,0
USA|object|Turbo C,¿Qué características tenía Turbo C en su versión 2.0 y qué producto lo sustituyó en 1990?,3,3,USA,object,hard,0
USA|object|UFC Fight Night: Silva vs. Irvin,¿Qué tipo de evento es UFC Fight Night: Silva vs. Irvin?,1,1,USA,object,easy,0
USA|object|UFC Fight Night: Silva vs. Irvin,¿Quién fue el oponente de Anderson Silva en UFC Fight Night: Silva vs. Irvin?,2,1,USA,object,medium,0
USA|object|UFC Fight Night: Silva vs. Irvin,¿Cuál fue la fecha y el lugar de celebración de UFC Fight Night: Silva vs. Irvin?,2,2,USA,object,hard,0
USA|object|USA Today,¿Qué es USA Today?,3,2,USA,object,easy,0
USA|object|USA Today,¿Cuándo fue fundado USA Today?,1,1,USA,object,medium,0
USA|object|USA Today,¿Qué innovaciones introdujo USA Today en la distribución de periódicos y cuándo se sometió a su primer rediseño importante?,2,2,USA,object,hard,0
USA|object|UFC Fight Night: Chiesa vs. Lee,¿Qué tipo de evento es UFC Fight Night: Chiesa vs. Lee?,1,1,USA,object,easy,0
USA|object|UFC Fight Night: Chiesa vs. Lee,¿Quiénes fueron los protagonistas del evento estelar en UFC Fight Night: Chiesa vs. Lee?,2,2,USA,object,medium,0
USA|object|UFC Fight Night: Chiesa vs. Lee,"¿En qué fecha y lugar se llevó a cabo UFC Fight Night: Chiesa vs. Lee, y quién lo organizó?",3,3,USA,object,hard,0
USA|object|Valero Energy,¿Qué es Valero Energy?,3,1,USA,object,easy,0
USA|object|Valero Energy,¿Cuántas refinerías de petróleo tiene Valero Energy en todo el mundo?,1,1,USA,object,medium,0
USA|object|Valero Energy,¿Qué tipo de crudo ha procesado históricamente Valero Energy y de dónde proviene?,2,2,USA,object,hard,0
USA|object|United Express,¿Qué es United Express?,1,1,USA,object,easy,0
USA|object|United Express,¿Qué tipo de vuelos opera United Express?,1,1,USA,object,medium,0
USA|object|United Express,¿Qué cambio realizó United Express en relación a su empresa matriz el 27 de junio de 2019?,3,3,USA,object,hard,0
USA|object|UFC on ESPN: Brunson vs. Holland,¿Qué tipo de evento es UFC on ESPN: Brunson vs. Holland?,1,1,USA,object,easy,0
USA|object|UFC on ESPN: Brunson vs. Holland,¿Quién fue el plato fuerte del evento UFC on ESPN: Brunson vs. Holland?,1,1,USA,object,medium,0
USA|object|UFC on ESPN: Brunson vs. Holland,¿Qué evento fue programado originalmente para incluir el combate de peso gallo femenino entre Marion Reneau y Macy Chiasson antes de ser reprogramado?,1,1,USA,object,hard,0
USA|object|Valentina Shevchenko,¿Quién es Valentina Shevchenko?,1,1,USA,object,easy,0
USA|object|Valentina Shevchenko,¿En qué categoría compite Valentina Shevchenko en Ultimate Fighting Championship?,1,1,USA,object,medium,0
USA|object|Valentina Shevchenko,¿Cuántas veces ha sido campeona mundial de muay thai Valentina Shevchenko y qué otro título ha obtenido en UFC?,2,2,USA,object,hard,0
USA|object|UFC on Fox: Weidman vs. Gastelum,¿Qué tipo de evento fue UFC on Fox: Weidman vs. Gastelum?,1,1,USA,object,easy,0
USA|object|UFC on Fox: Weidman vs. Gastelum,¿En qué fecha se llevó a cabo UFC on Fox: Weidman vs. Gastelum?,1,1,USA,object,medium,0
USA|object|UFC on Fox: Weidman vs. Gastelum,¿Quiénes fueron los peleadores que protagonizaron el combate de peso mediano en UFC on Fox: Weidman vs. Gastelum?,2,1,USA,object,hard,0
USA|object|UFC on ESPN: Covington vs. Buckley,¿Qué tipo de evento fue UFC on ESPN: Covington vs. Buckley?,1,1,USA,object,easy,0
USA|object|UFC on ESPN: Covington vs. Buckley,¿Cuándo se llevó a cabo el evento UFC on ESPN: Covington vs. Buckley?,1,1,USA,object,medium,0
USA|object|UFC on ESPN: Covington vs. Buckley,¿Qué peleadores encabezaron el evento UFC on ESPN: Covington vs. Buckley y quién reemplazó a Ian Garry?,3,2,USA,object,hard,0
USA|object|Venmo,¿Qué es Venmo?,1,1,USA,object,easy,0
USA|object|Venmo,¿En qué año fue fundado Venmo?,1,1,USA,object,medium,0
USA|object|Venmo,¿Quiénes fundaron Venmo y qué inspiró su creación?,3,2,USA,object,hard,0
USA|object|WarnerMedia,¿Qué es WarnerMedia?,1,1,USA,object,easy,0
USA|object|WarnerMedia,¿Quién es el propietario de WarnerMedia?,1,1,USA,object,medium,0
USA|object|WarnerMedia,¿Qué puesto ocupó WarnerMedia en el listado Fortune 500 de 2018?,1,1,USA,object,hard,0
USA|object|Vuelo 771 de Gulf Air,¿Qué ocurrió con el vuelo 771 de Gulf Air el 23 de septiembre de 1983?,2,2,USA,object,easy,0
USA|object|Vuelo 771 de Gulf Air,¿Cuántos miembros de la tripulación y pasajeros murieron en el vuelo 771 de Gulf Air?,2,2,USA,object,medium,0
USA|object|Vuelo 771 de Gulf Air,¿Quién llevó a cabo la investigación del accidente del vuelo 771 de Gulf Air y qué se reveló en septiembre de 1987?,2,2,USA,object,hard,0
USA|object|Vuelo 214 de Asiana Airlines,¿Qué es el vuelo 214 de Asiana Airlines?,2,2,USA,object,easy,0
USA|object|Vuelo 214 de Asiana Airlines,¿Cuántos pasajeros viajaban en el vuelo 214 de Asiana Airlines?,1,1,USA,object,medium,0
USA|object|Vuelo 214 de Asiana Airlines,¿Qué tipo de aeronave era el vuelo 214 de Asiana Airlines y cuál era su matrícula?,2,2,USA,object,hard,0
USA|object|Williams Sonoma,¿Quién fundó Williams Sonoma?,1,1,USA,object,easy,0
USA|object|Williams Sonoma,¿En qué año fue fundada Williams Sonoma?,1,1,USA,object,medium,0
USA|object|Williams Sonoma,¿Qué producto introdujo Williams Sonoma en el mercado estadounidense en 1973 y quién fue el fundador de la empresa?,2,2,USA,object,hard,0
USA|public_figure|Aaron Rodgers,¿Quién es Aaron Rodgers?,1,1,USA,public_figure,easy,0
USA|public_figure|Aaron Rodgers,¿En qué posición juega Aaron Rodgers?,1,1,USA,public_figure,medium,0
USA|public_figure|Aaron Rodgers,¿Cuántas veces ha sido nombrado MVP de la Temporada Aaron Rodgers y en qué año fichó por los New York Jets?,3,3,USA,public_figure,hard,0
USA|object|Walmart de México y Centroamérica,¿Qué es Walmart de México y Centroamérica?,3,3,USA,object,easy,0
USA|object|Walmart de México y Centroamérica,¿En qué año fue fundada Walmart de México y Centroamérica?,1,1,USA,object,medium,0
USA|object|Walmart de México y Centroamérica,¿Cuántas tiendas tenía Walmart de México y Centroamérica en 5 países de Centroamérica al cierre del año 2016?,3,3,USA,object,hard,0
USA|object|Zebra Technologies,¿Qué tipo de productos fabrica Zebra Technologies?,1,1,USA,object,easy,0
USA|object|Zebra Technologies,¿En qué año Zebra Technologies cambió su foco de negocio hacia la impresión de etiquetas con información variable?,2,2,USA,object,medium,0
USA|object|Zebra Technologies,"¿Qué porcentaje de las compañías de ""Fortune 500"" utilizan los productos de Zebra Technologies y en qué año comenzó a cotizar en la bolsa de valores de NASDAQ?",3,3,USA,object,hard,0
USA|public_figure|Andrew Bynum,¿Cuál es el nombre completo de Andrew Bynum?,1,1,USA,public_figure,easy,0
USA|public_figure|Andrew Bynum,¿Cuántas temporadas jugó Andrew Bynum en la NBA?,1,1,USA,public_figure,medium,0
USA|public_figure|Andrew Bynum,¿Qué equipo seleccionó a Andrew Bynum en el draft de la NBA de 2005 y cuántos campeonatos ganó con ese equipo?,3,3,USA,public_figure,hard,0
USA|public_figure|Angelo DiGeorge,¿Quién fue Angelo DiGeorge?,1,1,USA,public_figure,easy,0
USA|public_figure|Angelo DiGeorge,¿En qué universidad se educó y graduó Angelo DiGeorge?,1,1,USA,public_figure,medium,0
USA|public_figure|Angelo DiGeorge,¿Qué síndrome describió Angelo DiGeorge y en qué años fue presidente de la Lawson Wilkins Pediatric Endocrine Society?,3,3,USA,public_figure,hard,0
USA|public_figure|Adam F. Goldberg,¿Quién es Adam F. Goldberg?,4,2,USA,public_figure,easy,0
USA|public_figure|Adam F. Goldberg,¿Qué serie de televisión es conocida por ser creada y producida ejecutivamente por Adam F. Goldberg?,2,2,USA,public_figure,medium,0
USA|public_figure|Adam F. Goldberg,¿Qué obra produjo Adam F. Goldberg a los 15 años y ganó el Festival de Jóvenes Dramaturgos de Filadelfia?,3,3,USA,public_figure,hard,0
USA|public_figure|Alice Ball,¿Quién fue Alice Ball?,2,1,USA,public_figure,easy,0
USA|public_figure|Alice Ball,¿Qué tratamiento desarrolló Alice Ball para la lepra?,2,2,USA,public_figure,medium,0
USA|public_figure|Alice Ball,¿Qué logro significativo alcanzó Alice Ball en la Universidad de Hawái en 1915?,4,4,USA,public_figure,hard,0
USA|public_figure|Art Williams,¿Cuál es el nombre completo de Art Williams?,1,1,USA,public_figure,easy,0
USA|public_figure|Art Williams,¿Cuántas temporadas jugó Art Williams en la NBA?,1,1,USA,public_figure,medium,0
USA|public_figure|Art Williams,¿En qué equipo jugó Art Williams cuando ganó su anillo de campeón de la NBA y en qué temporada fue?,2,2,USA,public_figure,hard,0
USA|public_figure|Alice Gulick,¿Cuándo nació Alice Gulick?,1,1,USA,public_figure,easy,0
USA|public_figure|Alice Gulick,¿Qué institución fundó Alice Gulick en España?,2,2,USA,public_figure,medium,0
USA|public_figure|Alice Gulick,¿Qué innovaciones pedagógicas introdujo Alice Gulick en el Instituto Internacional en España?,10,2,USA,public_figure,hard,0
USA|public_figure|Ari Emanuel,¿Cuándo nació Ari Emanuel?,1,1,USA,public_figure,easy,0
USA|public_figure|Ari Emanuel,¿Cuál es la ocupación principal de Ari Emanuel?,2,1,USA,public_figure,medium,0
USA|public_figure|Ari Emanuel,¿Qué relación tiene Ari Emanuel con el exalcalde de Chicago Rahm Emanuel y el oncólogo Ezekiel Emanuel?,2,1,USA,public_figure,hard,1
USA|public_figure|Baron Davis,¿Cuándo nació Baron Davis?,1,1,USA,public_figure,easy,0
USA|public_figure|Baron Davis,¿Qué posición jugaba Baron Davis en baloncesto?,1,1,USA,public_figure,medium,0
USA|public_figure|Baron Davis,¿Qué equipo eligió Baron Davis en el Draft de la NBA de 1999 y en qué posición fue elegido?,3,3,USA,public_figure,hard,0
USA|public_figure|Belle L. Pettigrew,¿Cuándo nació Belle L. Pettigrew?,1,1,USA,public_figure,easy,0
USA|public_figure|Belle L. Pettigrew,¿En qué instituciones enseñó Belle L. Pettigrew?,2,1,USA,public_figure,medium,0
USA|public_figure|Belle L. Pettigrew,¿Qué roles ocupó Belle L. Pettigrew en la Woman's American Baptist Home Mission Society y la Woman's Christian Temperance Union?,2,2,USA,public_figure,hard,0
USA|public_figure|Austin Hollins,¿Cuál es la fecha de nacimiento de Austin Hollins?,1,1,USA,public_figure,easy,0
USA|public_figure|Austin Hollins,¿Qué posición juega Austin Hollins en el baloncesto?,2,1,USA,public_figure,medium,0
USA|public_figure|Austin Hollins,¿Qué equipo firmó Austin Hollins el 26 de febrero de 2025 y en qué liga juega actualmente?,3,3,USA,public_figure,hard,0
USA|public_figure|Asher Brown Durand,¿Quién fue Asher Brown Durand?,3,2,USA,public_figure,easy,0
USA|public_figure|Asher Brown Durand,¿En qué año realizó Asher Brown Durand su único viaje a Europa?,1,1,USA,public_figure,medium,0
USA|public_figure|Asher Brown Durand,¿Qué contribución hizo Asher Brown Durand a la Academia Nacional de Dibujo y en qué años fue su presidencia?,3,3,USA,public_figure,hard,0
USA|public_figure|Bernard Suits,¿Quién es Bernard Suits?,1,1,USA,public_figure,easy,0
USA|public_figure|Bernard Suits,¿En qué área de investigación se especializó Bernard Suits?,1,1,USA,public_figure,medium,0
USA|public_figure|Bernard Suits,"¿Qué define Bernard Suits como juego en su obra ""La Cigarra: Juegos, Vida y Utopía""?",2,2,USA,public_figure,hard,0
USA|public_figure|Bill Kennedy,¿Cuál es el nombre completo de Bill Kennedy?,1,1,USA,public_figure,easy,0
USA|public_figure|Bill Kennedy,¿En qué equipo universitario jugó Bill Kennedy?,1,1,USA,public_figure,medium,0
USA|public_figure|Bill Kennedy,¿Qué posición ocupó Bill Kennedy en el Draft de la NBA y qué equipo lo seleccionó?,2,2,USA,public_figure,hard,0
USA|public_figure|Candy Montgomery,¿Cuál es el nombre completo de Candy Montgomery?,1,1,USA,public_figure,easy,0
USA|public_figure|Candy Montgomery,¿Cuántos hijos tiene Candy Montgomery?,1,1,USA,public_figure,medium,0
USA|public_figure|Candy Montgomery,¿Quién fue el abogado defensor de Candy Montgomery durante su juicio?,1,1,USA,public_figure,hard,0
USA|public_figure|Brad Bufanda,¿Cuándo nació Brad Bufanda?,1,1,USA,public_figure,easy,0
USA|public_figure|Brad Bufanda,¿Qué papel interpretó Brad Bufanda en la serie de televisión Veronica Mars?,2,2,USA,public_figure,medium,0
USA|public_figure|Brad Bufanda,¿Qué circunstancias rodearon la muerte de Brad Bufanda y qué dejó escrito en su nota?,4,4,USA,public_figure,hard,0
USA|public_figure|Calvin Garrett,¿Cuál es el nombre completo de Calvin Garrett?,1,1,USA,public_figure,easy,0
USA|public_figure|Calvin Garrett,¿Cuántas temporadas jugó Calvin Garrett en la NBA?,1,1,USA,public_figure,medium,0
USA|public_figure|Calvin Garrett,¿Qué equipo eligió a Calvin Garrett en la cuadragésimo séptima posición del Draft de la NBA y a qué equipo fue traspasado después?,2,2,USA,public_figure,hard,0
USA|public_figure|Brianna McNeal,¿Quién es Brianna McNeal?,1,1,USA,public_figure,easy,0
USA|public_figure|Brianna McNeal,¿En qué ciudad nació Brianna McNeal?,1,1,USA,public_figure,medium,0
USA|public_figure|Brianna McNeal,¿Qué reconocimiento recibió Brianna McNeal por su destacada temporada en 2013?,3,2,USA,public_figure,hard,0
USA|public_figure|Bob Welch,¿Quién fue Bob Welch?,1,1,USA,public_figure,easy,0
USA|public_figure|Bob Welch,¿En qué año se unió Bob Welch a Fleetwood Mac?,2,2,USA,public_figure,medium,0
USA|public_figure|Bob Welch,¿Qué álbum lanzó Fleetwood Mac en septiembre de 1971 y quién escribió la canción del título?,4,4,USA,public_figure,hard,0
USA|public_figure|Carter Cruise,¿Cuándo nació Carter Cruise?,1,1,USA,public_figure,easy,0
USA|public_figure|Carter Cruise,¿En qué universidad se inscribió Carter Cruise para realizar un grado en Psicología?,2,2,USA,public_figure,medium,0
USA|public_figure|Carter Cruise,¿Qué premios ganó Carter Cruise en 2015 y por qué película?,3,3,USA,public_figure,hard,0
USA|public_figure|Charles Pickering,¿En qué año nació Charles Pickering?,1,1,USA,public_figure,easy,0
USA|public_figure|Charles Pickering,¿Cuál fue una de las ocupaciones de Charles Pickering?,1,1,USA,public_figure,medium,0
USA|public_figure|Charles Pickering,¿Qué obra publicó Charles Pickering en 1854 y cuál fue su tema principal?,2,2,USA,public_figure,hard,0
USA|public_figure|Catherine Keener,¿Cuál es el nombre completo de Catherine Keener?,1,1,USA,public_figure,easy,0
USA|public_figure|Catherine Keener,¿En qué año comenzó la carrera de Catherine Keener como actriz?,1,1,USA,public_figure,medium,0
USA|public_figure|Catherine Keener,¿Cuáles son los orígenes étnicos de Catherine Keener y en qué año recibió su primera nominación al Oscar?,3,3,USA,public_figure,hard,0
USA|public_figure|Charles W. Mills,¿Cuándo nació Charles W. Mills?,1,1,USA,public_figure,easy,0
USA|public_figure|Charles W. Mills,¿En qué universidad enseñó Charles W. Mills Filosofía?,1,1,USA,public_figure,medium,0
USA|public_figure|Charles W. Mills,¿Qué obra de Charles W. Mills postula que el contrato social es en realidad un contrato basado en la dominación blanca y ganó el premio Gustavus Myers?,3,3,USA,public_figure,hard,0
USA|public_figure|Chairlift,¿Qué tipo de banda fue Chairlift?,1,1,USA,public_figure,easy,0
USA|public_figure|Chairlift,¿En qué año firmó Chairlift un contrato discográfico con Kanine Records?,2,2,USA,public_figure,medium,0
USA|public_figure|Chairlift,¿Qué miembros formaron inicialmente Chairlift y en qué contexto se conocieron?,5,3,USA,public_figure,hard,0
USA|public_figure|Chelsea Marie,¿Cuál es la fecha de nacimiento de Chelsea Marie?,1,1,USA,public_figure,easy,0
USA|public_figure|Chelsea Marie,¿En qué año debutó Chelsea Marie en la industria pornográfica?,1,1,USA,public_figure,medium,0
USA|public_figure|Chelsea Marie,¿Qué reconocimientos recibió Chelsea Marie en 2017 y por qué?,4,3,USA,public_figure,hard,0
USA|public_figure|Chico Vaughn,¿Cuál es el nombre completo de Chico Vaughn?,1,1,USA,public_figure,easy,0
USA|public_figure|Chico Vaughn,¿En qué universidad jugó Chico Vaughn durante su carrera universitaria?,1,1,USA,public_figure,medium,0
USA|public_figure|Chico Vaughn,¿Cuántas temporadas jugó Chico Vaughn en la NBA y en qué posición se desempeñaba?,2,2,USA,public_figure,hard,0
USA|public_figure|Dan Flavin (político),¿Cuál es el nombre completo de Dan Flavin?,1,1,USA,public_figure,easy,0
USA|public_figure|Dan Flavin (político),¿En qué estado falleció Dan Flavin?,1,1,USA,public_figure,medium,0
USA|public_figure|Dan Flavin (político),¿Qué cargo ocupó Dan Flavin y en qué periodo sirvió en la Cámara de Representantes de Louisiana?,3,3,USA,public_figure,hard,0
USA|public_figure|Dale Schlueter,¿Cuál es el nombre completo de Dale Schlueter?,1,1,USA,public_figure,easy,0
USA|public_figure|Dale Schlueter,¿En qué posición jugaba Dale Schlueter en el baloncesto?,1,1,USA,public_figure,medium,0
USA|public_figure|Dale Schlueter,¿Qué equipo eligió a Dale Schlueter en el Draft de la NBA de 1967 y qué posición ocupó en dicho draft?,3,3,USA,public_figure,hard,0
USA|public_figure|Christian Watson,¿Cuál es el nombre completo de Christian Watson?,1,1,USA,public_figure,easy,0
USA|public_figure|Christian Watson,¿En qué posición juega Christian Watson en el fútbol americano?,1,1,USA,public_figure,medium,0
USA|public_figure|Christian Watson,¿En qué año fue seleccionado Christian Watson en la Reunión Anual de Selección de Jugadores de la NFL y con qué equipo hizo su debut profesional?,2,2,USA,public_figure,hard,0
USA|public_figure|Chico Hamilton,¿Cuál es el nombre completo de Chico Hamilton?,1,1,USA,public_figure,easy,0
USA|public_figure|Chico Hamilton,¿Con qué banda se incorporó Chico Hamilton en 1946?,2,2,USA,public_figure,medium,0
USA|public_figure|Chico Hamilton,¿Qué edad tenía Chico Hamilton al fallecer y con qué cantante comenzó a tocar en 1948?,3,3,USA,public_figure,hard,0
USA|public_figure|Dianne Durham,¿Quién fue Dianne Durham?,1,1,USA,public_figure,easy,0
USA|public_figure|Dianne Durham,¿En qué año ganó Dianne Durham el título absoluto senior en los Campeonatos Nacionales de Estados Unidos femeninos?,2,2,USA,public_figure,medium,0
USA|public_figure|Dianne Durham,¿Qué significó la victoria de Dianne Durham en 1983 en el contexto de la gimnasia femenina en Estados Unidos?,1,1,USA,public_figure,hard,0
USA|public_figure|Dorothy Fay,¿Cuál es el verdadero nombre de Dorothy Fay?,1,1,USA,public_figure,easy,0
USA|public_figure|Dorothy Fay,¿En qué año se casó Dorothy Fay con Tex Ritter?,2,2,USA,public_figure,medium,0
USA|public_figure|Dorothy Fay,"¿Qué relación tienen Dorothy Fay y John Ritter, y en qué año falleció Dorothy Fay?",2,2,USA,public_figure,hard,0
USA|public_figure|Delarrin Turner-Yell,¿Cuál es la fecha de nacimiento de Delarrin Turner-Yell?,1,1,USA,public_figure,easy,0
USA|public_figure|Delarrin Turner-Yell,¿En qué posición juega Delarrin Turner-Yell en el equipo Denver Broncos?,2,2,USA,public_figure,medium,0
USA|public_figure|Delarrin Turner-Yell,¿En qué ronda fue seleccionado Delarrin Turner-Yell en la Reunión Anual de Selección de Jugadores de la NFL de 2022 y con qué equipo hizo su debut profesional?,3,3,USA,public_figure,hard,0
USA|public_figure|Dominick Barlow,¿Cuál es la fecha de nacimiento de Dominick Barlow?,1,1,USA,public_figure,easy,0
USA|public_figure|Dominick Barlow,¿Con qué equipo de la NBA firmó Dominick Barlow un contrato dual el 9 de julio de 2025?,3,3,USA,public_figure,medium,0
USA|public_figure|Dominick Barlow,"¿Qué equipo de la G League está asociado a Dominick Barlow, quien también firmó con Overtime Elite?",2,2,USA,public_figure,hard,0
USA|public_figure|Derwin Kitchen,¿Cuándo nació Derwin Kitchen?,1,1,USA,public_figure,easy,0
USA|public_figure|Derwin Kitchen,¿Cuál es el equipo actual de Derwin Kitchen en la Liga Uruguaya?,1,1,USA,public_figure,medium,0
USA|public_figure|Derwin Kitchen,¿Qué promedio de puntos y asistencias tuvo Derwin Kitchen en su segunda temporada con el Hapoel Jerusalem?,2,2,USA,public_figure,hard,0
USA|public_figure|Doug Kramer,¿Cuál es la fecha de nacimiento de Doug Kramer?,1,1,USA,public_figure,easy,0
USA|public_figure|Doug Kramer,¿En qué posición juega Doug Kramer en el equipo Chicago Bears?,2,2,USA,public_figure,medium,0
USA|public_figure|Doug Kramer,¿En qué ronda fue seleccionado Doug Kramer en la Reunión Anual de Selección de Jugadores de la NFL de 2022 y con qué equipo hizo su debut profesional?,3,3,USA,public_figure,hard,0
USA|public_figure|Elizabeth Allen (actriz),¿Cuál es el nombre de nacimiento de Elizabeth Allen?,1,1,USA,public_figure,easy,0
USA|public_figure|Elizabeth Allen (actriz),¿En qué programa de televisión tuvo Elizabeth Allen un papel en 1950?,2,2,USA,public_figure,medium,0
USA|public_figure|Elizabeth Allen (actriz),¿Qué premio ganó Elizabeth Allen en 1963 y por qué se destacó en su carrera?,3,3,USA,public_figure,hard,0
USA|public_figure|David Hawkins,¿Quién es David Hawkins?,1,1,USA,public_figure,easy,0
USA|public_figure|David Hawkins,¿Cuál es la estatura de David Hawkins?,1,1,USA,public_figure,medium,0
USA|public_figure|David Hawkins,¿Qué equipos de baloncesto formaron parte de la trayectoria profesional de David Hawkins?,7,1,USA,public_figure,hard,0
USA|public_figure|Eddy Álvarez,¿Cuándo nació Eddy Álvarez?,1,1,USA,public_figure,easy,0
USA|public_figure|Eddy Álvarez,¿Qué deporte practicó Eddy Álvarez antes de dedicarse al béisbol?,1,1,USA,public_figure,medium,0
USA|public_figure|Eddy Álvarez,¿Qué medalla ganó Eddy Álvarez en los Juegos Olímpicos de Invierno y en qué evento?,2,2,USA,public_figure,hard,0
USA|public_figure|Elizabeth Yu,¿Cuál es la fecha de nacimiento de Elizabeth Yu?,1,1,USA,public_figure,easy,0
USA|public_figure|Elizabeth Yu,¿Qué personaje interpreta Elizabeth Yu en Avatar: The Last Airbender?,2,2,USA,public_figure,medium,0
USA|public_figure|Elizabeth Yu,¿En qué mes y año fue elegida Elizabeth Yu para interpretar a Azula y qué ascendencia tiene?,3,3,USA,public_figure,hard,0
USA|public_figure|Dudley Randall,¿Cuándo nació Dudley Randall?,1,1,USA,public_figure,easy,0
USA|public_figure|Dudley Randall,¿Qué editorial fundó Dudley Randall en 1965?,2,2,USA,public_figure,medium,0
USA|public_figure|Dudley Randall,"¿Qué poema conocido de Dudley Randall fue escrito en respuesta al atentado de 1963 contra la Iglesia Bautista de la calle 16 en Birmingham, Alabama?",2,2,USA,public_figure,hard,0
USA|public_figure|Janet Stuart Oldershaw Durham,¿Quién fue Janet Stuart Oldershaw Durham?,1,1,USA,public_figure,easy,0
USA|public_figure|Janet Stuart Oldershaw Durham,¿En qué año comenzó a ejercer como abogada Janet Stuart Oldershaw Durham?,1,1,USA,public_figure,medium,0
USA|public_figure|Janet Stuart Oldershaw Durham,¿Qué organizaciones fundó y a qué movimiento se unió Janet Stuart Oldershaw Durham en su lucha por el sufragio femenino?,2,2,USA,public_figure,hard,0
USA|public_figure|Gar Heard,¿Cuál es el nombre completo de Gar Heard?,1,1,USA,public_figure,easy,0
USA|public_figure|Gar Heard,¿En qué equipo de la NBA jugó Gar Heard durante sus dos primeras temporadas?,2,2,USA,public_figure,medium,0
USA|public_figure|Gar Heard,¿Qué récord logró Gar Heard en su última temporada en la Universidad de Oklahoma y quién lo superó casi 40 años después?,3,3,USA,public_figure,hard,0
USA|public_figure|Frederick Winslow Taylor,¿Quién fue Frederick Winslow Taylor?,1,1,USA,public_figure,easy,0
USA|public_figure|Frederick Winslow Taylor,¿Qué obra publicó Frederick Winslow Taylor en 1911?,2,2,USA,public_figure,medium,0
USA|public_figure|Frederick Winslow Taylor,¿Cuáles son dos de los enfoques que diferencian a Frederick Winslow Taylor de Henri Fayol en la administración?,2,1,USA,public_figure,hard,0
USA|public_figure|Greg Plitt,¿Dónde nació Greg Plitt?,1,1,USA,public_figure,easy,0
USA|public_figure|Greg Plitt,¿En qué película participó Greg Plitt como modelo del cuerpo del Doctor Manhattan?,2,2,USA,public_figure,medium,0
USA|public_figure|Greg Plitt,¿Qué ocurrió el 17 de enero de 2015 que resultó en la muerte de Greg Plitt y qué estaba haciendo en ese momento?,3,3,USA,public_figure,hard,0
USA|public_figure|Jennifer Sky,¿Cuál es el nombre real de Jennifer Sky?,1,1,USA,public_figure,easy,0
USA|public_figure|Jennifer Sky,¿En qué año comenzó Jennifer Sky a actuar en General Hospital?,2,2,USA,public_figure,medium,0
USA|public_figure|Jennifer Sky,¿Qué técnica de actuación estudió Jennifer Sky y con qué instructores de renombre lo hizo?,1,1,USA,public_figure,hard,0
USA|public_figure|Felipe Baca,¿Quién fue Felipe Baca?,2,1,USA,public_figure,easy,0
USA|public_figure|Felipe Baca,¿Qué ciudad fundó Felipe Baca en el estado de Colorado?,2,2,USA,public_figure,medium,0
USA|public_figure|Felipe Baca,¿Qué organización fundó Felipe Baca junto a William Hoene en Trinidad y qué servicios ofreció al pueblo?,3,3,USA,public_figure,hard,0
USA|public_figure|Jimmy Ryce,¿Cuál es la fecha de nacimiento de Jimmy Ryce?,1,1,USA,public_figure,easy,0
USA|public_figure|Jimmy Ryce,¿Qué edad tenía Jimmy Ryce al momento de su muerte?,1,1,USA,public_figure,medium,0
USA|public_figure|Jimmy Ryce,¿Qué relación tenía Jimmy Ryce con Juan Carlos Chávez y cuál fue la causa de su muerte?,2,2,USA,public_figure,hard,0
USA|public_figure|Jerian Grant,¿Cuál es el nombre completo de Jerian Grant?,1,1,USA,public_figure,easy,0
USA|public_figure|Jerian Grant,¿En qué universidad jugó Jerian Grant baloncesto universitario?,1,1,USA,public_figure,medium,0
USA|public_figure|Jerian Grant,¿Qué posición ocupó Jerian Grant en el Draft de la NBA de 2015 y qué equipo lo seleccionó?,2,2,USA,public_figure,hard,0
USA|public_figure|John Franklin-Myers,¿Cuál es la fecha de nacimiento de John Franklin-Myers?,1,1,USA,public_figure,easy,0
USA|public_figure|John Franklin-Myers,¿En qué posición juega John Franklin-Myers en el fútbol americano?,1,1,USA,public_figure,medium,0
USA|public_figure|John Franklin-Myers,¿En qué equipo debutó profesionalmente John Franklin-Myers y en qué año fue seleccionado en la NFL?,3,3,USA,public_figure,hard,0
USA|public_figure|Henry Hyde,¿Cuándo nació Henry Hyde?,1,1,USA,public_figure,easy,0
USA|public_figure|Henry Hyde,¿Qué cargo ocupó Henry Hyde en el Comité Judicial?,3,3,USA,public_figure,medium,0
USA|public_figure|Henry Hyde,¿Cuál fue el papel de Henry Hyde en el juicio político del presidente Bill Clinton y qué comités presidió durante su carrera?,7,4,USA,public_figure,hard,0
USA|public_figure|Jason Dolley,¿Quién es Jason Dolley?,3,2,USA,public_figure,easy,0
USA|public_figure|Jason Dolley,¿Qué personaje interpretó Jason Dolley en la serie Cory in the House?,2,2,USA,public_figure,medium,0
USA|public_figure|Jason Dolley,¿En qué película de Disney Channel interpretó Jason Dolley a Connor Kennedy y qué otro papel interpretó en la misma época?,4,2,USA,public_figure,hard,0
USA|public_figure|Julian Merryweather,¿Cuál es el nombre completo de Julian Merryweather?,1,1,USA,public_figure,easy,0
USA|public_figure|Julian Merryweather,¿En qué posición juega Julian Merryweather en el béisbol?,1,1,USA,public_figure,medium,0
USA|public_figure|Julian Merryweather,¿Cuántas temporadas jugó Julian Merryweather en Toronto Blue Jays antes de unirse a Chicago Cubs?,3,3,USA,public_figure,hard,0
USA|public_figure|José Mora y del Río,¿Quién fue José Mora y del Río?,1,1,USA,public_figure,easy,0
USA|public_figure|José Mora y del Río,¿Cuándo se ordenó sacerdote José Mora y del Río?,1,1,USA,public_figure,medium,0
USA|public_figure|José Mora y del Río,¿Qué cargo asumió José Mora y del Río el 12 de febrero de 1909 y qué organización fundó en el contexto de la Revolución mexicana?,3,3,USA,public_figure,hard,0
USA|public_figure|Josh Christopher,¿Cuál es el nombre completo de Josh Christopher?,1,1,USA,public_figure,easy,0
USA|public_figure|Josh Christopher,¿Qué posición juega Josh Christopher en baloncesto?,1,1,USA,public_figure,medium,0
USA|public_figure|Josh Christopher,¿Qué equipo eligió a Josh Christopher en la vigesimocuarta posición del Draft de la NBA de 2021 y qué fecha firmó contrato con ellos?,4,4,USA,public_figure,hard,0
USA|public_figure|Josh Klinghoffer,¿Quién es Josh Klinghoffer?,2,1,USA,public_figure,easy,0
USA|public_figure|Josh Klinghoffer,¿Qué banda de rock fue Josh Klinghoffer guitarrista desde 2009 hasta 2019?,3,3,USA,public_figure,medium,0
USA|public_figure|Josh Klinghoffer,¿En qué año fue inducido Josh Klinghoffer al Rock and Roll Hall of Fame con los Red Hot Chili Peppers?,3,3,USA,public_figure,hard,0
USA|public_figure|Kate Grace,¿Cuándo nació Kate Grace?,1,1,USA,public_figure,easy,0
USA|public_figure|Kate Grace,¿Qué especialidad tiene Kate Grace en el atletismo?,1,1,USA,public_figure,medium,0
USA|public_figure|Kate Grace,¿Qué título ganó Kate Grace en 2006 y en qué evento?,2,2,USA,public_figure,hard,0
USA|public_figure|Lance McNaught,¿Quién es Lance McNaught?,1,1,USA,public_figure,easy,0
USA|public_figure|Lance McNaught,¿En qué fecha viajó Lance McNaught a Japón?,2,2,USA,public_figure,medium,0
USA|public_figure|Lance McNaught,¿Cuántos reinados como Campeón Mundial en Parejas de la WWE tuvo Lance McNaught junto a Trevor Murdoch?,2,2,USA,public_figure,hard,0
USA|public_figure|Ken Reitz,¿Cuál es el nombre completo de Ken Reitz?,1,1,USA,public_figure,easy,0
USA|public_figure|Ken Reitz,¿En qué posición jugaba Ken Reitz en el béisbol?,1,1,USA,public_figure,medium,0
USA|public_figure|Ken Reitz,¿Qué premio recibió Ken Reitz en 1975 y con qué equipo jugaba en ese momento?,3,3,USA,public_figure,hard,0
USA|public_figure|Jourdan Delacruz,¿Cuál es el nombre completo de Jourdan Delacruz?,1,1,USA,public_figure,easy,0
USA|public_figure|Jourdan Delacruz,¿En qué categoría de peso compite Jourdan Delacruz en halterofilia?,1,1,USA,public_figure,medium,0
USA|public_figure|Jourdan Delacruz,¿Qué medalla ganó Jourdan Delacruz en el Campeonato Mundial de Halterofilia de 2023 y en qué deporte compite?,3,3,USA,public_figure,hard,0
USA|public_figure|Kevin Pollak,¿Cuál es el nombre completo de Kevin Pollak?,1,1,USA,public_figure,easy,0
USA|public_figure|Kevin Pollak,¿En qué película interpretó Kevin Pollak el personaje Sam Weinberg?,2,2,USA,public_figure,medium,0
USA|public_figure|Kevin Pollak,"¿Qué personaje interpretó Kevin Pollak en la película ""Casino"" de Martin Scorsese y en qué serie de televisión participó entre 2017 y 2023?",4,4,USA,public_figure,hard,0
USA|public_figure|Leslie Hendrix,¿Quién es Leslie Hendrix?,1,1,USA,public_figure,easy,0
USA|public_figure|Leslie Hendrix,¿En qué papel es conocida Leslie Hendrix en las series de Law & Order?,2,2,USA,public_figure,medium,0
USA|public_figure|Leslie Hendrix,¿En qué series de televisión participó Leslie Hendrix y qué personaje interpretó en All My Children?,3,3,USA,public_figure,hard,0
USA|public_figure|Luis Silva López,¿Cuál es la profesión de Luis Silva López?,1,1,USA,public_figure,easy,0
USA|public_figure|Luis Silva López,¿En qué club juega actualmente Luis Silva López?,1,1,USA,public_figure,medium,0
USA|public_figure|Luis Silva López,¿Cuántos partidos jugó Luis Silva López como titular en su primera temporada en la MLS y en qué año fue seleccionado por el Toronto Football Club?,3,3,USA,public_figure,hard,0
USA|public_figure|Lily Pons,¿Cuál es el nombre completo de Lily Pons?,1,1,USA,public_figure,easy,0
USA|public_figure|Lily Pons,¿En qué año adquirió Lily Pons la ciudadanía estadounidense?,1,1,USA,public_figure,medium,0
USA|public_figure|Lily Pons,¿Cuántas veces actuó Lily Pons en la Ópera Metropolitana de Nueva York y cuáles fueron sus dos papeles más interpretados?,3,2,USA,public_figure,hard,0
USA|public_figure|Lon McCallister,¿Cuál es el nombre completo de Lon McCallister?,1,1,USA,public_figure,easy,0
USA|public_figure|Lon McCallister,¿En qué año se retiró Lon McCallister de la actuación?,1,1,USA,public_figure,medium,0
USA|public_figure|Lon McCallister,¿Con qué actores trabajó Lon McCallister en la película The Red House?,4,2,USA,public_figure,hard,1
USA|public_figure|Kimberly Guilfoyle,¿Cuál es el nombre completo de Kimberly Guilfoyle?,1,1,USA,public_figure,easy,0
USA|public_figure|Kimberly Guilfoyle,¿En qué institución educativa se graduó Kimberly Guilfoyle?,1,1,USA,public_figure,medium,0
USA|public_figure|Kimberly Guilfoyle,¿Qué cargo ocupó Kimberly Guilfoyle antes de ser embajadora de los Estados Unidos en Grecia y en qué periodo fue fiscal adjunta de distrito en San Francisco?,3,3,USA,public_figure,hard,0
USA|public_figure|Louis Truscott,¿Cuál es la fecha de nacimiento de Louis Truscott?,1,1,USA,public_figure,easy,0
USA|public_figure|Louis Truscott,¿En qué ligas menores jugó Louis Truscott profesionalmente?,3,1,USA,public_figure,medium,0
USA|public_figure|Louis Truscott,¿Qué equipos universitarios representó Louis Truscott durante su carrera en la División I de la NCAA?,2,1,USA,public_figure,hard,0
USA|public_figure|Major Jones,¿Quién es Major Jones?,1,1,USA,public_figure,easy,0
USA|public_figure|Major Jones,¿En cuántas temporadas jugó Major Jones en la NBA?,1,1,USA,public_figure,medium,0
USA|public_figure|Major Jones,¿En qué posición jugaba Major Jones y en qué liga fue elegido Rookie del Año?,2,2,USA,public_figure,hard,0
USA|public_figure|Mandy Patinkin,¿Quién es Mandy Patinkin?,3,2,USA,public_figure,easy,0
USA|public_figure|Mandy Patinkin,¿En qué obra de Broadway tuvo su primer papel Mandy Patinkin?,1,1,USA,public_figure,medium,0
USA|public_figure|Mandy Patinkin,¿Qué personaje interpretó Mandy Patinkin en la película The Princess Bride y qué frase famosa pronunció?,2,2,USA,public_figure,hard,0
USA|public_figure|N'Dambi,¿Cuál es el nombre real de N'Dambi?,1,1,USA,public_figure,easy,0
USA|public_figure|N'Dambi,¿En qué año nació N'Dambi?,1,1,USA,public_figure,medium,0
USA|public_figure|N'Dambi,¿Qué significado tiene el nombre N'Dambi y qué relación tiene con su carrera musical?,1,1,USA,public_figure,hard,0
USA|public_figure|Marc Benioff,¿Cuándo nació Marc Benioff?,1,1,USA,public_figure,easy,0
USA|public_figure|Marc Benioff,¿Qué empresa fundó Marc Benioff en 1999?,2,2,USA,public_figure,medium,0
USA|public_figure|Marc Benioff,"¿Qué porcentaje de tiempo, producto e ingresos dedica la Fundación Salesforce a causas benéficas según el enfoque ""1-1-1"" que fundó Marc Benioff?",3,3,USA,public_figure,hard,0
USA|public_figure|Meredith Monroe,¿Cuál es la fecha de nacimiento de Meredith Monroe?,1,1,USA,public_figure,easy,0
USA|public_figure|Meredith Monroe,¿En qué serie interpretó Meredith Monroe el papel de Andie McPhee?,2,2,USA,public_figure,medium,0
USA|public_figure|Meredith Monroe,¿Qué papel interpretó Meredith Monroe en Mentes criminales y cómo culminó su participación en la serie?,3,3,USA,public_figure,hard,0
USA|public_figure|Marcia Strassman,¿Dónde nació Marcia Strassman?,1,1,USA,public_figure,easy,0
USA|public_figure|Marcia Strassman,¿Qué papel tuvo Marcia Strassman en la serie M.A.S.H.?,2,2,USA,public_figure,medium,0
USA|public_figure|Marcia Strassman,¿Qué enfermedad fue diagnosticada a Marcia Strassman en 2007 y que eventualmente causó su muerte en 2014?,4,4,USA,public_figure,hard,0
USA|public_figure|Nik Stauskas,¿Quién es Nik Stauskas?,1,1,USA,public_figure,easy,0
USA|public_figure|Nik Stauskas,¿Cuántas temporadas disputó Nik Stauskas en la NBA?,1,1,USA,public_figure,medium,0
USA|public_figure|Nik Stauskas,¿En qué instituto jugó Nik Stauskas antes de unirse a Michigan?,1,1,USA,public_figure,hard,0
USA|public_figure|Nadine Conner,¿Cuál es el verdadero nombre de Nadine Conner?,1,1,USA,public_figure,easy,0
USA|public_figure|Nadine Conner,¿En qué año debutó profesionalmente Nadine Conner?,1,1,USA,public_figure,medium,0
USA|public_figure|Nadine Conner,¿Qué papel interpretó Nadine Conner en su debut en la Ópera del Metropolitan y en qué obra?,2,2,USA,public_figure,hard,0
USA|public_figure|Mauricio Claver-Carone,¿Quién es Mauricio Claver-Carone?,3,1,USA,public_figure,easy,0
USA|public_figure|Mauricio Claver-Carone,¿Qué cargo ocupó Mauricio Claver-Carone en el Banco Interamericano de Desarrollo (BID)?,1,1,USA,public_figure,medium,0
USA|public_figure|Mauricio Claver-Carone,¿Qué rol desempeñó Mauricio Claver-Carone en la campaña de máxima presión del Gobierno de los Estados Unidos contra el régimen de Maduro en Venezuela?,1,1,USA,public_figure,hard,0
USA|public_figure|Marcos Abraham Freiberg,¿Quién fue Marcos Abraham Freiberg?,1,1,USA,public_figure,easy,0
USA|public_figure|Marcos Abraham Freiberg,¿En qué año se diplomó Marcos Abraham Freiberg en Ciencias naturales?,2,2,USA,public_figure,medium,0
USA|public_figure|Marcos Abraham Freiberg,¿Qué ocupaciones tuvo Marcos Abraham Freiberg antes de radicarse en Estados Unidos en 1984?,4,4,USA,public_figure,hard,0
USA|public_figure|Olivie Blake,¿Cuál es el pseudónimo de Alexene Farol Follmuth?,1,1,USA,public_figure,easy,0
USA|public_figure|Olivie Blake,"¿En qué plataforma se volvió viral Olivie Blake gracias a su obra ""Los seis de Atlas""?",2,2,USA,public_figure,medium,0
USA|public_figure|Olivie Blake,¿Qué obra de Olivie Blake fue adquirida por Amazon en 2021 para su adaptación a una serie de televisión?,4,4,USA,public_figure,hard,1
USA|public_figure|Nora Dunn,¿Quién es Nora Dunn?,3,2,USA,public_figure,easy,0
USA|public_figure|Nora Dunn,¿En qué popular programa de televisión obtuvo notoriedad Nora Dunn?,1,1,USA,public_figure,medium,0
USA|public_figure|Nora Dunn,¿En qué series de televisión apareció Nora Dunn en papeles recurrentes entre 1993 y 1999?,4,2,USA,public_figure,hard,0
USA|public_figure|Rashee Rice,¿Cuál es la fecha de nacimiento de Rashee Rice?,1,1,USA,public_figure,easy,0
USA|public_figure|Rashee Rice,¿En qué posición juega Rashee Rice en el fútbol americano?,1,1,USA,public_figure,medium,0
USA|public_figure|Rashee Rice,¿Con qué equipo debutó Rashee Rice en la National Football League (NFL) y en qué año?,2,2,USA,public_figure,hard,0
USA|public_figure|Phyllis Kaberry,¿Quién fue Phyllis Kaberry?,1,1,USA,public_figure,easy,0
USA|public_figure|Phyllis Kaberry,¿En qué países realizó investigaciones Phyllis Kaberry?,2,1,USA,public_figure,medium,0
USA|public_figure|Phyllis Kaberry,¿Qué obra publicó Phyllis Kaberry que tuvo un impacto en los estudios de mujeres en antropología?,2,2,USA,public_figure,hard,0
USA|public_figure|Radical Face,¿Quién es el cantautor y multiinstrumentista detrás de la banda Radical Face?,4,2,USA,public_figure,easy,0
USA|public_figure|Radical Face,¿Cuál es la canción por la que Radical Face se hizo conocido principalmente?,1,1,USA,public_figure,medium,0
USA|public_figure|Radical Face,¿Qué posiciones alcanzó la canción «Welcome Home» de Radical Face en las listas de Suiza y el Reino Unido?,2,1,USA,public_figure,hard,0
USA|public_figure|Robert Serber,¿Dónde nació Robert Serber?,1,1,USA,public_figure,easy,0
USA|public_figure|Robert Serber,¿Qué teoría desarrolló Robert Serber relacionada con las bombas?,1,1,USA,public_figure,medium,0
USA|public_figure|Robert Serber,¿Qué rol tuvo Robert Serber en el Proyecto Manhattan y qué material educativo creó para el personal científico?,2,2,USA,public_figure,hard,0
USA|public_figure|Robert Barry,¿Dónde nació Robert Barry?,1,1,USA,public_figure,easy,0
USA|public_figure|Robert Barry,¿Con qué famoso músico de jazz tocó Robert Barry?,1,1,USA,public_figure,medium,0
USA|public_figure|Robert Barry,¿En qué década se unió Robert Barry a Sun Ra Arkestra y qué álbumes destacados apareció?,5,3,USA,public_figure,hard,0
USA|public_figure|Penny Halliwell,¿Quién es Penny Halliwell?,1,1,USA,public_figure,easy,0
USA|public_figure|Penny Halliwell,¿En qué año nació Penny Halliwell?,1,1,USA,public_figure,medium,0
USA|public_figure|Penny Halliwell,¿Qué poder poseía Penny Halliwell y a quiénes se lo heredó?,5,2,USA,public_figure,hard,1
USA|public_figure|Robert Woodrow Wilson,¿Cuándo nació Robert Woodrow Wilson?,1,1,USA,public_figure,easy,0
USA|public_figure|Robert Woodrow Wilson,¿Qué premio ganó Robert Woodrow Wilson en 1978?,2,2,USA,public_figure,medium,0
USA|public_figure|Robert Woodrow Wilson,¿Qué descubrimiento realizó Robert Woodrow Wilson en 1964 que ayudó a establecer la teoría del Big Bang?,3,3,USA,public_figure,hard,0
USA|public_figure|Rasheed Wallace,¿Quién es Rasheed Wallace?,1,1,USA,public_figure,easy,0
USA|public_figure|Rasheed Wallace,¿En qué año comenzó Rasheed Wallace su andadura en la NBA?,1,1,USA,public_figure,medium,0
USA|public_figure|Rasheed Wallace,¿Qué equipo ayudó a Rasheed Wallace a ganar el campeonato en 2004 y qué posición jugaba?,3,3,USA,public_figure,hard,0
USA|public_figure|Samuel George Morton,¿Dónde nació Samuel George Morton?,1,1,USA,public_figure,easy,0
USA|public_figure|Samuel George Morton,¿En qué universidad obtuvo Samuel George Morton su diploma de médico?,1,1,USA,public_figure,medium,0
USA|public_figure|Samuel George Morton,¿Qué conclusión llegó Samuel George Morton sobre los antiguos egipcios en su obra Crania Aegyptiaca?,1,1,USA,public_figure,hard,0
USA|public_figure|Reince Priebus,¿Quién es Reince Priebus?,3,2,USA,public_figure,easy,0
USA|public_figure|Reince Priebus,¿En qué año fue elegido presidente del Comité Nacional Republicano Reince Priebus?,2,2,USA,public_figure,medium,0
USA|public_figure|Reince Priebus,¿Qué cargo ocupó Reince Priebus el 13 de noviembre de 2016 y qué relación tiene con su trayectoria política en el Partido Republicano?,4,4,USA,public_figure,hard,0
USA|public_figure|Sarah Newberry-Moore,¿Quién es Sarah Newberry-Moore?,1,1,USA,public_figure,easy,0
USA|public_figure|Sarah Newberry-Moore,¿En qué deporte compite Sarah Newberry-Moore?,1,1,USA,public_figure,medium,0
USA|public_figure|Sarah Newberry-Moore,¿Qué medalla obtuvo Sarah Newberry-Moore en los Juegos Panamericanos de 2023 y en qué clase?,3,3,USA,public_figure,hard,0
USA|public_figure|Sean Burroughs,¿Quién fue Sean Burroughs?,1,1,USA,public_figure,easy,0
USA|public_figure|Sean Burroughs,¿En qué año ganó Sean Burroughs la medalla de oro en los Juegos Olímpicos?,3,3,USA,public_figure,medium,0
USA|public_figure|Sean Burroughs,¿Qué equipo eligió a Sean Burroughs en la novena posición global del Draft de 1998 y qué impacto tuvo en su carrera profesional?,3,3,USA,public_figure,hard,0
USA|public_figure|Taylor Townsend,¿Dónde nació Taylor Townsend?,1,1,USA,public_figure,easy,0
USA|public_figure|Taylor Townsend,¿En qué categoría ha destacado Taylor Townsend?,1,1,USA,public_figure,medium,0
USA|public_figure|Taylor Townsend,¿Quién fue la primera estadounidense en mantener el N º 1 del mundo a fin de año en el ranking Junior desde Gretchen Rush en 1982?,1,1,USA,public_figure,hard,0
USA|public_figure|Sean Quinn,¿Cuál es la fecha de nacimiento de Sean Quinn?,1,1,USA,public_figure,easy,0
USA|public_figure|Sean Quinn,¿Qué equipo ciclista representa Sean Quinn desde 2022?,1,1,USA,public_figure,medium,0
USA|public_figure|Sean Quinn,"¿Qué logros ha obtenido Sean Quinn en su carrera ciclista, incluyendo la Clásica de Arrábida y el Campeonato de Estados Unidos en Ruta?",2,1,USA,public_figure,hard,0
USA|public_figure|Tom Brown,¿Cuál es la nacionalidad de Tom Brown?,1,1,USA,public_figure,easy,0
USA|public_figure|Tom Brown,¿En qué año nació Tom Brown?,1,1,USA,public_figure,medium,0
USA|public_figure|Tom Brown,¿Cuántos años tenía Tom Brown al fallecer y qué enfermedad padeció?,2,2,USA,public_figure,hard,0
USA|public_figure|Yeat,¿Cuál es el nombre real de Yeat?,1,1,USA,public_figure,easy,0
USA|public_figure|Yeat,¿Cuál es el primer álbum de estudio lanzado por Yeat?,1,1,USA,public_figure,medium,0
USA|public_figure|Yeat,¿Qué acuerdo de colaboración firmó Yeat en 2021 y cuáles son las entidades involucradas?,2,1,USA,public_figure,hard,0
USA|public_figure|Uvaldo Luna,¿Cuál es el nombre completo de Uvaldo Luna?,1,1,USA,public_figure,easy,0
USA|public_figure|Uvaldo Luna,¿En qué posición juega Uvaldo Luna?,1,1,USA,public_figure,medium,0
USA|public_figure|Uvaldo Luna,¿Qué selecciones nacionales ha representado Uvaldo Luna y en qué categorías?,3,1,USA,public_figure,hard,0
USA|public_figure|Trent Williams,¿Cuándo nació Trent Williams?,1,1,USA,public_figure,easy,0
USA|public_figure|Trent Williams,¿Qué posición juega Trent Williams en el fútbol americano?,1,1,USA,public_figure,medium,0
USA|public_figure|Trent Williams,¿Qué equipo seleccionó a Trent Williams en la primera ronda del draft de 2010 y en qué puesto fue seleccionado?,4,4,USA,public_figure,hard,0
USA|public_figure|The Reverend Horton Heat,¿Quién es The Reverend Horton Heat?,3,3,USA,public_figure,easy,0
USA|public_figure|The Reverend Horton Heat,¿En qué año se formó The Reverend Horton Heat?,1,1,USA,public_figure,medium,0
USA|public_figure|The Reverend Horton Heat,¿Cómo describe The Reverend Horton Heat su sonido y qué influencias musicales menciona?,9,2,USA,public_figure,hard,1
USA|public_figure|Rosanne Bailey,¿Cuál es la fecha de nacimiento de Rosanne Bailey?,1,1,USA,public_figure,easy,0
USA|public_figure|Rosanne Bailey,¿Qué cargo ocupó Rosanne Bailey en la Universidad de Alaska Fairbanks?,1,1,USA,public_figure,medium,0
USA|public_figure|Rosanne Bailey,¿Qué rango alcanzó Rosanne Bailey en la Fuerza Aérea de los Estados Unidos y en qué año obtuvo el cargo de segundo teniente?,2,2,USA,public_figure,hard,0
USA|tradition|Abadía de San León,¿Qué tipo de monasterio es la Abadía de San León?,1,1,USA,tradition,easy,0
USA|tradition|Abadía de San León,¿En qué año remonta sus orígenes la Abadía de San León?,1,1,USA,tradition,medium,0
USA|tradition|Abadía de San León,¿Quién fue enviado por el Archiabad Bonifacio Wimmer para servir a la población alemana inmigrante en la Abadía de San León y en qué año llegó?,3,3,USA,tradition,hard,0
USA|public_figure|Álvaro Magaña,¿Cuál es el nombre completo de Álvaro Magaña?,1,1,USA,public_figure,easy,0
USA|public_figure|Álvaro Magaña,¿En qué período ejerció Álvaro Magaña como presidente de la República de El Salvador?,2,2,USA,public_figure,medium,0
USA|public_figure|Álvaro Magaña,¿Qué cargo ocupó Álvaro Magaña antes de ser presidente y en qué período lo desempeñó?,2,2,USA,public_figure,hard,0
USA|tradition|Alexander Berzin,¿Dónde nació Alexander Berzin?,1,1,USA,tradition,easy,0
USA|tradition|Alexander Berzin,¿Quién fue el principal maestro de Alexander Berzin?,1,1,USA,tradition,medium,0
USA|tradition|Alexander Berzin,¿En qué periodo trabajó Alexander Berzin y con qué tipo de beca inició su estudio en India?,2,2,USA,tradition,hard,0
USA|tradition|Abel Ferrara,¿Dónde nació Abel Ferrara?,1,1,USA,tradition,easy,0
USA|tradition|Abel Ferrara,¿Qué película dirigió Abel Ferrara en 1979?,2,2,USA,tradition,medium,0
USA|tradition|Abel Ferrara,"¿Qué acusaciones recibió Abel Ferrara en el New York Film Festival en relación a su película ""El rey de Nueva York""?",4,3,USA,tradition,hard,0
USA|tradition|Alex Kendrick,¿Cuál es la fecha de nacimiento de Alex Kendrick?,1,1,USA,tradition,easy,0
USA|tradition|Alex Kendrick,¿Qué película fue dirigida por Alex Kendrick en 2008?,2,2,USA,tradition,medium,0
USA|tradition|Alex Kendrick,¿Qué instituciones educativas asistió Alex Kendrick y qué título obtuvo?,2,2,USA,tradition,hard,0
USA|tradition|Americanos Unidos por la Separación Iglesia-Estado,¿Qué aboga la Asociación Americans United for Separation of Church and State?,1,1,USA,tradition,easy,0
USA|tradition|Americanos Unidos por la Separación Iglesia-Estado,¿Dónde tiene su sede la Asociación Americans United for Separation of Church and State?,1,1,USA,tradition,medium,0
USA|tradition|Americanos Unidos por la Separación Iglesia-Estado,¿Cuál es el principio rector de la Asociación Americans United for Separation of Church and State y qué derecho protege?,1,1,USA,tradition,hard,0
USA|tradition|Alicia Silverstone,¿Quién es Alicia Silverstone?,1,1,USA,tradition,easy,0
USA|tradition|Alicia Silverstone,¿En qué película hizo su debut cinematográfico Alicia Silverstone?,1,1,USA,tradition,medium,0
USA|tradition|Alicia Silverstone,¿Qué papel interpretó Alicia Silverstone en la película Batman & Robin y qué premio ganó por su actuación en 1994?,2,2,USA,tradition,hard,0
USA|tradition|Anne Meara,¿Cuál es el nombre completo de Anne Meara?,1,1,USA,tradition,easy,0
USA|tradition|Anne Meara,¿En qué serie de televisión interpretó Anne Meara el papel de Dorothy Halligan?,2,2,USA,tradition,medium,0
USA|tradition|Anne Meara,"¿Qué compañía teatral fue cofundada por Anne Meara y su esposo Jerry Stiller, y cómo se llamaba originalmente?",2,1,USA,tradition,hard,0
USA|tradition|Barry White,¿Cuál es el nombre artístico de Barrence Eugene Carter?,1,1,USA,tradition,easy,0
USA|tradition|Barry White,¿Cuántos álbumes de estudio tuvo Barry White?,1,1,USA,tradition,medium,0
USA|tradition|Barry White,¿Cuántos álbumes de oro logró Barry White y cuántos de ellos alcanzaron el estatus de platino?,2,2,USA,tradition,hard,0
USA|tradition|Anton Szandor LaVey,¿Quién fue Anton Szandor LaVey?,5,3,USA,tradition,easy,0
USA|tradition|Anton Szandor LaVey,¿Qué organización fundó Anton LaVey el 30 de abril de 1966?,2,2,USA,tradition,medium,0
USA|tradition|Anton Szandor LaVey,¿Cuál es el significado cultural de la Iglesia de Satán fundada por Anton LaVey y qué ideas filosóficas aboga?,4,3,USA,tradition,hard,0
USA|tradition|Baba Ali,¿Cuál es el nombre artístico de Ali Ardekani?,1,1,USA,tradition,easy,0
USA|tradition|Baba Ali,¿Qué compañía cofundó Baba Ali para proporcionar entretenimiento Halal?,2,2,USA,tradition,medium,0
USA|tradition|Baba Ali,¿Qué juegos de mesa diseñó Baba Ali y qué temática tienen?,4,2,USA,tradition,hard,0
USA|tradition|Blase Cupich,¿Quién es Blase Cupich?,1,1,USA,tradition,easy,0
USA|tradition|Blase Cupich,¿Qué cargo ocupa Blase Cupich desde noviembre de 2014?,1,1,USA,tradition,medium,0
USA|tradition|Blase Cupich,¿Qué lema eligió Blase Cupich al ser nombrado obispo de la Diócesis de Rapid City?,1,1,USA,tradition,hard,0
USA|tradition|Arquidiócesis de Nueva York,¿Qué es la Arquidiócesis de Nueva York?,3,3,USA,tradition,easy,0
USA|tradition|Arquidiócesis de Nueva York,¿Cuántas parroquias existían en la Arquidiócesis de Nueva York en 2023?,2,2,USA,tradition,medium,0
USA|tradition|Arquidiócesis de Nueva York,¿Qué territorios fueron cedidos por la Arquidiócesis de Nueva York para la erección de las diócesis de Albany y Búfalo?,3,2,USA,tradition,hard,2
USA|tradition|Basílica de la Reina de Todos los Santos (Chicago),¿Qué es la Basílica de la Reina de Todos los Santos?,2,2,USA,tradition,easy,1
USA|tradition|Basílica de la Reina de Todos los Santos (Chicago),¿En qué año fue elevada a la dignidad de basílica por el Papa Juan XXIII?,2,2,USA,tradition,medium,0
USA|tradition|Basílica de la Reina de Todos los Santos (Chicago),¿Qué grupos o comunidades promovieron la fundación de la Basílica de la Reina de Todos los Santos y en qué año se fundó la escuela asociada?,2,2,USA,tradition,hard,0
USA|tradition|Basílica del Sagrado Corazón de Jesús (Siracusa),¿Qué tipo de entidad es la Basílica del Sagrado Corazón de Jesús en Siracusa?,2,1,USA,tradition,easy,0
USA|tradition|Basílica del Sagrado Corazón de Jesús (Siracusa),¿En qué dirección se encontraba la iglesia original de la Basílica del Sagrado Corazón de Jesús en relación con la estructura actual?,1,1,USA,tradition,medium,0
USA|tradition|Basílica del Sagrado Corazón de Jesús (Siracusa),¿Cuándo fue designada la Basílica del Sagrado Corazón de Jesús como una basílica menor y quién realizó esta designación?,3,3,USA,tradition,hard,0
USA|tradition|Catedral de Nuestra Señora del Rosario (San Bernardino),¿Cuál es el nombre de la catedral de la Diócesis de San Bernardino?,1,1,USA,tradition,easy,0
USA|tradition|Catedral de Nuestra Señora del Rosario (San Bernardino),¿En qué año fue fundada la Catedral de Nuestra Señora del Rosario?,1,1,USA,tradition,medium,0
USA|tradition|Catedral de Nuestra Señora del Rosario (San Bernardino),¿En qué mes y año se inició la construcción de la Catedral de Nuestra Señora del Rosario y qué estilo arquitectónico tiene?,2,2,USA,tradition,hard,0
USA|tradition|Catedral de San Fernando (San Antonio),¿Cuál es el nombre alternativo de la Catedral de San Fernando?,1,1,USA,tradition,easy,0
USA|tradition|Catedral de San Fernando (San Antonio),¿En qué año fue construida la Catedral de San Fernando?,1,1,USA,tradition,medium,0
USA|tradition|Catedral de San Fernando (San Antonio),¿Qué eventos significativos ocurrieron en la Catedral de San Fernando en 1987 y 1868?,4,4,USA,tradition,hard,0
USA|tradition|Catedral de San Juan (Fresno),¿A qué catedral pertenece la Diócesis de Fresno?,1,1,USA,tradition,easy,0
USA|tradition|Catedral de San Juan (Fresno),¿En qué año fue dedicada la Catedral de San Juan (Fresno) a San Juan Bautista?,2,2,USA,tradition,medium,0
USA|tradition|Catedral de San Juan (Fresno),¿Qué estilo arquitectónico se utilizó en la construcción de la Catedral de San Juan (Fresno) y quién fue el diseñador?,2,2,USA,tradition,hard,0
USA|tradition|Catedral serbia ortodoxa de San Sava,¿Qué es la catedral serbia ortodoxa de San Sava?,1,1,USA,tradition,easy,0
USA|tradition|Catedral serbia ortodoxa de San Sava,¿Dónde se encuentra la catedral serbia ortodoxa de San Sava?,1,1,USA,tradition,medium,0
USA|tradition|Catedral serbia ortodoxa de San Sava,¿En qué registro se encuentra inscrita la catedral serbia ortodoxa de San Sava y en qué fecha fue inscrita?,2,2,USA,tradition,hard,0
USA|tradition|Concatedral de Santa Teresa del Niño Jesús,¿Cuál es el nombre de la concatedral de la diócesis de Honolulu?,1,1,USA,tradition,easy,0
USA|tradition|Concatedral de Santa Teresa del Niño Jesús,¿En qué año fue establecida la Concatedral de Santa Teresa del Niño Jesús?,1,1,USA,tradition,medium,0
USA|tradition|Concatedral de Santa Teresa del Niño Jesús,¿Quién fue el vicario apostólico que estableció la parroquia original de la Concatedral de Santa Teresa del Niño Jesús y qué esfuerzo realizó en 1956?,2,2,USA,tradition,hard,0
USA|tradition|Brenda Song,¿Cuál es el nombre completo de Brenda Song?,1,1,USA,tradition,easy,0
USA|tradition|Brenda Song,¿En qué año firmó Brenda Song un contrato con Disney Channel?,2,2,USA,tradition,medium,0
USA|tradition|Brenda Song,¿Qué papel interpretó Brenda Song en la serie The Suite Life of Zack & Cody y en qué años se emitió?,3,3,USA,tradition,hard,0
USA|tradition|Cisma nestoriano,¿Qué fue el cisma nestoriano?,2,2,USA,tradition,easy,0
USA|tradition|Cisma nestoriano,¿Quiénes fueron los personajes clave en el cisma nestoriano?,2,1,USA,tradition,medium,0
USA|tradition|Cisma nestoriano,"¿Qué decisión fue ratificada por el patriarca Aba I en 544, poniendo fin al cisma nestoriano?",3,3,USA,tradition,hard,0
USA|tradition|Billy Wilder,¿Quién es conocido como Samuel Wilder?,1,1,USA,tradition,easy,0
USA|tradition|Billy Wilder,¿Cuántos premios Óscar ganó Billy Wilder?,1,1,USA,tradition,medium,0
USA|tradition|Billy Wilder,¿Cuál fue el primer gran éxito de Billy Wilder como director y qué tema polémico abordó en esta película?,2,2,USA,tradition,hard,0
USA|tradition|Chanda Prescod-Weinstein,¿Quién es Chanda Prescod-Weinstein?,1,1,USA,tradition,easy,0
USA|tradition|Chanda Prescod-Weinstein,¿En qué universidad desarrolla su principal actividad profesional Chanda Prescod-Weinstein?,1,1,USA,tradition,medium,0
USA|tradition|Chanda Prescod-Weinstein,¿Qué posición ocupó Chanda Prescod-Weinstein en el Instituto Tecnológico de Massachusetts y con quién trabajó allí?,4,4,USA,tradition,hard,0
USA|tradition|Deicide,¿En qué año fue formada la banda Deicide?,1,1,USA,tradition,easy,0
USA|tradition|Deicide,¿Quién es el vocalista y bajista de Deicide?,1,1,USA,tradition,medium,0
USA|tradition|Deicide,¿Qué posición ocupó Deicide en el número de álbumes vendidos según Nielsen SoundScan en 1992?,1,1,USA,tradition,hard,0
USA|tradition|David Rosenhan,¿Quién fue David Rosenhan?,1,1,USA,tradition,easy,0
USA|tradition|David Rosenhan,¿En qué universidad fue profesor emérito David Rosenhan?,1,1,USA,tradition,medium,0
USA|tradition|David Rosenhan,¿Qué experimento es conocido David Rosenhan y en qué año fue publicado?,2,2,USA,tradition,hard,0
USA|tradition|Daud Rahbar,¿En qué año nació Daud Rahbar?,1,1,USA,tradition,easy,0
USA|tradition|Daud Rahbar,¿Qué ocupación tuvo Daud Rahbar en la Universidad de Boston?,1,1,USA,tradition,medium,0
USA|tradition|Daud Rahbar,¿Qué relación tuvo Daud Rahbar con la música y qué instrumentos tocaba?,4,2,USA,tradition,hard,0
USA|tradition|Diócesis de Peoria,¿Qué es la Diócesis de Peoria?,3,3,USA,tradition,easy,0
USA|tradition|Diócesis de Peoria,¿Cuántas parroquias tenía la Diócesis de Peoria en 2023?,2,2,USA,tradition,medium,0
USA|tradition|Diócesis de Peoria,¿Cuándo fue erigida la Diócesis de Peoria y quién fue su primer obispo?,2,2,USA,tradition,hard,0
USA|tradition|David Proval,¿Cuál es el nombre completo de David Proval?,1,1,USA,tradition,easy,0
USA|tradition|David Proval,"¿Qué papel interpretó David Proval en la serie ""Los Soprano""?",1,1,USA,tradition,medium,0
USA|tradition|David Proval,¿En qué película dirigida por Martin Scorsese interpretó David Proval el papel de Tony DeVienazo y qué otras películas ha protagonizado?,7,2,USA,tradition,hard,0
USA|tradition|Demografía de los testigos de Jehová,¿Cuántos miembros bautizados activos informaron los testigos de Jehová en sus estadísticas de 2022?,1,1,USA,tradition,easy,0
USA|tradition|Demografía de los testigos de Jehová,¿Qué cantidad de horas de predicación se informaron alrededor de 2022 por los testigos de Jehová?,1,1,USA,tradition,medium,0
USA|tradition|Demografía de los testigos de Jehová,"¿Cuántas personas asistieron anualmente a la celebración de la Conmemoración del 14 de Nisán entre 2013 y 2024, según las estadísticas oficiales de los testigos de Jehová?",1,1,USA,tradition,hard,0
USA|tradition|Don Alden Adams,¿Cuándo nació Don Alden Adams?,1,1,USA,tradition,easy,0
USA|tradition|Don Alden Adams,¿Qué cargo ocupó Don Alden Adams en la Watchtower Bible and Tract Society of Pennsylvania?,2,2,USA,tradition,medium,0
USA|tradition|Don Alden Adams,"¿Qué cambios ocurrieron en la estructura de liderazgo de los Testigos de Jehová en el año 2000, y quién fue el presidente de la Sociedad Watch Tower en ese momento?",4,4,USA,tradition,hard,0
USA|tradition|Disciplina congregacional de los testigos de Jehová,¿Qué es la disciplina congregacional de los Testigos de Jehová?,2,2,USA,tradition,easy,0
USA|tradition|Disciplina congregacional de los testigos de Jehová,¿Quién administra la disciplina congregacional de los Testigos de Jehová?,1,1,USA,tradition,medium,0
USA|tradition|Disciplina congregacional de los testigos de Jehová,¿Qué mecanismos de sanción y control interno incluye la disciplina congregacional de los Testigos de Jehová?,1,1,USA,tradition,hard,0
USA|tradition|Edith Windsor,¿Cuál es el nombre de nacimiento de Edith Windsor?,1,1,USA,tradition,easy,0
USA|tradition|Edith Windsor,¿En qué año recibió Edith Windsor su título universitario?,1,1,USA,tradition,medium,0
USA|tradition|Edith Windsor,¿Qué relación tuvo Edith Windsor con Thea Spyer y en qué año se casaron?,2,2,USA,tradition,hard,0
USA|tradition|Diócesis de Tyler,¿Qué es la Diócesis de Tyler?,3,3,USA,tradition,easy,0
USA|tradition|Diócesis de Tyler,¿Cuántas parroquias tiene la Diócesis de Tyler?,1,1,USA,tradition,medium,0
USA|tradition|Diócesis de Tyler,¿En qué fecha fue erigida la Diócesis de Tyler y qué territorio adquirió al ser creada?,4,2,USA,tradition,hard,2
USA|tradition|Farm Aid,¿Qué es Farm Aid?,2,2,USA,tradition,easy,0
USA|tradition|Farm Aid,¿Cuánto dinero recaudó Farm Aid en su primer concierto?,1,1,USA,tradition,medium,0
USA|tradition|Farm Aid,¿Qué ley se aprobó gracias a los esfuerzos de Farm Aid y en qué año?,2,2,USA,tradition,hard,0
USA|tradition|Fantastic Fest,¿Qué es el Fantastic Fest?,1,1,USA,tradition,easy,0
USA|tradition|Fantastic Fest,¿Cuántas pantallas exhibe el Fantastic Fest?,1,1,USA,tradition,medium,0
USA|tradition|Fantastic Fest,¿En qué año fue fundado el Fantastic Fest y quiénes fueron algunos de sus fundadores?,5,2,USA,tradition,hard,0
USA|tradition|Erik Wielenberg,¿Cuándo nació Erik Wielenberg?,1,1,USA,tradition,easy,0
USA|tradition|Erik Wielenberg,¿Qué tipo de realismo defiende Erik Wielenberg?,1,1,USA,tradition,medium,0
USA|tradition|Erik Wielenberg,¿Cuáles son dos de las obras publicadas por Erik Wielenberg y en qué editoriales fueron publicadas?,4,2,USA,tradition,hard,0
USA|tradition|Festival Internacional de Cine de Palm Springs,¿En qué año se inició el Festival Internacional de Cine de Palm Springs?,1,1,USA,tradition,easy,0
USA|tradition|Festival Internacional de Cine de Palm Springs,¿Quién es el actual director del Festival Internacional de Cine de Palm Springs?,1,1,USA,tradition,medium,0
USA|tradition|Festival Internacional de Cine de Palm Springs,¿Qué porcentaje de asistentes al Festival Internacional de Cine de Palm Springs proviene de fuera del Valle Coachella y qué tipo de películas se proyectan principalmente en el festival?,2,2,USA,tradition,hard,0
USA|tradition|Ellen Johnson,¿Quién es Ellen Johnson?,3,2,USA,tradition,easy,0
USA|tradition|Ellen Johnson,¿En qué año asumió Ellen Johnson la presidencia de American Atheists?,2,2,USA,tradition,medium,0
USA|tradition|Ellen Johnson,¿Qué organización política fundó Ellen Johnson en noviembre de 2002 y cuál es su objetivo principal?,4,4,USA,tradition,hard,0
USA|tradition|Fran Drescher,¿Cuál es el nombre completo de Fran Drescher?,1,1,USA,tradition,easy,0
USA|tradition|Fran Drescher,"¿En qué año comenzó la serie ""The Nanny""?",1,1,USA,tradition,medium,0
USA|tradition|Fran Drescher,¿Qué diagnóstico de salud recibió Fran Drescher en el año 2000 y cómo afectó su carrera?,2,2,USA,tradition,hard,0
USA|tradition|Festival Bach de Oregón,¿Qué es el Festival Bach de Oregón?,3,3,USA,tradition,easy,0
USA|tradition|Festival Bach de Oregón,¿Desde qué año se celebra el Festival Bach de Oregón?,1,1,USA,tradition,medium,0
USA|tradition|Festival Bach de Oregón,¿Quiénes fueron los fundadores del Festival Bach de Oregón y en qué año se fundó?,3,2,USA,tradition,hard,0
USA|tradition|Felipe de Jesús Estévez,¿Cuándo nació Felipe de Jesús Estévez?,1,1,USA,tradition,easy,0
USA|tradition|Felipe de Jesús Estévez,¿En qué diócesis fue obispo Felipe de Jesús Estévez desde 2011 hasta 2022?,4,4,USA,tradition,medium,2
USA|tradition|Felipe de Jesús Estévez,¿Qué cargo ocupó Felipe de Jesús Estévez en la Arquidiócesis de Miami antes de ser nombrado obispo de la Diócesis de San Agustín?,2,2,USA,tradition,hard,1
USA|tradition|Fotodrama de la Creación,¿Qué es el Fotodrama de la Creación?,1,1,USA,tradition,easy,0
USA|tradition|Fotodrama de la Creación,¿Cuánto tiempo dura aproximadamente el Fotodrama de la Creación?,1,1,USA,tradition,medium,0
USA|tradition|Fotodrama de la Creación,¿Quién fue el director del Fotodrama de la Creación y qué sociedad lo produjo?,2,2,USA,tradition,hard,1
USA|tradition|Frank Herbert,¿Cuándo nació Frank Herbert?,1,1,USA,tradition,easy,0
USA|tradition|Frank Herbert,¿Qué novela hizo famoso a Frank Herbert en 1965?,1,1,USA,tradition,medium,0
USA|tradition|Frank Herbert,¿En qué año comenzó Frank Herbert a investigar sobre Dune y qué impacto tuvo esta obra en su carrera?,2,2,USA,tradition,hard,0
USA|tradition|Freeman Dyson,¿Cuándo nació Freeman Dyson?,1,1,USA,tradition,easy,0
USA|tradition|Freeman Dyson,¿En qué institución fue profesor emérito Freeman Dyson?,1,1,USA,tradition,medium,0
USA|tradition|Freeman Dyson,"¿Qué contribuciones realizó Freeman Dyson en el campo de la física, y qué teorizó que lleva su nombre?",2,2,USA,tradition,hard,0
USA|tradition|Festival de Cine de Telluride,¿Qué es el Festival de Cine de Telluride?,1,1,USA,tradition,easy,0
USA|tradition|Festival de Cine de Telluride,¿En qué fin de semana se celebra el Festival de Cine de Telluride?,1,1,USA,tradition,medium,0
USA|tradition|Festival de Cine de Telluride,¿Quiénes fueron algunos de los fundadores del Festival de Cine de Telluride en 1974?,4,1,USA,tradition,hard,0
USA|tradition|Gregory Bateson,¿Qué profesión tuvo Gregory Bateson?,1,1,USA,tradition,easy,0
USA|tradition|Gregory Bateson,¿En qué institución fue profesor de antropología Gregory Bateson?,2,2,USA,tradition,medium,0
USA|tradition|Gregory Bateson,¿Qué libro publicó Gregory Bateson en 1951 junto con Jurgen Ruesch y cuál es su enfoque principal?,4,4,USA,tradition,hard,0
USA|tradition|Grupo de presión sionista en Estados Unidos,¿Qué es el grupo de presión sionista en Estados Unidos?,3,3,USA,tradition,easy,0
USA|tradition|Grupo de presión sionista en Estados Unidos,¿Qué organización es conocida como el principal grupo de cabildeo pro-Israel en Estados Unidos?,1,1,USA,tradition,medium,0
USA|tradition|Grupo de presión sionista en Estados Unidos,¿Qué objetivo tiene NORPAC en relación con el apoyo de Estados Unidos al Estado de Israel?,1,1,USA,tradition,hard,0
USA|tradition|Henri Arnaud,¿Quién fue Henri Arnaud?,2,2,USA,tradition,easy,0
USA|tradition|Henri Arnaud,¿En qué lugar fue educado Henri Arnaud?,1,1,USA,tradition,medium,0
USA|tradition|Henri Arnaud,¿Qué papel desempeñó Henri Arnaud en la organización de los valdenses que se refugiaron en Suiza?,2,2,USA,tradition,hard,0
USA|tradition|Guillermina Bravo Montaño,¿Quién es Guillermina Bravo Montaño?,2,1,USA,tradition,easy,0
USA|tradition|Guillermina Bravo Montaño,¿En qué periodo ejerció Guillermina Bravo Montaño como diputada de la Asamblea Departamental del Valle del Cauca?,2,2,USA,tradition,medium,0
USA|tradition|Guillermina Bravo Montaño,¿Qué ley coautorizó Guillermina Bravo Montaño durante su gestión como representante en la Cámara de Representantes de Colombia?,1,1,USA,tradition,hard,0
USA|tradition|John Astin,¿Cuál es el nombre completo de John Astin?,1,1,USA,tradition,easy,0
USA|tradition|John Astin,¿En qué serie de televisión es conocido John Astin por interpretar a Gómez Addams?,1,1,USA,tradition,medium,0
USA|tradition|John Astin,¿Qué papel desempeñó John Astin en la serie The Addams Family y en qué años se transmitió?,3,3,USA,tradition,hard,0
USA|tradition|Henry Fonda,¿Cuándo nació Henry Fonda?,1,1,USA,tradition,easy,0
USA|tradition|Henry Fonda,¿Cuántas películas protagonizó Henry Fonda a lo largo de su carrera?,1,1,USA,tradition,medium,0
USA|tradition|Henry Fonda,¿Qué premios importantes ganó Henry Fonda a lo largo de su carrera y qué significan en el contexto del cine?,4,1,USA,tradition,hard,0
USA|tradition|Gwendolyn Midlo Hall,¿Cuándo nació Gwendolyn Midlo Hall?,2,2,USA,tradition,easy,0
USA|tradition|Gwendolyn Midlo Hall,¿Qué obra escribió Gwendolyn Midlo Hall en 1992?,2,2,USA,tradition,medium,0
USA|tradition|Gwendolyn Midlo Hall,¿Qué contribución significativa hizo Gwendolyn Midlo Hall al estudio de la historia de la esclavitud en Luisiana?,2,2,USA,tradition,hard,0
USA|tradition|John Courtney Murray,¿Dónde nació John Courtney Murray?,2,2,USA,tradition,easy,0
USA|tradition|John Courtney Murray,¿Qué título académico consiguió John Courtney Murray en 1937?,2,2,USA,tradition,medium,0
USA|tradition|John Courtney Murray,¿Qué artículo influyente publicó John Courtney Murray durante las primeras discusiones del decreto Dignitatis humanae?,1,1,USA,tradition,hard,0
USA|tradition|John Howard Yoder,¿Quién fue John Howard Yoder?,1,1,USA,tradition,easy,0
USA|tradition|John Howard Yoder,¿En qué universidad terminó su doctorado John Howard Yoder?,1,1,USA,tradition,medium,0
USA|tradition|John Howard Yoder,¿Qué obra maestra escribió John Howard Yoder y qué influencia tuvo en su formación académica?,2,2,USA,tradition,hard,0
USA|tradition|Jodie Foster,¿Cuál es el nombre completo de Jodie Foster?,1,1,USA,tradition,easy,0
USA|tradition|Jodie Foster,¿En qué año se graduó Jodie Foster de la Universidad Yale?,2,2,USA,tradition,medium,0
USA|tradition|Jodie Foster,¿Qué premios ha recibido Jodie Foster a lo largo de su carrera y en qué años recibió su primer y segundo Óscar?,3,3,USA,tradition,hard,0
USA|tradition|Iglesias de la Comunidad Metropolitana,¿Qué es la Iglesia de la Comunidad Metropolitana?,1,1,USA,tradition,easy,0
USA|tradition|Iglesias de la Comunidad Metropolitana,¿Quién fundó la Iglesia de la Comunidad Metropolitana?,1,1,USA,tradition,medium,0
USA|tradition|Iglesias de la Comunidad Metropolitana,¿En qué año comenzó la Iglesia de la Comunidad Metropolitana a extenderse a América Latina y quién fue el impulsor de esta acción?,3,3,USA,tradition,hard,0
USA|tradition|Liga Católica por los Derechos Religiosos y Civiles,¿Qué es la Liga Católica por los Derechos Religiosos y Civiles?,1,1,USA,tradition,easy,0
USA|tradition|Liga Católica por los Derechos Religiosos y Civiles,¿En qué año fue fundada la Liga Católica por los Derechos Religiosos y Civiles?,1,1,USA,tradition,medium,0
USA|tradition|Liga Católica por los Derechos Religiosos y Civiles,¿Quién fundó la Liga Católica por los Derechos Religiosos y Civiles y cuál es su objetivo principal?,2,2,USA,tradition,hard,0
USA|tradition|Josh Gondelman,¿Cuándo nació Josh Gondelman?,1,1,USA,tradition,easy,0
USA|tradition|Josh Gondelman,¿En qué programa de televisión fue escritor Josh Gondelman antes de trabajar en Desus & Mero?,1,1,USA,tradition,medium,0
USA|tradition|Josh Gondelman,¿Qué premios ganó Josh Gondelman por su trabajo en Last Week Tonight con John Oliver y en qué años?,6,3,USA,tradition,hard,0
USA|tradition|Judíos estadounidenses,¿Cuántos judíos estadounidenses se estima que hay en la población ampliada?,1,1,USA,tradition,easy,0
USA|tradition|Judíos estadounidenses,¿Cuál es la ciudad de Estados Unidos con más habitantes judíos?,1,1,USA,tradition,medium,0
USA|tradition|Judíos estadounidenses,¿Cuándo llegaron los primeros judíos a los Estados Unidos y cuál fue la primera gran ola de inmigración?,2,2,USA,tradition,hard,0
USA|tradition|Linda Sarsour,¿Quién es Linda Sarsour?,2,2,USA,tradition,easy,0
USA|tradition|Linda Sarsour,¿Qué organización dirigió Linda Sarsour como directora ejecutiva?,1,1,USA,tradition,medium,0
USA|tradition|Linda Sarsour,"¿Qué ley defendió Linda Sarsour que amplió la definición del concepto ""perfil basado en prejuicios"" en Nueva York?",2,2,USA,tradition,hard,0
USA|tradition|Lisa Loeb,¿Qué instrumento musical estudió Lisa Loeb cuando era niña?,1,1,USA,tradition,easy,0
USA|tradition|Lisa Loeb,¿Cuál fue el primer álbum de estudio lanzado por Lisa Loeb?,1,1,USA,tradition,medium,0
USA|tradition|Lisa Loeb,¿Qué álbum de Lisa Loeb fue certificado Oro por la RIAA el 1 de diciembre de 1995 y en qué sello fue lanzado?,3,3,USA,tradition,hard,0
USA|tradition|Lucretia Mott,¿Cuándo nació Lucretia Mott?,1,1,USA,tradition,easy,0
USA|tradition|Lucretia Mott,¿Qué sociedad abolicionista fundó Lucretia Mott?,1,1,USA,tradition,medium,0
USA|tradition|Lucretia Mott,¿Qué evento importante organizó Lucretia Mott junto con Elizabeth Cady Stanton el 19 de julio de 1848?,3,2,USA,tradition,hard,0
USA|tradition|Luis Miranda Rivera,¿Cuándo nació Luis Miranda Rivera?,1,1,USA,tradition,easy,0
USA|tradition|Luis Miranda Rivera,¿En qué universidad realizó Luis Miranda Rivera sus estudios de filosofía?,1,1,USA,tradition,medium,0
USA|tradition|Luis Miranda Rivera,¿Qué puesto ocupó Luis Miranda Rivera en la localidad de Mayagüez y en la ciudad de San Juan de Puerto Rico?,3,2,USA,tradition,hard,0
USA|tradition|Lynn Margulis,¿Cuál es el nombre de nacimiento de Lynn Margulis?,1,1,USA,tradition,easy,0
USA|tradition|Lynn Margulis,¿En qué universidad obtuvo Lynn Margulis su licenciatura?,1,1,USA,tradition,medium,0
USA|tradition|Lynn Margulis,¿Qué teoría formuló Lynn Margulis que cuestionó el paradigma neodarwinista y en qué año publicó su libro sobre el origen de las células eucariotas?,2,2,USA,tradition,hard,0
USA|tradition|Madison Brengle,¿Dónde nació Madison Brengle?,1,1,USA,tradition,easy,0
USA|tradition|Madison Brengle,¿Cuál fue el mejor ranking alcanzado por Madison Brengle y en qué fecha lo logró?,2,2,USA,tradition,medium,0
USA|tradition|Madison Brengle,"¿Cuántos títulos del circuito ITF individuales y de dobles ha ganado Madison Brengle, y qué significa esto en el contexto de su carrera profesional?",2,2,USA,tradition,hard,0
USA|tradition|Maud Nathan,¿Dónde nació Maud Nathan?,1,1,USA,tradition,easy,0
USA|tradition|Maud Nathan,¿Qué organización cofundó Maud Nathan?,1,1,USA,tradition,medium,0
USA|tradition|Maud Nathan,¿Qué impacto tuvo la muerte de su hija en la carrera de Maud Nathan en la ayuda a las mujeres?,2,2,USA,tradition,hard,0
USA|tradition|Marcia Davenport,¿Cuál es el nombre de nacimiento de Marcia Davenport?,1,1,USA,tradition,easy,0
USA|tradition|Marcia Davenport,¿En qué revista comenzó su carrera como escritora Marcia Davenport?,1,1,USA,tradition,medium,0
USA|tradition|Marcia Davenport,¿Qué relación tuvo Marcia Davenport con el mundo de la música clásica y quiénes fueron sus padres?,3,3,USA,tradition,hard,0
USA|tradition|Moshé Soloveitchik,¿Quién fue Moshé Soloveitchik?,1,1,USA,tradition,easy,0
USA|tradition|Moshé Soloveitchik,¿En qué ciudad fue nombrado rabino Moshé Soloveitchik?,1,1,USA,tradition,medium,0
USA|tradition|Moshé Soloveitchik,¿Qué relación tenía Moshé Soloveitchik con el Rabino Jaim Soloveitchik y qué cargo ocupó en Nueva York?,2,2,USA,tradition,hard,0
USA|tradition|Lote del Templo,¿Qué es el Lote del Templo?,2,2,USA,tradition,easy,1
USA|tradition|Lote del Templo,¿Cuándo fue dedicado el Lote del Templo?,1,1,USA,tradition,medium,0
USA|tradition|Lote del Templo,¿Qué significó el Lote del Templo para el Movimiento de los Santos de los Últimos Días y qué ocurrió con su propiedad tras la muerte de José Smith?,5,5,USA,tradition,hard,1
USA|tradition|Menachem Mendel Schneerson,¿Quién fue Menachem Mendel Schneerson?,1,1,USA,tradition,easy,0
USA|tradition|Menachem Mendel Schneerson,¿En qué año asumió Menachem Mendel Schneerson el liderazgo del movimiento Lubavitch?,2,2,USA,tradition,medium,0
USA|tradition|Menachem Mendel Schneerson,¿Qué transformación logró Menachem Mendel Schneerson en el movimiento Jabad-Lubavitch tras asumir su liderazgo en 1950?,2,2,USA,tradition,hard,0
USA|tradition|Medea Benjamin,¿Cuál es el nombre de nacimiento de Medea Benjamin?,1,1,USA,tradition,easy,0
USA|tradition|Medea Benjamin,¿En qué año fue cofundada la organización Code Pink por Medea Benjamin?,2,2,USA,tradition,medium,0
USA|tradition|Medea Benjamin,¿Qué organización cofundó Medea Benjamin en 1988 y qué derechos defiende?,5,3,USA,tradition,hard,0
USA|tradition|Nauvoo Expositor,¿Cuándo se publicó por única vez el Nauvoo Expositor?,1,1,USA,tradition,easy,0
USA|tradition|Nauvoo Expositor,¿Quiénes fueron algunos de los fundadores del Nauvoo Expositor?,4,1,USA,tradition,medium,0
USA|tradition|Nauvoo Expositor,¿Qué acusaciones se hicieron contra Joseph Smith en el Nauvoo Expositor y qué evento resultó de la destrucción de su imprenta?,3,3,USA,tradition,hard,0
USA|tradition|Normani,¿Cuál es el nombre completo de Normani?,1,1,USA,tradition,easy,0
USA|tradition|Normani,¿En qué programa de televisión participó Normani en 2012?,2,2,USA,tradition,medium,0
USA|tradition|Normani,¿Qué sencillo lanzó Normani en 2018 que fue un dueto con Khalid y alcanzó el número nueve en la lista Billboard Hot 100?,5,5,USA,tradition,hard,0
USA|tradition|Partido Político MIRA,¿En qué año fue fundado el Partido Político MIRA?,1,1,USA,tradition,easy,0
USA|tradition|Partido Político MIRA,¿Quién fue el primer presidente del Partido Político MIRA?,1,1,USA,tradition,medium,0
USA|tradition|Partido Político MIRA,¿Qué ideología política representa el Partido Político MIRA y quién fue su fundadora?,2,2,USA,tradition,hard,0
USA|tradition|Ray Arcel,¿Quién fue Ray Arcel?,1,1,USA,tradition,easy,0
USA|tradition|Ray Arcel,¿En qué década comenzó Ray Arcel a entrenar combatientes?,1,1,USA,tradition,medium,0
USA|tradition|Ray Arcel,"¿Qué relación tuvo Ray Arcel con los campeones Benny Leonard y Roberto ""Mano de piedra"" Durán?",1,1,USA,tradition,hard,0
USA|tradition|Naya Rivera,¿Cuál es el nombre completo de Naya Rivera?,1,1,USA,tradition,easy,0
USA|tradition|Naya Rivera,¿En qué serie de televisión es conocida Naya Rivera por su papel de Santana Lopez?,2,2,USA,tradition,medium,0
USA|tradition|Naya Rivera,¿Qué papel significativo tuvo Naya Rivera en su carrera actoral antes de Glee y qué impacto tuvo en su vida?,4,4,USA,tradition,hard,0
USA|tradition|Richard Rorty,¿Quién fue Richard Rorty?,1,1,USA,tradition,easy,0
USA|tradition|Richard Rorty,¿Qué obra escribió Richard Rorty en 1979?,2,2,USA,tradition,medium,0
USA|tradition|Richard Rorty,"¿Qué concepción defendió Richard Rorty en su obra ""Contingencia, ironía y solidaridad"" y cómo se relaciona con su crítica a la política norteamericana hacia la derecha?",3,3,USA,tradition,hard,0
USA|tradition|Richard Zare,¿Quién es Richard Zare?,1,1,USA,tradition,easy,0
USA|tradition|Richard Zare,¿En qué universidad es profesor Richard Zare?,2,2,USA,tradition,medium,0
USA|tradition|Richard Zare,¿Qué premio recibió Richard Zare en 2005 y por qué entidad fue otorgado?,3,3,USA,tradition,hard,0
USA|tradition|Opiniones religiosas de Thomas Jefferson,¿Qué tipo de religión era más cómoda para Thomas Jefferson?,1,1,USA,tradition,easy,0
USA|tradition|Opiniones religiosas de Thomas Jefferson,¿Qué frase acuñó Thomas Jefferson en su Carta a los bautistas de Danbury relacionada con la religión y el estado?,2,2,USA,tradition,medium,0
USA|tradition|Opiniones religiosas de Thomas Jefferson,¿Cuáles son dos influencias religiosas que Jefferson mencionó en su carta a John Adams de 1813?,4,2,USA,tradition,hard,0
USA|tradition|Posse Comitatus (organización),¿Qué es Posse Comitatus?,4,4,USA,tradition,easy,0
USA|tradition|Posse Comitatus (organización),¿En qué año fueron redactados los estatutos fundacionales de Posse Comitatus?,2,1,USA,tradition,medium,0
USA|tradition|Posse Comitatus (organización),¿Qué ideario han abrazado algunos miembros de Posse Comitatus y con qué movimiento está relacionado?,2,2,USA,tradition,hard,0
USA|tradition|Rob Renzetti,¿Quién es Rob Renzetti?,3,2,USA,tradition,easy,0
USA|tradition|Rob Renzetti,¿Qué corto realizó Rob Renzetti que fue emitido en la serie Oh Yeah! Cartoons?,2,2,USA,tradition,medium,0
USA|tradition|Rob Renzetti,¿Qué serie animada creó Rob Renzetti y en qué año se estrenó?,2,2,USA,tradition,hard,0
USA|tradition|Robert Weinberg,¿Cuál es el nombre completo de Robert Weinberg?,1,1,USA,tradition,easy,0
USA|tradition|Robert Weinberg,¿En qué año se doctoró Robert Weinberg?,1,1,USA,tradition,medium,0
USA|tradition|Robert Weinberg,¿Qué descubrimiento importante realizó Robert Weinberg relacionado con el cáncer y en qué institución es profesor?,2,2,USA,tradition,hard,0
USA|tradition|Rubin Carter,¿Cuál es el nombre completo de Rubin Carter?,1,1,USA,tradition,easy,0
USA|tradition|Rubin Carter,¿En qué años boxeó Rubin Carter en la categoría de peso medio?,2,2,USA,tradition,medium,0
USA|tradition|Rubin Carter,¿Qué organización dirigió Rubin Carter después de su liberación y cuál era su propósito?,2,2,USA,tradition,hard,0
USA|tradition|Scott Mechlowicz,¿Cuál es el nombre completo de Scott Mechlowicz?,1,1,USA,tradition,easy,0
USA|tradition|Scott Mechlowicz,¿En qué año comenzó la carrera de Scott Mechlowicz como actor?,1,1,USA,tradition,medium,0
USA|tradition|Scott Mechlowicz,"¿Qué películas son las más conocidas de Scott Mechlowicz y en qué año se estrenó ""Eurotrip""?",5,2,USA,tradition,hard,0
USA|tradition|Separación de la Iglesia y el Estado en los Estados Unidos,"¿Quién usó la frase ""separación de la iglesia y el Estado""?",2,1,USA,tradition,easy,0
USA|tradition|Separación de la Iglesia y el Estado en los Estados Unidos,¿Qué cláusulas de la Primera Enmienda a la Constitución de Estados Unidos están relacionadas con la separación de la iglesia y el Estado?,2,1,USA,tradition,medium,0
USA|tradition|Separación de la Iglesia y el Estado en los Estados Unidos,¿Qué escribió Roger Williams en 1644 que está relacionado con la metáfora de un muro de separación entre la iglesia y el Estado?,1,1,USA,tradition,hard,0
USA|tradition|Seán Sammon,¿Dónde nació Seán Sammon?,1,1,USA,tradition,easy,0
USA|tradition|Seán Sammon,¿Qué cargo ocupó Seán Sammon entre el 3 de octubre de 2001 y el 26 de septiembre de 2009?,3,3,USA,tradition,medium,0
USA|tradition|Seán Sammon,"¿Cuál es la nacionalidad y la religión de Seán Sammon, y en qué congregación está asociado?",3,3,USA,tradition,hard,0
USA|tradition|Thomas Jonathan Jackson Altizer,¿Quién fue Thomas Jonathan Jackson Altizer?,1,1,USA,tradition,easy,0
USA|tradition|Thomas Jonathan Jackson Altizer,¿En qué fecha nació Thomas Jonathan Jackson Altizer?,1,1,USA,tradition,medium,0
USA|tradition|Thomas Jonathan Jackson Altizer,¿Qué pensamiento se basó Thomas Jonathan Jackson Altizer en su obra sobre la Muerte de Dios?,1,1,USA,tradition,hard,0
USA|tradition|Secular Coalition for America,¿Qué es la Secular Coalition for America?,1,1,USA,tradition,easy,0
USA|tradition|Secular Coalition for America,¿Quién es el director ejecutivo de la Secular Coalition for America desde 2009?,2,2,USA,tradition,medium,0
USA|tradition|Secular Coalition for America,¿Qué aboga la Secular Coalition for America en relación con la política americana y qué documento aprobaron en febrero de 2010?,3,3,USA,tradition,hard,0
USA|tradition|Sid Caesar,¿Dónde nació Sid Caesar?,1,1,USA,tradition,easy,0
USA|tradition|Sid Caesar,¿En qué año comenzó Sid Caesar su carrera en la televisión?,1,1,USA,tradition,medium,0
USA|tradition|Sid Caesar,¿Qué serie de televisión condujo Sid Caesar en 1951 y con quién compartió el protagonismo?,2,2,USA,tradition,hard,0
USA|tradition|Steven Levy,¿En qué año nació Steven Levy?,1,1,USA,tradition,easy,0
USA|tradition|Steven Levy,¿En qué revista ha publicado artículos Steven Levy?,1,1,USA,tradition,medium,0
USA|tradition|Steven Levy,"¿Qué concepto define Steven Levy en su libro ""Hackers"" y cuáles son algunos de sus principios?",7,2,USA,tradition,hard,0
USA|tradition|Summerfest,¿Qué es el Summerfest?,2,2,USA,tradition,easy,0
USA|tradition|Summerfest,¿Dónde está situado el Summerfest?,3,1,USA,tradition,medium,0
USA|tradition|Summerfest,¿Quién tuvo la idea de crear el Summerfest y en qué año se celebró su primera edición?,2,2,USA,tradition,hard,0
USA|tradition|Wayne Static,¿Cuál es el nombre real de Wayne Static?,1,1,USA,tradition,easy,0
USA|tradition|Wayne Static,¿Qué banda fue fundada por Wayne Static?,1,1,USA,tradition,medium,0
USA|tradition|Wayne Static,¿Qué características físicas eran distintivas de Wayne Static y qué contrato tenía relacionado con su música?,3,2,USA,tradition,hard,0
USA|tradition|Tiroteo en el Museo Conmemorativo del Holocausto en Washington D. C.,¿En qué fecha ocurrió el Tiroteo en el Museo Conmemorativo del Holocausto en Washington D. C.?,1,1,USA,tradition,easy,0
USA|tradition|Tiroteo en el Museo Conmemorativo del Holocausto en Washington D. C.,¿Quién fue la víctima del Tiroteo en el Museo Conmemorativo del Holocausto en Washington D. C.?,1,1,USA,tradition,medium,0
USA|tradition|Tiroteo en el Museo Conmemorativo del Holocausto en Washington D. C.,¿Qué cargos fueron presentados contra James Wenneker von Brunn tras el Tiroteo en el Museo Conmemorativo del Holocausto en Washington D. C.?,2,1,USA,tradition,hard,0
USA|tradition|William B. Greene,¿Quién fue William B. Greene?,1,1,USA,tradition,easy,0
USA|tradition|William B. Greene,¿Qué obra publicó William B. Greene en 1850?,2,2,USA,tradition,medium,0
USA|tradition|William B. Greene,¿Qué sistema bancario propuso William B. Greene y cómo se relaciona con su influencia en el mutualismo estadounidense?,2,2,USA,tradition,hard,0
USA|tradition|Ángel Barajas,¿Cuál es el nombre completo de Ángel Barajas?,1,1,USA,tradition,easy,0
USA|tradition|Ángel Barajas,¿En qué año nació Ángel Barajas?,1,1,USA,tradition,medium,0
USA|tradition|Ángel Barajas,¿Qué medallas ganó Ángel Barajas en el Campeonato Mundial Juvenil de Gimnasia Artística de 2023 y qué posición ocupó en la competencia «All around»?,3,3,USA,tradition,hard,0
USA|tradition|William J. H. Boetcker,¿Dónde nació William J. H. Boetcker?,1,1,USA,tradition,easy,0
USA|tradition|William J. H. Boetcker,"¿En qué año publicó William J. H. Boetcker su folleto titulado ""Los diez Cannots""?",2,2,USA,tradition,medium,0
USA|tradition|William J. H. Boetcker,"¿Por qué se atribuye erróneamente el folleto ""Los diez Cannots"" a Abraham Lincoln?",6,5,USA,tradition,hard,0
USA|tradition|Yaphet Kotto,¿Cuál es el nombre completo de Yaphet Kotto?,1,1,USA,tradition,easy,0
USA|tradition|Yaphet Kotto,¿En qué película interpretó Yaphet Kotto al personaje Kananga?,2,2,USA,tradition,medium,0
USA|tradition|Yaphet Kotto,¿Qué papel desempeñó Yaphet Kotto en la serie de televisión Homicide: Life on the Street y cuántas temporadas estuvo en el programa?,3,3,USA,tradition,hard,0
USA|tradition|Theodore Drange,¿En qué año nació Theodore Drange?,1,1,USA,tradition,easy,0
USA|tradition|Theodore Drange,¿Qué título académico recibió Theodore Drange de la Universidad Cornell?,3,3,USA,tradition,medium,0
USA|tradition|Theodore Drange,¿Con quién debatió Theodore Drange en 1997 sobre la existencia de Dios?,3,3,USA,tradition,hard,1
USA|tradition|Walter Wink,¿Quién fue Walter Wink?,2,1,USA,tradition,easy,0
USA|tradition|Walter Wink,¿En qué seminario enseñó Walter Wink gran parte de su carrera?,2,2,USA,tradition,medium,0
USA|tradition|Walter Wink,¿Qué concepto acuñó Walter Wink que influyó en la teología de la liberación y en qué contexto participó activamente?,3,2,USA,tradition,hard,0
USA|tradition|Usha Haley,¿Quién es Usha Haley?,4,3,USA,tradition,easy,0
USA|tradition|Usha Haley,¿En qué universidad trabajó Usha Haley en Nueva Zelanda?,2,2,USA,tradition,medium,0
USA|tradition|Usha Haley,¿Qué estudios cursó Usha Haley en la Escuela de Negocios Stern de la Universidad Nueva York?,3,2,USA,tradition,hard,0
