entity_id,pregunta,chain
Europe|dish|Camosa Groga Dolça,¿Qué es Camosa Groga Dolça?,False
Europe|dish|Camosa Groga Dolça,¿Dónde está cultivada la Camosa Groga Dolça?,False
Europe|dish|Camosa Groga Dolça,¿Cuál es la época de maduración y recolección de la Camosa Groga Dolça y en qué región es originaria?,False
Europe|dish|Bacalao al pil pil,¿Qué es el bacalao al pil pil?,False
Europe|dish|Bacalao al pil pil,¿Con qué ingredientes se elabora el bacalao al pil pil?,False
Europe|dish|Bacalao al pil pil,¿Por qué se confunde el bacalao al pil pil con el bacalao ligado?,False
Europe|dish|Abondance (queso),¿Qué es el Abondance?,False
Europe|dish|Abondance (queso),¿En qué departamento de Francia se elabora el Abondance?,False
Europe|dish|Abondance (queso),¿Qué características tiene la corteza del queso Abondance y cómo se presenta?,False
Europe|dish|Berenjena de Almagro,¿Qué es la berenjena de Almagro?,False
Europe|dish|Berenjena de Almagro,¿En qué comarca se cultiva la berenjena de Almagro?,False
Europe|dish|Berenjena de Almagro,¿Desde qué año posee la berenjena de Almagro el estatus de Indicación Geográfica Protegida y qué proceso se realiza para su conservación?,False
Europe|dish|Aceite de orujo de oliva,¿Qué es el aceite de orujo de oliva?,False
Europe|dish|Aceite de orujo de oliva,¿Para qué se utiliza el aceite de orujo de oliva en la hostelería e industria alimentaria?,False
Europe|dish|Aceite de orujo de oliva,¿Cuál es el proceso de obtención del aceite de orujo de oliva y qué porcentaje de la aceituna se convierte en este aceite?,False
Europe|dish|Brie de Melun,¿Qué tipo de producto es el Brie de Melun?,False
Europe|dish|Brie de Melun,¿Con qué tipo de leche se elabora el Brie de Melun?,False
Europe|dish|Brie de Melun,¿Qué reconocimientos obtuvo el Brie de Melun en 1980 y 1996?,False
Europe|dish|Belarda Blanca,¿Qué es la Belarda Blanca?,False
Europe|dish|Belarda Blanca,¿Dónde está cultivada la Belarda Blanca?,False
Europe|dish|Belarda Blanca,¿Cuál es la época de maduración y recolección de la Belarda Blanca y qué características tiene su fruto?,False
Europe|dish|Arroz de sarrabulho,¿Qué es el Arroz de sarrabulho?,False
Europe|dish|Arroz de sarrabulho,¿Con qué se elabora el Arroz de sarrabulho?,False
Europe|dish|Arroz de sarrabulho,¿Qué cofradía se creó en 2006 para divulgar los valores gastronómicos del Arroz de sarrabulho y cuál es su objetivo?,False
Europe|dish|Arroz a la valenciana,¿Qué es el arroz a la valenciana?,False
Europe|dish|Arroz a la valenciana,¿Qué especia se utiliza tradicionalmente para aromatizar el arroz a la valenciana?,False
Europe|dish|Arroz a la valenciana,¿Cómo se diferencia el arroz a la valenciana de la paella valenciana en términos de estandarización de ingredientes?,False
Europe|dish|Brandy,¿Qué es el brandy?,False
Europe|dish|Brandy,¿Qué porcentaje de volumen de alcohol tiene el brandy?,False
Europe|dish|Brandy,¿Desde cuándo se conoce el brandy y en qué siglo se hizo popular?,False
Europe|dish|Alto Crotonese,¿Qué es el Alto Crotonese?,False
Europe|dish|Alto Crotonese,¿Dónde se ubica la zona de producción del Alto Crotonese?,False
Europe|dish|Alto Crotonese,¿Qué características debe reunir el Alto Crotonese para ser considerado una denominación de origen protegida?,False
Europe|dish|Acqua pazza (comida),¿Qué es el acqua pazza?,False
Europe|dish|Acqua pazza (comida),¿Cuáles son algunos de los ingredientes estándar del acqua pazza?,False
Europe|dish|Acqua pazza (comida),¿Cuál es el contexto histórico de la creación del acqua pazza y en qué región de Italia se originó?,False
Europe|dish|Chip butty,¿Qué es un chip butty?,False
Europe|dish|Chip butty,¿Con qué se elabora un chip butty?,False
Europe|dish|Chip butty,"¿Por qué se considera el chip butty un sándwich de las ""clases trabajadoras"" en el Reino Unido?",False
Europe|dish|Coxinha,¿Qué es la coxinha?,False
Europe|dish|Coxinha,¿Con qué ingrediente principal se elabora la coxinha?,False
Europe|dish|Coxinha,¿Cuál es el origen histórico de la coxinha y qué relación tiene con un niño con discapacidades?,False
Europe|dish|Cantueso (licor),¿Qué es el cantueso?,False
Europe|dish|Cantueso (licor),¿Cuál es el contenido en alcohol del cantueso?,False
Europe|dish|Cantueso (licor),¿En qué ciudad se elabora especialmente el cantueso y cuál es su origen histórico?,False
Europe|dish|Crêpe Suzette,¿Qué es la crêpe Suzette?,False
Europe|dish|Crêpe Suzette,"¿Cuáles son los ingredientes principales del ""beurre Suzette""?",False
Europe|dish|Crêpe Suzette,¿Cuál es la historia más difundida sobre el origen de la crêpe Suzette y quién se atribuye su creación?,False
Europe|dish|Doce uvas,¿Qué es las doce uvas?,False
Europe|dish|Doce uvas,¿En qué fecha se comen las doce uvas?,False
Europe|dish|Doce uvas,¿Qué se cree que ocurre si se comen las doce uvas al compás de las campanadas?,False
Europe|dish|Chori (manzana),¿Qué es Chori?,False
Europe|dish|Chori (manzana),¿Dónde está cultivada la manzana Chori?,False
Europe|dish|Chori (manzana),¿Cuáles son las características del fruto de la manzana Chori en términos de tamaño y acidez?,False
Europe|dish|Chinchón (bebida),¿Qué tipo de bebida es el chinchón?,False
Europe|dish|Chinchón (bebida),¿Con qué ingrediente se elabora el chinchón?,False
Europe|dish|Chinchón (bebida),¿En qué año fue reconocido el chinchón como Indicación Geográfica dentro de la Unión Europea?,False
Europe|dish|Cura (pera),¿Qué es la Cura (pera)?,False
Europe|dish|Cura (pera),¿En qué país es originaria la Cura (pera)?,False
Europe|dish|Cura (pera),¿Cuál fue la mejor época de cultivo comercial de la Cura (pera) y en qué contexto se considera su cultivo en la actualidad?,False
Europe|dish|Denominación de Origen Aceite de los Montes de Toledo,¿Qué es la Denominación de Origen Aceite de los Montes de Toledo?,False
Europe|dish|Denominación de Origen Aceite de los Montes de Toledo,¿Qué tipo de aceites ampara la Denominación de Origen Aceite de los Montes de Toledo?,False
Europe|dish|Denominación de Origen Aceite de los Montes de Toledo,¿Qué requisitos debe cumplir el Aceite de los Montes de Toledo según su reglamento?,False
Europe|dish|Felipes de Fornos,¿Qué son los felipes de Fornos?,False
Europe|dish|Felipes de Fornos,¿Con qué se realizan los felipes de Fornos?,False
Europe|dish|Felipes de Fornos,"¿Por qué se denomina ""felipes"" a los felipes de Fornos?",False
Europe|dish|Cátedras Ambulantes,¿Qué fue las Cátedras Ambulantes?,False
Europe|dish|Cátedras Ambulantes,¿Qué contenían los camiones de las Cátedras Ambulantes?,False
Europe|dish|Cátedras Ambulantes,¿Qué tareas específicas realizaban las Cátedras Ambulantes y qué objetivo tenían en relación con las mujeres del mundo rural?,False
Europe|dish|Día del plato único,¿Qué se servía durante el Día del Plato Único en España?,False
Europe|dish|Día del plato único,¿Qué porcentaje de los ingresos debían ceder los establecimientos hosteleros durante el Día del Plato Único?,False
Europe|dish|Día del plato único,¿En qué contexto histórico se estableció el Día del Plato Único y qué se justificaba con su implementación?,False
Europe|dish|Daube,¿Qué es la daube?,False
Europe|dish|Daube,¿Con qué tipo de carne se elabora la daube?,True
Europe|dish|Daube,¿Qué variaciones de la daube se pueden encontrar en la región de Aviñón?,True
Europe|dish|Carquiñol,¿Qué es el carquiñol?,False
Europe|dish|Carquiñol,¿Cuáles son algunos de los ingredientes necesarios para elaborar carquiñoles?,False
Europe|dish|Carquiñol,¿En qué regiones son típicos los carquiñoles y con qué dulce tradicional andaluz son similares?,False
Europe|dish|Federweißer,¿Qué es el Federweißer?,False
Europe|dish|Federweißer,¿Cuál es la graduación alcohólica del Federweißer?,False
Europe|dish|Federweißer,¿Qué alimentos son comunes para acompañar el Federweißer y en qué época del año suele venderse?,False
Europe|dish|Fougasse,¿Qué es la fougasse?,False
Europe|dish|Fougasse,¿Qué ingredientes suelen estar incorporados en la masa de la fougasse?,False
Europe|dish|Fougasse,¿Cómo se utilizaba tradicionalmente la fougasse en relación con el horno de leña?,False
Europe|dish|Ferraúra,¿Qué es la ferraúra?,False
Europe|dish|Ferraúra,¿En qué meses se siembra la ferraúra?,False
Europe|dish|Ferraúra,¿Con qué otra variedad de judía se confunde la ferraúra y qué característica la distingue?,True
Europe|dish|Gallinejas,¿Qué son las gallinejas?,False
Europe|dish|Gallinejas,¿Dónde se localizan casi de modo exclusivo las gallinejas?,False
Europe|dish|Gallinejas,¿Qué ingredientes componen las gallinejas y cómo se preparan?,False
Europe|dish|Fina Puigdevall,¿Quién es Fina Puigdevall?,False
Europe|dish|Fina Puigdevall,¿En qué año recibió Fina Puigdevall la primera estrella Michelín?,False
Europe|dish|Fina Puigdevall,¿Qué filosofía de cocina promueve Fina Puigdevall en su restaurante Les Cols y qué tipo de productos utiliza?,False
Europe|dish|Galette-saucisse,¿Qué es la galette-saucisse?,False
Europe|dish|Galette-saucisse,¿En qué región de Francia se consume principalmente la galette-saucisse?,False
Europe|dish|Galette-saucisse,¿Qué dos productos típicos de la cocina bretona une la galette-saucisse y en qué siglo fue popularizada?,False
Europe|dish|Gaig,¿Qué es Gaig?,False
Europe|dish|Gaig,¿Quién fundó Gaig?,False
Europe|dish|Gaig,¿En qué año fue inaugurado Gaig y qué premio recibió cuatro años después?,True
Europe|dish|Gastronomía de la provincia de Pontevedra,¿Qué plato típico de la provincia de Pontevedra se elabora con grelos?,False
Europe|dish|Gastronomía de la provincia de Pontevedra,¿Qué tipo de ingredientes marítimos proporciona la Gastronomía de la provincia de Pontevedra?,False
Europe|dish|Gastronomía de la provincia de Pontevedra,¿Qué plato típico de la provincia de Pontevedra se consume en las fiestas populares y está elaborado con mariscos de la ría?,False
Europe|dish|Golmajería,¿Qué es la golmajería?,False
Europe|dish|Golmajería,¿Qué dulce tradicional de La Rioja se incluye en la golmajería y es originario de Arnedo?,False
Europe|dish|Golmajería,¿Qué relación tiene la golmajería con las reminiscencias musulmanas y qué dulces incluye de la Comarca de Cervera?,False
Europe|dish|Huevas aliñás,¿Qué son las huevas aliñás?,False
Europe|dish|Huevas aliñás,¿Qué tipo de huevas se suele emplear en la elaboración de las huevas aliñás?,False
Europe|dish|Huevas aliñás,¿Qué proceso necesita realizarse para cocer las huevas enteras en la preparación de las huevas aliñás?,False
Europe|dish|Grupo Calvo,¿En qué año fue fundada la empresa Grupo Calvo?,False
Europe|dish|Grupo Calvo,¿En cuántos países está presente Grupo Calvo?,False
Europe|dish|Grupo Calvo,"¿Qué porcentaje de poder tiene la familia Calvo en la empresa Grupo Calvo desde 2017 y qué empresa adquirió el 22,2% restante?",False
Europe|dish|Gastronomía de Basilicata,¿Qué es el peperone crusco en la gastronomía de Basilicata?,False
Europe|dish|Gastronomía de Basilicata,¿Qué tipo de aceite se produce principalmente en la gastronomía de Basilicata?,False
Europe|dish|Gastronomía de Basilicata,¿Qué platos típicos de la gastronomía de Basilicata utilizan cavatelli y qué ingredientes adicionales pueden incluir?,False
Europe|dish|Gastronomía de Inglaterra,¿Qué tipo de queso es el más común en la gastronomía de Inglaterra?,False
Europe|dish|Gastronomía de Inglaterra,¿Cuántas variedades de queso se elaboran en Inglaterra según el Cheese Board inglés?,False
Europe|dish|Gastronomía de Inglaterra,¿Qué platos populares de la gastronomía de Inglaterra incluyen pescado y cuáles son algunas especies utilizadas en su preparación?,False
Europe|dish|Kesra,¿Qué es el pan kesra?,False
Europe|dish|Kesra,¿Con qué se prepara el pan kesra?,False
Europe|dish|Kesra,¿Quién describió el pan kesra y en qué contexto histórico se menciona?,False
Europe|dish|Kluski negros,¿Qué son los kluski negros?,False
Europe|dish|Kluski negros,¿Con qué se hacen principalmente los kluski negros?,False
Europe|dish|Kluski negros,¿En qué tipo de eventos se sirven los kluski negros y en qué números deben ser servidos?,False
Europe|dish|Huevos moles,¿Qué es los huevos moles?,False
Europe|dish|Huevos moles,¿En qué provincias de España es muy típica la preparación de los huevos moles?,False
Europe|dish|Huevos moles,¿Cómo se elabora el huevo chimbo en Perú y qué ingredientes se utilizan?,False
Europe|dish|Lambig,¿Qué es el lambig?,False
Europe|dish|Lambig,¿Cómo se produce el lambig?,False
Europe|dish|Lambig,¿Cuánto tiempo debe ser envejecido el lambig y con qué es equivalente?,False
Europe|dish|Judías a lo tío Lucas,¿Qué es las judías a lo tío Lucas?,False
Europe|dish|Judías a lo tío Lucas,¿Con qué se elabora las judías a lo tío Lucas?,False
Europe|dish|Judías a lo tío Lucas,¿Qué ingredientes se incluyen en la preparación de las judías a lo tío Lucas y cuánto tiempo se deja cocinar?,False
Europe|dish|Libra Sagarra,¿Qué es Libra Sagarra?,False
Europe|dish|Libra Sagarra,¿Dónde está cultivada la variedad de manzano Libra Sagarra?,False
Europe|dish|Libra Sagarra,¿Cuál es la época de maduración y recolección de la manzana Libra Sagarra y para qué se utiliza?,False
Europe|dish|Lane's Prince Albert,¿Qué es Lane's Prince Albert?,False
Europe|dish|Lane's Prince Albert,¿Quién crió Lane's Prince Albert y en qué año?,False
Europe|dish|Lane's Prince Albert,¿Qué características tiene el fruto de Lane's Prince Albert y en qué contexto histórico fue introducido?,False
Europe|dish|Laxton's Leader,¿Qué es Laxton's Leader?,False
Europe|dish|Laxton's Leader,¿En qué año fue introducida Laxton's Leader en el mercado?,False
Europe|dish|Laxton's Leader,¿Cuál es el origen histórico de Laxton's Leader y qué variedades se cruzaron para su creación?,False
Europe|dish|Lucas González de Caso,¿Quién fue Lucas González de Caso?,False
Europe|dish|Lucas González de Caso,¿Qué platos populares se asocian con Lucas González de Caso?,False
Europe|dish|Lucas González de Caso,"¿Cuál es la influencia cultural de los platos de Lucas González de Caso, considerando su origen y la vigencia de su denominación en la gastronomía de Madrid?",False
Europe|dish|Macedonia de frutas,¿Qué es la macedonia de frutas?,False
Europe|dish|Macedonia de frutas,¿En qué países es típica la macedonia de frutas como postre?,False
Europe|dish|Macedonia de frutas,"¿De qué creación proviene el nombre ""macedonia"" en la gastronomía?",False
Europe|dish|Livarot (queso),¿Qué tipo de producto es el livarot?,False
Europe|dish|Livarot (queso),¿En qué región de Francia se fabrica el livarot?,False
Europe|dish|Livarot (queso),¿Qué características distintivas tiene la corteza del livarot y qué le da su color anaranjado?,False
Europe|dish|Lebkuchen,¿Qué tipo de galleta es la Lebkuchen?,False
Europe|dish|Lebkuchen,¿Desde qué año es mundialmente conocida la Nürnberger Lebkuchen?,False
Europe|dish|Lebkuchen,¿Qué requisitos específicos debe cumplir el Elisen-Lebkuchen en cuanto a la cantidad de frutos secos y harina?,False
Europe|dish|Lukaniko,¿Qué es Lukaniko?,False
Europe|dish|Lukaniko,¿Cómo se sirve comúnmente el Lukaniko?,False
Europe|dish|Lukaniko,¿De dónde procede el nombre Lukaniko y desde cuándo ha sido usado en griego?,False
Europe|dish|Kloß,¿Qué es el Kloß?,False
Europe|dish|Kloß,¿En qué tipo de agua se cuecen los Klöße?,False
Europe|dish|Kloß,¿Cuáles son algunas de las variantes de Kloß que se elaboran con patatas?,False
Europe|dish|Longaniza de Graus,¿Qué tipo de embutido es la longaniza de Graus?,False
Europe|dish|Longaniza de Graus,¿Qué porcentaje mínimo de carne magra de cerdo posee la longaniza de Graus?,False
Europe|dish|Longaniza de Graus,¿Qué evento se celebra cada julio en Graus relacionado con la longaniza de Graus y qué récord obtuvo en 1997?,False
Europe|dish|Kvas,¿Qué es el kvas?,False
Europe|dish|Kvas,¿Cuáles son los ingredientes básicos con los que se elabora el kvas?,False
Europe|dish|Kvas,¿En qué países es popular el kvas y qué sopa fría se elabora con él en la cocina rusa?,False
Europe|dish|Manteiga de Ouro (pera),¿Qué es la Manteiga de Ouro?,False
Europe|dish|Manteiga de Ouro (pera),¿Dónde está cultivada la Manteiga de Ouro?,False
Europe|dish|Manteiga de Ouro (pera),¿Cuál es la época de maduración y recolección de la Manteiga de Ouro y en qué región de España es originaria?,False
Europe|dish|Montado de lomo,¿Qué es el montado de lomo?,False
Europe|dish|Montado de lomo,¿Dónde se puede solicitar el montado de lomo?,False
Europe|dish|Montado de lomo,¿Qué se suele aplicar al montado de lomo después de asarlo a la plancha?,False
Europe|dish|Mantecosa Dorada de Bilbao (pera),¿Qué es la Mantecosa Dorada de Bilbao?,False
Europe|dish|Mantecosa Dorada de Bilbao (pera),¿Dónde está cultivada la Mantecosa Dorada de Bilbao?,False
Europe|dish|Mantecosa Dorada de Bilbao (pera),¿En qué época tuvo su mejor cultivo comercial la Mantecosa Dorada de Bilbao y qué características la hacen considerada una variedad autóctona muy antigua?,False
Europe|dish|Morro de Bou (manzana),¿Qué es la Morro de Bou?,False
Europe|dish|Morro de Bou (manzana),¿Dónde está cultivada la Morro de Bou?,False
Europe|dish|Morro de Bou (manzana),¿En qué década tuvo su mejor época de cultivo comercial la Morro de Bou?,False
Europe|dish|Museo del Cántaro (Valoria la Buena),¿En qué municipio se encuentra el Museo del Cántaro?,False
Europe|dish|Museo del Cántaro (Valoria la Buena),¿Qué tipo de colección alberga el Museo del Cántaro?,False
Europe|dish|Museo del Cántaro (Valoria la Buena),¿Qué se explica en el Museo del Cántaro sobre el cántaro de agua y cómo está distribuida la exposición?,False
Europe|dish|Metsovone,¿Qué es el Metsovone?,True
Europe|dish|Metsovone,¿Dónde se produce el Metsovone?,False
Europe|dish|Metsovone,¿Qué características tiene el Metsovone en cuanto a su textura y forma?,False
Europe|dish|Navalmoral de Béjar variedad3,¿Qué es Navalmoral de Béjar variedad3?,False
Europe|dish|Navalmoral de Béjar variedad3,¿Dónde está cultivada la variedad Navalmoral de Béjar variedad3?,False
Europe|dish|Navalmoral de Béjar variedad3,¿Cuál es la época de maduración y recolección de fruto de la variedad Navalmoral de Béjar variedad3 y para qué se utiliza?,False
Europe|dish|Merkalin (manzana),¿Qué es la manzana Merkalin?,False
Europe|dish|Merkalin (manzana),¿Dónde es originaria la manzana Merkalin?,False
Europe|dish|Merkalin (manzana),¿Qué características tiene la manzana Merkalin en relación a su uso en la cocina y la elaboración de sidra?,False
Europe|dish|Mushy peas,¿Qué son los mushy peas?,False
Europe|dish|Mushy peas,¿Cómo se preparan los mushy peas antes de cocinarlos?,False
Europe|dish|Mushy peas,¿Qué plato tradicional del norte de Inglaterra suele acompañar a los mushy peas?,True
Europe|dish|Opson,¿Qué era el opson en la cocina de la antigua Grecia?,False
Europe|dish|Opson,¿A qué parte de la comida se integraba el opson en la antigua Grecia?,True
Europe|dish|Opson,¿Qué preocupación moral generaba el uso excesivo de opson entre los griegos antiguos?,True
Europe|dish|Mortadela de Campotosto,¿Qué es la mortadela de Campotosto?,False
Europe|dish|Mortadela de Campotosto,¿Con qué tipo de carne se elabora la mortadela de Campotosto?,False
Europe|dish|Mortadela de Campotosto,¿Cuánto tiempo se deja curar la mortadela de Campotosto y qué ingredientes se añaden durante su preparación?,False
Europe|dish|Märzenbier,¿Qué es Märzenbier?,False
Europe|dish|Märzenbier,¿En qué mes se prepara la Märzenbier?,False
Europe|dish|Märzenbier,¿Qué restricciones legales llevaron a la creación de la Märzenbier en el siglo XVI en Baviera?,False
Europe|dish|Pain aux raisins,¿Qué es el pain aux raisins?,False
Europe|dish|Pain aux raisins,¿Con qué se elabora el pain aux raisins?,False
Europe|dish|Pain aux raisins,¿Cómo se llama el pain aux raisins en Alemania y qué se le da para darle lustre?,False
Europe|dish|Pebrada,¿Qué es la pebrada?,False
Europe|dish|Pebrada,¿Para qué se utiliza mayormente la pebrada?,False
Europe|dish|Pebrada,¿Desde cuándo se tiene constancia de la pebrada y qué la hacía apreciada en el Medievo?,False
Europe|dish|Pichela,¿Qué es una pichela?,False
Europe|dish|Pichela,¿Cuál es la capacidad aproximada de una pichela?,False
Europe|dish|Pichela,¿En qué regiones se ha rastreado etnográficamente la producción de pichelas?,False
Europe|dish|Pasta,¿Cuál es el ingrediente básico de la pasta?,False
Europe|dish|Pasta,¿Qué se puede añadir a la pasta además de sal?,False
Europe|dish|Pasta,"¿Qué ingredientes se mezclan para preparar la pasta, y cuál es su ingrediente básico?",False
Europe|dish|Pastel de cerdo,¿Qué es el pastel de cerdo?,False
Europe|dish|Pastel de cerdo,¿Qué ingredientes principales componen el pastel de cerdo?,False
Europe|dish|Pastel de cerdo,¿En qué localidad de Gran Bretaña adquirió fama el pastel de cerdo y qué estatus se le otorgó en 2009?,False
Europe|dish|Pescado a la teja,¿Qué es el Pescado a la teja?,False
Europe|dish|Pescado a la teja,¿En qué consiste el Pescado a la teja?,False
Europe|dish|Pescado a la teja,¿Dónde se realiza la Fiesta del Pescado a la Teja y qué tipo de pescado se cocina en este estilo?,False
Europe|dish|Pizza dolce di Beridde,¿Qué es la pizza dolce di Beridde?,False
Europe|dish|Pizza dolce di Beridde,¿Qué ingredientes incluye la pizza dolce di Beridde?,False
Europe|dish|Pizza dolce di Beridde,¿Por qué se prepara la pizza dolce di Beridde y quién la elabora?,False
Europe|dish|Pizza estilo Nueva York,¿Qué es la pizza estilo Nueva York?,False
Europe|dish|Pizza estilo Nueva York,¿Cuántas porciones se suele dividir una pizza estilo Nueva York?,False
Europe|dish|Pizza estilo Nueva York,¿Qué ingredientes se utilizan comúnmente en la pizza estilo Nueva York y qué tipo de harina se requiere para su elaboración?,False
Europe|dish|Pimentón,¿Qué es el pimentón?,False
Europe|dish|Pimentón,¿De qué se obtiene el pimentón?,False
Europe|dish|Pimentón,¿Cuáles son las tres variedades importantes de pimentón y en qué se diferencian?,False
Europe|dish|Pan dormido,¿Qué es el pan dormido?,False
Europe|dish|Pan dormido,¿Qué ingredientes contiene el pan dormido?,False
Europe|dish|Pan dormido,¿Qué relación tiene el pan dormido con las tradiciones de Semana Santa en su región?,False
Europe|dish|Piriñaca,¿Qué es la piriñaca?,False
Europe|dish|Piriñaca,¿Cuál es el ingrediente básico de la piriñaca?,False
Europe|dish|Piriñaca,¿En qué región de España se consume la piriñaca como guarnición de pescado azul asado?,False
Europe|dish|Pimporrete,¿Qué es el pimporrete?,False
Europe|dish|Pimporrete,¿Cuáles son los ingredientes con los que se elabora el pimporrete?,False
Europe|dish|Pimporrete,¿Por qué se considera al pimporrete uno de los únicos salmorejos sin aceite de oliva y en qué época del año se suele servir?,False
Europe|dish|Plim,¿Qué es Plim?,False
Europe|dish|Plim,¿En qué año se inventó Plim?,False
Europe|dish|Plim,¿Qué bebida se elabora con Plim y es considerada la bebida oficial de la fiesta mayor en Reus?,False
Europe|dish|Rich tea,¿Qué tipo de galleta es el rich tea?,False
Europe|dish|Rich tea,¿En qué siglo fue desarrollado el rich tea?,False
Europe|dish|Rich tea,¿Para qué clases sociales fue desarrollado originalmente el rich tea y quién es acreditado como su creador?,False
Europe|dish|Pâté en croûte,¿Qué es el pâté en croûte?,False
Europe|dish|Pâté en croûte,¿Cómo se cocina el pâté en croûte?,False
Europe|dish|Pâté en croûte,¿Cuáles son los ingredientes principales del pâté en croûte y qué variantes existen?,False
Europe|dish|Salmis,¿Qué es el salmis?,False
Europe|dish|Salmis,¿Sobre qué tipo de aves se emplea el salmis?,False
Europe|dish|Salmis,¿Qué indica la denominación salmis en la cocina y en qué culturas es una preparación culinaria tradicional?,False
Europe|dish|Sanguinaccio dolce,¿Qué es el sanguinaccio dolce?,False
Europe|dish|Sanguinaccio dolce,¿Con qué se toma tradicionalmente el sanguinaccio dolce?,False
Europe|dish|Sanguinaccio dolce,¿Por qué dejó de hacerse el sanguinaccio dolce con sangre de cerdo?,False
Europe|dish|Prekmurska gibanica,¿Qué es la prekmurska gibanica?,False
Europe|dish|Prekmurska gibanica,¿Qué ingredientes contiene la prekmurska gibanica?,False
Europe|dish|Prekmurska gibanica,¿Qué estatus ha logrado la prekmurska gibanica en Eslovenia y en qué contexto fue elegida para representar al país?,False
Europe|dish|Salsa suprema,¿Qué es la salsa suprema?,False
Europe|dish|Salsa suprema,¿Qué tipo de salsa es la salsa suprema en la cocina francesa?,False
Europe|dish|Salsa suprema,¿En qué obra se emplea la receta de la salsa suprema y en qué año fue publicada?,True
Europe|dish|Salmocejos,¿Qué es un salmocejo?,False
Europe|dish|Salmocejos,¿Con qué se elabora el salmocejo?,False
Europe|dish|Salmocejos,¿En qué meses se suele servir el salmocejo y cómo se prepara en términos de etapas?,False
Europe|dish|Segorbina (manzana),¿Qué es la Segorbina?,False
Europe|dish|Segorbina (manzana),¿En qué época tuvo su mejor cultivo comercial la manzana Segorbina?,False
Europe|dish|Segorbina (manzana),¿Cuál es la época de maduración y recolección de la manzana Segorbina y en qué meses se recoge?,False
Europe|dish|Raya en pimentón,¿Qué es la raya en pimentón?,False
Europe|dish|Raya en pimentón,¿Qué ingredientes se emplean en la preparación de la raya en pimentón?,False
Europe|dish|Raya en pimentón,¿Cómo se elabora la raya en pimentón y en qué se diferencia su preparación en diversas partes de la costa onubense?,False
Europe|dish|Smörgåsbord,¿Qué es el smörgåsbord?,False
Europe|dish|Smörgåsbord,¿Qué ingredientes incluye el smörgåsbord?,False
Europe|dish|Smörgåsbord,¿Cuál es el origen histórico del smörgåsbord y cómo se popularizó en los hoteles?,False
Europe|dish|Sopa de antruejo,¿Qué es la sopa de antruejo?,False
Europe|dish|Sopa de antruejo,¿En qué lugar es muy popular la sopa de antruejo?,False
Europe|dish|Sopa de antruejo,¿Qué ingredientes cárnicos se emplean en la sopa de antruejo y cómo se sirve tradicionalmente?,False
Europe|dish|Sopa de trucha,¿Qué es la sopa de trucha?,False
Europe|dish|Sopa de trucha,¿Con qué se elabora la sopa de trucha?,False
Europe|dish|Sopa de trucha,¿Qué ingredientes se utilizan para saborizar la sopa de trucha y qué aspecto tiene debido a uno de ellos?,True
Europe|dish|Tuscan (manzana),¿Qué es la manzana Tuscan?,False
Europe|dish|Tuscan (manzana),¿En qué año fue creado el cultivar de manzana Tuscan?,False
Europe|dish|Tuscan (manzana),¿Qué características distintivas tiene el hábito de crecimiento de la manzana Tuscan y dónde fue desarrollada?,True
Europe|dish|Urraca Grande (pera),¿Qué es la Urraca Grande?,False
Europe|dish|Urraca Grande (pera),¿Dónde está cultivada la Urraca Grande?,False
Europe|dish|Urraca Grande (pera),¿Cuál es la época de maduración y recolección de la Urraca Grande y qué importancia tiene su cultivo en la actualidad?,False
Europe|dish|Tienda de montañés,¿Qué es una tienda de montañés?,False
Europe|dish|Tienda de montañés,¿En qué año se describe la tienda de montañés?,False
Europe|dish|Tienda de montañés,¿Cómo se relaciona la tienda de montañés con los inmigrantes cántabros en Andalucía y qué autor contribuyó a su divulgación?,False
Europe|dish|Sopa de cangrejos,¿Qué es la sopa de cangrejos?,False
Europe|dish|Sopa de cangrejos,¿Qué tipo de sopa es popular en Estados Unidos que incluye cangrejo?,False
Europe|dish|Sopa de cangrejos,¿En qué cocina se considera la sopa de cangrejos un componente principal y qué otras preparaciones se incluyen en su variedad?,True
Europe|dish|Túrós csusza,¿Qué son los túrós csusza?,False
Europe|dish|Túrós csusza,¿Con qué se mezcla los túrós csusza?,False
Europe|dish|Túrós csusza,¿Qué ingredientes se utilizan para hacer los fideos húngaros de los túrós csusza y cómo se cuecen?,False
Europe|dish|Tarta de Mondoñedo,¿Qué es la tarta de Mondoñedo?,False
Europe|dish|Tarta de Mondoñedo,¿Quién popularizó la tarta de Mondoñedo en la década de 1950?,False
Europe|dish|Tarta de Mondoñedo,¿En qué siglo se originó la tarta de Mondoñedo y dónde?,True
Europe|dish|Valdepeñas (vino),¿Qué es Valdepeñas en el contexto del vino?,False
Europe|dish|Valdepeñas (vino),¿En qué lugar se encuentra situada la Denominación de Origen Valdepeñas?,False
Europe|dish|Valdepeñas (vino),¿Qué importancia tuvo el vino de Valdepeñas en la historia de Madrid durante el reinado de Felipe II?,False
Europe|fauna|Acanthocreagris balearica,¿Qué tipo de especie es Acanthocreagris balearica?,False
Europe|fauna|Acanthocreagris balearica,¿Dónde se encuentra Acanthocreagris balearica?,True
Europe|fauna|Acanthocreagris balearica,¿Qué artículo tiene Acanthocreagris balearica y en qué plataforma se encuentra?,False
Europe|dish|Puñao,¿Qué es el puñao?,False
Europe|dish|Puñao,¿En qué localidades se ofrece el puñao?,False
Europe|dish|Puñao,¿Qué se ofrece junto al puñao en las fiestas y en qué localidades se puede encontrar?,False
Europe|fauna|Anaspis horni,¿Qué tipo de especie es Anaspis horni?,False
Europe|fauna|Anaspis horni,¿Dónde se encuentra Anaspis horni?,False
Europe|fauna|Anaspis horni,¿Qué familia pertenece Anaspis horni y qué características distintivas podría tener un coleóptero de esta familia?,False
Europe|fauna|Acanthocreagris granulata robusta,¿Qué tipo de especie es Acanthocreagris granulata robusta?,False
Europe|fauna|Acanthocreagris granulata robusta,¿Dónde se encuentra Acanthocreagris granulata robusta?,False
Europe|fauna|Acanthocreagris granulata robusta,¿Qué características distintivas tiene Acanthocreagris granulata robusta y en qué región geográfica se distribuye?,False
Europe|fauna|Amphicoma abdominalis,¿Qué tipo de especie es Amphicoma abdominalis?,False
Europe|fauna|Amphicoma abdominalis,¿Dónde se encuentra Amphicoma abdominalis?,False
Europe|fauna|Amphicoma abdominalis,¿Qué familia pertenece Amphicoma abdominalis y qué tipo de hábitat se asocia con su distribución geográfica?,False
Europe|fauna|Aethes prangana,¿Qué tipo de especie es Aethes prangana?,False
Europe|fauna|Aethes prangana,¿En qué país se distribuye Aethes prangana?,False
Europe|fauna|Aethes prangana,¿Quién describió Aethes prangana y en qué año fue publicada?,False
Europe|fauna|Actinella fausta,¿Qué tipo de especie es Actinella fausta?,False
Europe|fauna|Actinella fausta,¿Dónde se encuentra Actinella fausta?,False
Europe|fauna|Actinella fausta,¿Por qué se encuentra amenazada de extinción Actinella fausta?,False
Europe|fauna|Acrocephalus rimitarae,¿Qué tipo de especie es Acrocephalus rimitarae?,False
Europe|fauna|Acrocephalus rimitarae,¿Dónde se encuentra Acrocephalus rimitarae?,False
Europe|fauna|Acrocephalus rimitarae,¿Cuál es el hábitat natural de Acrocephalus rimitarae y qué características distintivas tiene?,False
Europe|fauna|Acanthocreagris gallica,¿Qué tipo de especie es Acanthocreagris gallica?,False
Europe|fauna|Acanthocreagris gallica,¿Dónde se encuentra Acanthocreagris gallica?,False
Europe|fauna|Acanthocreagris gallica,¿A qué familia pertenece Acanthocreagris gallica y qué características distintivas tiene dentro de su orden?,False
Europe|fauna|Aethes moribundana,¿Qué tipo de especie es Aethes moribundana?,False
Europe|fauna|Aethes moribundana,¿En qué tribu está categorizada Aethes moribundana?,False
Europe|fauna|Aethes moribundana,¿Quién describió Aethes moribundana y en qué año fue descrita?,False
Europe|fauna|Amadotrogus patruelis,¿Qué tipo de especie es Amadotrogus patruelis?,False
Europe|fauna|Amadotrogus patruelis,¿Dónde habita Amadotrogus patruelis?,False
Europe|fauna|Amadotrogus patruelis,¿Qué tipo de coleóptero es Amadotrogus patruelis y dónde se encuentra?,False
Europe|fauna|Bisetocreagris gracilis,¿Qué tipo de especie es Bisetocreagris gracilis?,False
Europe|fauna|Bisetocreagris gracilis,¿Dónde se encuentra Bisetocreagris gracilis?,False
Europe|fauna|Bisetocreagris gracilis,¿A qué familia pertenece Bisetocreagris gracilis y qué tipo de hábitat podría tener en su distribución geográfica en Rusia?,False
Europe|fauna|Armadillidium espanyoli,¿Qué tipo de especie es Armadillidium espanyoli?,False
Europe|fauna|Armadillidium espanyoli,¿Dónde se encuentra Armadillidium espanyoli?,False
Europe|fauna|Armadillidium espanyoli,¿Qué características distintivas tiene Armadillidium espanyoli y dónde se encuentra?,False
Europe|fauna|Buthus elongatus,¿Qué tipo de especie es Buthus elongatus?,False
Europe|fauna|Buthus elongatus,¿Dónde es endémico Buthus elongatus?,False
Europe|fauna|Buthus elongatus,¿En qué provincias de España es considerado Buthus elongatus como endémico?,False
Europe|fauna|Caballo islandés,¿Qué tipo de raza es el caballo islandés?,False
Europe|fauna|Caballo islandés,¿Dónde se desarrolló el caballo islandés?,False
Europe|fauna|Caballo islandés,¿Qué características distintivas tiene el caballo islandés y en qué año se creó la primera Sociedad del Caballo Islandés?,False
Europe|fauna|Caballo catalán,¿Qué es el caballo catalán?,False
Europe|fauna|Caballo catalán,¿Dónde había sido propio el caballo catalán?,False
Europe|fauna|Caballo catalán,¿Con qué tipo de caballos se fundió el caballo catalán y qué dio lugar a esta fusión?,False
Europe|fauna|Chalcides striatus,¿Qué tipo de especie es Chalcides striatus?,False
Europe|fauna|Chalcides striatus,¿Dónde se distribuye principalmente Chalcides striatus?,False
Europe|fauna|Chalcides striatus,¿Qué características distintivas presenta Chalcides striatus y en qué tipo de hábitat se encuentra?,False
Europe|fauna|Campodea melici,¿Qué tipo de especie es Campodea melici?,False
Europe|fauna|Campodea melici,¿Dónde se encuentra Campodea melici?,False
Europe|fauna|Campodea melici,¿Qué característica distintiva tiene Campodea melici en relación a su ubicación geográfica?,False
Europe|fauna|Braco francés,¿Qué es el braco francés?,False
Europe|fauna|Braco francés,¿Dónde se desarrolló el braco francés?,False
Europe|fauna|Braco francés,¿Cuáles son las características distintivas del pelaje del braco francés y qué color no está admitido como parte de esta raza?,False
Europe|fauna|Caseolus calvus,¿Qué tipo de especie es Caseolus calvus?,False
Europe|fauna|Caseolus calvus,¿Dónde se encuentra Caseolus calvus?,False
Europe|fauna|Caseolus calvus,¿Por qué se encuentra amenazada de extinción Caseolus calvus?,False
Europe|fauna|Braco alemán de pelo corto,¿Qué tipo de raza es el braco alemán de pelo corto?,False
Europe|fauna|Braco alemán de pelo corto,¿En qué siglo fue creado el braco alemán de pelo corto para la caza?,False
Europe|fauna|Braco alemán de pelo corto,¿Cuáles son algunas de las características que hacen al braco alemán de pelo corto un perro de caza versátil y polivalente?,False
Europe|fauna|Chthonius cassolai,¿Qué tipo de especie es Chthonius cassolai?,False
Europe|fauna|Chthonius cassolai,¿Dónde se encuentra Chthonius cassolai?,False
Europe|fauna|Chthonius cassolai,"¿Qué familia y orden pertenecen a Chthonius cassolai, y en qué región geográfica se encuentra?",False
Europe|fauna|Choristoneura lafauryana,¿Qué tipo de especie es Choristoneura lafauryana?,False
Europe|fauna|Choristoneura lafauryana,¿Quién describió científicamente a Choristoneura lafauryana y en qué año?,False
Europe|fauna|Choristoneura lafauryana,¿En qué región de Europa se distribuye Choristoneura lafauryana y a qué tribu pertenece?,False
Europe|fauna|Chthonius ischnocheles stammeri,¿Qué tipo de especie es Chthonius ischnocheles stammeri?,False
Europe|fauna|Chthonius ischnocheles stammeri,¿Dónde se encuentra Chthonius ischnocheles stammeri?,False
Europe|fauna|Chthonius ischnocheles stammeri,"¿Qué familia y orden pertenecen a Chthonius ischnocheles stammeri, y en qué país se distribuye geográficamente?",False
Europe|fauna|Clepsis aerosana,¿Qué tipo de especie es Clepsis aerosana?,False
Europe|fauna|Clepsis aerosana,¿Dónde se distribuye Clepsis aerosana?,False
Europe|fauna|Clepsis aerosana,¿Quién describió la especie Clepsis aerosana y en qué año?,False
Europe|fauna|Craspedoma hespericum,¿Qué tipo de especie es Craspedoma hespericum?,False
Europe|fauna|Craspedoma hespericum,¿Dónde se encuentra Craspedoma hespericum?,False
Europe|fauna|Craspedoma hespericum,¿A qué familia pertenece Craspedoma hespericum y qué orden de gasterópodos representa?,False
Europe|fauna|Ciliellopsis oglasae,¿Qué tipo de especie es Ciliellopsis oglasae?,False
Europe|fauna|Ciliellopsis oglasae,¿Dónde es endémica Ciliellopsis oglasae?,False
Europe|fauna|Ciliellopsis oglasae,¿Cuál es el hábitat natural de Ciliellopsis oglasae y por qué se encuentra amenazada?,False
Europe|fauna|Chthonius leoi,¿Qué tipo de especie es Chthonius leoi?,False
Europe|fauna|Chthonius leoi,¿Dónde se encuentra Chthonius leoi?,False
Europe|fauna|Chthonius leoi,¿Qué familia y orden pertenecen a Chthonius leoi y en qué región geográfica se encuentra?,False
Europe|fauna|Cylichnidia ovuliformis,¿Qué tipo de especie es Cylichnidia ovuliformis?,False
Europe|fauna|Cylichnidia ovuliformis,¿Dónde se encuentra Cylichnidia ovuliformis?,False
Europe|fauna|Cylichnidia ovuliformis,¿A qué familia pertenece Cylichnidia ovuliformis y qué orden la clasifica?,False
Europe|fauna|Crocidura zimmermanni,¿Qué tipo de mamífero es Crocidura zimmermanni?,False
Europe|fauna|Crocidura zimmermanni,¿Dónde es endémica Crocidura zimmermanni?,False
Europe|fauna|Crocidura zimmermanni,¿Qué especie compite con Crocidura zimmermanni y cuándo fue introducida en Creta?,False
Europe|fauna|Columba bollii,¿Qué tipo de especie es Columba bollii?,False
Europe|fauna|Columba bollii,¿En qué tipo de hábitat se encuentra Columba bollii?,False
Europe|fauna|Columba bollii,¿Con qué pariente comparte hábitat Columba bollii y qué nombre se le da en las islas donde se encuentra?,False
Europe|fauna|Cyrtocarenum,¿Qué tipo de arañas es Cyrtocarenum?,False
Europe|fauna|Cyrtocarenum,¿En qué países se encuentra Cyrtocarenum?,False
Europe|fauna|Cyrtocarenum,¿Qué características distintivas tiene Cyrtocarenum y en qué regiones se encuentra?,False
Europe|fauna|Dapsa graeca,¿Qué tipo de especie es Dapsa graeca?,False
Europe|fauna|Dapsa graeca,¿Dónde se encuentra Dapsa graeca?,False
Europe|fauna|Dapsa graeca,¿Qué familia pertenece Dapsa graeca y qué características distintivas podría tener un coleóptero de esta familia?,False
Europe|fauna|Dienerella angelinii,¿Qué tipo de especie es Dienerella angelinii?,False
Europe|fauna|Dienerella angelinii,¿Dónde se encuentra Dienerella angelinii?,False
Europe|fauna|Dienerella angelinii,¿Qué familia pertenece Dienerella angelinii y en qué región específica de Italia se encuentra?,False
Europe|fauna|Dysdera hernandezi,¿Qué tipo de especie es Dysdera hernandezi?,False
Europe|fauna|Dysdera hernandezi,¿Dónde se encuentra Dysdera hernandezi?,False
Europe|fauna|Dysdera hernandezi,¿Qué característica distintiva tiene Dysdera hernandezi en relación a su distribución geográfica?,False
Europe|fauna|Dysdera enghoffi,¿Qué tipo de especie es Dysdera enghoffi?,False
Europe|fauna|Dysdera enghoffi,¿Dónde se encuentra Dysdera enghoffi?,False
Europe|fauna|Dysdera enghoffi,¿Cuál es la importancia del endemismo de Dysdera enghoffi en el contexto de la fauna de las Islas Canarias?,False
Europe|fauna|Discula echinulata,¿Qué tipo de especie es Discula echinulata?,False
Europe|fauna|Discula echinulata,¿Dónde se encuentra Discula echinulata?,False
Europe|fauna|Discula echinulata,¿Qué característica distintiva tiene Discula echinulata en relación a su distribución geográfica?,False
Europe|fauna|Dysdera mahan,¿Qué tipo de especie es Dysdera mahan?,False
Europe|fauna|Dysdera mahan,¿Dónde se encuentra Dysdera mahan?,False
Europe|fauna|Dysdera mahan,¿Qué características distintivas tiene Dysdera mahan y dónde es endémica?,False
Europe|fauna|Cymindis collaris,¿Qué tipo de especie es Cymindis collaris?,False
Europe|fauna|Cymindis collaris,¿Quién describió a Cymindis collaris y en qué año?,False
Europe|fauna|Cymindis collaris,¿En qué países se encuentra Cymindis collaris?,False
Europe|fauna|Elaphocera hispalensis,¿Qué tipo de especie es Elaphocera hispalensis?,False
Europe|fauna|Elaphocera hispalensis,¿Dónde se encuentra Elaphocera hispalensis?,False
Europe|fauna|Elaphocera hispalensis,¿Qué familia pertenece Elaphocera hispalensis y qué características distintivas pueden tener los coleópteros de esta familia?,False
Europe|fauna|Elodes denticulata,¿Qué tipo de especie es Elodes denticulata?,False
Europe|fauna|Elodes denticulata,¿Dónde se encuentra Elodes denticulata?,False
Europe|fauna|Elodes denticulata,¿A qué familia pertenece Elodes denticulata y en qué país se encuentra?,False
Europe|fauna|Enicmus atriceps,¿Qué tipo de especie es Enicmus atriceps?,False
Europe|fauna|Enicmus atriceps,¿Dónde se encuentra Enicmus atriceps?,False
Europe|fauna|Enicmus atriceps,¿A qué familia pertenece Enicmus atriceps y qué tipo de hábitat se asocia comúnmente con los coleópteros de esta familia?,False
Europe|fauna|Elo (perro),¿Qué es el Elo?,False
Europe|fauna|Elo (perro),¿En qué año comienza el desarrollo de la raza Elo?,False
Europe|fauna|Elo (perro),¿Qué características se consideran en la crianza del Elo y quién supervisa su desarrollo?,False
Europe|fauna|Europs temporis,¿Qué tipo de especie es Europs temporis?,False
Europe|fauna|Europs temporis,¿Dónde se encuentra Europs temporis?,False
Europe|fauna|Europs temporis,¿Qué familia pertenece Europs temporis y en qué regiones se distribuye geográficamente?,False
Europe|fauna|Forficula apennina,¿Qué tipo de especie es Forficula apennina?,False
Europe|fauna|Forficula apennina,¿En qué continente se distribuye Forficula apennina?,False
Europe|fauna|Forficula apennina,¿Quién describió Forficula apennina y en qué año?,False
Europe|fauna|Eupithecia gueneata,¿Qué tipo de especie es Eupithecia gueneata?,False
Europe|fauna|Eupithecia gueneata,¿En qué año fue descrita la especie Eupithecia gueneata?,False
Europe|fauna|Eupithecia gueneata,¿Qué características distintivas tiene Eupithecia gueneata en comparación con otras especies de su región?,False
Europe|fauna|Eupithecia alishana,¿Qué tipo de especie es Eupithecia alishana?,False
Europe|fauna|Eupithecia alishana,¿En qué año fue descrita Eupithecia alishana?,False
Europe|fauna|Eupithecia alishana,¿Dónde se encuentra Eupithecia alishana y a qué altitud se ha registrado?,False
Europe|fauna|Helix obruta,¿Qué tipo de especie es Helix obruta?,False
Europe|fauna|Helix obruta,¿Dónde se encuentra Helix obruta?,False
Europe|fauna|Helix obruta,¿Qué característica distintiva tiene Helix obruta en relación a su distribución geográfica?,False
Europe|fauna|Genêt d'Espagne,¿Qué es el Genêt d'Espagne?,False
Europe|fauna|Genêt d'Espagne,¿Cuál es el uso principal del Genêt d'Espagne en la Edad Media?,False
Europe|fauna|Genêt d'Espagne,"¿Qué relación tiene el Genêt d'Espagne con la etimología de la palabra ""jinete""?",True
Europe|fauna|Hyalinobatrachium kawense,¿Qué tipo de especie es Hyalinobatrachium kawense?,False
Europe|fauna|Hyalinobatrachium kawense,¿Dónde se encuentra Hyalinobatrachium kawense?,False
Europe|fauna|Hyalinobatrachium kawense,¿Qué características distintivas tiene Hyalinobatrachium kawense y en qué región es endémica?,False
Europe|fauna|Hilaira nivalis,¿Qué tipo de especie es Hilaira nivalis?,False
Europe|fauna|Hilaira nivalis,¿Dónde se distribuye Hilaira nivalis?,False
Europe|fauna|Hilaira nivalis,¿Quién describió Hilaira nivalis y en qué año?,False
Europe|fauna|Gynnidomorpha minimana,¿Qué tipo de especie es Gynnidomorpha minimana?,False
Europe|fauna|Gynnidomorpha minimana,¿Quién describió científicamente a Gynnidomorpha minimana y en qué año?,False
Europe|fauna|Gynnidomorpha minimana,¿En qué regiones de Europa se puede encontrar Gynnidomorpha minimana?,False
Europe|fauna|Listado de Especies Silvestres en Régimen de Protección Especial,¿Qué es el Listado de Especies Silvestres en Régimen de Protección Especial?,False
Europe|fauna|Listado de Especies Silvestres en Régimen de Protección Especial,¿Cuántas especies protegidas recoge el Listado de Especies Silvestres en Régimen de Protección Especial?,False
Europe|fauna|Listado de Especies Silvestres en Régimen de Protección Especial,¿Qué ley regula la creación del Listado de Especies Silvestres en Régimen de Protección Especial y qué necesidad establece?,False
Europe|fauna|Lasaeola grancanariensis,¿Qué tipo de especie es Lasaeola grancanariensis?,False
Europe|fauna|Lasaeola grancanariensis,¿Dónde se encuentra Lasaeola grancanariensis?,False
Europe|fauna|Lasaeola grancanariensis,¿Qué característica distintiva tiene Lasaeola grancanariensis en relación a su distribución geográfica?,False
Europe|fauna|Lasionycta leucocycla,¿Qué tipo de especie es Lasionycta leucocycla?,False
Europe|fauna|Lasionycta leucocycla,¿Dónde se puede encontrar Lasionycta leucocycla?,False
Europe|fauna|Lasionycta leucocycla,¿Qué especies de plantas se alimentan del néctar de Lasionycta leucocycla?,False
Europe|fauna|Leiostyla relevata,¿Qué tipo de especie es Leiostyla relevata?,False
Europe|fauna|Leiostyla relevata,¿Dónde se encuentra Leiostyla relevata?,False
Europe|fauna|Leiostyla relevata,¿Por qué se encuentra amenazada de extinción Leiostyla relevata?,False
Europe|fauna|Malpaisomys insularis,¿Qué tipo de especie es Malpaisomys insularis?,False
Europe|fauna|Malpaisomys insularis,¿Dónde se han encontrado restos de Malpaisomys insularis?,False
Europe|fauna|Malpaisomys insularis,¿Qué factor se considera responsable de la extinción de Malpaisomys insularis y cuándo ocurrió esta extinción?,False
Europe|fauna|Malthodes zacynthius,¿Qué tipo de especie es Malthodes zacynthius?,False
Europe|fauna|Malthodes zacynthius,¿Dónde se encuentra Malthodes zacynthius?,False
Europe|fauna|Malthodes zacynthius,¿Qué familia pertenece Malthodes zacynthius y en qué país se encuentra?,False
Europe|fauna|Lagynochthonius curvidigitatus,¿Qué tipo de especie es Lagynochthonius curvidigitatus?,False
Europe|fauna|Lagynochthonius curvidigitatus,¿Dónde se encuentra Lagynochthonius curvidigitatus?,False
Europe|fauna|Lagynochthonius curvidigitatus,¿Qué característica distintiva tiene Lagynochthonius curvidigitatus en relación a su distribución geográfica?,False
Europe|fauna|Locustella amnicola,¿Qué tipo de especie es la buscarla de Stepanyan?,False
Europe|fauna|Locustella amnicola,¿Dónde se encuentra la buscarla de Stepanyan?,False
Europe|fauna|Locustella amnicola,¿Cuál es el hábitat de la buscarla de Stepanyan y en qué regiones pasa el invierno?,False
Europe|fauna|Meloe apenninicus,¿Qué tipo de especie es Meloe apenninicus?,False
Europe|fauna|Meloe apenninicus,¿Dónde se encuentra Meloe apenninicus?,False
Europe|fauna|Meloe apenninicus,¿Qué familia pertenece Meloe apenninicus y en qué región específica de Italia se encuentra?,False
Europe|fauna|Microcreagrina cavicola,¿Qué tipo de especie es Microcreagrina cavicola?,False
Europe|fauna|Microcreagrina cavicola,¿Dónde se encuentra Microcreagrina cavicola?,False
Europe|fauna|Microcreagrina cavicola,¿Qué relación tiene Microcreagrina cavicola con las islas Canarias y qué tipo de organismo es?,False
Europe|fauna|Neobisium auberti,¿Qué tipo de arácnido es Neobisium auberti?,False
Europe|fauna|Neobisium auberti,¿Dónde se encuentra Neobisium auberti?,False
Europe|fauna|Neobisium auberti,¿A qué familia pertenece Neobisium auberti y qué características distintivas tiene dentro de su orden?,False
Europe|fauna|Mordellistena episternaloides,¿Qué tipo de especie es Mordellistena episternaloides?,False
Europe|fauna|Mordellistena episternaloides,¿Dónde se encuentra Mordellistena episternaloides?,False
Europe|fauna|Mordellistena episternaloides,¿Qué familia pertenece Mordellistena episternaloides y qué tipo de hábitat se asocia comúnmente con los coleópteros de esta familia?,True
Europe|fauna|Microcreagrina subterranea,¿Qué tipo de especie es Microcreagrina subterranea?,False
Europe|fauna|Microcreagrina subterranea,¿Dónde se encuentra Microcreagrina subterranea?,False
Europe|fauna|Microcreagrina subterranea,¿Qué característica distintiva tiene Microcreagrina subterranea en relación a su distribución geográfica?,False
Europe|fauna|Monotropus staudingeri,¿Qué tipo de especie es Monotropus staudingeri?,False
Europe|fauna|Monotropus staudingeri,¿Dónde habita Monotropus staudingeri?,False
Europe|fauna|Monotropus staudingeri,¿Qué tipo de coleóptero es Monotropus staudingeri y en qué región se encuentra?,False
Europe|fauna|Neobisium incertum,¿Qué tipo de especie es Neobisium incertum?,False
Europe|fauna|Neobisium incertum,¿Dónde se encuentra Neobisium incertum?,False
Europe|fauna|Neobisium incertum,"¿Qué familia y orden pertenecen a Neobisium incertum, y en qué región geográfica se encuentra?",False
Europe|fauna|Nyctalus azoreum,¿Qué tipo de especie es Nyctalus azoreum?,False
Europe|fauna|Nyctalus azoreum,¿Dónde se encuentra restringido Nyctalus azoreum?,False
Europe|fauna|Nyctalus azoreum,¿Cómo se comporta Nyctalus azoreum en comparación con la mayoría de los murciélagos?,False
Europe|fauna|Neobisium bernardi bernardi,¿Qué tipo de arácnido es Neobisium bernardi bernardi?,False
Europe|fauna|Neobisium bernardi bernardi,¿En qué países se encuentra Neobisium bernardi bernardi?,False
Europe|fauna|Neobisium bernardi bernardi,"¿Qué familia y orden pertenecen a Neobisium bernardi bernardi, y en qué regiones geográficas se distribuye?",False
Europe|fauna|Neobisium breuili,¿Qué tipo de especie es Neobisium breuili?,False
Europe|fauna|Neobisium breuili,¿Dónde se encuentra Neobisium breuili?,False
Europe|fauna|Neobisium breuili,¿Qué familia pertenece Neobisium breuili y qué características distintivas tiene dentro de su orden?,False
Europe|fauna|Neobisium speleophilum,¿Qué tipo de especie es Neobisium speleophilum?,False
Europe|fauna|Neobisium speleophilum,¿Dónde se encuentra Neobisium speleophilum?,False
Europe|fauna|Neobisium speleophilum,¿A qué familia pertenece Neobisium speleophilum y qué características distintivas tiene dentro de su orden?,False
Europe|fauna|Origmatogona catalonica,¿Qué tipo de especie es Origmatogona catalonica?,False
Europe|fauna|Origmatogona catalonica,¿A qué familia pertenece Origmatogona catalonica?,False
Europe|fauna|Origmatogona catalonica,¿Dónde se encuentra Origmatogona catalonica y qué característica distintiva tiene en cuanto a su distribución?,False
Europe|fauna|Oberea kostini,¿Qué tipo de especie es Oberea kostini?,False
Europe|fauna|Oberea kostini,¿En qué países se distribuye Oberea kostini?,False
Europe|fauna|Oberea kostini,¿Quién describió científicamente a Oberea kostini y en qué año?,False
Europe|fauna|Ochthebius crenulatus,¿Qué tipo de especie es Ochthebius crenulatus?,False
Europe|fauna|Ochthebius crenulatus,¿Quién describió científicamente a Ochthebius crenulatus y en qué año?,False
Europe|fauna|Ochthebius crenulatus,¿Dónde se distribuye Ochthebius crenulatus y a qué altitudes se ha encontrado?,False
Europe|fauna|Ochthebius gibbosus,¿Qué tipo de especie es Ochthebius gibbosus?,False
Europe|fauna|Ochthebius gibbosus,¿A qué familia pertenece Ochthebius gibbosus?,False
Europe|fauna|Ochthebius gibbosus,¿Quién describió científicamente a Ochthebius gibbosus y en qué año?,False
Europe|fauna|Ovis nivicola,¿Qué tipo de mamífero es Ovis nivicola?,False
Europe|fauna|Ovis nivicola,¿Dónde vive principalmente Ovis nivicola?,False
Europe|fauna|Ovis nivicola,¿Cuáles son algunas características distintivas de Ovis nivicola en términos de tamaño y hábitat?,False
Europe|fauna|Oveja frisona oriental,¿Qué tipo de especie es la oveja frisona oriental?,False
Europe|fauna|Oveja frisona oriental,¿Dónde se originó la oveja frisona oriental?,True
Europe|fauna|Oveja frisona oriental,¿Qué características distintivas tiene la oveja frisona oriental y cómo se ha utilizado en la cría para mejorar la producción de leche en otras razas?,True
Europe|fauna|Pelibuey,¿Qué tipo de especie es la pelibuey?,False
Europe|fauna|Pelibuey,¿Dónde es nativa la pelibuey?,False
Europe|fauna|Pelibuey,¿Por qué la pelibuey es especialmente útil en regiones intertropicales?,False
Europe|fauna|Phyllodromica nuragica,¿Qué tipo de especie es Phyllodromica nuragica?,False
Europe|fauna|Phyllodromica nuragica,¿Quiénes describieron científicamente a Phyllodromica nuragica y en qué año?,False
Europe|fauna|Phyllodromica nuragica,¿En qué familia se clasifica Phyllodromica nuragica y en qué país habita?,False
Europe|fauna|Pajuna,¿Qué es la pajuna?,False
Europe|fauna|Pajuna,¿En qué provincias de España se distribuye la pajuna?,False
Europe|fauna|Pajuna,¿Qué características físicas distintivas posee la pajuna y para qué se utiliza?,False
Europe|fauna|Porcellio ferroi,¿Qué tipo de especie es Porcellio ferroi?,False
Europe|fauna|Porcellio ferroi,¿Dónde se encuentra Porcellio ferroi?,False
Europe|fauna|Porcellio ferroi,¿Qué familia pertenece Porcellio ferroi y qué característica distintiva tiene en relación a su distribución?,False
Europe|fauna|Porcellio baeticensis,¿Qué tipo de especie es Porcellio baeticensis?,False
Europe|fauna|Porcellio baeticensis,¿Dónde se encuentra Porcellio baeticensis?,False
Europe|fauna|Porcellio baeticensis,¿Qué artículo tiene Porcellio baeticensis y en qué plataforma se encuentra?,False
Europe|fauna|Pseudoabsidia ossetica,¿Qué tipo de especie es Pseudoabsidia ossetica?,False
Europe|fauna|Pseudoabsidia ossetica,¿Dónde se encuentra Pseudoabsidia ossetica?,False
Europe|fauna|Pseudoabsidia ossetica,¿Qué familia de insectos pertenece Pseudoabsidia ossetica y en qué país se distribuye?,False
Europe|fauna|Perro de Castro Laboreiro,¿Qué tipo de raza es el Perro de Castro Laboreiro?,False
Europe|fauna|Perro de Castro Laboreiro,¿Para qué fue utilizado principalmente el Perro de Castro Laboreiro?,False
Europe|fauna|Perro de Castro Laboreiro,¿Cuál es la relación entre el Perro de Castro Laboreiro y su origen geográfico en Portugal?,False
Europe|fauna|Parabathyscia genuensis,¿Qué tipo de especie es Parabathyscia genuensis?,False
Europe|fauna|Parabathyscia genuensis,¿A qué familia pertenece Parabathyscia genuensis?,False
Europe|fauna|Parabathyscia genuensis,¿Quién describió Parabathyscia genuensis y en qué año?,False
Europe|fauna|Porcelana (Perro),¿Qué tipo de perro es el Porcelana?,False
Europe|fauna|Porcelana (Perro),¿Qué características tiene la piel del Porcelana?,False
Europe|fauna|Porcelana (Perro),¿Cuál es el origen histórico del Porcelana y qué razas se considera que contribuyeron a su desarrollo?,False
Europe|fauna|Pygopleurus humeralis,¿Qué tipo de especie es Pygopleurus humeralis?,False
Europe|fauna|Pygopleurus humeralis,¿En qué territorios habita Pygopleurus humeralis?,False
Europe|fauna|Pygopleurus humeralis,¿En qué tres países se encuentra Pygopleurus humeralis?,False
Europe|fauna|Rhagonycha chironi,¿Qué tipo de especie es Rhagonycha chironi?,False
Europe|fauna|Rhagonycha chironi,¿Dónde se encuentra Rhagonycha chironi?,False
Europe|fauna|Rhagonycha chironi,¿A qué familia pertenece Rhagonycha chironi y en qué país se encuentra?,False
Europe|fauna|Scutogona vivesi,¿Qué tipo de especie es Scutogona vivesi?,False
Europe|fauna|Scutogona vivesi,¿A qué familia pertenece Scutogona vivesi?,False
Europe|fauna|Scutogona vivesi,¿Dónde se encuentra Scutogona vivesi y qué característica distintiva tiene en relación a su ubicación?,False
Europe|fauna|Roncus vidali,¿Qué tipo de especie es Roncus vidali?,False
Europe|fauna|Roncus vidali,¿Dónde se encuentra Roncus vidali?,False
Europe|fauna|Roncus vidali,¿Qué características distintivas tiene Roncus vidali y en qué región se encuentra?,False
Europe|fauna|Rhagonycha planicollis,¿Qué tipo de especie es Rhagonycha planicollis?,False
Europe|fauna|Rhagonycha planicollis,¿Dónde se encuentra Rhagonycha planicollis?,False
Europe|fauna|Rhagonycha planicollis,¿Qué familia pertenece Rhagonycha planicollis y qué características distintivas pueden tener los coleópteros de esta familia?,False
Europe|fauna|Parda de montaña,¿Qué tipo de raza es la parda de montaña?,False
Europe|fauna|Parda de montaña,¿En qué sistema se suele criar la parda de montaña?,False
Europe|fauna|Parda de montaña,¿Qué razas se cruzaron para crear la parda de montaña y en qué regiones de España se encuentra actualmente?,False
Europe|fauna|Sireuma nobile,¿Qué tipo de especie es Sireuma nobile?,False
Europe|fauna|Sireuma nobile,¿A qué familia pertenece Sireuma nobile?,False
Europe|fauna|Sireuma nobile,¿Dónde se encuentra Sireuma nobile y qué característica distintiva tiene en relación a su distribución?,False
Europe|fauna|Sabueso serbio,¿Qué es el Sabueso serbio?,False
Europe|fauna|Sabueso serbio,¿Cuál es el rango de altura del Sabueso serbio a la cruz?,False
Europe|fauna|Sabueso serbio,¿De qué se cree que desciende el Sabueso serbio y qué características lo distinguen?,False
Europe|fauna|Roncus caucasicus,¿Qué tipo de especie es Roncus caucasicus?,False
Europe|fauna|Roncus caucasicus,¿Dónde se encuentra Roncus caucasicus?,False
Europe|fauna|Roncus caucasicus,¿Qué familia pertenece Roncus caucasicus y qué características distintivas tiene dentro de su orden?,False
Europe|fauna|Saanen (raza caprina),¿Qué tipo de raza es la Saanen?,False
Europe|fauna|Saanen (raza caprina),¿En qué año se importaron animales de la raza Saanen a Argentina?,False
Europe|fauna|Saanen (raza caprina),¿Qué características físicas tiene la raza Saanen y cuál es su período de lactación promedio?,False
Europe|fauna|Strangulogona lugoensis,¿Qué tipo de especie es Strangulogona lugoensis?,False
Europe|fauna|Strangulogona lugoensis,¿Dónde se encuentra Strangulogona lugoensis?,False
Europe|fauna|Strangulogona lugoensis,¿Cuál es la familia a la que pertenece Strangulogona lugoensis y qué característica distintiva tiene en relación a su ubicación?,False
Europe|fauna|Thanatus lanatus,¿Qué tipo de especie es Thanatus lanatus?,False
Europe|fauna|Thanatus lanatus,¿Quién describió científicamente a Thanatus lanatus y en qué año?,False
Europe|fauna|Thanatus lanatus,¿En qué región se encuentra Thanatus lanatus y a qué familia pertenece?,False
Europe|fauna|Tropidoscincus,¿Qué tipo de especie es Tropidoscincus?,False
Europe|fauna|Tropidoscincus,¿A qué familia pertenece Tropidoscincus?,False
Europe|fauna|Tropidoscincus,¿Dónde se encuentra Tropidoscincus y qué característica distintiva tiene en cuanto a su distribución?,False
Europe|fauna|Troglochthonius doratodactylus,¿Qué tipo de especie es Troglochthonius doratodactylus?,False
Europe|fauna|Troglochthonius doratodactylus,¿Dónde se encuentra Troglochthonius doratodactylus?,False
Europe|fauna|Troglochthonius doratodactylus,¿Qué artículo tiene Troglochthonius doratodactylus en línea?,False
Europe|flora|Ada Ciganlija,¿Qué tipo de lugar es Ada Ciganlija?,False
Europe|flora|Ada Ciganlija,¿En qué municipio se encuentra Ada Ciganlija?,False
Europe|flora|Ada Ciganlija,¿Qué características geográficas tiene Ada Ciganlija en términos de su extensión y ubicación?,False
Europe|flora|Ageratina riparia,¿Qué tipo de planta es Ageratina riparia?,False
Europe|flora|Ageratina riparia,¿Dónde es originaria Ageratina riparia?,False
Europe|flora|Ageratina riparia,"¿Qué significa el epíteto ""riparia"" en Ageratina riparia y qué implicaciones tiene en su hábitat?",False
Europe|flora|Allagopappus dichotomus,¿Qué tipo de especie es Allagopappus dichotomus?,False
Europe|flora|Allagopappus dichotomus,¿Dónde es originaria Allagopappus dichotomus?,False
Europe|flora|Allagopappus dichotomus,¿Qué características distintivas tiene Allagopappus dichotomus que la diferencian de otras especies del género Allagopappus?,False
Europe|flora|Aeonium canariense,¿Qué tipo de planta es Aeonium canariense?,False
Europe|flora|Aeonium canariense,¿Dónde se encuentra localmente abundante Aeonium canariense?,False
Europe|flora|Aeonium canariense,¿Qué características distintivas tiene Aeonium canariense en comparación con otras especies de su grupo?,False
Europe|fauna|Solinus hispanus,¿Qué tipo de especie es Solinus hispanus?,False
Europe|fauna|Solinus hispanus,¿Dónde se encuentra Solinus hispanus?,False
Europe|fauna|Solinus hispanus,¿Qué características distintivas tiene Solinus hispanus y en qué región se encuentra?,False
Europe|flora|Apteronotus albifrons,¿Qué tipo de especie es Apteronotus albifrons?,False
Europe|flora|Apteronotus albifrons,¿Dónde se distribuye Apteronotus albifrons?,False
Europe|flora|Apteronotus albifrons,¿Qué características distintivas presenta Apteronotus albifrons en su morfología?,False
Europe|flora|Alcornoque de El Rincón,¿Qué tipo de entidad es el alcornoque de El Rincón?,False
Europe|flora|Alcornoque de El Rincón,¿Dónde se encuentra el alcornoque de El Rincón?,True
Europe|flora|Alcornoque de El Rincón,¿Qué características distintivas tiene el alcornoque de El Rincón en cuanto a su edad y dimensiones?,False
Europe|flora|Anodontites,¿Qué tipo de organismo es Anodontites?,False
Europe|flora|Anodontites,¿En qué cuencas se distribuye Anodontites ferrarisii en Uruguay?,False
Europe|flora|Anodontites,¿Cuál es la especie de Anodontites que se encuentra en todas las cuencas de Uruguay y qué tipo de sustratos prefiere Anodontites tenebricosus?,False
Europe|flora|Ancistrus dolichopterus,¿Qué tipo de especie es Ancistrus dolichopterus?,False
Europe|flora|Ancistrus dolichopterus,¿Dónde se distribuye Ancistrus dolichopterus?,False
Europe|flora|Ancistrus dolichopterus,¿Qué características distintivas tiene Ancistrus dolichopterus y en qué tipo de hábitat se encuentra?,False
Europe|flora|Arboretum Curie,¿Qué tipo de entidad es el Arboretum Curie?,False
Europe|flora|Arboretum Curie,¿En qué año fue creado el Arboretum Curie?,False
Europe|flora|Arboretum Curie,¿Qué organización administra el Arboretum Curie y cuántos taxones contiene actualmente?,False
Europe|flora|Amazonia Legal,¿Qué es la Amazonia Legal?,False
Europe|flora|Amazonia Legal,¿Cuántos municipios están distribuidos en la Amazonia Legal?,False
Europe|flora|Amazonia Legal,¿Qué porcentaje del territorio brasileño corresponde a la Amazonia Legal y qué bioma detiene?,False
Europe|flora|Arboretum de l'Étoile des Andaines,¿Qué es el Arboretum de l'Étoile des Andaines?,False
Europe|flora|Arboretum de l'Étoile des Andaines,¿Cuántas especies forestales y ornamentales tiene el Arboretum de l'Étoile des Andaines?,False
Europe|flora|Arboretum de l'Étoile des Andaines,¿En qué año fue creado el Arboretum de l'Étoile des Andaines y quién lo administra actualmente?,False
Europe|flora|Ardenas (región),¿Qué tipo de región son las Ardenas?,False
Europe|flora|Ardenas (región),¿Cuál es el punto más alto de las Ardenas?,False
Europe|flora|Ardenas (región),¿De dónde toma su nombre la región de Ardenas y qué bosque se menciona en su historia?,False
Europe|flora|Asteriscus graveolens,¿Qué tipo de especie es Asteriscus graveolens?,False
Europe|flora|Asteriscus graveolens,¿Dónde se encuentra Asteriscus graveolens?,False
Europe|flora|Asteriscus graveolens,¿Qué características distintivas tiene Asteriscus graveolens en su subespecie stenophyllus en comparación con la subespecie odorus?,False
Europe|flora|Arboretum du col du Haut-Jacques,¿Qué es el Arboretum du col du Haut-Jacques?,False
Europe|flora|Arboretum du col du Haut-Jacques,¿En qué altitud se encuentra el Arboretum du col du Haut-Jacques?,False
Europe|flora|Arboretum du col du Haut-Jacques,¿Quién creó el Arboretum du col du Haut-Jacques y en qué año fue establecido?,False
Europe|flora|Arboretum de Pézanin,¿Qué es el Arboretum de Pézanin?,False
Europe|flora|Arboretum de Pézanin,¿En qué año fue establecido el Arboretum de Pézanin?,False
Europe|flora|Arboretum de Pézanin,¿Qué entidad es responsable de la administración del Arboretum de Pézanin y en qué año fue adquirido por el Estado?,False
Europe|flora|Arenaria nevadensis,¿Qué tipo de planta es Arenaria nevadensis?,False
Europe|flora|Arenaria nevadensis,¿Dónde se encuentra Arenaria nevadensis?,False
Europe|flora|Arenaria nevadensis,¿Por qué se considera a Arenaria nevadensis en peligro de extinción?,False
Europe|flora|Biscutella glacialis,¿Qué tipo de planta es Biscutella glacialis?,False
Europe|flora|Biscutella glacialis,¿A qué altitud se encuentra Biscutella glacialis en las montañas béticas?,False
Europe|flora|Biscutella glacialis,¿Quién describió Biscutella glacialis y en qué año fue publicado?,False
Europe|flora|Boraro,¿Qué es el Boraro?,False
Europe|flora|Boraro,¿Dónde se desarrolla el Boraro?,False
Europe|flora|Boraro,¿Qué características físicas distintivas tiene el Boraro que le permiten burlar a sus perseguidores?,True
Europe|flora|Artemisia barrelieri,¿Qué tipo de especie es Artemisia barrelieri?,False
Europe|flora|Artemisia barrelieri,¿Dónde se encuentra Artemisia barrelieri?,False
Europe|flora|Artemisia barrelieri,¿Quién describió Artemisia barrelieri y en qué publicación se realizó?,False
Europe|flora|Campanula decumbens,¿Qué tipo de planta es Campanula decumbens?,False
Europe|flora|Campanula decumbens,¿En qué tipo de suelos se encuentra Campanula decumbens?,False
Europe|flora|Campanula decumbens,¿Quién describió Campanula decumbens y en qué año fue publicado?,False
Europe|flora|Campo Bahia,¿Qué tipo de instalación es Campo Bahia?,False
Europe|flora|Campo Bahia,¿Cuántos edificios de dos pisos consta Campo Bahia?,False
Europe|flora|Campo Bahia,¿Por qué fue seleccionada Campo Bahia como sede base de la selección nacional alemana durante la Copa Mundial de la FIFA 2014?,False
Europe|flora|Constitución del Estado Amazonas,¿Qué es la Constitución del Estado Amazonas?,False
Europe|flora|Constitución del Estado Amazonas,¿Qué idioma se declara como oficial en la Constitución del Estado Amazonas?,False
Europe|flora|Constitución del Estado Amazonas,¿Qué derechos garantiza la Constitución del Estado Amazonas a los pueblos indígenas y qué idiomas se reconocen oficialmente?,False
Europe|flora|Ceropegia fusca,¿Qué tipo de planta es Ceropegia fusca?,False
Europe|flora|Ceropegia fusca,¿Dónde se encuentra Ceropegia fusca?,False
Europe|flora|Ceropegia fusca,¿Qué características distintivas tiene Ceropegia fusca en cuanto a su hábitat y su morfología?,False
Europe|flora|Cebuella pygmaea,¿Qué tipo de primate es Cebuella pygmaea?,False
Europe|flora|Cebuella pygmaea,¿Dónde prefiere habitar Cebuella pygmaea?,False
Europe|flora|Cebuella pygmaea,¿Cuáles son las características distintivas de Cebuella pygmaea en términos de tamaño y peso?,False
Europe|flora|Certhiaxis mustelinus,¿Qué tipo de especie es Certhiaxis mustelinus?,False
Europe|flora|Certhiaxis mustelinus,¿Dónde se distribuye Certhiaxis mustelinus?,False
Europe|flora|Certhiaxis mustelinus,¿Cuál es el hábitat natural de Certhiaxis mustelinus y qué características distintivas presenta?,False
Europe|flora|Choloepus didactylus,¿Qué tipo de especie es Choloepus didactylus?,False
Europe|flora|Choloepus didactylus,¿Dónde habita principalmente Choloepus didactylus?,False
Europe|flora|Choloepus didactylus,¿Cuáles son algunas características distintivas de Choloepus didactylus en comparación con el perezoso tridáctilo?,False
Europe|flora|Carnegiella schereri,¿Qué tipo de especie es Carnegiella schereri?,False
Europe|flora|Carnegiella schereri,¿Dónde se encuentra Carnegiella schereri?,True
Europe|flora|Carnegiella schereri,¿Cuál es el hábitat de Carnegiella schereri y qué características distintivas tiene?,False
Europe|flora|Cuenca de Marajó,¿Qué tipo de entidad es la cuenca de Marajó?,False
Europe|flora|Cuenca de Marajó,¿Qué separa la cuenca de Marajó de la cuenca sedimentaria del Amazonas?,False
Europe|flora|Cuenca de Marajó,¿Qué características geológicas se asocian a la cuenca de Marajó en relación con su formación y las secuencias sedimentarias?,False
Europe|flora|Corydoras sterbai,¿Qué tipo de especie es Corydoras sterbai?,False
Europe|flora|Corydoras sterbai,¿Dónde se encuentra Corydoras sterbai?,False
Europe|flora|Corydoras sterbai,¿Qué características distintivas tiene Corydoras sterbai en su morfología?,False
Europe|flora|Corydoras leucomelas,¿Qué tipo de especie es Corydoras leucomelas?,False
Europe|flora|Corydoras leucomelas,¿Dónde se encuentra Corydoras leucomelas?,False
Europe|flora|Corydoras leucomelas,¿Qué características distintivas tiene Corydoras leucomelas y en qué hábitat se encuentra?,False
Europe|flora|Bunocephalus aleuropsis,¿Qué tipo de especie es Bunocephalus aleuropsis?,False
Europe|flora|Bunocephalus aleuropsis,¿Dónde se encuentra Bunocephalus aleuropsis?,False
Europe|flora|Bunocephalus aleuropsis,¿Qué tipo de pez es Bunocephalus aleuropsis y qué come?,False
Europe|flora|Crenicichla lucius,¿Qué tipo de especie es Crenicichla lucius?,False
Europe|flora|Crenicichla lucius,¿Dónde se encuentra Crenicichla lucius?,False
Europe|flora|Crenicichla lucius,¿En qué cuenca se encuentra Crenicichla lucius y en qué países específicos?,False
Europe|flora|Dicheranthus,¿Qué tipo de especie es Dicheranthus?,False
Europe|flora|Dicheranthus,¿Dónde se encuentra Dicheranthus?,False
Europe|flora|Dicheranthus,¿Quién describió Dicheranthus y en qué año fue publicado?,False
Europe|flora|Dengue Dengue Dengue!,¿Qué tipo de entidad es Dengue Dengue Dengue!?,False
Europe|flora|Dengue Dengue Dengue!,¿Quiénes son los integrantes de Dengue Dengue Dengue!?,False
Europe|flora|Dengue Dengue Dengue!,¿Qué álbum de Dengue Dengue Dengue! se publicó en 2012 y qué influencias musicales tienen?,False
Europe|flora|Elachocharax mitopterus,¿Qué tipo de especie es Elachocharax mitopterus?,False
Europe|flora|Elachocharax mitopterus,¿En qué tipo de clima vive Elachocharax mitopterus?,False
Europe|flora|Elachocharax mitopterus,¿Dónde se encuentra Elachocharax mitopterus y en qué cuencas específicas?,False
Europe|flora|Euphorbia maresii,¿Qué tipo de especie es Euphorbia maresii?,False
Europe|flora|Euphorbia maresii,¿Dónde se encuentra Euphorbia maresii?,False
Europe|flora|Euphorbia maresii,¿Quién describió Euphorbia maresii y en qué publicación se realizó?,False
Europe|flora|Eigenmannia antonioi,¿Qué tipo de especie es Eigenmannia antonioi?,False
Europe|flora|Eigenmannia antonioi,¿Dónde se distribuye Eigenmannia antonioi?,False
Europe|flora|Eigenmannia antonioi,¿Qué características distintivas posee Eigenmannia antonioi que le permiten ser diferenciada de E. trilineata en sentido amplio?,False
Europe|flora|Euphorbia mellifera,¿Cómo se conoce en castellano a Euphorbia mellifera?,False
Europe|flora|Euphorbia mellifera,¿Qué tipo de planta es Euphorbia mellifera?,False
Europe|flora|Euphorbia mellifera,¿Cuál es el estado de conservación de Euphorbia mellifera en Canarias y qué protección tiene?,False
Europe|flora|Euphorbia × balfourii,¿Qué tipo de especie es Euphorbia × balfourii?,False
Europe|flora|Euphorbia × balfourii,¿A qué familia pertenece Euphorbia × balfourii?,False
Europe|flora|Euphorbia × balfourii,¿Quién describió Euphorbia × balfourii y en qué año fue publicado?,False
Europe|flora|ExpoAmazónica,¿Qué es la ExpoAmazónica?,False
Europe|flora|ExpoAmazónica,¿En qué lugar se desarrolló la primera ExpoAmazónica?,False
Europe|flora|ExpoAmazónica,¿Qué evento se utilizó para fomentar el turismo y las políticas de desarrollo sostenible en la Amazonía peruana?,False
Europe|flora|Euphorbia polygalifolia,¿Qué tipo de especie es Euphorbia polygalifolia?,False
Europe|flora|Euphorbia polygalifolia,¿Dónde se encuentra Euphorbia polygalifolia?,False
Europe|flora|Euphorbia polygalifolia,¿A qué altitud se encuentra Euphorbia polygalifolia en el norte de la península ibérica y quién la describió?,False
Europe|flora|Gymnotus carapo madeirensis,¿Qué tipo de pez es Gymnotus carapo madeirensis?,True
Europe|flora|Gymnotus carapo madeirensis,¿Dónde se distribuye Gymnotus carapo madeirensis?,False
Europe|flora|Gymnotus carapo madeirensis,¿Qué características distintivas tiene Gymnotus carapo madeirensis en comparación con otras subespecies?,False
Europe|flora|Habenaria tridactylites,¿Qué tipo de especie es Habenaria tridactylites?,False
Europe|flora|Habenaria tridactylites,¿Dónde se encuentra la especie Habenaria tridactylites?,False
Europe|flora|Habenaria tridactylites,¿Quién describió la especie Habenaria tridactylites y en qué publicación se realizó?,False
Europe|flora|Heliconia bihai,¿Cuál es el nombre popular de Heliconia bihai?,False
Europe|flora|Heliconia bihai,¿En qué regiones es común encontrar Heliconia bihai?,False
Europe|flora|Heliconia bihai,¿Qué características distintivas tiene Heliconia bihai en cuanto a su altura y forma de las hojas?,False
Europe|flora|Gymnocarpos decander,¿Qué tipo de planta es Gymnocarpos decander?,False
Europe|flora|Gymnocarpos decander,¿Cuál es la altura típica de Gymnocarpos decander?,False
Europe|flora|Gymnocarpos decander,¿En qué regiones se distribuye Gymnocarpos decander?,False
Europe|flora|Idioma urarina,¿Qué es el idioma urarina?,False
Europe|flora|Idioma urarina,¿En qué provincia se habla el idioma urarina?,False
Europe|flora|Idioma urarina,¿Cuál es el orden de constituyentes que presenta el idioma urarina y por qué es significativo?,False
Europe|flora|Hemiodus vorderwinkleri,¿Qué tipo de especie es Hemiodus vorderwinkleri?,False
Europe|flora|Hemiodus vorderwinkleri,¿Dónde se encuentra Hemiodus vorderwinkleri?,False
Europe|flora|Hemiodus vorderwinkleri,¿Qué tipo de pez es Hemiodus vorderwinkleri y en qué tipo de hábitat vive?,False
Europe|flora|Hypostomus virescens,¿Qué tipo de especie es Hypostomus virescens?,False
Europe|flora|Hypostomus virescens,¿Dónde se encuentra Hypostomus virescens?,False
Europe|flora|Hypostomus virescens,¿En qué país se encuentra Hypostomus virescens y en qué cuenca específica?,False
Europe|flora|Hypocnemis ochrogyna,¿Qué tipo de especie es Hypocnemis ochrogyna?,False
Europe|flora|Hypocnemis ochrogyna,¿Dónde se distribuye Hypocnemis ochrogyna?,False
Europe|flora|Hypocnemis ochrogyna,¿Quién describió inicialmente a Hypocnemis ochrogyna y en qué año?,False
Europe|flora|Idioma bue,¿Qué tipo de lengua es el idioma bue?,False
Europe|flora|Idioma bue,¿Cuántas personas hablan el idioma bue?,False
Europe|flora|Idioma bue,¿En qué países se habla el idioma bue y a qué familia de lenguas pertenece?,False
Europe|flora|Isla Santa Rosa (Loreto),¿Qué tipo de lugar es la isla Santa Rosa (Loreto)?,False
Europe|flora|Isla Santa Rosa (Loreto),¿Con qué isla limita por el norte la isla Santa Rosa (Loreto)?,False
Europe|flora|Isla Santa Rosa (Loreto),¿Qué características culturales muestra la isla Santa Rosa (Loreto) y con qué idiomas se relaciona?,False
Europe|flora|Hydrolycus tatauaia,¿Qué tipo de especie es Hydrolycus tatauaia?,False
Europe|flora|Hydrolycus tatauaia,¿En qué tipo de hábitat se encuentra Hydrolycus tatauaia?,False
Europe|flora|Hydrolycus tatauaia,¿Dónde se distribuye geográficamente Hydrolycus tatauaia?,False
Europe|flora|Hoja de banana,¿Qué parte de la bananera o platanera es la hoja de banana?,False
Europe|flora|Hoja de banana,¿Cuáles son algunas de las características de la hoja de banana?,False
Europe|flora|Hoja de banana,¿Qué usos culinarios tiene la hoja de banana en diferentes culturas?,False
Europe|flora|La gran final,"¿Qué es ""La gran final""?",False
Europe|flora|La gran final,"¿Cuántas historias paralelas cuenta ""La gran final""?",False
Europe|flora|La gran final,"¿Qué tipo de hombres muestra ""La gran final"" y qué dificultades enfrentan para ver la televisión?",False
Europe|flora|Lagothrix cana,¿Qué tipo de primate es Lagothrix cana?,False
Europe|flora|Lagothrix cana,¿En qué hábitat vive principalmente Lagothrix cana?,False
Europe|flora|Lagothrix cana,¿Cuáles son las principales amenazas que enfrenta Lagothrix cana y en qué estado de conservación se encuentra?,False
Europe|flora|Lenguas peba-yagua,¿Qué tipo de lenguas son las lenguas peba-yagua?,False
Europe|flora|Lenguas peba-yagua,¿Cuántos hablantes tenía el yihamwo en 1997?,False
Europe|flora|Lenguas peba-yagua,¿Qué relación se ha propuesto entre las lenguas peba-yagua y las lenguas zaparoanas?,False
Europe|flora|Lenguas mura-pirahã-matanawí,¿Qué tipo de entidad son las lenguas mura-pirahã-matanawí?,False
Europe|flora|Lenguas mura-pirahã-matanawí,¿Cuántas personas pertenecen al grupo étnico que habla las lenguas mura-pirahã-matanawí?,False
Europe|flora|Lenguas mura-pirahã-matanawí,¿Qué características lingüísticas son distintivas de las lenguas mura-pirahã-matanawí?,False
Europe|flora|Hemiodus immaculatus,¿Qué tipo de especie es Hemiodus immaculatus?,False
Europe|flora|Hemiodus immaculatus,¿Dónde se encuentra Hemiodus immaculatus?,False
Europe|flora|Hemiodus immaculatus,¿Qué tipo de pez es Hemiodus immaculatus y cómo se reproduce?,False
Europe|flora|Lomelosia cretica,¿Qué tipo de especie es Lomelosia cretica?,False
Europe|flora|Lomelosia cretica,¿Dónde se encuentra Lomelosia cretica?,False
Europe|flora|Lomelosia cretica,¿Cuál es el nombre anterior de Lomelosia cretica y en qué obra fue descrita?,True
Europe|flora|Limonium perezii,¿Qué tipo de planta es Limonium perezii?,False
Europe|flora|Limonium perezii,¿Dónde es originaria Limonium perezii?,False
Europe|flora|Limonium perezii,¿Qué características distintivas tiene Limonium perezii en cuanto a su hábitat y su morfología?,False
Europe|flora|Melanorivulus crixas,¿Qué tipo de pez es Melanorivulus crixas?,False
Europe|flora|Melanorivulus crixas,¿En qué cuenca hidrográfica se distribuye Melanorivulus crixas?,False
Europe|flora|Melanorivulus crixas,¿Qué características distintivas tiene Melanorivulus crixas y dónde se encuentra?,False
Europe|flora|Megaleporinus trifasciatus,¿Qué tipo de especie es Megaleporinus trifasciatus?,False
Europe|flora|Megaleporinus trifasciatus,¿Dónde se distribuye Megaleporinus trifasciatus?,False
Europe|flora|Megaleporinus trifasciatus,¿Quién describió originalmente a Megaleporinus trifasciatus y en qué año?,False
Europe|flora|Masato,¿Qué es el masato?,False
Europe|flora|Masato,¿Cómo se elabora el masato en Colombia?,False
Europe|flora|Masato,¿Qué ingredientes se utilizan en la preparación tradicional del masato en Perú y cómo se lleva a cabo su fermentación?,False
Europe|flora|Melanorivulus rutilicaudus,¿Qué tipo de especie es Melanorivulus rutilicaudus?,False
Europe|flora|Melanorivulus rutilicaudus,¿En qué cuenca se distribuye Melanorivulus rutilicaudus?,False
Europe|flora|Melanorivulus rutilicaudus,¿Dónde se encuentra Melanorivulus rutilicaudus y qué comportamiento tiene en su hábitat?,False
Europe|flora|Melanorivulus kayapo,¿Qué tipo de especie es Melanorivulus kayapo?,False
Europe|flora|Melanorivulus kayapo,¿Dónde se distribuye Melanorivulus kayapo?,False
Europe|flora|Melanorivulus kayapo,¿En qué río habita Melanorivulus kayapo y en qué parte de la cuenca del río Araguaia se encuentra?,False
Europe|flora|Marlene Freitas da Silva,¿Dónde nació Marlene Freitas da Silva?,False
Europe|flora|Marlene Freitas da Silva,¿Qué género revisó Marlene Freitas da Silva en su maestría?,False
Europe|flora|Marlene Freitas da Silva,¿Qué aportes significativos hizo Marlene Freitas da Silva en el campo de la botánica y en qué publicación se reflejan sus resultados sobre el género Dimorphandra?,False
Europe|flora|Nannoptopoma sternoptychum,¿Qué tipo de especie es Nannoptopoma sternoptychum?,False
Europe|flora|Nannoptopoma sternoptychum,¿Dónde se encuentra Nannoptopoma sternoptychum?,False
Europe|flora|Nannoptopoma sternoptychum,¿Qué tipo de pez es Nannoptopoma sternoptychum y en qué tipo de hábitat se desarrolla?,False
Europe|flora|Melanorivulus zygonectes,¿Qué tipo de pez es Melanorivulus zygonectes?,False
Europe|flora|Melanorivulus zygonectes,¿Cuál es la longitud máxima descrita de Melanorivulus zygonectes?,False
Europe|flora|Melanorivulus zygonectes,¿En qué tipo de hábitat se encuentra Melanorivulus zygonectes y qué características tiene el agua en esos ambientes?,False
Europe|flora|Nannostomus trifasciatus,¿Qué tipo de especie es Nannostomus trifasciatus?,False
Europe|flora|Nannostomus trifasciatus,¿Dónde se encuentra Nannostomus trifasciatus de forma natural?,False
Europe|flora|Nannostomus trifasciatus,¿Qué características distintivas tiene Nannostomus trifasciatus y qué tipo de agua requiere para su mantenimiento en acuarios?,False
Europe|flora|Phyllomedusa tomopterna,¿Qué tipo de especie es Phyllomedusa tomopterna?,False
Europe|flora|Phyllomedusa tomopterna,¿En qué tipo de hábitats naturales se encuentra Phyllomedusa tomopterna?,False
Europe|flora|Phyllomedusa tomopterna,¿Por qué está amenazada de extinción Phyllomedusa tomopterna y cuáles son sus hábitats naturales?,False
Europe|flora|Pimelodella peruensis,¿Qué tipo de especie es Pimelodella peruensis?,False
Europe|flora|Pimelodella peruensis,¿Dónde se encuentra Pimelodella peruensis?,False
Europe|flora|Pimelodella peruensis,¿Cuál es la longitud total que pueden alcanzar los machos de Pimelodella peruensis y en qué tipo de hábitat viven?,False
Europe|flora|Pachyurus stewarti,¿Qué tipo de especie es Pachyurus stewarti?,False
Europe|flora|Pachyurus stewarti,¿Dónde se encuentra Pachyurus stewarti?,False
Europe|flora|Pachyurus stewarti,¿Qué hábitat ocupa Pachyurus stewarti y qué características lo definen?,False
Europe|flora|Oficina Nacional de Bosques (Francia),¿Qué es la Oficina Nacional de Bosques en Francia?,False
Europe|flora|Oficina Nacional de Bosques (Francia),¿Cuántos kilómetros cuadrados de bosques públicos gestiona la Oficina Nacional de Bosques en Francia?,False
Europe|flora|Oficina Nacional de Bosques (Francia),¿Cuáles son las tres misiones principales de la Oficina Nacional de Bosques en Francia?,False
Europe|flora|Pedicularis flammea,¿Qué tipo de planta es Pedicularis flammea?,False
Europe|flora|Pedicularis flammea,¿Cuáles son las características de las flores de Pedicularis flammea?,True
Europe|flora|Pedicularis flammea,¿En qué lugares se distribuye Pedicularis flammea y quién la describió?,False
Europe|flora|Pinar del Hacho,¿Qué tipo de espacio es el Pinar del Hacho?,False
Europe|flora|Pinar del Hacho,¿Qué tipo de pinar cubre la mayor parte del Pinar del Hacho?,True
Europe|flora|Pinar del Hacho,¿Qué yacimientos arqueológicos se incluyen en el Pinar del Hacho y qué tipo son?,True
Europe|flora|Protium crassipetalum,¿Qué tipo de especie es Protium crassipetalum?,False
Europe|flora|Protium crassipetalum,¿Dónde es nativa Protium crassipetalum?,False
Europe|flora|Protium crassipetalum,¿Qué características tiene el fruto de Protium crassipetalum y qué lo distingue?,False
Europe|flora|Ponche de Iquitos,¿Qué es el ponche de Iquitos?,False
Europe|flora|Ponche de Iquitos,¿Con qué se complementa el ponche de Iquitos?,False
Europe|flora|Ponche de Iquitos,¿Por qué es muy habitual el ponche de Iquitos en los sectores de clase trabajadora y de indios-mestizos?,False
Europe|flora|Roccella canariensis,¿Qué tipo de especie es Roccella canariensis?,False
Europe|flora|Roccella canariensis,¿Dónde se da Roccella canariensis?,False
Europe|flora|Roccella canariensis,¿Por qué fue especialmente valorado Roccella canariensis en el siglo XV?,False
Europe|flora|Rhaponticum canariense,¿Cómo se conoce vulgarmente a Rhaponticum canariense?,False
Europe|flora|Rhaponticum canariense,¿Cuál es la familia a la que pertenece Rhaponticum canariense?,False
Europe|flora|Rhaponticum canariense,¿En qué altitudes se encuentra Rhaponticum canariense y cuál es su estado de conservación?,False
Europe|flora|Rhamnus glandulosa,¿Qué tipo de especie es Rhamnus glandulosa?,False
Europe|flora|Rhamnus glandulosa,¿Dónde se halla endémicamente Rhamnus glandulosa?,False
Europe|flora|Rhamnus glandulosa,¿Quién describió Rhamnus glandulosa y en qué año fue publicado en Hortus Kew?,False
Europe|flora|Río Jatapu,¿Qué tipo de río es el río Jatapu?,False
Europe|flora|Río Jatapu,¿Cuál es la longitud del río Jatapu?,False
Europe|flora|Río Jatapu,¿En qué dirección discurre el río Jatapu y qué sierra bordea?,False
Europe|flora|Río Pachitea,¿Qué es el río Pachitea?,False
Europe|flora|Río Pachitea,¿Dónde se localiza el río Pachitea?,False
Europe|flora|Río Pachitea,¿De qué cordillera procede el río Pachitea y qué nombre lleva primero?,False
Europe|flora|Río Arinos,¿Qué tipo de entidad es el río Arinos?,False
Europe|flora|Río Arinos,¿En qué estado de Brasil discurre el río Arinos?,False
Europe|flora|Río Arinos,¿Quién fue el primer europeo en descubrir y navegar por el río Arinos?,False
Europe|flora|Río Tiquié,¿Qué tipo de curso de agua es el río Tiquié?,False
Europe|flora|Río Tiquié,¿En qué territorio nace el río Tiquié?,False
Europe|flora|Río Tiquié,¿Qué tipo de vegetación predomina en el alto Tiquié y qué tipo en el medio y bajo curso del río?,False
Europe|flora|Rhegmatorhina gymnops,¿Qué tipo de especie es Rhegmatorhina gymnops?,False
Europe|flora|Rhegmatorhina gymnops,¿Dónde se distribuye Rhegmatorhina gymnops?,False
Europe|flora|Rhegmatorhina gymnops,¿Por qué ha sido calificado Rhegmatorhina gymnops como «vulnerable» por la Unión Internacional para la Conservación de la Naturaleza?,True
Europe|flora|Río Paranã (Brasil),¿Qué tipo de entidad es el río Paranã?,False
Europe|flora|Río Paranã (Brasil),¿Cuántos kilómetros de longitud tiene el río Paranã?,False
Europe|flora|Río Paranã (Brasil),¿Qué ríos se reúnen para dar lugar al nacimiento del río Tocantins?,False
Europe|flora|Río Tarauacá,¿Qué tipo de río es el río Tarauacá?,False
Europe|flora|Río Tarauacá,¿Cuántos kilómetros de longitud tiene el río Tarauacá?,False
Europe|flora|Río Tarauacá,¿En qué estados de Brasil discurre el río Tarauacá y qué municipios atraviesa?,False
Europe|flora|Scleronycteris ega,¿Qué tipo de especie es Scleronycteris ega?,False
Europe|flora|Scleronycteris ega,¿Dónde se encuentra Scleronycteris ega?,False
Europe|flora|Scleronycteris ega,¿Cuál es la distribución geográfica de Scleronycteris ega y qué la caracteriza como el único miembro de su género?,False
Europe|flora|Scoloplax,¿Qué tipo de pez es Scoloplax?,False
Europe|flora|Scoloplax,¿Cuántas filas de odontodos tiene Scoloplax?,False
Europe|flora|Scoloplax,¿En qué cuencas se encuentra Scoloplax dicra?,False
Europe|flora|Río Taraira,¿Qué tipo de río es el río Taraira?,False
Europe|flora|Río Taraira,¿Cuál es el afluente del río Taraira?,False
Europe|flora|Río Taraira,¿Qué límite internacional forma el río Taraira y entre qué regiones se encuentra?,True
Europe|flora|Salvia × sylvestris,¿Qué tipo de planta es Salvia × sylvestris?,False
Europe|flora|Salvia × sylvestris,¿A qué altitud se encuentra Salvia × sylvestris?,False
Europe|flora|Salvia × sylvestris,¿Quién describió Salvia × sylvestris y en qué obra fue publicado?,False
Europe|flora|Sierra del Caurel,¿Qué tipo de entidad es la Sierra del Caurel?,False
Europe|flora|Sierra del Caurel,¿Cuál es la extensión de la Sierra del Caurel?,False
Europe|flora|Sierra del Caurel,¿Por qué se considera la Sierra del Caurel la reserva botánica más importante de Galicia?,False
Europe|flora|Templo de Manaos,¿Qué es el Templo de Manaos?,False
Europe|flora|Templo de Manaos,¿Dónde está ubicado el Templo de Manaos?,False
Europe|flora|Templo de Manaos,¿Cuándo fue anunciado el Templo de Manaos y cuántos templos SUD hay en Brasil?,False
Europe|flora|Thamnophilus cryptoleucus,¿Qué tipo de especie es Thamnophilus cryptoleucus?,False
Europe|flora|Thamnophilus cryptoleucus,¿Dónde se distribuye Thamnophilus cryptoleucus?,False
Europe|flora|Thamnophilus cryptoleucus,¿Qué nombre científico se le dio originalmente a Thamnophilus cryptoleucus y quiénes lo describieron?,True
Europe|geography|Abrivado,"¿Qué significa la palabra ""abrivado"" en provenzal?",False
Europe|geography|Abrivado,¿En qué consiste la tradición del abrivado?,False
Europe|geography|Abrivado,¿Cuál es la relación entre el abrivado y el encierro en España?,False
Europe|flora|Tierra indígena del Valle del Yavarí,¿Qué es la Tierra indígena del Valle del Yavarí?,False
Europe|flora|Tierra indígena del Valle del Yavarí,¿Dónde está situada la Tierra indígena del Valle del Yavarí?,False
Europe|flora|Tierra indígena del Valle del Yavarí,¿Qué área total tiene la Tierra indígena del Valle del Yavarí y cómo se compara con Austria?,False
Europe|flora|Tridens melanops,¿Qué tipo de especie es Tridens melanops?,False
Europe|flora|Tridens melanops,¿Dónde se encuentra Tridens melanops?,False
Europe|flora|Tridens melanops,¿Qué tipo de pez es Tridens melanops y en qué hábitat se desarrolla?,False
Europe|flora|Val sans retour,¿Qué es el Val sans retour?,False
Europe|flora|Val sans retour,¿Quién creó el Val sans retour?,False
Europe|flora|Val sans retour,¿Qué representa el episodio del Val sans retour en la literatura artúrica y quién lo menciona?,False
Europe|geography|Alcantarillaíta,¿Qué es la alcantarillaíta?,False
Europe|geography|Alcantarillaíta,¿De qué color es la alcantarillaíta?,False
Europe|geography|Alcantarillaíta,¿En qué año fue aprobada la alcantarillaíta como especie por la Asociación Internacional de Mineralogía?,False
Europe|flora|Thayeria obliqua,¿Qué tipo de especie es Thayeria obliqua?,False
Europe|flora|Thayeria obliqua,¿En qué tipo de clima vive Thayeria obliqua?,False
Europe|flora|Thayeria obliqua,¿Dónde se encuentra Thayeria obliqua y qué tipo de especie es?,False
Europe|geography|Aegidius Tschudi,¿Cuándo nació Aegidius Tschudi?,False
Europe|geography|Aegidius Tschudi,¿Qué obra escribió Aegidius Tschudi que se publicó en 1538?,True
Europe|geography|Aegidius Tschudi,¿Qué rol desempeñó Aegidius Tschudi en 1558 y qué reconocimiento recibió posteriormente?,False
Europe|flora|Teleocichla prionogenys,¿Qué tipo de especie es Teleocichla prionogenys?,False
Europe|flora|Teleocichla prionogenys,¿Dónde se encuentra Teleocichla prionogenys?,False
Europe|flora|Teleocichla prionogenys,¿En qué tipo de hábitat vive Teleocichla prionogenys y dónde se encuentra geográficamente?,False
Europe|flora|Sonchus bourgeaui,¿Qué tipo de planta es Sonchus bourgeaui?,False
Europe|flora|Sonchus bourgeaui,¿Dónde se encuentra Sonchus bourgeaui?,False
Europe|flora|Sonchus bourgeaui,¿Quién describió Sonchus bourgeaui y en qué obra fue publicado?,False
Europe|geography|Anfípolis,¿Qué tipo de lugar es Anfípolis?,False
Europe|geography|Anfípolis,¿A qué distancia se encontraba Anfípolis de la desembocadura del río Estrimón?,False
Europe|geography|Anfípolis,¿Qué importancia tuvo Anfípolis para Atenas desde 435 a. C. y qué relación tuvo con la ciudad de Eyón?,True
Europe|geography|Bybrua,¿Qué tipo de lugar es Bybrua?,False
Europe|geography|Bybrua,¿Dónde se encuentra ubicada Bybrua?,False
Europe|geography|Bybrua,¿Cuál es la población estimada de Bybrua a 1 de enero de 2017 y en qué zona geográfica se encuentra?,False
Europe|geography|Arrecife de la Florida,¿Qué es el Arrecife de la Florida?,False
Europe|geography|Arrecife de la Florida,¿Dónde se ubica el Arrecife de la Florida?,False
Europe|geography|Arrecife de la Florida,¿Cuántas especies de plantas marinas y animales viven en el Arrecife de la Florida y qué importancia tiene en relación con los corales tropicales?,False
Europe|geography|Antecedentes históricos de la guerra ruso-ucraniana,¿Qué acuerdo firmó Ucrania en 1994 para abandonar su arsenal nuclear?,True
Europe|geography|Antecedentes históricos de la guerra ruso-ucraniana,¿Qué proceso histórico se menciona como un factor que contribuyó a la formación de las chispas de las protestas prorrusas en Ucrania?,False
Europe|geography|Antecedentes históricos de la guerra ruso-ucraniana,¿Qué tratado permitió la independencia nominal del Kanato de Crimea en 1774 y qué evento histórico ocurrió en Crimea en 988?,False
Europe|geography|Cabo Roche,¿Qué tipo de lugar es el cabo Roche?,False
Europe|geography|Cabo Roche,¿Dónde se localiza el cabo Roche?,False
Europe|geography|Cabo Roche,¿Qué importancia tiene el cabo Roche en la migración de aves y qué se ha estudiado en relación a su conservación?,False
Europe|geography|Barrio de Ealing (Londres),¿Qué tipo de lugar es el barrio de Ealing?,False
Europe|geography|Barrio de Ealing (Londres),¿En qué año se abrió la estación en Ealing Broadway?,False
Europe|geography|Barrio de Ealing (Londres),"¿Por qué se conoció a Ealing como la ""Reina de los Suburbios""?",False
Europe|geography|Asiria (provincia romana),¿Qué era la provincia romana de Asiria?,False
Europe|geography|Asiria (provincia romana),¿En qué año fue creada la provincia romana de Asiria?,False
Europe|geography|Asiria (provincia romana),¿Qué dificultades enfrentó la provincia romana de Asiria desde su creación hasta su evacuación?,False
Europe|geography|Bahía de Lisa,¿Qué tipo de lugar es la bahía de Lisa?,False
Europe|geography|Bahía de Lisa,¿Dónde se ubica la bahía de Lisa?,False
Europe|geography|Bahía de Lisa,"¿Cuál es la etimología del nombre ""bahía de Lisa"" y qué características geográficas la rodean?",False
Europe|geography|Castrejón de la Peña,¿Qué tipo de lugar es Castrejón de la Peña?,False
Europe|geography|Castrejón de la Peña,¿En qué comarca se ubica Castrejón de la Peña?,False
Europe|geography|Castrejón de la Peña,¿Qué evento importante en la historia de Castrejón de la Peña ocurrió en 1916?,False
Europe|geography|Castillo de Neratzia,¿Qué es el castillo de Neratzia?,True
Europe|geography|Castillo de Neratzia,¿Quiénes construyeron el castillo de Neratzia?,False
Europe|geography|Castillo de Neratzia,¿Cuál es la importancia estratégica del castillo de Neratzia en relación con el estrecho entre Cos y Bodrum?,False
Europe|geography|Cerro Masatrigo,¿Qué tipo de lugar es el Cerro Masatrigo?,False
Europe|geography|Cerro Masatrigo,¿En qué provincia se encuentra el Cerro Masatrigo?,False
Europe|geography|Cerro Masatrigo,¿Qué características geográficas y climáticas se asocian al Cerro Masatrigo y su entorno?,False
Europe|geography|Concha del Peregrino,¿Qué es la Concha del Peregrino?,False
Europe|geography|Concha del Peregrino,¿Qué objeto se les concedía a todos los peregrinos que habían llegado a Santiago de Compostela?,False
Europe|geography|Concha del Peregrino,¿Cuál era la consideración cultural de la Concha del Peregrino en relación al Apóstol y cómo ha cambiado su uso a lo largo del tiempo?,False
Europe|geography|Charlton (Londres),¿Qué tipo de lugar es Charlton?,False
Europe|geography|Charlton (Londres),¿Cuál era la población de Charlton según el censo de 2011?,False
Europe|geography|Charlton (Londres),¿Dónde se ubica Charlton y qué tipo de lugar es?,False
Europe|geography|Campaña romana,¿Qué tipo de lugar es la Campaña romana?,False
Europe|geography|Campaña romana,¿Qué ríos surcan la Campaña romana?,False
Europe|geography|Campaña romana,¿Por qué fue abandonada la Campaña romana en la Edad Media?,False
Europe|geography|Condado de Aubarede,¿Qué tipo de lugar es el Condado de Aubarede?,False
Europe|geography|Condado de Aubarede,¿Quién creó el Condado de Aubarede?,False
Europe|geography|Condado de Aubarede,¿Qué relación tiene el Condado de Aubarede con la Revolución francesa y su estatus actual?,False
Europe|geography|Cuenca del Mediterráneo,¿Qué es la Cuenca del Mediterráneo?,False
Europe|geography|Cuenca del Mediterráneo,¿Qué territorios incluye la Cuenca del Mediterráneo?,False
Europe|geography|Cuenca del Mediterráneo,¿Cuál es la relación entre la Cuenca del Mediterráneo y la civilización occidental?,False
Europe|geography|Crestonia,¿Qué tipo de lugar es Crestonia?,False
Europe|geography|Crestonia,¿Dónde se hallaba la ciudad llamada Crestona?,False
Europe|geography|Crestonia,¿Qué ríos delimitan la ubicación de Crestonia?,False
Europe|geography|Combatientes de la guerra en Donbass,¿Qué tipo de lugar es Donbass?,False
Europe|geography|Combatientes de la guerra en Donbass,¿Qué porcentaje de los combatientes en Donbass son fuerzas separatistas?,False
Europe|geography|Combatientes de la guerra en Donbass,¿Cuál fue la fusión que ocurrió el 16 de noviembre entre grupos armados en Donbass y qué nombre recibió?,False
Europe|geography|Cuminum cyminum,¿Qué tipo de planta es Cuminum cyminum?,False
Europe|geography|Cuminum cyminum,¿Dónde es originaria Cuminum cyminum?,False
Europe|geography|Cuminum cyminum,¿Qué importancia histórica tuvo Cuminum cyminum en la Antigua Creta y cómo se menciona en la Biblia?,False
Europe|geography|Coronilla scorpioides,¿Qué tipo de planta es Coronilla scorpioides?,False
Europe|geography|Coronilla scorpioides,¿En qué tipo de hábitat se encuentra Coronilla scorpioides?,False
Europe|geography|Coronilla scorpioides,¿Cuál es la altitud en la que se encuentra Coronilla scorpioides y en qué regiones se distribuye?,False
Europe|geography|Desfiladero de Collegats,¿Qué tipo de lugar es el desfiladero de Collegats?,False
Europe|geography|Desfiladero de Collegats,¿Qué río forma el desfiladero de Collegats?,False
Europe|geography|Desfiladero de Collegats,¿En qué año fue protegido el desfiladero de Collegats por el Plan de Espacios de Interés Natural (PEIN) de la Generalidad de Cataluña?,False
Europe|geography|Distrito de Komló,¿Qué tipo de lugar es el distrito de Komló?,False
Europe|geography|Distrito de Komló,¿A qué condado pertenece el distrito de Komló?,False
Europe|geography|Distrito de Komló,¿Qué incluye el distrito de Komló en su conformación?,False
Europe|geography|Depresión danubiana,¿Qué es la depresión danubiana?,True
Europe|geography|Depresión danubiana,¿Qué tipo de unidad geomorfológica forma la depresión danubiana junto con la cuenca de Neusiedl y la cuenca de Győr?,False
Europe|geography|Depresión danubiana,¿Cuáles son las dos partes que forman la depresión danubiana y qué tipo de actividades se desarrollan en esta zona?,False
Europe|geography|Distrito de Bialystok,¿Qué tipo de unidad administrativa fue el Distrito de Bialystok?,False
Europe|geography|Distrito de Bialystok,¿En qué fecha fue establecido el Distrito de Bialystok?,False
Europe|geography|Distrito de Bialystok,¿Qué relación tuvo el Distrito de Bialystok con la Unión Soviética y Alemania durante la Segunda Guerra Mundial?,False
Europe|geography|Emilia (región),¿Qué tipo de lugar es Emilia?,False
Europe|geography|Emilia (región),¿En torno a qué está estructurada la región de Emilia?,False
Europe|geography|Emilia (región),¿Qué provincias comprende la región histórica de Emilia y con qué región administrativa se constituye actualmente?,False
Europe|geography|Diócesis de Treviso,¿Qué es la diócesis de Treviso?,False
Europe|geography|Diócesis de Treviso,¿Cuántas parroquias tiene la diócesis de Treviso?,False
Europe|geography|Diócesis de Treviso,¿En qué año fue ampliada la diócesis de Treviso cuando Otón I suprimió la diócesis de Asolo?,False
Europe|geography|Embalse de Kániv,¿Qué tipo de lugar es el embalse de Kániv?,False
Europe|geography|Embalse de Kániv,¿En qué río se ubica el embalse de Kániv?,False
Europe|geography|Embalse de Kániv,¿Qué características tiene el embalse de Kániv en términos de longitud y superficie?,False
Europe|geography|Dürrnberg,¿Qué tipo de yacimiento es Dürrnberg?,False
Europe|geography|Dürrnberg,¿Dónde está situado Dürrnberg?,False
Europe|geography|Dürrnberg,¿Qué indica la uniformidad social encontrada en las tumbas de Dürrnberg en comparación con otros sitios no vinculados a la sal?,False
Europe|geography|Eryngium amethystinum,¿Qué tipo de planta es Eryngium amethystinum?,False
Europe|geography|Eryngium amethystinum,¿Dónde es nativa Eryngium amethystinum?,False
Europe|geography|Eryngium amethystinum,¿Qué características distintivas tiene Eryngium amethystinum y en qué tipo de hábitat crece?,False
Europe|geography|Eurociudad Badajoz-Elvas-Campomayor,¿Qué tipo de entidad es la Eurociudad Badajoz-Elvas-Campomayor?,False
Europe|geography|Eurociudad Badajoz-Elvas-Campomayor,¿Cuántos habitantes aproximadamente tiene la Eurociudad Badajoz-Elvas-Campomayor?,False
Europe|geography|Eurociudad Badajoz-Elvas-Campomayor,¿Qué resultado tuvo la firma del protocolo entre la Cámara Municipal de Elvas y el Ayuntamiento de Badajoz en 2013?,False
Europe|geography|Flim-Flam!,"¿Quién es el autor de ""Flim-Flam!""?",False
Europe|geography|Flim-Flam!,"¿Qué tipo de investigaciones critica James Randi en ""Flim-Flam!""?",True
Europe|geography|Flim-Flam!,"¿Qué premio anual anuncia James Randi en ""Flim-Flam!"" y qué condiciones se establecen para su obtención?",True
Europe|geography|Fosa de las Kuriles,¿Qué tipo de lugar es la fosa de las Kuriles?,False
Europe|geography|Fosa de las Kuriles,¿Cuál es la profundidad máxima de la fosa de las Kuriles?,False
Europe|geography|Fosa de las Kuriles,¿Qué fenómeno geológico ha dado lugar a la formación de la fosa de las Kuriles?,False
Europe|geography|Estrecho de Urrácal,¿Qué tipo de lugar es el Estrecho de Urrácal?,False
Europe|geography|Estrecho de Urrácal,¿A qué altitud se encuentra el Estrecho de Urrácal?,False
Europe|geography|Estrecho de Urrácal,¿Qué importancia geológica tiene el Estrecho de Urrácal en relación con el Dominio Cortical de Alborán y su geomorfología?,True
Europe|geography|Frontera entre Grecia y Turquía,¿Qué tipo de ruta sigue la frontera entre Grecia y Turquía en Tracia?,False
Europe|geography|Frontera entre Grecia y Turquía,¿Qué río sigue la ruta fluvial de la frontera entre Grecia y Turquía?,False
Europe|geography|Frontera entre Grecia y Turquía,¿Qué tratado estableció definitivamente la frontera terrestre entre Grecia y Turquía y en qué año se firmó?,False
Europe|geography|Frías de Albarracín,¿Qué tipo de lugar es Frías de Albarracín?,False
Europe|geography|Frías de Albarracín,¿En qué comarca se ubica Frías de Albarracín?,False
Europe|geography|Frías de Albarracín,¿Qué población tenía Frías de Albarracín en el siglo XIX y cómo se llamaba antes de 1916?,False
Europe|geography|Geología de Asturias,¿Qué tipo de lugar es la Geología de Asturias?,False
Europe|geography|Geología de Asturias,¿Dónde se ubica la cordillera cantábrica en relación con la Geología de Asturias?,False
Europe|geography|Geología de Asturias,¿Qué eventos geológicos ocurrieron en la Geología de Asturias durante la Era Cenozoica y cómo afectaron su formación?,False
Europe|geography|Gladiolus atroviolaceus,¿Qué tipo de especie es Gladiolus atroviolaceus?,False
Europe|geography|Gladiolus atroviolaceus,¿Dónde se encuentra Gladiolus atroviolaceus?,False
Europe|geography|Gladiolus atroviolaceus,¿Quién describió Gladiolus atroviolaceus y en qué año fue publicado?,False
Europe|geography|Golfo de Carnaro,¿Qué tipo de lugar es el Golfo de Carnaro?,False
Europe|geography|Golfo de Carnaro,¿Dónde se encuentra el Golfo de Carnaro?,False
Europe|geography|Golfo de Carnaro,¿Qué características del Golfo de Carnaro permiten la entrada de buques de gran calado en el puerto de Fiume?,False
Europe|geography|Geografía de la Unión Soviética,¿Qué tipo de lugar era la Unión Soviética en términos de geografía?,False
Europe|geography|Geografía de la Unión Soviética,¿Cuántos kilómetros cuadrados de superficie tenía la Unión Soviética?,False
Europe|geography|Geografía de la Unión Soviética,¿Cuáles eran los países que compartían frontera con la Unión Soviética en Europa y Asia?,False
Europe|geography|Grandes lagos landeses,¿Qué son los grandes lagos landeses?,False
Europe|geography|Grandes lagos landeses,¿En qué departamentos se encuentran los grandes lagos landeses?,False
Europe|geography|Grandes lagos landeses,¿Qué importancia tienen los grandes lagos landeses en términos de protección ambiental?,False
Europe|geography|Golfo de Botnia,¿Qué tipo de lugar es el golfo de Botnia?,False
Europe|geography|Golfo de Botnia,¿Cuál es la longitud del golfo de Botnia?,False
Europe|geography|Golfo de Botnia,¿Qué relación tiene el golfo de Botnia con el Escudo Báltico y qué tipo de rocas lo forman?,False
Europe|geography|Historia de la región mediterránea,¿Qué es la historia de la región mediterránea?,False
Europe|geography|Historia de la región mediterránea,¿Qué civilización fue la primera en surgir en la región mediterránea?,False
Europe|geography|Historia de la región mediterránea,¿Cómo se conocía al mar mediterráneo durante el Imperio romano y qué significaba este término?,True
Europe|geography|Gruta Azul,¿Qué tipo de lugar es la Gruta Azul?,False
Europe|geography|Gruta Azul,¿Quién popularizó la Gruta Azul en 1826?,False
Europe|geography|Gruta Azul,¿Qué función tenía la Gruta Azul para los emperadores romanos y cómo se relaciona esto con su uso actual como atracción turística?,True
Europe|geography|Guerra de los Ducados,¿Qué conflicto militar se conoce como la guerra de los Ducados?,False
Europe|geography|Guerra de los Ducados,¿Qué potencias se enfrentaron en la guerra de los Ducados?,False
Europe|geography|Guerra de los Ducados,¿Qué territorios fueron cedidos por Dinamarca tras la guerra de los Ducados y bajo qué dominio quedaron?,False
Europe|geography|Humedal de Bolue,¿Qué tipo de lugar es el humedal de Bolue?,False
Europe|geography|Humedal de Bolue,¿Qué tipo de vegetación rodea el humedal de Bolue?,False
Europe|geography|Humedal de Bolue,¿Qué aves migratorias son visitadas en el humedal de Bolue y qué especie ha sido repoblada en este lugar?,False
Europe|geography|Condado de Bjelovar-Bilogora,¿Qué tipo de lugar es el condado de Bjelovar-Bilogora?,False
Europe|geography|Condado de Bjelovar-Bilogora,¿Cuál es la población del condado de Bjelovar-Bilogora según el censo de 2021?,False
Europe|geography|Condado de Bjelovar-Bilogora,¿Cuántas ciudades y municipios componen el condado de Bjelovar-Bilogora y cuál es su centro administrativo?,False
Europe|geography|Jardim do Arco do Cego,¿Qué tipo de lugar es el Jardim do Arco do Cego?,False
Europe|geography|Jardim do Arco do Cego,¿En qué año fue inaugurado el Jardim do Arco do Cego?,False
Europe|geography|Jardim do Arco do Cego,¿Qué escultura se encuentra en el Jardim do Arco do Cego y a quién homenajea?,False
Europe|geography|Knarrevik/Straume,¿Qué tipo de lugar es Knarrevik/Straume?,False
Europe|geography|Knarrevik/Straume,¿En qué provincia se encuentra Knarrevik/Straume?,False
Europe|geography|Knarrevik/Straume,¿Qué características geográficas destacan sobre la ubicación de Knarrevik/Straume en relación con el fiordo de Hardanger y la ciudad de Bergen?,False
Europe|geography|Konavle,¿Qué tipo de lugar es Konavle?,False
Europe|geography|Konavle,¿Cuál es la población total de Konavle según el censo de 2001?,False
Europe|geography|Konavle,¿Qué relación tiene Konavle con el suministro de agua y cómo se relaciona esto con su nombre?,False
Europe|geography|Ist (isla),¿Qué tipo de lugar es Ist?,False
Europe|geography|Ist (isla),¿Cuál es la población permanente de la isla Ist?,False
Europe|geography|Ist (isla),¿Qué ha sido testigo la isla Ist en los últimos 50 años y qué está haciendo el Gobierno de Croacia al respecto?,False
Europe|geography|Laguna de Bertiandos y San Pedro de Arco,¿Qué tipo de lugar es la Laguna de Bertiandos y San Pedro de Arco?,False
Europe|geography|Laguna de Bertiandos y San Pedro de Arco,¿Cuántas hectáreas tiene la Laguna de Bertiandos y San Pedro de Arco?,False
Europe|geography|Laguna de Bertiandos y San Pedro de Arco,¿En qué red está incluida la Laguna de Bertiandos y San Pedro de Arco y qué símbolo adoptó para su protección?,False
Europe|geography|Ilíberis,¿Qué tipo de lugar fue Ilíberis?,False
Europe|geography|Ilíberis,¿Dónde estaba situada Ilíberis?,False
Europe|geography|Ilíberis,¿Qué estatuto obtuvo Ilíberis de César y cómo fue citada en las fuentes romanas?,False
Europe|geography|Lamium hybridum,¿Qué tipo de planta es Lamium hybridum?,False
Europe|geography|Lamium hybridum,¿Dónde se encuentra Lamium hybridum?,False
Europe|geography|Lamium hybridum,¿En qué se diferencia Lamium hybridum de Lamium amplexicaule?,False
Europe|geography|Laugavegur (Reikiavik),¿Qué es Laugavegur en Reikiavik?,False
Europe|geography|Laugavegur (Reikiavik),¿En qué año fue construida Laugavegur?,False
Europe|geography|Laugavegur (Reikiavik),¿Qué significa el nombre Laugavegur y a qué lugar solía conducir?,False
Europe|geography|Estrechos de Moyle,¿Qué es el estrecho de Moyle?,False
Europe|geography|Estrechos de Moyle,¿Cuánto mide el canal del Norte en los estrechos de Moyle?,False
Europe|geography|Estrechos de Moyle,¿Por qué son famosos los estrechos de Moyle en la mitología celta irlandesa?,False
Europe|geography|Maestrazgo,¿Qué es el Maestrazgo?,False
Europe|geography|Maestrazgo,¿Dónde se extiende el Maestrazgo?,False
Europe|geography|Maestrazgo,¿Qué importancia histórica tuvo el Maestrazgo durante la primera guerra carlista?,False
Europe|geography|Le Coudray-Montceaux,¿Qué tipo de lugar es Le Coudray-Montceaux?,False
Europe|geography|Le Coudray-Montceaux,¿En qué región se ubica Le Coudray-Montceaux?,False
Europe|geography|Le Coudray-Montceaux,¿En qué departamento y distrito se encuentra Le Coudray-Montceaux?,False
Europe|geography|Mediodía francés,¿Qué territorio designa el Mediodía francés?,False
Europe|geography|Mediodía francés,¿Desde qué ciudad comienza generalmente el Mediodía francés?,False
Europe|geography|Mediodía francés,¿Cuáles son las dos partes principales que se consideran dentro del Mediodía francés?,False
Europe|geography|Monasterio de San Juan (San Juan de Ortega),¿Qué tipo de lugar es el Monasterio de San Juan de Ortega?,False
Europe|geography|Monasterio de San Juan (San Juan de Ortega),¿Dónde se encuentra el Monasterio de San Juan de Ortega?,False
Europe|geography|Monasterio de San Juan (San Juan de Ortega),¿Quién tomó bajo su protección el Monasterio de San Juan de Ortega y qué tipo de monjes lo habitaron después de su deterioro en 1431?,False
Europe|geography|Monte Sacro,¿Qué tipo de lugar es el monte Sacro?,False
Europe|geography|Monte Sacro,¿Dónde se levanta el monte Sacro?,False
Europe|geography|Monte Sacro,¿Qué evento histórico importante ocurrió en el monte Sacro y quién lo llevó a cabo?,False
Europe|geography|Minas de Serón,¿Qué tipo de explotaciones eran las Minas de Serón?,False
Europe|geography|Minas de Serón,¿En qué año comenzó la extracción de mineral de hierro en las Minas de Serón?,False
Europe|geography|Minas de Serón,¿Qué factores contribuyeron al cierre de la actividad minera en las Minas de Serón en 1968?,False
Europe|geography|Minica de los Colores,¿Qué tipo de lugar es la Minica de los Colores?,False
Europe|geography|Minica de los Colores,¿En qué término municipal se halla la Minica de los Colores?,False
Europe|geography|Minica de los Colores,¿Hasta qué siglo estuvo en uso la Minica de los Colores y para qué se utilizaba principalmente?,False
Europe|geography|Monte de Valdelatas,¿Qué tipo de área es el Monte de Valdelatas?,False
Europe|geography|Monte de Valdelatas,¿Cuál es la altitud media del Monte de Valdelatas?,False
Europe|geography|Monte de Valdelatas,¿Qué relación tiene el Monte de Valdelatas con el Parque Regional de la Cuenca Alta del Manzanares?,False
Europe|geography|Las Cabañas de Castilla,¿Qué tipo de lugar es Las Cabañas de Castilla?,False
Europe|geography|Las Cabañas de Castilla,¿A qué provincia pertenece Las Cabañas de Castilla?,False
Europe|geography|Las Cabañas de Castilla,¿En qué año se modificó el nombre de Las Cabañas a Las Cabañas de Castilla?,False
Europe|geography|Meseta central siberiana,¿Qué tipo de lugar es la meseta central siberiana?,False
Europe|geography|Meseta central siberiana,¿Cuál es la altitud que oscila en la meseta central siberiana?,False
Europe|geography|Meseta central siberiana,¿Qué ríos delimitan la ubicación de la meseta central siberiana?,False
Europe|geography|Mačvanska Mitrovica,¿Qué tipo de lugar es Mačvanska Mitrovica?,False
Europe|geography|Mačvanska Mitrovica,¿En qué distrito se encuentra Mačvanska Mitrovica?,False
Europe|geography|Mačvanska Mitrovica,¿Qué significa el nombre Mačvanska Mitrovica en lengua serbia y qué población conecta mediante puentes?,False
Europe|geography|Nørrebro (Copenhague),¿Qué tipo de lugar es Nørrebro?,False
Europe|geography|Nørrebro (Copenhague),¿Dónde se encuentra ubicado Nørrebro en relación al centro de Copenhague?,False
Europe|geography|Nørrebro (Copenhague),"¿Qué importancia cultural tiene Nørrebro en Copenhague y qué tipo de ambiente se puede encontrar en su calle principal, Nørrebrogade?",False
Europe|geography|Parque natural del Prado de Cabanes-Torreblanca,¿Qué tipo de lugar es el Parque Natural del Prado de Cabanes-Torreblanca?,False
Europe|geography|Parque natural del Prado de Cabanes-Torreblanca,¿En qué provincia se encuentra ubicado el Parque Natural del Prado de Cabanes-Torreblanca?,False
Europe|geography|Parque natural del Prado de Cabanes-Torreblanca,¿Qué características geográficas limitan al Parque Natural del Prado de Cabanes-Torreblanca?,False
Europe|geography|Particularismo,¿Qué es el particularismo?,False
Europe|geography|Particularismo,¿A qué historia se aplica el particularismo?,False
Europe|geography|Particularismo,¿Qué hechos históricos en la historia de España se interpretan a través del particularismo?,False
Europe|geography|Peralejos de las Truchas,¿Qué tipo de lugar es Peralejos de las Truchas?,False
Europe|geography|Peralejos de las Truchas,¿En qué comunidad autónoma se encuentra Peralejos de las Truchas?,False
Europe|geography|Peralejos de las Truchas,¿Cuál es la relación histórica de Peralejos de las Truchas con el Señorío de Molina?,False
Europe|geography|Parque nacional Sør-Spitsbergen,¿En qué año se abrió el parque nacional Sør-Spitsbergen?,False
Europe|geography|Parque nacional Sør-Spitsbergen,¿Qué porcentaje de la región del parque nacional Sør-Spitsbergen está cubierta con glaciares o hielo y nieve permanente?,False
Europe|geography|Parque nacional Sør-Spitsbergen,¿Qué características geográficas se distinguen en el parque nacional Sør-Spitsbergen y qué tipo de fauna se encuentra en el fiordo de Hornsund?,False
Europe|geography|Puerta de Plastunka,¿Qué tipo de lugar es la Puerta de Plastunka?,False
Europe|geography|Puerta de Plastunka,¿Dónde se ubica la Puerta de Plastunka?,False
Europe|geography|Puerta de Plastunka,¿Qué evento histórico significativo tuvo lugar en la Puerta de Plastunka durante la Guerra civil rusa?,False
Europe|geography|Nacionalidad histórica,"¿Qué término se utiliza en la política española para designar a comunidades autónomas con una identidad colectiva, lingüística o cultural diferenciada?",False
Europe|geography|Nacionalidad histórica,¿Cuáles son algunas de las comunidades autónomas que se consideran nacionalidades históricas en España?,False
Europe|geography|Nacionalidad histórica,¿Qué diferencia existe entre las comunidades autónomas con nacionalidad histórica y las que se consideran comunidades con nacionalidad histórica en relación a su proceso de autonomía según la Constitución Española de 1978?,False
Europe|geography|Regiones de Noruega,¿Cuántas regiones de Noruega existen?,False
Europe|geography|Regiones de Noruega,¿Qué tipo de carácter tienen las regiones de Noruega?,False
Europe|geography|Regiones de Noruega,¿En qué se basan los límites entre las regiones de Noruega?,False
Europe|geography|Pradera boreal de las islas Feroe,¿Qué tipo de ecorregión es la pradera boreal de las islas Feroe?,False
Europe|geography|Pradera boreal de las islas Feroe,¿Cuál es la extensión de la pradera boreal de las islas Feroe?,False
Europe|geography|Pradera boreal de las islas Feroe,¿Qué características geográficas y de conservación tiene la pradera boreal de las islas Feroe?,False
Europe|geography|Parque ornitológico de Teich,¿Qué tipo de lugar es el Parque ornitológico de Teich?,False
Europe|geography|Parque ornitológico de Teich,¿Dónde se encuentra situado el Parque ornitológico de Teich?,False
Europe|geography|Parque ornitológico de Teich,¿Cuántas especies son frecuentadas por el Parque ornitológico de Teich y cuántas de ellas anidan in situ?,False
Europe|geography|Reserva natural marina de Cerbère-Banyuls,¿Qué tipo de lugar es la reserva natural marina de Cerbère-Banyuls?,False
Europe|geography|Reserva natural marina de Cerbère-Banyuls,¿En qué año fue creada la reserva natural marina de Cerbère-Banyuls?,False
Europe|geography|Reserva natural marina de Cerbère-Banyuls,¿Qué importancia tiene la reserva natural marina de Cerbère-Banyuls en términos de biodiversidad y hábitats mediterráneos?,False
Europe|geography|Provincia de Zara,¿Qué tipo de lugar fue la provincia de Zara?,False
Europe|geography|Provincia de Zara,¿Cuántas comunas tenía la provincia de Zara?,False
Europe|geography|Provincia de Zara,¿Qué cambios territoriales experimentó la provincia de Zara entre 1941 y 1943 y cuál fue su población en ese momento?,False
Europe|geography|Raiones y municipios nacionales,¿Qué son los raiones y municipios nacionales?,True
Europe|geography|Raiones y municipios nacionales,¿Cuántas regiones de estatus nacional existían en Rusia en 2011?,False
Europe|geography|Raiones y municipios nacionales,¿Qué tipos de asentamientos incluyen los raiones y municipios nacionales en la República de Sajá?,False
Europe|geography|Provincia marítima de Villagarcía,¿Qué tipo de lugar es la provincia marítima de Villagarcía?,False
Europe|geography|Provincia marítima de Villagarcía,¿Cuáles son los puertos más importantes de la provincia marítima de Villagarcía?,False
Europe|geography|Provincia marítima de Villagarcía,¿Con qué provincias marítimas limita la provincia marítima de Villagarcía y cuáles son sus distritos marítimos?,False
Europe|geography|Parque natural regional de los Pirineos de Ariège,¿Qué tipo de lugar es el Parque natural regional de los Pirineos de Ariège?,False
Europe|geography|Parque natural regional de los Pirineos de Ariège,¿En qué departamento se encuentra el Parque natural regional de los Pirineos de Ariège?,False
Europe|geography|Parque natural regional de los Pirineos de Ariège,¿Qué porcentaje del departamento de Ariège ocupa el Parque natural regional de los Pirineos de Ariège y qué punto es el más alto dentro de él?,False
Europe|geography|Río Almá (Crimea),¿Qué tipo de lugar es el río Almá?,False
Europe|geography|Río Almá (Crimea),¿Dónde desemboca el río Almá?,False
Europe|geography|Río Almá (Crimea),¿Qué evento histórico tuvo lugar cerca del río Almá el 20 de septiembre de 1854 y quiénes fueron los defensores?,True
Europe|geography|Río Lagan (Suecia),¿Qué tipo de lugar es el río Lagan?,False
Europe|geography|Río Lagan (Suecia),¿En qué costa desemboca el río Lagan?,False
Europe|geography|Río Lagan (Suecia),¿Qué ciudades importantes atraviesa el río Lagan en Suecia?,False
Europe|geography|Ruta alemana del vino,¿Qué es la ruta alemana del vino?,False
Europe|geography|Ruta alemana del vino,¿En qué región se ubica la ruta alemana del vino?,False
Europe|geography|Ruta alemana del vino,¿Qué festivales del vino se celebran a lo largo de la ruta alemana del vino y qué características tienen?,False
Europe|geography|Santa Lucía de la Sierra,¿Qué tipo de lugar es Santa Lucía de la Sierra?,False
Europe|geography|Santa Lucía de la Sierra,¿A qué provincia pertenece Santa Lucía de la Sierra?,False
Europe|geography|Santa Lucía de la Sierra,¿En qué año fue modificado el nombre del municipio de Santa Lucía a Santa Lucía de la Sierra?,False
Europe|geography|Stożek Wielki,¿Qué tipo de lugar es Stożek Wielki?,False
Europe|geography|Stożek Wielki,¿Cuál es la altura de Stożek Wielki?,False
Europe|geography|Stożek Wielki,¿Qué tipo de vegetación crece en las laderas de Stożek Wielki y desde cuándo existe un refugio turístico en la montaña?,False
Europe|geography|Trebula Mutuesca,¿Qué tipo de lugar fue Trebula Mutuesca?,False
Europe|geography|Trebula Mutuesca,¿En qué provincia se hallaba Trebula Mutuesca?,False
Europe|geography|Trebula Mutuesca,¿Qué importancia tuvo Lucio Mumio en la historia de Trebula Mutuesca?,False
Europe|geography|Sumidero del Danubio,¿Qué tipo de lugar es el sumidero del Danubio?,False
Europe|geography|Sumidero del Danubio,¿Dónde se encuentra el sumidero del Danubio?,False
Europe|geography|Sumidero del Danubio,¿Cuál es la altitud del sumidero del Danubio y cuántos días al año desaparece bajo tierra?,False
Europe|geography|Stara Gradiška,¿Qué tipo de lugar es Stara Gradiška?,False
Europe|geography|Stara Gradiška,¿Dónde se encuentra ubicada Stara Gradiška?,False
Europe|geography|Stara Gradiška,¿Qué características tenía Stara Gradiška en 1655 en términos de población y religión?,False
Europe|geography|Támega (subregión),¿Qué tipo de lugar es Támega?,False
Europe|geography|Támega (subregión),¿Cuántos concelhos comprende la subregión de Támega?,False
Europe|geography|Támega (subregión),¿Con qué regiones limita Támega al norte y al este?,False
Europe|geography|Sierra de Rates,¿Qué tipo de lugar es la Sierra de Rates?,False
Europe|geography|Sierra de Rates,¿Cuál es el principal monte de la Sierra de Rates?,False
Europe|geography|Sierra de Rates,¿Qué características diferencian las dos áreas que la Sierra de Rates divide en el concelho de Póvoa de Varzim?,False
Europe|geography|Tkon,¿Qué tipo de lugar es Tkon?,False
Europe|geography|Tkon,¿A qué altitud se encuentra Tkon?,False
Europe|geography|Tkon,¿Cuál fue el total de población de Tkon en el censo de 2011 y qué tipo de lugar es?,False
Europe|geography|Río Ussuri,¿Qué tipo de lugar es el río Ussuri?,False
Europe|geography|Río Ussuri,¿Cuál es la longitud del río Ussuri?,False
Europe|geography|Río Ussuri,¿Qué importancia histórica tuvo el río Ussuri en 1969?,False
Europe|geography|Utö,¿Qué tipo de lugar es Utö?,False
Europe|geography|Utö,¿A qué municipio pertenece la isla de Utö?,False
Europe|geography|Utö,¿Por qué es conocida la isla de Utö en relación con el accidente de M/S Estonia?,False
Europe|geography|Tučenik,¿Qué tipo de lugar es Tučenik?,False
Europe|geography|Tučenik,¿En qué municipio se encuentra Tučenik?,False
Europe|geography|Tučenik,¿Cuál es la altitud a la que se encuentra Tučenik y cuántos habitantes tenía según el censo de 2011?,False
Europe|geography|Valles Valdenses,¿Qué es los Valles Valdenses?,False
Europe|geography|Valles Valdenses,¿Dónde se ubican los Valles Valdenses?,False
Europe|geography|Valles Valdenses,¿Qué eventos históricos significativos han ocurrido en los Valles Valdenses relacionados con la población valdense?,False
Europe|object|Air Tahiti,¿Qué es Air Tahiti?,False
Europe|object|Air Tahiti,¿Dónde se encuentra la sede de Air Tahiti?,False
Europe|object|Air Tahiti,¿Quiénes fundaron Air Tahiti y en qué año fue establecida?,False
Europe|object|Air Inter,¿Qué es Air Inter?,False
Europe|object|Air Inter,¿En qué año se constituyó Air Inter?,False
Europe|object|Air Inter,¿Qué ocurrió con Air Inter el 1 de abril de 1997?,False
Europe|object|AlmuzaraLibros,¿Qué es AlmuzaraLibros?,False
Europe|object|AlmuzaraLibros,¿En qué ciudad se creó oficialmente AlmuzaraLibros?,False
Europe|object|AlmuzaraLibros,¿Quién creó AlmuzaraLibros y en qué año fue fundada?,False
Europe|object|Acciona Rail Services,¿Qué es Acciona Rail Services?,False
Europe|object|Acciona Rail Services,¿Cuándo obtuvo Acciona Rail Services la Licencia de Empresa Ferroviaria para el transporte de mercancías?,False
Europe|object|Acciona Rail Services,¿Qué servicio cubrió Acciona Rail Services al convertirse en la primera operadora de ferrocarril en romper el monopolio de Renfe en el transporte de mercancías?,False
Europe|object|Amadeus IT Group,¿Qué es Amadeus IT Group?,False
Europe|object|Amadeus IT Group,¿En qué año fue fundada Amadeus IT Group?,False
Europe|object|Amadeus IT Group,¿Qué porcentaje del mercado mundial de soluciones tecnológicas para la industria del viaje ostentaba Amadeus IT Group en 2015 y en cuántos países opera?,False
Europe|object|AWAL,¿Qué es AWAL?,False
Europe|object|AWAL,¿Qué servicio principal ofrece AWAL?,False
Europe|object|AWAL,¿Qué modelo de negocio sigue AWAL en comparación con un sello discográfico tradicional?,False
Europe|object|Astilleros Euskalduna,¿En qué año fue fundada la Compañía Euskalduna de Construcción y Reparación de Buques?,False
Europe|object|Astilleros Euskalduna,¿Qué tipo de construcción naval se dedicó principalmente Astilleros Euskalduna?,False
Europe|object|Astilleros Euskalduna,¿Qué ocurrió con Astilleros Euskalduna en 1988 y qué impacto tuvo en la zona donde se ubicaba?,False
Europe|object|AIDA Cruises,¿Qué es AIDA Cruises?,False
Europe|object|AIDA Cruises,¿En qué década entró AIDA Cruises en la industria de los cruceros?,False
Europe|object|AIDA Cruises,¿Qué barco de AIDA Cruises partió de Hamburgo en octubre de 2017 y regresó el 10 de febrero de 2018?,False
Europe|object|Ara llibres,¿Qué es Ara Llibres?,False
Europe|object|Ara llibres,¿En qué año nació Ara Llibres?,False
Europe|object|Ara llibres,¿Qué derechos adquirió Ara Llibres en 2011 y qué relación tiene esto con su compromiso social?,False
Europe|geography|Sucro (oppidum),¿Qué es Sucro (oppidum)?,False
Europe|geography|Sucro (oppidum),¿Dónde quedó localizado Sucro (oppidum) en relación al recorrido de Publio Cornelio Escipión?,False
Europe|geography|Sucro (oppidum),¿Cuál fue la causa del motín en Sucro (oppidum) y quiénes se amotinaron contra Publio Cornelio Escipión?,False
Europe|object|Big Finish Productions,¿Qué es Big Finish Productions?,False
Europe|object|Big Finish Productions,¿Qué tipo de producciones realiza Big Finish Productions?,False
Europe|object|Big Finish Productions,¿Qué franquicia es especialmente conocida por Big Finish Productions y qué licencia obtuvo para producir obras oficiales?,False
Europe|object|Central Uruguay Railway Company,¿Qué es la Central Uruguay Railway Company?,False
Europe|object|Central Uruguay Railway Company,¿En qué año fue fundada la Central Uruguay Railway Company?,False
Europe|object|Central Uruguay Railway Company,¿Qué ocurrió con la Central Uruguay Railway Company en 1949 y qué implicaciones tuvo para el servicio ferroviario en Uruguay?,False
Europe|object|Bread Ahead,¿Qué es Bread Ahead?,False
Europe|object|Bread Ahead,¿Cuántas tiendas tiene Bread Ahead en Londres?,False
Europe|object|Bread Ahead,¿En qué año se fundó Bread Ahead y quién fue su fundador?,False
Europe|object|Coordinadora de Mitjans,¿Qué es la Coordinadora de Mitjans?,False
Europe|object|Coordinadora de Mitjans,¿En qué año se constituyó la Coordinadora de Mitjans?,False
Europe|object|Coordinadora de Mitjans,¿Cuáles son dos de los medios que forman parte de la Coordinadora de Mitjans?,False
"Europe|object|Christian Dior, S. A.","¿Quién fundó Christian Dior, S.A.?",False
"Europe|object|Christian Dior, S. A.","¿Dónde se encuentra la sede de Christian Dior, S.A.?",False
"Europe|object|Christian Dior, S. A.","¿Qué medidas tomó Christian Dior, S.A. en respuesta a la invasión de Rusia a Ucrania en 2022?",False
Europe|object|Compañía Británica de Sudáfrica,¿Qué es la Compañía Británica de Sudáfrica?,False
Europe|object|Compañía Británica de Sudáfrica,¿En qué año se hizo efectiva la Carta Real de la Compañía Británica de Sudáfrica?,False
Europe|object|Compañía Británica de Sudáfrica,¿Qué relación tuvo la Compañía Británica de Sudáfrica con la Asociación Central de Búsqueda en términos de concesiones mineras?,False
Europe|object|Criterion Games,¿Qué es Criterion Games?,False
Europe|object|Criterion Games,¿Qué videojuego lanzó Criterion Games en 2010?,True
Europe|object|Criterion Games,¿Qué relación tiene Need for Speed: Hot Pursuit con Need for Speed III: Hot Pursuit?,False
Europe|object|Bricoman,¿Qué es Bricoman?,False
Europe|object|Bricoman,¿Cuántas tiendas tiene Bricoman en España?,False
Europe|object|Bricoman,¿Qué nombre operó Bricoman en España antes de cambiar a Obramat en noviembre de 2022?,False
Europe|object|DAF (banda),¿Qué es DAF?,False
Europe|object|DAF (banda),¿Quiénes fueron los fundadores de DAF?,False
Europe|object|DAF (banda),¿Qué estilos musicales ha practicado DAF a lo largo de su carrera y en qué géneros ha influido?,False
Europe|object|Darwin Airline,¿Cuándo se fundó Darwin Airline?,False
Europe|object|Darwin Airline,¿Qué nombre utilizó Darwin Airline tras la compra por parte de Etihad Airways?,False
Europe|object|Darwin Airline,¿Qué ocurrió con Darwin Airline después de ser comprada por el holding propietario de Adria Airways en julio de 2017?,True
Europe|object|Debenhams,¿Qué tipo de entidad era Debenhams?,False
Europe|object|Debenhams,¿Cuántas tiendas tenía Debenhams?,False
Europe|object|Debenhams,¿En qué año se declaró en bancarrota Debenhams y cuántos empleados anunció que despediría?,False
Europe|object|Dennis Publishing,¿Qué es Dennis Publishing?,False
Europe|object|Dennis Publishing,¿En qué año fue fundada Dennis Publishing?,False
Europe|object|Dennis Publishing,¿Qué revistas de estilo de vida publicó Dennis Publishing en el mercado estadounidense durante la década de 1990?,False
Europe|object|DOVO Solingen,¿Qué tipo de objeto es DOVO Solingen?,False
Europe|object|DOVO Solingen,¿En qué año fue fundada DOVO Solingen?,False
Europe|object|DOVO Solingen,¿Qué porcentaje de los productos de DOVO Solingen se exporta a otros países y qué tipo de productos fabrica?,False
Europe|object|CTT (Portugal),¿Qué es CTT?,False
Europe|object|CTT (Portugal),¿En qué año fue fundada CTT?,False
Europe|object|CTT (Portugal),¿Qué transformación experimentó CTT en 1969 y qué servicios asumía en ese momento?,False
Europe|object|Deutsche Post,¿Qué es Deutsche Post?,False
Europe|object|Deutsche Post,¿En qué año fue fundada Deutsche Post?,False
Europe|object|Deutsche Post,¿Qué porcentaje de acciones de DHL compró Deutsche Post en 1998 y cuándo adquirió el 49% restante?,False
Europe|object|Disney's Pinocchio (videojuego),¿En qué año se lanzó Disney's Pinocchio (videojuego)?,False
Europe|object|Disney's Pinocchio (videojuego),¿Para qué plataformas fue lanzado Disney's Pinocchio (videojuego)?,False
Europe|object|Disney's Pinocchio (videojuego),¿Qué historia utiliza Disney's Pinocchio (videojuego) para transmitir su narrativa entre niveles?,False
Europe|object|Dro-Soft,¿Qué fue Dro-Soft?,False
Europe|object|Dro-Soft,¿En qué año se inició Dro-Soft?,False
Europe|object|Dro-Soft,¿Qué compañía adquirió Dro-Soft y para qué propósito?,False
Europe|object|Deconstructeam,¿Qué es Deconstructeam?,True
Europe|object|Deconstructeam,¿En qué año fue fundada Deconstructeam?,False
Europe|object|Deconstructeam,¿Qué videojuegos desarrolló Deconstructeam y qué empresa los publicó?,True
Europe|object|Editorial Esencia,¿Qué es la Editorial Esencia?,False
Europe|object|Editorial Esencia,¿Quién dirige actualmente la Editorial Esencia?,False
Europe|object|Editorial Esencia,¿En qué año fue creada la Editorial Esencia y qué tipo de literatura publica principalmente?,False
Europe|object|Ebel,¿Qué es Ebel?,False
Europe|object|Ebel,¿En qué año se fundó Ebel?,False
Europe|object|Ebel,¿Quiénes fundaron Ebel y qué relación tienen con el nombre de la marca?,False
Europe|object|Editorial Cruïlla,¿Qué es Editorial Cruïlla?,False
Europe|object|Editorial Cruïlla,¿En qué año fue fundada Editorial Cruïlla?,False
Europe|object|Editorial Cruïlla,¿Cuáles son las dos colecciones más destacadas de Editorial Cruïlla y qué premios literarios están asociadas a ellas?,True
Europe|object|Edificio Shell Mex,¿Qué estilo arquitectónico tiene el Edificio Shell Mex?,False
Europe|object|Edificio Shell Mex,¿En qué año se completó la construcción del Edificio Shell Mex?,False
Europe|object|Edificio Shell Mex,¿Qué empresas albergó el Edificio Shell Mex al inaugurarse y qué material se utilizó para cubrir su fachada?,False
Europe|object|Far Cry 3,¿Qué tipo de videojuego es Far Cry 3?,False
Europe|object|Far Cry 3,¿Quién es el protagonista de Far Cry 3?,False
Europe|object|Far Cry 3,¿En qué fecha fue lanzado oficialmente Far Cry 3 y quién lo creó?,False
Europe|object|Far Cry 6,¿Qué tipo de videojuego es Far Cry 6?,False
Europe|object|Far Cry 6,¿Quién desarrolló Far Cry 6?,False
Europe|object|Far Cry 6,¿En qué año fue lanzado Far Cry 6 y qué país inspiró su ambientación?,False
Europe|object|Ferrocarril del Oeste de Cornualles,¿Qué es el Ferrocarril del Oeste de Cornualles?,False
Europe|object|Ferrocarril del Oeste de Cornualles,¿En qué año se formó el Ferrocarril del Oeste de Cornualles?,False
Europe|object|Ferrocarril del Oeste de Cornualles,¿Qué ocurrió con el Ferrocarril del Oeste de Cornualles el 1 de enero de 1866?,False
Europe|object|Frederic Vidal i Puig,¿Quién fue Frederic Vidal i Puig?,False
Europe|object|Frederic Vidal i Puig,¿En qué museo se puede ver una obra de Frederic Vidal i Puig?,False
Europe|object|Frederic Vidal i Puig,"¿Qué técnica inusual utilizó Frederic Vidal i Puig en su taller, y quién fue su padre?",False
Europe|object|Givenchy,¿Quién fundó la marca Givenchy?,False
Europe|object|Givenchy,¿En qué año fue lanzada la ropa de hombre de Givenchy?,False
Europe|object|Givenchy,¿Qué diseñador fue nombrado director artístico de la línea masculina y accesorios de diseño de Givenchy en 2001?,False
Europe|object|Factory Records,¿Qué es Factory Records?,False
Europe|object|Factory Records,¿Quién fue el fundador de Factory Records?,False
Europe|object|Factory Records,¿Qué bandas de Mánchester fueron parte del inicio de Factory Records?,False
Europe|object|Fresnillo plc,¿Qué tipo de compañía es Fresnillo plc?,False
Europe|object|Fresnillo plc,¿Cuántas minas de oro y plata tiene Fresnillo plc en México?,False
Europe|object|Fresnillo plc,¿Qué producción de plata y oro tuvo Fresnillo plc en 2007 y qué subproductos generó?,False
Europe|object|Grabaciones Accidentales,¿Qué es Grabaciones Accidentales?,False
Europe|object|Grabaciones Accidentales,¿Quiénes fueron los fundadores de Grabaciones Accidentales?,False
Europe|object|Grabaciones Accidentales,¿Qué relación tuvo Grabaciones Accidentales con DRO en 1984?,False
Europe|object|Hispasat,¿Qué es Hispasat?,False
Europe|object|Hispasat,¿Cuándo fue constituida Hispasat?,False
Europe|object|Hispasat,¿Qué satélite puso en órbita Hispasat el 11 de septiembre de 1992 y en qué posición geoestacionaria se situó?,False
Europe|object|Grupo Lagardère,¿Qué es el Grupo Lagardère?,False
Europe|object|Grupo Lagardère,¿Quién creó el Grupo Lagardère?,True
Europe|object|Grupo Lagardère,¿Qué porcentaje de EADS poseía el Grupo Lagardère y qué importancia tiene EADS en la industria?,False
Europe|object|Iberdrola Renovables,¿Qué es Iberdrola Renovables?,False
Europe|object|Iberdrola Renovables,¿En qué año salió a bolsa Iberdrola Renovables?,False
Europe|object|Iberdrola Renovables,¿Qué porcentaje del capital social de Iberdrola Renovables era poseído por Iberdrola antes de su fusión en 2011?,False
Europe|object|Jean-Marc Vacheron,¿Quién fue Jean-Marc Vacheron?,False
Europe|object|Jean-Marc Vacheron,¿En qué año abrió Jean-Marc Vacheron su tienda de relojes?,False
Europe|object|Jean-Marc Vacheron,¿Qué relación tenía Jean-Marc Vacheron con Jean-Jacques Rousseau y Voltaire?,False
Europe|object|Iberia (aerolínea),¿Qué es Iberia?,False
Europe|object|Iberia (aerolínea),¿En qué año fue fundada Iberia?,False
Europe|object|Iberia (aerolínea),¿Qué evento importante ocurrió el 22 de septiembre de 1946 relacionado con Iberia?,False
Europe|object|Glitterhouse Records,¿Qué es Glitterhouse Records?,False
Europe|object|Glitterhouse Records,¿En qué año fue fundada Glitterhouse Records?,False
Europe|object|Glitterhouse Records,"¿Quiénes fundaron Glitterhouse Records y qué relación tienen con el fanzine ""Glitterhouse""?",False
Europe|object|Johnny Kniga,¿Qué es Johnny Kniga?,False
Europe|object|Johnny Kniga,¿Quién dirige actualmente la compañía Johnny Kniga?,False
Europe|object|Johnny Kniga,¿Qué libro famoso publicó Johnny Kniga y de qué banda es?,True
Europe|object|Just Dance 2022,¿Qué es Just Dance 2022?,False
Europe|object|Just Dance 2022,¿Cuándo se estrenó Just Dance 2022?,False
Europe|object|Just Dance 2022,¿Qué servicio de streaming ofrece Just Dance 2022 y qué tipo de contenido incluye?,True
Europe|object|IndyCar Racing,¿Qué es IndyCar Racing?,False
Europe|object|IndyCar Racing,¿Qué tipo de simulación ofrece IndyCar Racing?,False
Europe|object|IndyCar Racing,¿Qué premios recibió IndyCar Racing en 1994 y qué lo destacó en el ámbito de los videojuegos?,False
Europe|object|Kaiserliche Werft Kiel,¿Qué es el Kaiserliche Werft Kiel?,False
Europe|object|Kaiserliche Werft Kiel,¿En qué año fue clausurado el Kaiserliche Werft Kiel?,False
Europe|object|Kaiserliche Werft Kiel,¿Cuál fue el nombre original del Kaiserliche Werft Kiel y en qué año cambió su nombre?,False
Europe|object|Editorial Magisterio Español,¿Qué tipo de entidad fue la Editorial Magisterio Español?,False
Europe|object|Editorial Magisterio Español,¿En qué fecha fue constituida la Editorial Magisterio Español?,False
Europe|object|Editorial Magisterio Español,¿Qué ocurrió con la Editorial Magisterio Español el 31 de marzo de 2011 y qué grupo la absorbió?,False
Europe|object|L'Échappée,¿Qué es L'Échappée?,False
Europe|object|L'Échappée,¿En qué año fue fundada L'Échappée?,False
Europe|object|L'Échappée,¿Qué tipo de pensamiento promueve L'Échappée y quiénes la fundaron?,False
Europe|object|Kartell,¿Qué es Kartell?,False
Europe|object|Kartell,¿Quiénes fundaron Kartell?,False
Europe|object|Kartell,¿Cuál fue el primer producto lanzado por Kartell y quién lo diseñó?,True
Europe|object|Letona (empresa),¿Qué es Letona?,False
Europe|object|Letona (empresa),¿Quién fundó Letona?,False
Europe|object|Letona (empresa),¿Qué ocurrió con Letona durante la guerra civil española?,False
Europe|object|Lola Cars,¿Qué es Lola Cars?,False
Europe|object|Lola Cars,¿Quién fundó Lola Cars?,False
Europe|object|Lola Cars,¿En qué año cesó operaciones oficialmente Lola Cars?,False
Europe|object|La cita,"¿Qué es ""La cita"" en el contexto de la obra de Francisco de Goya?",True
Europe|object|La cita,"¿Para qué espacio estaba destinado el óleo ""La cita"" de Francisco de Goya?",True
Europe|object|La cita,"¿Qué técnica y características se aprecian en ""La cita"" de Francisco de Goya, y cómo se relaciona esto con su contexto cultural?",True
Europe|object|Liberbank,¿Qué es Liberbank?,False
Europe|object|Liberbank,¿En qué año fue constituido Liberbank?,False
Europe|object|Liberbank,¿Qué entidad absorbió a Liberbank en 2021?,True
Europe|object|Lima Corporate,¿Qué tipo de compañía es Lima Corporate?,False
Europe|object|Lima Corporate,¿En qué año fue fundada Lima Corporate?,False
Europe|object|Lima Corporate,¿Qué especialización decidió adoptar Lima Corporate en el año 2000 y quién fue su fundador?,False
Europe|object|Lancashire Watch Company,¿En qué año fue fundada la Lancashire Watch Company?,False
Europe|object|Lancashire Watch Company,¿Quién fue el fundador de la Lancashire Watch Company?,False
Europe|object|Lancashire Watch Company,¿Por qué la Lancashire Watch Company tuvo dificultades para competir en el mercado relojero?,False
Europe|object|Low Cost Rail,¿Qué tipo de operadora es Low Cost Rail?,False
Europe|object|Low Cost Rail,¿En qué año fue fundada Low Cost Rail?,False
Europe|object|Low Cost Rail,¿Qué especialización ha tenido Low Cost Rail en el transporte de mercancías y cuáles son algunos de los principales corredores ferroviarios que utiliza?,False
Europe|object|Línea 232 (Interurbanos Madrid),¿Qué une la línea 232 de la red de autobuses interurbanos de Madrid?,False
Europe|object|Línea 232 (Interurbanos Madrid),¿Cuánto tiempo tarda aproximadamente la línea 232 en recorrer su trayecto?,False
Europe|object|Línea 232 (Interurbanos Madrid),¿Qué empresa opera la línea 232 y qué concesión administrativa tiene asignada?,False
Europe|object|Minas de Sulitjelma,¿Qué tipo de empresa fueron las Minas de Sulitjelma?,False
Europe|object|Minas de Sulitjelma,¿En qué año se fundó la empresa Sulitelma Aktiebolags Gruber?,False
Europe|object|Minas de Sulitjelma,¿Qué importancia tuvieron las Minas de Sulitjelma durante la Segunda Guerra Mundial y qué orden se dio respecto a su producción?,False
Europe|object|Music & Arts,¿Qué es Music & Arts?,False
Europe|object|Music & Arts,¿En qué año fue fundada Music & Arts?,False
Europe|object|Music & Arts,¿Qué tipo de música incorporó Music & Arts a su oferta en 1989 y con qué tipo de grabaciones se presentó?,False
Europe|object|Línea 42A (Movibus),¿Qué une la línea 42A de Movibus?,False
Europe|object|Línea 42A (Movibus),¿Qué carretera recorre la línea 42A en su trayecto?,False
Europe|object|Línea 42A (Movibus),¿Qué cambios experimentó la línea 42A en su numeración y gestión a partir de diciembre de 2023?,False
Europe|object|Línea 44 (Movibus),¿Qué es la Línea 44 (Movibus)?,False
Europe|object|Línea 44 (Movibus),¿Qué ruta une la Línea 44 (Movibus)?,False
Europe|object|Línea 44 (Movibus),¿Qué cambios experimentó la Línea 44 (Movibus) en su gestión y numeración desde 2021 hasta 2023?,False
Europe|object|Nokia Pure,¿Qué es Nokia Pure?,False
Europe|object|Nokia Pure,¿Para qué fue diseñada principalmente Nokia Pure?,False
Europe|object|Nokia Pure,¿Qué recaudó fondos destinados a la British Dyslexia Association en la exhibición «The Nokia Pure Exhibition»?,False
Europe|object|Nokia Morph,¿Qué es el Nokia Morph?,False
Europe|object|Nokia Morph,¿Quién desarrolló el Nokia Morph?,False
Europe|object|Nokia Morph,¿Qué características hacen del Nokia Morph un dispositivo revolucionario en comparación con los teléfonos móviles tradicionales?,False
Europe|object|Opera Rara,¿Qué es Opera Rara?,False
Europe|object|Opera Rara,¿En qué año fue fundada Opera Rara?,False
Europe|object|Opera Rara,¿Qué ópera completa editó Opera Rara en 1972 y quién fue la soprano que actuó en ella?,True
Europe|object|Planet Mu,¿Qué es Planet Mu?,False
Europe|object|Planet Mu,¿Quién creó y gestiona Planet Mu?,False
Europe|object|Planet Mu,¿Qué relación tiene Planet Mu con Virgin Records y qué decisión tomó Mike Paradinas respecto al sello?,False
Europe|object|Nokia Eco Sensor,¿Qué es el Nokia Eco Sensor?,False
Europe|object|Nokia Eco Sensor,¿En qué evento fue presentado el Nokia Eco Sensor?,False
Europe|object|Nokia Eco Sensor,¿Qué características ambientales puede vigilar el Nokia Eco Sensor y qué tipo de sensor incluye?,False
Europe|object|Plus (supermercados),¿Qué es Plus (supermercados)?,False
Europe|object|Plus (supermercados),¿En qué año se abrió el primer supermercado Plus en la ciudad de Duisburgo?,False
Europe|object|Plus (supermercados),¿Qué grupo adquirió Plus Supermercados en España y en qué año se realizó la compra?,False
Europe|object|Pedro Masaveu Rovira,¿En qué año nació Pedro Masaveu Rovira?,False
Europe|object|Pedro Masaveu Rovira,¿Qué compañía fundó Pedro Masaveu Rovira que se convirtió en el núcleo del Grupo Masaveu?,True
Europe|object|Pedro Masaveu Rovira,¿Qué relación tuvo Pedro Masaveu Rovira con la creación del Banco de Oviedo y qué otros negocios importantes estableció en Asturias?,False
Europe|object|Prensa Española,¿Qué es Prensa Española?,False
Europe|object|Prensa Española,¿En qué año se fundó Prensa Española?,False
Europe|object|Prensa Española,¿Con qué grupo se fusionó Prensa Española en 2001?,False
Europe|object|Pozo Santa Eulalia,¿Qué es el Pozo Santa Eulalia?,False
Europe|object|Pozo Santa Eulalia,¿Dónde se encuentra el Pozo Santa Eulalia?,False
Europe|object|Pozo Santa Eulalia,¿Qué cambios se realizaron en el Pozo Santa Eulalia tras su incorporación a Hunosa?,False
Europe|object|RAI,¿Qué es la RAI?,False
Europe|object|RAI,¿Cuándo fue fundada oficialmente la RAI?,False
Europe|object|RAI,¿Qué cambios significativos ocurrieron en la RAI tras la aprobación de la Ley 103 el 14 de abril de 1975?,False
Europe|object|Páginas de Espuma,¿Qué es Páginas de Espuma?,False
Europe|object|Páginas de Espuma,¿En qué año fue fundada Páginas de Espuma?,False
Europe|object|Páginas de Espuma,¿Qué premios concede Páginas de Espuma y en qué áreas se especializa?,False
Europe|object|Rudolf Dassler,¿Quién fue Rudolf Dassler?,False
Europe|object|Rudolf Dassler,¿Qué empresa fundó Rudolf Dassler?,False
Europe|object|Rudolf Dassler,"¿Qué relación tenían Rudolf Dassler y Adolf ""Adi"" Dassler antes de fundar sus propias empresas?",False
Europe|object|Rohrbach Metall-Flugzeugbau,¿Qué tipo de compañía fue Rohrbach Metall-Flugzeugbau?,False
Europe|object|Rohrbach Metall-Flugzeugbau,¿En qué año fue establecida la Rohrbach Metall-Flugzeugbau?,False
Europe|object|Rohrbach Metall-Flugzeugbau,¿Qué modelo de avión fue el más construido por la Rohrbach Metall-Flugzeugbau y en qué año se desarrolló?,True
Europe|object|Riu Hotels & Resorts,¿Qué es Riu Hotels & Resorts?,False
Europe|object|Riu Hotels & Resorts,¿En qué año fue fundada Riu Hotels & Resorts?,False
Europe|object|Riu Hotels & Resorts,¿Qué alianza estratégica mantiene Riu Hotels & Resorts y desde qué año?,False
Europe|object|SENER,¿Qué es Sener?,False
Europe|object|SENER,¿En qué año fue fundada Sener?,False
Europe|object|SENER,¿Qué tipo de soluciones aporta Sener en el área de Infraestructuras y movilidad?,False
Europe|object|Salmson,¿Qué es Salmson?,False
Europe|object|Salmson,¿En qué campo estuvo activa Salmson desde 1912 hasta 1957?,False
Europe|object|Salmson,"¿Quién fundó Salmson y en qué año se cambió su nombre a ""Émile Salmson & Cie""?",False
Europe|object|SFR,¿Qué es SFR?,False
Europe|object|SFR,¿Quién creó SFR y en qué año?,False
Europe|object|SFR,¿Qué cambios de propiedad ha tenido SFR desde su creación hasta 2018?,True
Europe|object|Sea of Solitude,"¿Qué tipo de objeto es ""Sea of Solitude""?",False
Europe|object|Sea of Solitude,"¿Quién desarrolló ""Sea of Solitude""?",False
Europe|object|Sea of Solitude,"¿Qué temas aborda ""Sea of Solitude"" y cómo se relacionan con la experiencia personal de su directora creativa, Cornelia Geppert?",False
Europe|object|Shipping Forecast,¿Qué es el Shipping Forecast?,False
Europe|object|Shipping Forecast,¿Cuántas veces al día se emite el Shipping Forecast?,False
Europe|object|Shipping Forecast,¿Quién emite el Shipping Forecast y según qué datos se basa?,False
Europe|object|Rai Gulp,¿Qué es Rai Gulp?,False
Europe|object|Rai Gulp,¿Cuándo comenzó Rai Gulp sus emisiones?,False
Europe|object|Rai Gulp,¿Qué cambios se realizaron en la programación de Rai Gulp en el otoño de 2010 y qué estructura coordina su programación?,False
Europe|object|Sandra-Stella Triebl,¿Cuándo nació Sandra-Stella Triebl?,False
Europe|object|Sandra-Stella Triebl,¿Qué editorial fundó Sandra-Stella Triebl en 2007?,True
Europe|object|Sandra-Stella Triebl,¿Cuál es el objetivo del primer Foro de Innovación Femenina fundado por Sandra-Stella Triebl en 2018?,True
Europe|object|SpetsTechnoExport (STE),¿Qué es SpetsTechnoExport (STE)?,False
Europe|object|SpetsTechnoExport (STE),¿En qué ciudad está basado SpetsTechnoExport (STE)?,False
Europe|object|SpetsTechnoExport (STE),¿Qué relación tiene SpetsTechnoExport (STE) con el Consorcio estatal Ukroboronprom?,False
Europe|object|Sniace,¿Qué es Sniace?,False
Europe|object|Sniace,¿En qué año comenzó Sniace su producción de celulosa?,False
Europe|object|Sniace,¿Qué proyecto decidió abordar Sniace en 2004 y cuál era su capacidad de producción?,False
Europe|object|Sport 2000,¿Qué es Sport 2000?,False
Europe|object|Sport 2000,¿En qué año comenzó Sport 2000 sus actividades?,False
Europe|object|Sport 2000,¿Qué tipo de indumentaria comenzó a fabricar Sport 2000 en 1985 y a qué clubes viste en Argentina?,False
Europe|object|Throne Records,¿Qué es Throne Records?,False
Europe|object|Throne Records,¿En qué año se organizó el evento conocido como Throne Fest?,False
Europe|object|Throne Records,¿Qué limitación impuso Throne Records a su distribución en 2009 y qué comunicado hizo público al respecto?,False
Europe|object|Túnel Contumil-Rio Tinto,¿Qué tipo de objeto es el Túnel Contumil-Rio Tinto?,False
Europe|object|Túnel Contumil-Rio Tinto,¿Cuántos metros de extensión tiene el Túnel Contumil-Rio Tinto?,False
Europe|object|Túnel Contumil-Rio Tinto,¿En qué periodo fue construido el Túnel Contumil-Rio Tinto y qué línea del Metro de Porto sirve?,False
Europe|object|Tom Clancy's Ghost Recon Predator,¿Qué tipo de videojuego es Tom Clancy's Ghost Recon Predator?,False
Europe|object|Tom Clancy's Ghost Recon Predator,¿Quién desarrolló Tom Clancy's Ghost Recon Predator?,False
Europe|object|Tom Clancy's Ghost Recon Predator,¿En qué año fue publicado Tom Clancy's Ghost Recon Predator y qué empresa lo publicó?,False
Europe|object|SummuS Render,¿Qué es SummuS Render?,False
Europe|object|SummuS Render,¿En qué año fue fundada SummuS Render?,False
Europe|object|SummuS Render,¿Qué tipo de servicios ha prestado SummuS Render y a qué tipo de producciones están asociados?,True
Europe|object|Supercor,¿Qué es Supercor?,False
Europe|object|Supercor,¿En qué países opera Supercor?,False
Europe|object|Supercor,¿Qué diferencia a Supercor de otras cadenas de supermercados en términos de superficie y variedad de productos?,False
Europe|object|UTair Express,¿Qué es UTair Express?,False
Europe|object|UTair Express,¿Quién será el propietario de UTair Express?,False
Europe|object|UTair Express,¿Qué aviones utilizará UTair Express y cuál es la flota que se planea sustituir?,False
Europe|object|Thomas Schmidheiny,¿En qué año nació Thomas Schmidheiny?,False
Europe|object|Thomas Schmidheiny,¿Qué porcentaje de la compañía Lafarge-Holcim posee Thomas Schmidheiny?,False
Europe|object|Thomas Schmidheiny,¿Qué relación tuvo Thomas Schmidheiny con Holcim y qué ocurrió en 2003?,False
Europe|object|Verkami,¿Qué es Verkami?,False
Europe|object|Verkami,¿En qué año fue fundada Verkami?,False
Europe|object|Verkami,¿Qué récord europeo de micromecenazgo consiguió Verkami en 2013 y con qué proyecto?,True
Europe|object|Lotto (marca),¿Qué tipo de empresa es Lotto?,False
Europe|object|Lotto (marca),¿En qué año se fundó Lotto?,False
Europe|object|Lotto (marca),¿Qué implementos deportivos fabrica Lotto y para qué equipo de fútbol comenzó su producción?,False
Europe|public_figure|Adolphe Crémieux,¿Quién fue Adolphe Crémieux?,False
Europe|public_figure|Adolphe Crémieux,¿En qué año se graduó Adolphe Crémieux como abogado?,False
Europe|public_figure|Adolphe Crémieux,¿Qué ley importante dictó Adolphe Crémieux como Ministro de Justicia en 1870 y qué significó para los judíos de Argelia Francesa?,True
Europe|public_figure|Alessio Casimirri,¿Dónde nació Alessio Casimirri?,False
Europe|public_figure|Alessio Casimirri,¿En qué año se nacionalizó Alessio Casimirri como nicaragüense?,False
Europe|public_figure|Alessio Casimirri,¿Qué grupo terrorista italiano fue Alessio Casimirri miembro y en qué año dejó dicho grupo?,False
Europe|public_figure|Ada Kourí Barreto,¿En qué año nació Ada Kourí Barreto?,False
Europe|public_figure|Ada Kourí Barreto,¿Cuál fue la ocupación principal de Ada Kourí Barreto?,False
Europe|public_figure|Ada Kourí Barreto,¿Qué contribuciones hizo Ada Kourí Barreto en el Instituto de Higiene de Cuba?,False
Europe|public_figure|Alexander Aoraha,¿Dónde nació Alexander Aoraha?,False
Europe|public_figure|Alexander Aoraha,¿Qué posición juega Alexander Aoraha en el fútbol?,False
Europe|public_figure|Alexander Aoraha,¿En qué fecha hizo su debut Alexander Aoraha con la selección nacional de Irak y contra qué equipo?,False
Europe|object|IDTGV,¿Qué es iDTGV?,False
Europe|object|IDTGV,¿Cómo se realiza la comercialización de billetes de iDTGV?,False
Europe|object|IDTGV,¿Qué servicios opera iDTGV y cómo se diferencian en función del horario?,True
Europe|public_figure|Andy Selva,¿Cuándo nació Andy Selva?,False
Europe|public_figure|Andy Selva,¿Qué posición jugaba Andy Selva en el fútbol?,False
Europe|public_figure|Andy Selva,"¿Cuál es el total de goles que ha anotado Andy Selva en su carrera, sumando los goles con su selección y en clubes?",False
Europe|public_figure|Alphonse Alkan,¿Quién fue Alphonse Alkan?,False
Europe|public_figure|Alphonse Alkan,¿En qué año nació Alphonse Alkan?,False
Europe|public_figure|Alphonse Alkan,¿Qué relación tenía Alphonse Alkan con Eugène Alcan?,False
Europe|object|Rumasa,¿Qué es Rumasa?,False
Europe|object|Rumasa,¿En qué año fue expropiado Rumasa por el Gobierno español?,False
Europe|object|Rumasa,¿Cuáles fueron las razones que llevaron a la expropiación de Rumasa por el Gobierno español?,False
Europe|public_figure|Algernon Ashton,¿Dónde nació Algernon Ashton?,False
Europe|public_figure|Algernon Ashton,¿Qué ocupación tuvo Algernon Ashton en el Royal College of Music?,False
Europe|public_figure|Algernon Ashton,¿Cuántas sonatas para piano escribió Algernon Ashton y qué otras obras importantes compuso?,False
Europe|public_figure|Anna Maria Rizzoli,¿Dónde nació Anna Maria Rizzoli?,False
Europe|public_figure|Anna Maria Rizzoli,¿En qué año presentó Anna Maria Rizzoli el Festival de la Canción de Sanremo?,False
Europe|public_figure|Anna Maria Rizzoli,¿Qué tipo de carrera comenzó Anna Maria Rizzoli antes de entrar en la industria del cine y con quién trabajó en el escenario?,False
Europe|public_figure|Agnes Arber,¿Cuál es el nombre completo de Agnes Arber?,False
Europe|public_figure|Agnes Arber,¿En qué año obtuvo Agnes Arber su Bachelor of Science?,False
Europe|public_figure|Agnes Arber,¿Qué obra fundamental publicó Agnes Arber en 1912 y cuál es su tema principal?,True
Europe|public_figure|Cat Stevens,¿Cuál es el nombre real de Cat Stevens?,False
Europe|public_figure|Cat Stevens,¿En qué año se convirtió Cat Stevens al Islam?,False
Europe|public_figure|Cat Stevens,"¿Qué álbum de Cat Stevens, lanzado en 1970, obtuvo el certificado de triple platino por parte de la RIAA en los Estados Unidos?",False
Europe|public_figure|Antoine Cassar,¿Quién es Antoine Cassar?,False
Europe|public_figure|Antoine Cassar,¿En qué país nació Antoine Cassar?,False
Europe|public_figure|Antoine Cassar,¿Qué temas aborda la obra de Antoine Cassar y en qué forma métrica se presentan sus mużajki?,False
Europe|public_figure|Bill Brandt,¿Dónde nació Bill Brandt?,False
Europe|public_figure|Bill Brandt,¿Qué libro publicó Bill Brandt en 1938?,True
Europe|public_figure|Bill Brandt,¿Qué tipo de fotografías realizó Bill Brandt durante la Segunda Guerra Mundial y para quién trabajó?,False
Europe|object|Caja de Crédito de los Ingenieros,¿Qué tipo de entidad es la Caja de Crédito de los Ingenieros?,False
Europe|object|Caja de Crédito de los Ingenieros,¿En qué año fue fundada la Caja de Crédito de los Ingenieros?,False
Europe|object|Caja de Crédito de los Ingenieros,¿Por qué adquirió notoriedad pública la Caja de Crédito de los Ingenieros en relación con la declaración unilateral de independencia de octubre de 2017?,False
Europe|public_figure|Antoine Spire,¿Quién es Antoine Spire?,False
Europe|public_figure|Antoine Spire,¿Qué cargo ocupó Antoine Spire en el Instituto Nacional del Cáncer?,False
Europe|public_figure|Antoine Spire,¿Con qué intelectuales colaboró Antoine Spire en obras de divulgación?,False
Europe|public_figure|Antonio Mije,¿Dónde nació Antonio Mije?,False
Europe|public_figure|Antonio Mije,¿Qué puesto ocupó Antonio Mije en la Junta de Defensa de Madrid durante la Guerra Civil?,True
Europe|public_figure|Antonio Mije,¿Qué papel desempeñó Antonio Mije en el Partido Comunista de España (PCE) y qué central sindical ayudó a crear?,True
Europe|public_figure|Cedric Teuchert,¿Cuál es la nacionalidad de Cedric Teuchert?,False
Europe|public_figure|Cedric Teuchert,¿En qué equipo juega Cedric Teuchert actualmente?,False
Europe|public_figure|Cedric Teuchert,¿Qué equipo fichó a Cedric Teuchert por un millón de euros y en qué año debutó en la 2. Bundesliga?,False
Europe|public_figure|Charles De Wailly,¿Quién fue Charles De Wailly?,False
Europe|public_figure|Charles De Wailly,¿Qué obra principal realizó Charles De Wailly?,True
Europe|public_figure|Charles De Wailly,¿En qué año obtuvo Charles De Wailly el gran premio de Roma de arquitectura y qué importancia tuvo su estancia en la «Académie de France en Roma»?,True
Europe|public_figure|Berthold Bartosch,¿Cuál es la ocupación principal de Berthold Bartosch?,False
Europe|public_figure|Berthold Bartosch,¿En qué año se mudó Berthold Bartosch a París?,False
Europe|public_figure|Berthold Bartosch,¿Qué película animada creó Berthold Bartosch en París y cuál es su duración?,True
Europe|public_figure|Cum universi,¿Qué es Cum universi?,False
Europe|public_figure|Cum universi,¿Cuándo fue emitida la bula Cum universi?,False
Europe|public_figure|Cum universi,¿Qué derechos establece la bula Cum universi en relación con la iglesia en Escocia?,False
Europe|public_figure|Claude Martin (remero),"¿Dónde nació Claude Martin, el remero?",False
Europe|public_figure|Claude Martin (remero),¿En qué años participó Claude Martin en los Juegos Olímpicos de Verano?,False
Europe|public_figure|Claude Martin (remero),¿Qué medalla obtuvo Claude Martin en los Juegos Olímpicos de Roma 1960 y en qué prueba compitió?,True
Europe|public_figure|David Gledhill,¿Quién es David Gledhill?,False
Europe|public_figure|David Gledhill,¿En qué universidad fue profesor titular David Gledhill?,False
Europe|public_figure|David Gledhill,¿Qué obra publicó David Gledhill en 2003 y cuál es su tema principal?,True
Europe|public_figure|Doug Sampson,¿Quién es Doug Sampson?,False
Europe|public_figure|Doug Sampson,¿En qué años estuvo Doug Sampson en la banda Iron Maiden?,False
Europe|public_figure|Doug Sampson,¿Por qué tuvo que ser reemplazado Doug Sampson en Iron Maiden?,False
Europe|public_figure|Elisabeth Lutyens,¿Quién fue Elisabeth Lutyens?,False
Europe|public_figure|Elisabeth Lutyens,¿En qué institución comenzó Elisabeth Lutyens sus estudios musicales?,False
Europe|public_figure|Elisabeth Lutyens,¿Qué técnica musical trajo Elisabeth Lutyens al Reino Unido y con qué compositor se asocia esta técnica?,False
Europe|public_figure|Elizabeth Lucar,¿Cuál es el nombre de nacimiento de Elizabeth Lucar?,False
Europe|public_figure|Elizabeth Lucar,¿En qué año nació Elizabeth Lucar?,False
Europe|public_figure|Elizabeth Lucar,¿Qué habilidades tenía Elizabeth Lucar además de ser calígrafa?,False
Europe|public_figure|Emmanuelle Bach,¿Cuál es el nombre completo de Emmanuelle Bach?,False
Europe|public_figure|Emmanuelle Bach,¿En qué año nació Emmanuelle Bach?,False
Europe|public_figure|Emmanuelle Bach,"¿Qué papel tuvo Emmanuelle Bach en la serie de televisión ""Un village français"" y en qué años se emitió?",False
Europe|public_figure|Edmund Purdom,¿Quién fue Edmund Purdom?,False
Europe|public_figure|Edmund Purdom,¿En qué año comenzó su carrera como actor Edmund Purdom?,False
Europe|public_figure|Edmund Purdom,"¿Qué papel importante asumió Edmund Purdom en la película ""Sinuhé, el egipcio"" y quiénes eran los actores originalmente considerados para el papel?",False
Europe|public_figure|Emilio Bieckert,¿Cuándo nació Emilio Bieckert?,False
Europe|public_figure|Emilio Bieckert,¿Qué fábrica puso en marcha Emilio Bieckert en Argentina?,False
Europe|public_figure|Emilio Bieckert,¿Qué relación tenía Emilio Bieckert con Bernardo Ader y qué hizo en su honor?,False
Europe|public_figure|Edme-Louis Daubenton,¿Quién era primo de Edme-Louis Daubenton?,False
Europe|public_figure|Edme-Louis Daubenton,¿Qué obra supervisó Edme-Louis Daubenton en relación con las ilustraciones en color?,False
Europe|public_figure|Edme-Louis Daubenton,"¿Quién contrató a Edme-Louis Daubenton para supervisar las ilustraciones en color y en qué año comenzaron a aparecer las ""Planches enluminée""?",False
Europe|public_figure|Eugenio Garzón (periodista),¿Quién fue Eugenio Garzón?,False
Europe|public_figure|Eugenio Garzón (periodista),¿En qué diario fue director Eugenio Garzón en Montevideo?,False
Europe|public_figure|Eugenio Garzón (periodista),¿Qué funciones cumplió Eugenio Garzón entre 1890 y 1894 y en qué país se exilió tras el golpe de Estado de Juan Lindolfo Cuestas?,False
Europe|public_figure|Ettore Pinelli,¿Dónde nació Ettore Pinelli?,False
Europe|public_figure|Ettore Pinelli,¿Con quién comenzó Ettore Pinelli sus estudios de música?,False
Europe|public_figure|Ettore Pinelli,¿Qué institución fundó Ettore Pinelli junto a Giovanni Sgambati y cuál fue su rol en ella?,False
Europe|public_figure|Eustache du Caurroy,¿Quién es Eustache du Caurroy?,False
Europe|public_figure|Eustache du Caurroy,¿En qué año obtuvo Eustache du Caurroy la Corneta de plata?,True
Europe|public_figure|Eustache du Caurroy,¿Qué obra de Eustache du Caurroy fue interpretada durante los funerales de Enrique IV?,False
Europe|public_figure|Fara Williams,¿Cuál es el nombre completo de Fara Williams?,False
Europe|public_figure|Fara Williams,¿En qué club jugó Fara Williams antes de unirse al Reading?,False
Europe|public_figure|Fara Williams,¿Cuántos partidos jugó Fara Williams con la selección de Inglaterra y en qué año debutó con el equipo?,False
Europe|public_figure|Eric Gancylus,¿Dónde nació Eric Gancylus?,False
Europe|public_figure|Eric Gancylus,¿En qué categoría ganó Eric Gancylus una medalla de bronce en el Campeonato Europeo de Taekwondo de 1976?,False
Europe|public_figure|Eric Gancylus,¿Qué deporte practicó Eric Gancylus y en qué año ganó una medalla de bronce en el Campeonato Europeo?,False
Europe|public_figure|Francesca Quondamcarlo,¿Dónde nació Francesca Quondamcarlo?,False
Europe|public_figure|Francesca Quondamcarlo,¿En qué modalidad de esgrima se especializa Francesca Quondamcarlo?,False
Europe|public_figure|Francesca Quondamcarlo,¿Cuántas medallas ganó Francesca Quondamcarlo en el Campeonato Europeo de Esgrima entre los años 2003 y 2015?,False
Europe|public_figure|Diego Demme,¿Cuál es la fecha de nacimiento de Diego Demme?,False
Europe|public_figure|Diego Demme,¿En qué posición juega Diego Demme?,False
Europe|public_figure|Diego Demme,¿Qué club fichó a Diego Demme el 11 de enero de 2020 y hasta cuándo firmó su contrato?,False
Europe|public_figure|Francisco de Frías y Jacott,¿Quién fue Francisco de Frías y Jacott?,False
Europe|public_figure|Francisco de Frías y Jacott,¿En qué ciudad nació Francisco de Frías y Jacott?,False
Europe|public_figure|Francisco de Frías y Jacott,¿Qué papel desempeñó Francisco de Frías y Jacott en la agricultura cubana y qué periódico dirigió?,False
Europe|public_figure|Francis Hayman,¿Quién fue Francis Hayman?,False
Europe|public_figure|Francis Hayman,¿En qué año se convirtió Francis Hayman en uno de los miembros fundadores de la Royal Academy?,False
Europe|public_figure|Francis Hayman,¿Qué contribución hizo Francis Hayman a la edición de 1744 de las obras de Shakespeare por Sir Thomas Hanmer?,False
Europe|public_figure|Fousseni Diawara,¿Cuál es la fecha de nacimiento de Fousseni Diawara?,False
Europe|public_figure|Fousseni Diawara,¿Qué posición jugaba Fousseni Diawara en el fútbol?,False
Europe|public_figure|Fousseni Diawara,¿En qué años participó Fousseni Diawara en la Copa de África con la selección de fútbol de Malí?,False
Europe|public_figure|Gemma Gibbons,¿Cuál es el nombre completo de Gemma Gibbons?,False
Europe|public_figure|Gemma Gibbons,¿En qué categoría compitió Gemma Gibbons en los Juegos Olímpicos de Londres 2012?,False
Europe|public_figure|Gemma Gibbons,¿Qué medalla obtuvo Gemma Gibbons en los Juegos Olímpicos de Londres 2012 y quién es su cónyuge?,False
Europe|public_figure|George Steevens,¿Quién fue George Steevens?,False
Europe|public_figure|George Steevens,"¿En qué periodo estudió George Steevens en King’s College, Cambridge?",False
Europe|public_figure|George Steevens,¿Qué obra fue conocida como la edición de Johnson y Steevens y en qué año se publicó?,False
Europe|public_figure|Grégory Doucet,¿Dónde nació Grégory Doucet?,False
Europe|public_figure|Grégory Doucet,¿Qué partido político representa Grégory Doucet?,False
Europe|public_figure|Grégory Doucet,¿Qué porcentaje de votos obtuvo Grégory Doucet en la primera vuelta de las elecciones municipales de 2020?,False
Europe|public_figure|Gustav Heinrich Wiedemann,¿Quién fue Gustav Heinrich Wiedemann?,False
Europe|public_figure|Gustav Heinrich Wiedemann,¿En qué universidad fue profesor Gustav Heinrich Wiedemann?,False
Europe|public_figure|Gustav Heinrich Wiedemann,¿Qué revista científica dirigió Gustav Heinrich Wiedemann y quién fue su predecesor?,False
Europe|public_figure|Gustav Holst,¿Cuál es el nombre completo de Gustav Holst?,False
Europe|public_figure|Gustav Holst,¿En qué obra es principalmente conocido Gustav Holst?,False
Europe|public_figure|Gustav Holst,¿Qué influencias musicales fueron cruciales en el desarrollo del estilo compositivo de Gustav Holst?,False
Europe|public_figure|Giovanni Girolamo Morone,¿Quién fue Giovanni Girolamo Morone?,False
Europe|public_figure|Giovanni Girolamo Morone,¿Qué título recibió Giovanni Girolamo Morone el 31 de mayo de 1542?,False
Europe|public_figure|Giovanni Girolamo Morone,¿Cuál fue el papel de Giovanni Girolamo Morone en el Concilio de Trento y qué sucedió con su participación en 1543?,False
Europe|public_figure|George Sand,¿Cuál es el pseudónimo de Amantine Aurore Lucile Dupin de Dudevant?,False
Europe|public_figure|George Sand,"¿En qué año publicó George Sand su primera novela en solitario titulada ""Indiana""?",True
Europe|public_figure|George Sand,¿Qué relación tuvo George Sand con el compositor Frédéric Chopin y en qué contexto se desarrolló su relación?,True
Europe|public_figure|Guido Cantelli,¿Quién fue Guido Cantelli?,False
Europe|public_figure|Guido Cantelli,¿En qué año se graduó Guido Cantelli en el Conservatorio Giuseppe Verdi de Milán?,False
Europe|public_figure|Guido Cantelli,¿Qué evento marcó la definitiva consagración de Guido Cantelli en La Scala de Milán y quién lo invitó a dirigir la Orquesta Sinfónica de la NBC?,False
Europe|public_figure|Gregorio II,¿Quién fue Gregorio II?,False
Europe|public_figure|Gregorio II,¿Qué cargo ocupó Gregorio II antes de ser papa?,False
Europe|public_figure|Gregorio II,¿Qué acciones tomó Gregorio II en respuesta al edicto del emperador León III sobre la iconoclasia?,False
Europe|public_figure|Guy Lux,¿Cuál es el verdadero nombre de Guy Lux?,False
Europe|public_figure|Guy Lux,¿En qué año presentó Guy Lux su primera emisión de Contact?,False
Europe|public_figure|Guy Lux,¿Qué premios obtuvo Guy Lux por su participación en la Segunda Guerra Mundial y en qué año formó parte de las tropas aliadas?,False
Europe|public_figure|Giulia Tofana,¿Quién fue Giulia Tofana?,False
Europe|public_figure|Giulia Tofana,¿Qué veneno inventó Giulia Tofana?,False
Europe|public_figure|Giulia Tofana,¿Qué relación tuvo Giulia Tofana con su madre y qué le ocurrió a esta?,True
Europe|public_figure|Harvey Horn,¿Dónde nació Harvey Horn?,False
Europe|public_figure|Harvey Horn,¿Qué medalla ganó Harvey Horn en el Campeonato Europeo de Boxeo Aficionado de 2015?,True
Europe|public_figure|Harvey Horn,¿Cuántos combates ha disputado Harvey Horn en su carrera profesional y cuál es su registro de victorias y derrotas?,False
Europe|public_figure|Guy-Crescent Fagon,¿Quién fue Guy-Crescent Fagon?,False
Europe|public_figure|Guy-Crescent Fagon,¿En qué año obtuvo Guy-Crescent Fagon su doctorado en medicina?,False
Europe|public_figure|Guy-Crescent Fagon,¿Qué contribución hizo Guy-Crescent Fagon al Jardin des Plantes de París y qué documento redactó sobre la quina?,False
Europe|public_figure|Herbert Busemann,¿Dónde nació Herbert Busemann?,False
Europe|public_figure|Herbert Busemann,¿En qué año se naturalizó Herbert Busemann?,False
Europe|public_figure|Herbert Busemann,¿Qué teorema es autor Herbert Busemann y en qué área de la matemática se especializó?,False
Europe|public_figure|Hélène Carrère d'Encausse,¿Cuál es el nombre completo de Hélène Carrère d'Encausse?,False
Europe|public_figure|Hélène Carrère d'Encausse,¿En qué año fue elegida Hélène Carrère d'Encausse como miembro de la Academia Francesa?,False
Europe|public_figure|Hélène Carrère d'Encausse,¿Qué cargo ocupó Hélène Carrère d'Encausse en la Academia Francesa y qué título utilizó al ser nombrada?,False
Europe|public_figure|Jacqueline Joubert,¿Cuál es el verdadero nombre de Jacqueline Joubert?,False
Europe|public_figure|Jacqueline Joubert,¿En qué año se unió Jacqueline Joubert a la Radio Televisión Pública Francesa (RTF)?,False
Europe|public_figure|Jacqueline Joubert,¿Qué programa creó Jacqueline Joubert en 1961 y qué tipo de talentos presentaba?,True
Europe|public_figure|Hubert Juin,¿Quién fue Hubert Juin?,False
Europe|public_figure|Hubert Juin,¿En qué fecha nació Hubert Juin?,False
Europe|public_figure|Hubert Juin,¿Qué tipo de obras realizó Hubert Juin y en qué contexto cultural se destacó?,False
Europe|public_figure|Jean-Pierre Filiu,¿Dónde nació Jean-Pierre Filiu?,False
Europe|public_figure|Jean-Pierre Filiu,¿Cuál es la especialización de Jean-Pierre Filiu?,False
Europe|public_figure|Jean-Pierre Filiu,¿En qué universidades de Estados Unidos fue profesor Jean-Pierre Filiu?,False
Europe|public_figure|Jehan Georges Vibert,¿Dónde nació Jehan Georges Vibert?,False
Europe|public_figure|Jehan Georges Vibert,¿En qué año debutó Jehan Georges Vibert en el Salón de París?,False
Europe|public_figure|Jehan Georges Vibert,¿Qué tipo de escenas enviaba Jehan Georges Vibert al Salón de París y en qué contexto histórico se desarrollaban?,False
Europe|public_figure|John Julius Norwich,¿Cuál es el nombre completo de John Julius Norwich?,False
Europe|public_figure|John Julius Norwich,¿En qué fecha nació John Julius Norwich?,False
Europe|public_figure|John Julius Norwich,¿Cuáles son dos de las obras escritas por John Julius Norwich que abordan la historia del Imperio bizantino?,False
Europe|public_figure|John Dobbin,¿Quién fue John Dobbin?,False
Europe|public_figure|John Dobbin,¿En qué año expuso John Dobbin en la Royal Academy por primera vez?,False
Europe|public_figure|John Dobbin,¿Qué obra famosa de John Dobbin representa la inauguración del primer ferrocarril abierto al público entre Stockton y Darlington?,True
Europe|public_figure|Jean-François Coulon,¿Quién fue Jean-François Coulon?,False
Europe|public_figure|Jean-François Coulon,¿En qué año fue nombrado Jean-François Coulon profesor de la clase de perfeccionamiento de la Ópera?,False
Europe|public_figure|Jean-François Coulon,¿Qué técnica desarrolló Jean-François Coulon que fue decisiva en la transición hacia el lenguaje del ballet romántico?,True
Europe|public_figure|Jacob Rodrigues Pereira,¿Quién fue Jacob Rodrigues Pereira?,False
Europe|public_figure|Jacob Rodrigues Pereira,¿Qué alfabeto adoptó Jacob Rodrigues Pereira para la educación de personas sordas?,False
Europe|public_figure|Jacob Rodrigues Pereira,¿Qué contribución significativa hizo Jacob Rodrigues Pereira al bienestar de los judíos en Francia?,True
Europe|public_figure|John Grenville,¿Cuál es el nombre de nacimiento de John Grenville?,False
Europe|public_figure|John Grenville,¿En qué institución educativa estudió John Grenville en Londres?,False
Europe|public_figure|John Grenville,¿Qué especialización tenía John Grenville y en qué universidades realizó docencia?,False
Europe|public_figure|Joan Dowling,¿Dónde nació Joan Dowling?,False
Europe|public_figure|Joan Dowling,¿Cuál fue el primer papel importante de Joan Dowling como actriz?,False
Europe|public_figure|Joan Dowling,¿Qué papel interpretó Joan Dowling en el film Hue and Cry y qué contexto histórico se refleja en esta película?,False
Europe|public_figure|Julia Daudet,¿Cuál es el nombre completo de Julia Daudet?,False
Europe|public_figure|Julia Daudet,¿Cuántos hijos tuvo Julia Daudet?,False
Europe|public_figure|Julia Daudet,¿Qué seudónimo utilizó Julia Daudet para colaborar como crítica literaria en varias revistas?,False
Europe|public_figure|Jules-Félix Coutan,¿Quién fue Jules-Félix Coutan?,False
Europe|public_figure|Jules-Félix Coutan,¿En qué institución estudió Jules-Félix Coutan?,False
Europe|public_figure|Jules-Félix Coutan,¿Qué escultura realizó Jules-Félix Coutan para la estación Grand Central Terminal de Nueva York?,True
Europe|public_figure|Johnny Speight,¿Quién fue Johnny Speight?,False
Europe|public_figure|Johnny Speight,¿Qué serie famosa escribió Johnny Speight que se estrenó en 1965?,True
Europe|public_figure|Johnny Speight,¿Qué personaje controvertido creó Johnny Speight y que se convirtió en uno de los más memorables de la televisión británica?,True
Europe|public_figure|Karsten Finger,¿Dónde nació Karsten Finger?,False
Europe|public_figure|Karsten Finger,¿En qué deporte compitió Karsten Finger?,False
Europe|public_figure|Karsten Finger,¿Qué logro obtuvo Karsten Finger en los Juegos Olímpicos de Barcelona 1992?,False
Europe|public_figure|Jörg Wunderlich,¿Quién es Jörg Wunderlich?,False
Europe|public_figure|Jörg Wunderlich,¿Qué tipo de arañas estudió Jörg Wunderlich?,True
Europe|public_figure|Jörg Wunderlich,¿Qué abreviatura se emplea para indicar la autoridad de Jörg Wunderlich en la descripción y clasificación científica de los vegetales?,False
Europe|public_figure|Kitty Garman,¿Cuál es el nombre completo de Kitty Garman?,False
Europe|public_figure|Kitty Garman,¿Qué ocupación tenía Kitty Garman?,False
Europe|public_figure|Kitty Garman,"¿Para quién fue modelo Kitty Garman, además de su padre Jacob Epstein?",True
Europe|public_figure|Jules Combarieu,¿Dónde nació Jules Combarieu?,False
Europe|public_figure|Jules Combarieu,¿Qué título recibió Jules Combarieu en 1894?,False
Europe|public_figure|Jules Combarieu,¿Qué revista fundó Jules Combarieu en 1901 y cuál fue su evolución hasta 1912?,True
Europe|public_figure|Julián de Speyer,¿Quién es Julián de Speyer?,False
Europe|public_figure|Julián de Speyer,¿Dónde nació Julián de Speyer?,False
Europe|public_figure|Julián de Speyer,¿Qué rol desempeñó Julián de Speyer en la capilla real y bajo qué reyes?,False
Europe|public_figure|Ludovic Vitet,¿Dónde nació Ludovic Vitet?,False
Europe|public_figure|Ludovic Vitet,¿En qué ministerio fue nombrado secretario general Ludovic Vitet?,False
Europe|public_figure|Ludovic Vitet,¿Qué relación tuvo Ludovic Vitet con la Academia Francesa y en qué año fue elegido miembro?,False
Europe|public_figure|Julian Tudor Hart,¿Quién fue Julian Tudor Hart?,False
Europe|public_figure|Julian Tudor Hart,¿En qué área trabajó Julian Tudor Hart durante 30 años?,False
Europe|public_figure|Julian Tudor Hart,"¿Cuál es la ""ley de cuidados inversos"" propuesta por Julian Tudor Hart y en qué contexto se publicó?",True
Europe|public_figure|Louis Caput,¿Cuál es la nacionalidad de Louis Caput?,False
Europe|public_figure|Louis Caput,¿En qué año ganó Louis Caput el título de Campeón de Francia en Ruta?,False
Europe|public_figure|Louis Caput,¿Qué equipo codirigió Louis Caput junto a Jean de Gribaldy y en qué años?,False
Europe|public_figure|Marie-Jeanne L'Héritier,¿Dónde nació Marie-Jeanne L'Héritier?,False
Europe|public_figure|Marie-Jeanne L'Héritier,¿Cuántos cuentos de hadas publicó Marie-Jeanne L'Héritier?,False
Europe|public_figure|Marie-Jeanne L'Héritier,¿Qué relación tenía Marie-Jeanne L'Héritier con Charles Perrault y qué aportes hizo al género de los cuentos de hadas?,False
Europe|public_figure|Julia von Heinz,¿Quién es Julia von Heinz?,False
Europe|public_figure|Julia von Heinz,¿Qué película de Julia von Heinz se estrenó en el Festival Internacional de Cine de Berlín en 2007?,False
Europe|public_figure|Julia von Heinz,"¿Qué experiencia personal procesó Julia von Heinz en su película ""And Tomorrow the Entire World""?",False
Europe|public_figure|Louis Graveure,¿Cuál es el nombre real de Louis Graveure?,False
Europe|public_figure|Louis Graveure,¿Con quién estudió canto Louis Graveure?,False
Europe|public_figure|Louis Graveure,¿En qué año regresó Louis Graveure a los Estados Unidos y qué obra interpretó que le trajo éxito como cantante de conciertos?,True
Europe|public_figure|Max Doumic,¿Cuál es el nombre completo de Max Doumic?,False
Europe|public_figure|Max Doumic,¿En qué institución educativa estudió Max Doumic?,False
Europe|public_figure|Max Doumic,¿Qué obra de Max Doumic sostiene que la política de los masones responde a los intereses del imperialismo anglosajón?,True
Europe|public_figure|Mario Scelba,¿Cuándo nació Mario Scelba?,False
Europe|public_figure|Mario Scelba,¿Qué cargo ocupó Mario Scelba desde febrero de 1954 hasta julio de 1955?,False
Europe|public_figure|Mario Scelba,¿Qué puesto ocupó Mario Scelba en el Parlamento Europeo y en qué años?,False
Europe|public_figure|Maurice de Vlaminck,¿Dónde nació Maurice de Vlaminck?,False
Europe|public_figure|Maurice de Vlaminck,¿En qué año causó escándalo Maurice de Vlaminck en el Salón de otoño?,False
Europe|public_figure|Maurice de Vlaminck,¿Con quién se casó Maurice de Vlaminck y cuántas hijas tuvo?,False
Europe|public_figure|Martin Hume,¿Cuál es el nombre completo de Martin Hume?,False
Europe|public_figure|Martin Hume,¿En qué lugar nació Martin Hume?,False
Europe|public_figure|Martin Hume,¿Qué ocupaciones tuvo Martin Hume y en qué periodo estuvo en servicio activo en el Imperio Otomano?,False
Europe|public_figure|Paolo Di Canio,¿Cuál es la fecha de nacimiento de Paolo Di Canio?,False
Europe|public_figure|Paolo Di Canio,¿En qué equipo de fútbol italiano debutó Paolo Di Canio en la Serie A?,False
Europe|public_figure|Paolo Di Canio,¿Qué controversia generó Paolo Di Canio durante un derbi romano en 2005 y qué ideología política ha manifestado abiertamente?,False
Europe|public_figure|Mort Shuman,¿Qué profesión tuvo Mort Shuman?,False
Europe|public_figure|Mort Shuman,¿Cuál es una de las canciones más famosas escritas por Mort Shuman?,False
Europe|public_figure|Mort Shuman,¿En qué ciudad estudió música Mort Shuman y qué escuela asistió antes de eso?,False
Europe|public_figure|Max Décugis,¿Quién fue Max Décugis?,False
Europe|public_figure|Max Décugis,¿En qué año ganó Max Décugis su primera medalla olímpica?,False
Europe|public_figure|Max Décugis,¿Cuántas medallas de oro ganó Max Décugis en los Juegos Olímpicos de 1906 en Atenas y con quién las obtuvo?,False
Europe|public_figure|Natasha Richardson,¿Cuál es el nombre completo de Natasha Richardson?,False
Europe|public_figure|Natasha Richardson,¿En qué año ganó Natasha Richardson un Premio Tony?,False
Europe|public_figure|Natasha Richardson,¿Quiénes son los padres de Natasha Richardson y qué profesión tienen?,True
Europe|public_figure|Peter B. Hirsch,¿Dónde nació Peter B. Hirsch?,False
Europe|public_figure|Peter B. Hirsch,¿Qué contribuciones hizo Peter B. Hirsch en la ciencia de los materiales?,False
Europe|public_figure|Peter B. Hirsch,¿Qué puesto ocupó Peter B. Hirsch en Oxford y quién fue su predecesor?,False
Europe|public_figure|Otto Bauer,¿Quién fue Otto Bauer?,False
Europe|public_figure|Otto Bauer,¿Qué cargo ejerció Otto Bauer en el Gobierno de coalición austríaco de 1918-1919?,True
Europe|public_figure|Otto Bauer,¿Qué teoría política estableció Otto Bauer como alternativa al modelo ruso de socialismo?,True
Europe|public_figure|Patrick Eris,¿Cuál es el nombre de nacimiento de Patrick Eris?,False
Europe|public_figure|Patrick Eris,¿En qué ciudad nació Patrick Eris?,False
Europe|public_figure|Patrick Eris,¿Cuáles son algunos de los géneros literarios en los que Patrick Eris ha trabajado como escritor?,False
Europe|public_figure|Raj Patel,¿Cuál es el nombre completo de Raj Patel?,False
Europe|public_figure|Raj Patel,¿En qué año nació Raj Patel?,False
Europe|public_figure|Raj Patel,¿Cuáles son dos de las instituciones educativas donde estudió Raj Patel?,False
Europe|public_figure|Pinuccia Nava,¿Cuál es el nombre de nacimiento de Pinuccia Nava?,False
Europe|public_figure|Pinuccia Nava,¿En qué año nació Pinuccia Nava?,False
Europe|public_figure|Pinuccia Nava,¿Qué personaje interpretó Pinuccia Nava que se hizo popular en la televisión italiana entre 1957 y 1966?,True
Europe|public_figure|Paul Falkenberg,¿Quién fue Paul Falkenberg?,False
Europe|public_figure|Paul Falkenberg,¿En qué año se convirtió Paul Falkenberg en miembro de la IV Cuerpo Hildesia?,False
Europe|public_figure|Paul Falkenberg,¿Cuáles son dos de las obras publicadas por Paul Falkenberg y en qué años fueron publicadas?,True
Europe|public_figure|Peter Gay,¿Cuál es el nombre de nacimiento de Peter Gay?,False
Europe|public_figure|Peter Gay,¿En qué año se naturalizó Peter Gay como ciudadano estadounidense?,False
Europe|public_figure|Peter Gay,"¿Qué obra de Peter Gay, publicada en 1959, examina a Voltaire como político y su influencia en la historia de las ideas?",False
Europe|public_figure|René Sergent,¿Quién fue René Sergent?,False
Europe|public_figure|René Sergent,¿En qué año obtuvo René Sergent su primer título?,False
Europe|public_figure|René Sergent,¿Qué obra significativa diseñó René Sergent ubicada en 40 Avenida Foch de París?,True
Europe|public_figure|Richard Barbieri,¿Cuál es la fecha de nacimiento de Richard Barbieri?,False
Europe|public_figure|Richard Barbieri,¿Qué banda famosa fue Richard Barbieri miembro?,False
Europe|public_figure|Richard Barbieri,"¿Con qué dos músicos, además de David Sylvian, asistió Richard Barbieri a la misma escuela?",False
Europe|public_figure|Samuel Scott,¿Dónde nació Samuel Scott?,False
Europe|public_figure|Samuel Scott,¿En qué año comenzó a pintar Samuel Scott?,False
Europe|public_figure|Samuel Scott,¿Qué tipo de obras es conocido Samuel Scott y qué episodio histórico representó en sus pinturas?,False
Europe|public_figure|Renato Corsetti,¿Dónde nació Renato Corsetti?,False
Europe|public_figure|Renato Corsetti,¿En qué periodo fue presidente de la Asociación Universal de Esperanto Renato Corsetti?,False
Europe|public_figure|Renato Corsetti,¿Qué profesión tuvo Renato Corsetti antes de dedicarse a la enseñanza en la Universidad de La Sapienza de Roma?,False
Europe|public_figure|Prosper Jolyot de Crébillon,¿Quién fue Prosper Jolyot de Crébillon?,False
Europe|public_figure|Prosper Jolyot de Crébillon,¿En qué año fue elegido Prosper Jolyot de Crébillon para la Academia Francesa?,False
Europe|public_figure|Prosper Jolyot de Crébillon,¿Qué tragedia creó Prosper Jolyot de Crébillon en 1726 que le permitió recuperar la atención del público?,True
Europe|public_figure|Tony Hadley,¿Quién es Tony Hadley?,False
Europe|public_figure|Tony Hadley,"¿En qué año lanzó Tony Hadley su primer disco llamado ""The State Of Play""?",True
Europe|public_figure|Tony Hadley,¿Qué evento importante de 1985 marcó la carrera de Tony Hadley como vocalista de Spandau Ballet?,False
Europe|public_figure|Roger Chapelain-Midy,¿Cuándo nació Roger Chapelain-Midy?,False
Europe|public_figure|Roger Chapelain-Midy,¿En qué institución fue profesor Roger Chapelain-Midy?,False
Europe|public_figure|Roger Chapelain-Midy,¿Qué premio recibió Roger Chapelain-Midy en 1938 y qué obra realizó en el ámbito del teatro?,False
Europe|tradition|Abadía de Innichen,¿Qué es la Abadía de Innichen?,False
Europe|tradition|Abadía de Innichen,¿En qué año fue convertida la Abadía de Innichen en colegiata?,False
Europe|tradition|Abadía de Innichen,¿Quién erigió la Abadía de Innichen y con qué propósito?,True
Europe|tradition|Anna Morpurgo Davies,¿Dónde nació Anna Morpurgo Davies?,False
Europe|tradition|Anna Morpurgo Davies,¿Qué obra publicó Anna Morpurgo Davies en 1963?,False
Europe|tradition|Anna Morpurgo Davies,¿Qué cátedra asumió Anna Morpurgo Davies en 1971 y qué reconocimiento recibió en el año 2000?,False
Europe|public_figure|Umberto Bindi,¿Dónde nació Umberto Bindi?,False
Europe|public_figure|Umberto Bindi,¿En qué año hizo Umberto Bindi su debut profesional en la música popular italiana?,False
Europe|public_figure|Umberto Bindi,¿Qué canción famosa escribió Umberto Bindi que fue grabada en inglés por Cilla Black y alcanzó el número 1 en la lista de singles del Reino Unido?,True
Europe|tradition|Alcíone (pléyade),¿Qué es Alcíone en la mitología griega?,False
Europe|tradition|Alcíone (pléyade),¿Quiénes son algunos de los hijos que Alcíone dio?,False
Europe|tradition|Alcíone (pléyade),¿De quiénes descienden Anfión y Zeto en Tebas según la mitología griega?,False
Europe|tradition|Alonso de Espinosa (banquero),¿Quién fue Alonso de Espinosa?,False
Europe|tradition|Alonso de Espinosa (banquero),¿A qué familia pertenecía Alonso de Espinosa?,False
Europe|tradition|Alonso de Espinosa (banquero),¿Qué fortuna llegó a amasar Alonso de Espinosa y en qué año?,False
Europe|tradition|Bernard-Henri Lévy,¿Dónde nació Bernard-Henri Lévy?,False
Europe|tradition|Bernard-Henri Lévy,¿En qué año se hizo popular Bernard-Henri Lévy?,False
Europe|tradition|Bernard-Henri Lévy,¿Qué relación tuvo Bernard-Henri Lévy con el canal de televisión francoalemán Arte?,False
Europe|tradition|Antonino de Sorrento,¿En qué año falleció Antonino de Sorrento?,False
Europe|tradition|Antonino de Sorrento,¿Qué cargo ocupó Antonino de Sorrento en el monasterio benedictino de San Agripino?,False
Europe|tradition|Antonino de Sorrento,¿Qué milagro se le atribuye a San Antonino y qué peligro salvó a la ciudad de Sorrento?,False
Europe|tradition|Antínoo Braschi,¿Qué es el Antínoo Braschi?,False
Europe|tradition|Antínoo Braschi,¿En qué año fueron descubiertas las excavaciones donde se encontró la escultura del Antínoo Braschi?,True
Europe|tradition|Antínoo Braschi,¿Qué relación tiene la escultura del Antínoo Braschi con Dioniso u Osiris?,False
Europe|tradition|Basílica de Nuestra Señora de las Victorias (París),¿Dónde se encuentra la Basílica de Nuestra Señora de las Victorias?,False
Europe|tradition|Basílica de Nuestra Señora de las Victorias (París),¿En qué año fue consagrada la Basílica de Nuestra Señora de las Victorias?,False
Europe|tradition|Basílica de Nuestra Señora de las Victorias (París),¿Qué relación tiene la Basílica de Nuestra Señora de las Victorias con el rey Luis XIII y qué evento motivó su construcción?,True
Europe|public_figure|Raffaele La Capria,¿Dónde nació Raffaele La Capria?,False
Europe|public_figure|Raffaele La Capria,¿Qué profesión tuvo Raffaele La Capria?,False
Europe|public_figure|Raffaele La Capria,"¿Qué premio ganó Raffaele La Capria por su novela ""Ferito a morte"" y en qué año?",True
Europe|tradition|Arde Lucus,¿Qué es el Arde Lucus?,False
Europe|tradition|Arde Lucus,¿En qué año se celebró por primera vez el Arde Lucus?,False
Europe|tradition|Arde Lucus,¿Qué organizaciones coorganizan el Arde Lucus?,False
Europe|tradition|Bernhard Weiß (teólogo),¿Dónde nació Bernhard Weiß?,False
Europe|tradition|Bernhard Weiß (teólogo),"¿En qué año publicó Bernhard Weiß su obra ""Des Leben Jesu""?",False
Europe|tradition|Bernhard Weiß (teólogo),¿Qué relación tiene Bernhard Weiß con la Escuela Liberal y qué obra escribió basada en el análisis de la Fuente Q y el Evangelio según san Marcos?,True
Europe|tradition|Bollo maimón,¿Qué es el bollo maimón?,False
Europe|tradition|Bollo maimón,¿En qué tipo de recipiente era tradición hacer el bollo maimón?,False
Europe|tradition|Bollo maimón,¿Qué relación tiene el bollo maimón con las celebraciones y banquetes populares en las provincias de Salamanca y Zamora?,False
Europe|tradition|Capilla de Santa Maria Assunta dei Pignatelli,¿Qué es la Capilla de Santa Maria Assunta dei Pignatelli?,False
Europe|tradition|Capilla de Santa Maria Assunta dei Pignatelli,¿En qué siglo fue construida la Capilla de Santa Maria Assunta dei Pignatelli?,False
Europe|tradition|Capilla de Santa Maria Assunta dei Pignatelli,"¿Qué características arquitectónicas y artísticas destacan en la Capilla de Santa Maria Assunta dei Pignatelli, y quién fue el artista que decoró su interior con frescos?",False
Europe|tradition|Brauronias,¿Qué eran las brauronias?,False
Europe|tradition|Brauronias,¿Cada cuántos años se celebraban las brauronias?,False
Europe|tradition|Brauronias,¿Con qué tradición se relacionaban las brauronias y quién había llegado a Braurón desde Táuride?,False
Europe|tradition|Casa del Agua (cabo Espíchel),¿En qué municipio se encuentra la Casa del Agua?,False
Europe|tradition|Casa del Agua (cabo Espíchel),¿Quién fue el responsable de la construcción de la Casa del Agua?,False
Europe|tradition|Casa del Agua (cabo Espíchel),¿Qué estructura abastecía a la Casa del Agua y de dónde provenía el agua?,False
Europe|tradition|Cipotegato,¿Qué es el Cipotegato?,False
Europe|tradition|Cipotegato,¿Cuándo tiene lugar la celebración del Cipotegato?,False
Europe|tradition|Cipotegato,"¿Qué relación tiene el Cipotegato con el antiguo ""Pellexo de Gato"" y cómo ha evolucionado su función a lo largo del tiempo?",False
Europe|tradition|Colegiata de Santa María la Mayor (Briviesca),¿Qué es la Colegiata de Santa María la Mayor?,False
Europe|tradition|Colegiata de Santa María la Mayor (Briviesca),¿Quién fundó la Colegiata de Santa María la Mayor?,False
Europe|tradition|Colegiata de Santa María la Mayor (Briviesca),¿Qué estilos arquitectónicos predominan en la fábrica exterior de la Colegiata de Santa María la Mayor?,False
Europe|tradition|Concatedral de Santa María (Castellón),¿Cómo se llama la concatedral de Castellón?,False
Europe|tradition|Concatedral de Santa María (Castellón),¿En qué siglo se inicia la construcción de la Concatedral de Santa María?,False
Europe|tradition|Concatedral de Santa María (Castellón),¿Qué ocurrió con la Concatedral de Santa María el 24 de julio de 1936 y qué sucedió meses después?,False
Europe|tradition|Boris Berman (pianista),¿Dónde nació Boris Berman?,False
Europe|tradition|Boris Berman (pianista),¿Con quién fue alumno Boris Berman en el Conservatorio de Moscú?,False
Europe|tradition|Boris Berman (pianista),¿Qué orquestas han invitado a Boris Berman como solista y en qué año se le permitió salir de la Unión Soviética?,False
Europe|tradition|Carl I. Hagen,¿Cuándo nació Carl I. Hagen?,False
Europe|tradition|Carl I. Hagen,¿Qué cargo ocupó Carl I. Hagen en el Storting entre 2005 y 2009?,False
Europe|tradition|Carl I. Hagen,¿Qué partido político lideró Carl I. Hagen desde 1978 hasta 2006 y cómo se describe su estilo político?,False
Europe|tradition|Carnaval del Toro,¿Qué es el Carnaval del Toro?,False
Europe|tradition|Carnaval del Toro,¿Qué particularidad tiene el Toro del Aguardiente en el Carnaval del Toro?,False
Europe|tradition|Carnaval del Toro,¿Qué documentos históricos mencionan el Carnaval del Toro y en qué años fueron redactados?,False
Europe|tradition|Corrado Segre,¿Cuándo nació Corrado Segre?,False
Europe|tradition|Corrado Segre,¿Qué cátedra ocupó Corrado Segre durante 36 años?,False
Europe|tradition|Corrado Segre,"¿Por qué se le considera a Corrado Segre el ""padre"" de la Escuela italiana de geometría algebraica?",False
Europe|tradition|Dioniso,¿Quién es Dioniso en la mitología griega?,False
Europe|tradition|Dioniso,¿Qué atributos son comunes en la representación de Dioniso?,False
Europe|tradition|Dioniso,¿Qué celebraciones se realizaban en honor a Dioniso y qué significaban culturalmente?,False
Europe|tradition|Convento de San Francisco (Mahón),¿Qué es el Convento de San Francisco?,False
Europe|tradition|Convento de San Francisco (Mahón),¿En qué año empezó a construirse el Convento de San Francisco?,False
Europe|tradition|Convento de San Francisco (Mahón),¿Qué funciones tuvo el Convento de San Francisco después de la desamortización de 1835?,False
Europe|tradition|César Tiempo,¿Cuál es el nombre real de César Tiempo?,False
Europe|tradition|César Tiempo,¿En qué año César Tiempo obtuvo la ciudadanía argentina?,False
Europe|tradition|César Tiempo,"¿Qué revista fundó y dirigió César Tiempo entre 1937 y 1942, y qué premio recibió en 1937?",True
Europe|tradition|Dominique Strauss-Kahn,¿Cuál es el nombre completo de Dominique Strauss-Kahn?,False
Europe|tradition|Dominique Strauss-Kahn,¿Qué cargo ocupó Dominique Strauss-Kahn en el Fondo Monetario Internacional y en qué fecha comenzó su mandato?,False
Europe|tradition|Dominique Strauss-Kahn,¿Qué partido político representó Dominique Strauss-Kahn y cuáles fueron los años en que ocupó el cargo de ministro de Economía?,False
Europe|tradition|Ernst Würthwein,¿Dónde nació Ernst Würthwein?,False
Europe|tradition|Ernst Würthwein,¿En qué año se doctoró Ernst Würthwein?,False
Europe|tradition|Ernst Würthwein,¿Qué cargo ocupó Ernst Würthwein en la Universidad de Marburg en 1954?,True
Europe|tradition|Cristóbal de Mesa,¿Dónde nació Cristóbal de Mesa?,False
Europe|tradition|Cristóbal de Mesa,¿Qué obra publicó Cristóbal de Mesa en 1615?,True
Europe|tradition|Cristóbal de Mesa,¿Qué relación tuvo Cristóbal de Mesa con Torquato Tasso y cómo influyó en su obra?,False
Europe|tradition|Encierros de Guadalajara,¿Qué es los encierros de Guadalajara?,False
Europe|tradition|Encierros de Guadalajara,¿Cuándo se celebran los encierros de Guadalajara?,False
Europe|tradition|Encierros de Guadalajara,¿Cuál es el origen histórico de los encierros de Guadalajara y en qué año se recuperaron?,False
Europe|tradition|Día de las Instituciones de Cantabria,¿Qué se celebra el 28 de julio en Cantabria?,False
Europe|tradition|Día de las Instituciones de Cantabria,¿En qué lugar se conmemora la constitución de la provincia de Cantabria?,False
Europe|tradition|Día de las Instituciones de Cantabria,¿Cuál es el origen histórico del Día de las Instituciones de Cantabria y qué relación tiene con el pleito de los Nueve Valles?,False
Europe|tradition|Feria de la Miel (Boal),¿Qué es la Feria de la Miel?,False
Europe|tradition|Feria de la Miel (Boal),¿Cuándo se celebra generalmente la Feria de la Miel?,False
Europe|tradition|Feria de la Miel (Boal),¿Qué tipo de productos ha incorporado la Feria de la Miel en los últimos años además de los apícolas?,False
Europe|tradition|Evergislo de Tongres,¿Quién fue San Evergislo de Tongres?,False
Europe|tradition|Evergislo de Tongres,¿Cuándo se celebra la festividad de San Evergislo?,False
Europe|tradition|Evergislo de Tongres,¿Qué relación tuvo San Evergislo con San Severino de Colonia y qué evento significativo ocurrió en Tongres?,True
Europe|tradition|Diego López de Cogolludo,¿Quién fue Diego López de Cogolludo?,False
Europe|tradition|Diego López de Cogolludo,¿Cuál es la obra más conocida de Diego López de Cogolludo?,False
Europe|tradition|Diego López de Cogolludo,"¿Qué fuentes utilizó Diego López de Cogolludo para escribir ""Historia de Yucatán"" y quién revisó su obra antes de su publicación?",False
Europe|tradition|FesTVal,¿Qué es el FesTVal?,False
Europe|tradition|FesTVal,¿Dónde tiene su sede el FesTVal?,False
Europe|tradition|FesTVal,¿Qué organización ejerce el papel de anfitriona del FesTVal y qué se homenajea y se premia en este festival?,False
Europe|tradition|Fin dal principio,"¿Qué es ""Fin dal principio""?",False
Europe|tradition|Fin dal principio,"¿A quién está dirigida la encíclica ""Fin dal principio""?",False
Europe|tradition|Fin dal principio,"¿Qué recomienda el papa León XIII en la encíclica ""Fin dal principio"" respecto a la formación de los futuros sacerdotes?",False
Europe|tradition|Festival Medieval de Elche,¿Qué es el Festival Medieval de Elche?,False
Europe|tradition|Festival Medieval de Elche,¿En qué ciudad se celebra el Festival Medieval de Elche?,False
Europe|tradition|Festival Medieval de Elche,¿Qué tipo de actividades incluye el Festival Medieval de Elche y en qué meses se celebra?,False
Europe|tradition|Festa d'Aran,¿Qué es la Festa d'Aran?,False
Europe|tradition|Festa d'Aran,¿Cuándo se celebra la Festa d'Aran?,False
Europe|tradition|Festa d'Aran,¿Qué eventos incluyen las celebraciones de la Festa d'Aran?,False
Europe|tradition|Diócesis de Copenhague (católica),¿Qué es la Diócesis de Copenhague?,False
Europe|tradition|Diócesis de Copenhague (católica),¿Cuántas parroquias tiene la Diócesis de Copenhague?,False
Europe|tradition|Diócesis de Copenhague (católica),¿Qué idiomas se utilizan para brindar servicios en la Diócesis de Copenhague?,False
Europe|tradition|Fritz Zwicky,¿Quién fue Fritz Zwicky?,False
Europe|tradition|Fritz Zwicky,¿Qué ideas pioneras formuló Fritz Zwicky?,False
Europe|tradition|Fritz Zwicky,¿Qué propuso Fritz Zwicky sobre los cúmulos de galaxias y qué efecto se confirmó en 1979?,False
Europe|tradition|Festival de Cine Fantástico Internacional de París,¿En qué año se creó el Festival de Cine Fantástico Internacional de París?,False
Europe|tradition|Festival de Cine Fantástico Internacional de París,¿Qué tipo de películas se presentan en el Festival de Cine Fantástico Internacional de París?,False
Europe|tradition|Festival de Cine Fantástico Internacional de París,¿Qué evento interrumpió el Festival de Cine Fantástico Internacional de París en 2018 y cuántas películas se presentaron durante esa edición?,False
Europe|tradition|Gonzalo Puente Ojea,¿Dónde nació Gonzalo Puente Ojea?,False
Europe|tradition|Gonzalo Puente Ojea,¿Qué cargo ocupó Gonzalo Puente Ojea en la embajada de España ante la Santa Sede?,False
Europe|tradition|Gonzalo Puente Ojea,¿Qué crítica hizo Gonzalo Puente Ojea sobre la sociedad española en el I Concilio Ateo de Toledo de 2007?,False
Europe|tradition|Haïm Korsia,¿Quién es Haïm Korsia?,False
Europe|tradition|Haïm Korsia,¿Qué cargo ocupa Haïm Korsia desde el 22 de junio de 2014?,False
Europe|tradition|Haïm Korsia,¿Cuál es el origen familiar de Haïm Korsia y qué influencia cultural tiene en su identidad?,False
Europe|tradition|Iglesia católica en Rusia,¿En qué año fue reconocida jurídicamente la Iglesia católica en Rusia?,False
Europe|tradition|Iglesia católica en Rusia,¿Cuántas parroquias católicas existen en Rusia?,False
Europe|tradition|Iglesia católica en Rusia,¿Cuántas diócesis tiene la Iglesia católica en Rusia y cuántas de ellas están ubicadas en Siberia?,False
Europe|tradition|Hoguera de San Roque,¿En qué fecha se quema la Hoguera de San Roque?,False
Europe|tradition|Hoguera de San Roque,¿A quién se quema la Hoguera de San Roque en honor?,False
Europe|tradition|Hoguera de San Roque,¿Cuál es la costumbre asociada a la Hoguera de San Roque relacionada con los animales?,False
Europe|tradition|Jacob Katz,¿Cuándo nació Jacob Katz?,False
Europe|tradition|Jacob Katz,¿Cuál fue una de las ocupaciones de Jacob Katz?,False
Europe|tradition|Jacob Katz,¿Qué obra de Jacob Katz aborda la relación entre judíos y gentiles en tiempos medievales y modernos?,False
Europe|tradition|Iglesia de Nanortalik,¿En qué año fue construida y consagrada la iglesia de Nanortalik?,False
Europe|tradition|Iglesia de Nanortalik,¿Cuál es el estatus de la iglesia de Nanortalik desde 2004?,False
Europe|tradition|Iglesia de Nanortalik,¿Por qué la ciudad de Nanortalik está evaluando la construcción de una iglesia adicional para la congregación?,False
Europe|tradition|Gregorio de Ibi,¿Cuál es el nombre de pila de Gregorio de Ibi?,False
Europe|tradition|Gregorio de Ibi,¿En qué año comenzó la vida religiosa de Gregorio de Ibi?,False
Europe|tradition|Gregorio de Ibi,¿Qué misión se le encomendó a Gregorio de Ibi en 1694 y qué grupo indígena evangelizó?,False
Europe|tradition|Iglesia de Nuestra Señora del Rosario (Vladímir),¿Qué tipo de iglesia es la Iglesia de Nuestra Señora del Rosario en Vladímir?,False
Europe|tradition|Iglesia de Nuestra Señora del Rosario (Vladímir),¿En qué año fue construida la Iglesia de Nuestra Señora del Rosario en Vladímir?,False
Europe|tradition|Iglesia de Nuestra Señora del Rosario (Vladímir),¿Para qué comunidad fue construida la Iglesia de Nuestra Señora del Rosario en Vladímir y en qué año fue cerrada?,False
Europe|tradition|Iglesia baptista de Roma,¿Qué tipo de iglesia es la Iglesia Baptista de Roma?,False
Europe|tradition|Iglesia baptista de Roma,¿En qué año fue adquirida la Iglesia Baptista de Roma por el Junta de Misiones Internacionales?,False
Europe|tradition|Iglesia baptista de Roma,¿Quién fue el pastor que lideró la organización de la Iglesia Baptista de Roma y en qué año se organizó oficialmente?,False
Europe|tradition|Iglesia de la Ascensión (Kolomenskoye),¿Qué es la Iglesia de la Ascensión (Kolomenskoye)?,False
Europe|tradition|Iglesia de la Ascensión (Kolomenskoye),¿En qué años fue construida la Iglesia de la Ascensión (Kolomenskoye)?,False
Europe|tradition|Iglesia de la Ascensión (Kolomenskoye),¿Quién fue el encargado de la construcción de la Iglesia de la Ascensión (Kolomenskoye) y qué relación tiene con el gran duque de Moscú Basilio III?,False
Europe|tradition|Jesús Juárez Párraga,¿Dónde nació Jesús Juárez Párraga?,False
Europe|tradition|Jesús Juárez Párraga,¿Qué cargo ocupó Jesús Juárez Párraga el 25 de junio de 1994?,False
Europe|tradition|Jesús Juárez Párraga,¿Qué lema eligió Jesús Juárez Párraga al ser nombrado obispo titular de Gummi di Proconsolare y quién lo nombró?,False
Europe|tradition|Johanne Luise Heiberg,¿Cuál es la nacionalidad de Johanne Luise Heiberg?,False
Europe|tradition|Johanne Luise Heiberg,¿En qué teatro trabajó Johanne Luise Heiberg?,False
Europe|tradition|Johanne Luise Heiberg,"¿Qué obra escribió Johanne Luise Heiberg que se titula ""Un domingo en Amager"" y en qué año fue publicada?",True
Europe|tradition|Fidel Fuidio,¿Cuál es el nombre completo de Fidel Fuidio?,False
Europe|tradition|Fidel Fuidio,¿En qué año defendió Fidel Fuidio su tesis?,False
Europe|tradition|Fidel Fuidio,¿Qué obra publicó Fidel Fuidio en 1934 y cuál fue su contribución a la arqueología madrileña?,False
Europe|tradition|Juan Duarte Martín,¿Dónde nació Juan Duarte Martín?,False
Europe|tradition|Juan Duarte Martín,¿Qué fue Juan Duarte Martín en su vida religiosa?,False
Europe|tradition|Juan Duarte Martín,¿Cuándo fue beatificado Juan Duarte Martín y bajo qué pontificado?,False
Europe|tradition|Juan Jubí,¿Quién fue Juan Jubí?,False
Europe|tradition|Juan Jubí,¿En qué año consagró Juan Jubí la iglesia de Reus?,True
Europe|tradition|Juan Jubí,¿Qué papel desempeñó Juan Jubí en el concilio de Trento y con quién actuó en representación?,False
Europe|tradition|Josip Bozanić,¿Cuándo nació Josip Bozanić?,False
Europe|tradition|Josip Bozanić,¿Qué cargo ocupó Josip Bozanić antes de ser arzobispo emérito de Zagreb?,False
Europe|tradition|Josip Bozanić,¿Qué títulos académicos posee Josip Bozanić y en qué instituciones los obtuvo?,True
Europe|tradition|José Olallo Valdés,¿Cuándo nació José Olallo Valdés?,False
Europe|tradition|José Olallo Valdés,¿En qué hospital trabajó José Olallo Valdés?,False
Europe|tradition|José Olallo Valdés,¿Qué hizo José Olallo Valdés con el cadáver del Mayor General Ignacio Agramonte y por qué fue significativo?,False
Europe|tradition|Juan García Carpintero,¿Dónde nació Juan García Carpintero?,False
Europe|tradition|Juan García Carpintero,¿En qué año llegó Juan García Carpintero a Manila?,False
Europe|tradition|Juan García Carpintero,"¿Qué hizo Juan García Carpintero en la isla Formosa entre 1633 y 1635, y qué consecuencias tuvo su labor allí?",False
Europe|tradition|Juan Ítalo,¿Dónde nació Juan Ítalo?,False
Europe|tradition|Juan Ítalo,¿Quién fue el profesor de Juan Ítalo?,False
Europe|tradition|Juan Ítalo,¿Qué acusaciones enfrentó Juan Ítalo que llevaron a su condena por herejía?,False
Europe|tradition|Kilometroak,¿Qué es Kilometroak?,False
Europe|tradition|Kilometroak,¿Cuándo se celebra Kilometroak?,False
Europe|tradition|Kilometroak,¿Cuál es el objetivo principal de la fiesta Kilometroak?,False
Europe|tradition|Kurt Hiller,¿Quién fue Kurt Hiller?,False
Europe|tradition|Kurt Hiller,¿Qué seudónimos empleó Kurt Hiller?,False
Europe|tradition|Kurt Hiller,¿Qué organizaciones fundó Kurt Hiller en su compromiso pacifista y social?,False
Europe|tradition|Les Carroces de Valdesoto,¿En qué pueblo se celebra Les Carroces de Valdesoto?,False
Europe|tradition|Les Carroces de Valdesoto,¿Desde qué año se celebra Les Carroces de Valdesoto?,False
Europe|tradition|Les Carroces de Valdesoto,¿Qué distinción recibió Les Carroces de Valdesoto el 15 de noviembre de 2002?,True
Europe|tradition|Les Santes,¿Qué es Les Santes?,False
Europe|tradition|Les Santes,¿Cuándo se celebra Les Santes?,False
Europe|tradition|Les Santes,¿Qué día se celebra la Misa de Gloria y qué año se interpreta por primera vez?,False
Europe|tradition|Maratón de los Cuentos,¿Qué es el Maratón de los Cuentos?,False
Europe|tradition|Maratón de los Cuentos,¿Dónde se realiza el Maratón de los Cuentos?,False
Europe|tradition|Maratón de los Cuentos,¿En qué año se celebró por primera vez el Maratón de los Cuentos y cuántas horas duró esa primera edición?,False
Europe|tradition|Martinez de Pasqually,¿Cuál es el nombre completo de Martinez de Pasqually?,False
Europe|tradition|Martinez de Pasqually,¿En qué año nació Martinez de Pasqually?,False
Europe|tradition|Martinez de Pasqually,¿Qué rito masónico fundó Martinez de Pasqually y qué relación tenía con Jean Baptiste Willermoz y Louis Claude de Saint-Martin?,False
Europe|tradition|Leif Erikson,¿Cuál es el apodo de Leif Erikson?,False
Europe|tradition|Leif Erikson,¿En qué año nació Leif Erikson?,False
Europe|tradition|Leif Erikson,¿Qué asentamiento nórdico estableció Leif Erikson y en qué contexto histórico se considera su descubrimiento?,False
Europe|tradition|Manuel Sancho Aguilar,¿En qué año nació Manuel Sancho Aguilar?,False
Europe|tradition|Manuel Sancho Aguilar,¿Cuál fue una de las obras escritas por Manuel Sancho Aguilar?,False
Europe|tradition|Manuel Sancho Aguilar,¿Qué profesión tenía Manuel Sancho Aguilar y en qué año fue asesinado?,False
Europe|tradition|Mariquelo,¿Qué es el Mariquelo?,False
Europe|tradition|Mariquelo,¿Desde qué año se ha mantenido la tradición del Mariquelo de forma ininterrumpida?,False
Europe|tradition|Mariquelo,¿Quién fue el último Mariquelo auténtico y en qué año dejó de subir al cimbalillo?,False
Europe|tradition|Lirneso,¿Qué era Lirneso en la mitología griega?,False
Europe|tradition|Lirneso,¿Quién gobernaba Lirneso durante la guerra de Troya?,False
Europe|tradition|Lirneso,¿Qué relación tenía Lirneso con la ciudad de Tebas y quién asaltó Lirneso durante la guerra de Troya?,False
Europe|tradition|Lev Rubinstein,¿Dónde nació Lev Rubinstein?,False
Europe|tradition|Lev Rubinstein,¿En qué año se diplomó Lev Rubinstein en filología?,False
Europe|tradition|Lev Rubinstein,"¿Qué movimiento artístico fundó Lev Rubinstein junto con Vsévolod Nekrásov y Dmitri Prígov, y en qué contexto histórico surgió?",True
Europe|tradition|Matija Nenadović,¿Quién fue Matija Nenadović?,False
Europe|tradition|Matija Nenadović,¿Qué cargo ocupó Matija Nenadović en Serbia entre 1805 y 1807?,False
Europe|tradition|Matija Nenadović,¿Cuál fue el papel de Matija Nenadović en el Primer Levantamiento Serbio y qué hizo en el Congreso de Viena?,False
Europe|tradition|Monasterio de Santa María de la Caridad,¿Qué es el Monasterio de Santa María de la Caridad?,False
Europe|tradition|Monasterio de Santa María de la Caridad,¿En qué año comenzó la vida comunitaria en el Monasterio de Santa María de la Caridad?,False
Europe|tradition|Monasterio de Santa María de la Caridad,¿Cuál es el significado histórico del Monasterio de Santa María de la Caridad en relación con el Císter en España?,False
Europe|tradition|Mirra Komarovsky,¿Cuándo nació Mirra Komarovsky?,False
Europe|tradition|Mirra Komarovsky,¿Qué título académico obtuvo Mirra Komarovsky en 1940?,False
Europe|tradition|Mirra Komarovsky,¿Qué obra de Mirra Komarovsky se basa en un estudio intensivo de familias desempleadas y fue publicada en 1940?,True
Europe|tradition|Nodicia de kesos,¿Qué es la Nodicia de Kesos?,False
Europe|tradition|Nodicia de kesos,¿En qué lugar apareció la Nodicia de Kesos?,False
Europe|tradition|Nodicia de kesos,¿Qué importancia tiene la Nodicia de Kesos en el contexto de la evolución de las lenguas románicas ibéricas?,False
Europe|tradition|Nuestra Señora de Rocamadour,¿Qué es Nuestra Señora de Rocamadour?,False
Europe|tradition|Nuestra Señora de Rocamadour,¿Dónde se encuentra Nuestra Señora de Rocamadour?,False
Europe|tradition|Nuestra Señora de Rocamadour,¿Qué festividad mariana destaca en el Santuario de Nuestra Señora de Rocamadour?,False
Europe|tradition|Museo de Semana Santa de Zamora,¿Cuándo se abrió al público el Museo de Semana Santa de Zamora?,False
Europe|tradition|Museo de Semana Santa de Zamora,¿Cuántos pasos procesionales expone el Museo de Semana Santa de Zamora?,False
Europe|tradition|Museo de Semana Santa de Zamora,¿Qué porcentaje del presupuesto total para la remodelación del Museo de Semana Santa de Zamora será aportado por la Junta de Castilla y León?,False
Europe|tradition|Nuño Coresma,¿Cuál es el nombre latinizado de Nuño Coresma?,False
Europe|tradition|Nuño Coresma,¿En qué año partió Nuño Coresma hacia las Indias Orientales?,False
Europe|tradition|Nuño Coresma,¿Qué situación enfrentó Nuño Coresma y sus compañeros durante su expedición a Tsaparang en 1635?,False
Europe|tradition|Meiga,¿Qué es una meiga?,False
Europe|tradition|Meiga,¿Cuál es la diferencia principal entre una meiga y una bruxa según el antropólogo Carmelo Lisón Tolosana?,False
Europe|tradition|Meiga,¿Qué cambios se observan en la percepción de las meigas y brujas en Galicia a finales del siglo XVI y principios del siglo XVII?,False
Europe|tradition|Leopold Zunz,¿Dónde nació Leopold Zunz?,False
Europe|tradition|Leopold Zunz,¿En qué año fue fundada la Verein fur Kultur und Wissenschaft der Juden por Leopold Zunz?,False
Europe|tradition|Leopold Zunz,¿Qué obra publicada por Leopold Zunz en 1832 es considerada el libro judío más importante del siglo XIX y qué tema aborda?,False
Europe|tradition|Ossip Zadkine,¿Dónde nació Ossip Zadkine?,False
Europe|tradition|Ossip Zadkine,¿En qué año expuso por vez primera Ossip Zadkine?,False
Europe|tradition|Ossip Zadkine,¿Qué influencia tuvo Ossip Zadkine en los escultores posteriores a la Segunda Guerra Mundial y en qué año ganó el primer premio de escultura en la Biennale de Venecia?,False
Europe|tradition|Pablo León Murciego,¿Dónde nació Pablo León Murciego?,False
Europe|tradition|Pablo León Murciego,¿En qué año se ordenó presbítero Pablo León Murciego?,False
Europe|tradition|Pablo León Murciego,¿Qué cargo ocupó Pablo León Murciego en la parroquia de Santa María de Astorga y durante cuántos años lo ejerció?,False
Europe|tradition|Nuestra Señora de la Puerta del Alba,¿Qué es Nuestra Señora de la Puerta del Alba?,True
Europe|tradition|Nuestra Señora de la Puerta del Alba,¿En qué año fue coronada canónicamente Nuestra Señora de la Puerta del Alba por el Papa Pío XI?,False
Europe|tradition|Nuestra Señora de la Puerta del Alba,¿Qué evento histórico se relaciona con la intervención de Nuestra Señora de la Puerta del Alba en 1702 y qué consecuencia tuvo para el ejército sueco?,True
Europe|tradition|Pedro de Alva,¿Cuál es el nombre completo de Pedro de Alva?,False
Europe|tradition|Pedro de Alva,¿En qué año nació Pedro de Alva?,False
Europe|tradition|Pedro de Alva,¿Qué cargo ocupó Pedro de Alva en 1654 y en qué ciudad montó una imprenta para editar sus obras?,False
Europe|tradition|Neócoro,¿Qué es un neócoro?,False
Europe|tradition|Neócoro,¿Cuál era la responsabilidad principal de un neócoro en los templos griegos?,False
Europe|tradition|Neócoro,¿Cómo evolucionó el papel del neócoro desde su origen en los templos griegos hasta su reconocimiento en la era imperial romana?,True
Europe|tradition|Pértiga (liturgia),¿Qué es una pértiga en el contexto de las tradiciones católicas de España?,False
Europe|tradition|Pértiga (liturgia),¿Desde qué siglo se tiene constancia del uso de pértigas en las tradiciones católicas de España?,False
Europe|tradition|Pértiga (liturgia),¿Cómo se consolidó el uso de la pértiga en las procesiones españolas y qué antecedentes tuvo en el siglo XIX?,False
Europe|tradition|Raquel Liberman,¿Dónde nació Raquel Liberman?,False
Europe|tradition|Raquel Liberman,¿Qué red de trata logró deshacer Raquel Liberman?,False
Europe|tradition|Raquel Liberman,¿Qué fecha radicó Raquel Liberman la denuncia contra la Zwi Migdal y quién fue el comisario que la ayudó?,False
Europe|tradition|Peter Binsfeld,¿Quién fue Peter Binsfeld?,False
Europe|tradition|Peter Binsfeld,¿En qué obra escribió Peter Binsfeld sobre las confesiones de los hechiceros y de las brujas?,False
Europe|tradition|Peter Binsfeld,¿Qué afirmaba Peter Binsfeld sobre las confesiones de las presuntas brujas y cómo se relaciona esto con su obra publicada en 1589?,False
Europe|tradition|Piñeiro (Puebla de Trives),¿Cuál es el nombre oficial de Piñeiro?,False
Europe|tradition|Piñeiro (Puebla de Trives),¿En qué provincia se encuentra Piñeiro?,False
Europe|tradition|Piñeiro (Puebla de Trives),¿Qué tipo de entidad es Piñeiro y cuántas entidades de población la conforman?,False
Europe|tradition|Religiosas Terciarias Trinitarias,¿Qué es la Comunidad de Religiosas Terciarias Trinitarias?,False
Europe|tradition|Religiosas Terciarias Trinitarias,¿Quién fundó la Comunidad de Religiosas Terciarias Trinitarias?,False
Europe|tradition|Religiosas Terciarias Trinitarias,¿Cuál fue el propósito de la fundación de las Religiosas Terciarias Trinitarias y qué actividades desarrollan en la actualidad?,False
Europe|tradition|Sancho de Moncada,¿Dónde nació Sancho de Moncada?,False
Europe|tradition|Sancho de Moncada,¿Qué cátedra ocupó Sancho de Moncada en la Universidad de Toledo?,True
Europe|tradition|Sancho de Moncada,¿Qué obra principal escribió Sancho de Moncada y en qué año fue publicada?,True
Europe|tradition|Sankt Augustins Kirke,¿Qué tipo de iglesia es Sankt Augustins Kirke?,False
Europe|tradition|Sankt Augustins Kirke,¿En qué año fue completada Sankt Augustins Kirke?,False
Europe|tradition|Sankt Augustins Kirke,¿Quién diseñó Sankt Augustins Kirke y qué otro edificio importante había diseñado anteriormente?,True
Europe|tradition|Santuario de Fátima,¿Qué es el Santuario de Fátima?,False
Europe|tradition|Santuario de Fátima,¿A cuántos kilómetros de la ciudad de Ourém está situado el Santuario de Fátima?,False
Europe|tradition|Santuario de Fátima,¿Cuáles son algunos de los principales componentes del Santuario de Fátima?,False
Europe|tradition|Palas (gigante),¿Quién es Palas en la mitología griega?,False
Europe|tradition|Palas (gigante),¿Con quién está vinculado Palas en la mitología griega?,False
Europe|tradition|Palas (gigante),¿Qué ocurrió durante la Gigantomaquia con Palas y Atenea?,True
Europe|tradition|Uriel da Costa,¿Cuál es el año de nacimiento de Uriel da Costa?,False
Europe|tradition|Uriel da Costa,¿En qué universidad estudió Uriel da Costa?,False
Europe|tradition|Uriel da Costa,¿Qué obra escribió Uriel da Costa que narra su experiencia vital y su relación con la comunidad judía?,False
Europe|tradition|Petición antisemita,¿Qué es la petición antisemita?,False
Europe|tradition|Petición antisemita,¿Quiénes fueron algunos de los principales inspiradores de la petición antisemita?,False
Europe|tradition|Petición antisemita,¿Cuáles eran algunas de las demandas específicas de la petición antisemita?,False
Europe|tradition|Targitao,¿Quién fue Targitao en la mitología griega?,False
Europe|tradition|Targitao,¿De quién era hijo Targitao según la mitología griega?,False
Europe|tradition|Targitao,¿Qué relación tiene Targitao con Heródoto y qué se dice sobre su origen?,False
Europe|tradition|Sunday Assembly,¿Qué es Sunday Assembly?,False
Europe|tradition|Sunday Assembly,¿Cuántos lugares alrededor del mundo se establecieron Sunday Assembly hasta diciembre de 2019?,False
Europe|tradition|Sunday Assembly,¿Quiénes cofundaron Sunday Assembly y en qué año se fundó?,False
Europe|tradition|Tserkvas de madera de la región de los Cárpatos en Polonia y Ucrania,¿Qué son las tserkvas de madera de la región de los Cárpatos en Polonia y Ucrania?,False
Europe|tradition|Tserkvas de madera de la región de los Cárpatos en Polonia y Ucrania,¿En qué países están ubicadas las tserkvas de madera de la región de los Cárpatos?,False
Europe|tradition|Tserkvas de madera de la región de los Cárpatos en Polonia y Ucrania,¿En qué año fueron inscritas las tserkvas de madera de la región de los Cárpatos en la lista de Patrimonio de la Humanidad de la Unesco?,False
LATAM|dish|Alcitrón,¿Qué fruta se utiliza para elaborar el alcitrón?,False
LATAM|dish|Alcitrón,"¿Quién llevó la receta del alcitrón a Siguatepeque, Honduras?",False
LATAM|dish|Alcitrón,¿Cuáles son las diferencias entre el alcitrón elaborado en Honduras y el acitrón elaborado en México?,False
LATAM|dish|Astor Birra,¿Qué es Astor Birra?,False
LATAM|dish|Astor Birra,¿En qué ciudad se elabora Astor Birra?,False
LATAM|dish|Astor Birra,¿Qué premio obtuvo Astor Birra en la Copa Argentina de Cervezas en 2021 y qué significa esto en el contexto de la cervecería en Argentina?,False
Europe|tradition|SoKo (cantante),¿Cuál es el nombre artístico de Stéphanie Sokolinski?,False
Europe|tradition|SoKo (cantante),¿Qué canción de SoKo alcanzó el decimoprimer puesto en las encuestas en Bélgica en 2008?,True
Europe|tradition|SoKo (cantante),¿Qué decisión tomó SoKo respecto a su carrera musical después de terminar su gira en Australia y qué motivo dio para ello?,False
Europe|tradition|Templo de Némesis,¿Qué es el Templo de Némesis?,False
Europe|tradition|Templo de Némesis,¿Cuándo comenzó la construcción del tercer templo de Némesis?,False
Europe|tradition|Templo de Némesis,¿Qué relación tiene el Templo de Némesis con la derrota aqueménida en la batalla de Maratón?,False
Europe|tradition|Vaca enmaromada de Palazuelo de Vedija,¿Qué es la Vaca enmaromada de Palazuelo de Vedija?,False
Europe|tradition|Vaca enmaromada de Palazuelo de Vedija,¿En qué fecha se celebra la Vaca enmaromada de Palazuelo de Vedija?,False
Europe|tradition|Vaca enmaromada de Palazuelo de Vedija,¿Qué significados culturales y reconocimientos ha tenido la Vaca enmaromada de Palazuelo de Vedija a lo largo de su historia?,True
LATAM|dish|Escuís,¿Qué es Escuís?,False
LATAM|dish|Escuís,¿En qué año fue introducido Escuís al mercado?,False
LATAM|dish|Escuís,¿Qué compañía fue la creadora de Escuís y quién lo produce actualmente?,False
LATAM|dish|Frejol colado,¿Qué es el frejol colado?,False
LATAM|dish|Frejol colado,¿Qué legumbre se emplea en la preparación del frejol colado?,False
LATAM|dish|Frejol colado,¿Quiénes desarrollaron el frejol colado y cómo se denominaban originalmente?,False
LATAM|dish|Gastronomía de Arequipa,¿Cuántas variedades de platos típicos ha registrado la gastronomía de Arequipa?,False
LATAM|dish|Gastronomía de Arequipa,¿Qué tipo de dieta tiene la gastronomía de Arequipa para cada día de la semana?,False
LATAM|dish|Gastronomía de Arequipa,¿Qué características hacen que la gastronomía de Arequipa sobresalga en comparación con otras localidades del Perú?,False
LATAM|dish|Canelazo,¿Qué es el canelazo?,False
LATAM|dish|Canelazo,¿Con qué ingredientes se prepara tradicionalmente el canelazo en Colombia?,False
LATAM|dish|Canelazo,¿En qué países se consume el canelazo y en qué contexto es especialmente popular en Ecuador?,False
LATAM|dish|Carbonada,¿En qué tipo de recipiente se realiza la carbonada?,False
LATAM|dish|Carbonada,¿Qué consistencia debe obtener el caldo y los ingredientes de la carbonada al hervir?,False
LATAM|dish|Carbonada,¿Qué ingredientes se identifican claramente en la carbonada criolla y cuál es su importancia cultural?,False
LATAM|dish|Canna indica,¿Qué es Canna indica?,False
LATAM|dish|Canna indica,¿En qué regiones es originaria Canna indica?,False
LATAM|dish|Canna indica,¿Qué usos alimenticios se le da a Canna indica en Colombia y cómo se relaciona con su producción de almidón?,True
LATAM|dish|Fainá,¿Qué es la fainá?,False
LATAM|dish|Fainá,¿En qué país se considera que las primeras fainás fueron elaboradas en un horno construido por Nicola Vaccarezza?,False
LATAM|dish|Fainá,¿Qué variaciones de la fainá se conocen en Italia y cómo se relacionan con su historia en Argentina y Uruguay?,False
LATAM|dish|Instituto de la Uva de la UCLA,¿En qué año fue fundado el Instituto de la Uva de la UCLA?,False
LATAM|dish|Instituto de la Uva de la UCLA,¿Cuál es el objetivo fundamental del Instituto de la Uva de la UCLA?,False
LATAM|dish|Instituto de la Uva de la UCLA,¿Qué actividades desarrolla el Instituto de la Uva de la UCLA y en qué año se consolida su infraestructura física?,False
LATAM|dish|Gastronomía de la República Dominicana,¿Cuál es el plato nacional de la República Dominicana?,False
LATAM|dish|Gastronomía de la República Dominicana,"¿Qué ingredientes componen el plato nacional ""La Bandera""?",False
LATAM|dish|Gastronomía de la República Dominicana,"¿Qué se suele acompañar con ""La Bandera"" y en qué contexto se consume principalmente?",False
LATAM|dish|Gastronomía de Tlaxcala,¿Qué alimento tradicional de la gastronomía de Tlaxcala se elabora a partir de maíz?,False
LATAM|dish|Gastronomía de Tlaxcala,¿Qué platillo de la gastronomía tlaxcalteca se elabora con gusanos de maguey?,False
LATAM|dish|Gastronomía de Tlaxcala,¿Qué platillo típico de la gastronomía tlaxcalteca es procedente de Chiautempan y Contla y está relacionado con la diosa Toci?,False
LATAM|dish|Perú Cola,¿Qué es Perú Cola?,False
LATAM|dish|Perú Cola,¿Quién fue el creador de Perú Cola?,False
LATAM|dish|Perú Cola,¿Qué evento significativo ocurrió el 16 de mayo de 2018 relacionado con Perú Cola?,False
LATAM|dish|Grisín,¿Qué es un grisín?,False
LATAM|dish|Grisín,¿Cómo se describe la forma y textura de un grisín?,False
LATAM|dish|Grisín,¿Qué nombres recibe el grisín en diferentes países de habla hispana?,False
LATAM|dish|Pastel de choclo,¿Qué es el pastel de choclo?,False
LATAM|dish|Pastel de choclo,¿Cuáles son algunos ingredientes que se pueden agregar al pastel de choclo en su preparación?,False
LATAM|dish|Pastel de choclo,¿Cuál es el contexto histórico del origen del pastel de choclo y quiénes se cree que lo crearon?,True
LATAM|dish|Menudo (comida),¿Qué es el menudo?,False
LATAM|dish|Menudo (comida),¿Cuáles son algunos ingredientes básicos que se utilizan en la preparación del menudo?,False
LATAM|dish|Menudo (comida),¿Qué variaciones del menudo existen en México y cómo se diferencian entre sí?,False
LATAM|dish|Tumba negro,¿Qué es el tumba negro?,True
LATAM|dish|Tumba negro,¿Cuáles son los ingredientes principales del tumba negro?,False
LATAM|dish|Tumba negro,¿Quién inventó el tumba negro y qué motivó su creación?,True
LATAM|dish|aguado de gallina,¿Qué es el aguado de gallina?,False
LATAM|dish|aguado de gallina,¿Con qué ingredientes se prepara el aguado de gallina?,False
LATAM|dish|aguado de gallina,¿Cómo se sirve el aguado de gallina en los almuerzos familiares?,False
LATAM|dish|aguardiente,¿Qué es el aguardiente?,False
LATAM|dish|aguardiente,¿De qué provienen los aguardientes?,False
LATAM|dish|aguardiente,¿Qué se atribuye a Arnau de Vilanova en relación con el aguardiente y qué nombre se le daba debido a su baja inflamabilidad?,False
LATAM|dish|Rocoto relleno,¿Qué es el rocoto relleno?,False
LATAM|dish|Rocoto relleno,¿Cuáles son algunos de los ingredientes que se utilizan en la preparación del rocoto relleno?,False
LATAM|dish|Rocoto relleno,¿Qué evento significativo relacionado con el rocoto relleno se llevó a cabo en Arequipa en 2016?,False
LATAM|dish|arrollado de huaso,¿Qué es el arrollado de huaso?,False
LATAM|dish|arrollado de huaso,¿Qué tipo de carne se utiliza en el arrollado de huaso?,False
LATAM|dish|arrollado de huaso,¿En qué época tiene su origen el arrollado de huaso y qué grupo lo preparaba?,False
LATAM|dish|Vino de Uruguay,¿Qué es el vino de Uruguay?,False
LATAM|dish|Vino de Uruguay,¿Cuáles son las principales zonas vitivinícolas de Uruguay?,False
LATAM|dish|Vino de Uruguay,¿Qué impacto tuvo Don Pascual Harriague en la industria vitivinícola uruguaya?,False
LATAM|dish|Tarefero,¿Qué es un tarefero?,True
LATAM|dish|Tarefero,¿Qué problemática atraviesan las personas que realizan la tarea de tarefero en Misiones?,False
LATAM|dish|Tarefero,"¿Qué evento se celebra anualmente en la localidad de Concepción de la Sierra, Misiones, relacionado con los tareferos?",False
LATAM|dish|bar cinzano,¿Qué tipo de establecimiento es el Bar Cinzano?,False
LATAM|dish|bar cinzano,¿Dónde se ubica el Bar Cinzano?,False
LATAM|dish|bar cinzano,¿Quién adquirió el Bar Cinzano en 1978 y qué transformación realizó en el local?,False
LATAM|dish|aulacomya atra,¿Qué tipo de organismo es Aulacomya atra?,False
LATAM|dish|aulacomya atra,¿En qué países se encuentra Aulacomya atra?,False
LATAM|dish|aulacomya atra,¿Cuál es la distribución de Aulacomya atra en el Atlántico americano y qué importancia tuvo en las poblaciones cazadoras recolectoras de la Patagonia?,False
LATAM|dish|avena fatua,¿Qué tipo de planta es la avena fatua?,False
LATAM|dish|avena fatua,¿Quién describió la avena fatua y en qué obra fue publicado?,False
LATAM|dish|avena fatua,¿En qué hábitats se puede encontrar la avena fatua y en qué regiones se distribuye?,False
LATAM|dish|beso de moza,¿Qué es el beso de moza?,False
LATAM|dish|beso de moza,¿De qué está compuesto el beso de moza?,False
LATAM|dish|beso de moza,¿Cómo se conoce el beso de moza en Colombia y qué nombre se le da en Ecuador?,False
LATAM|dish|ajillo,¿Qué es el ajillo?,False
LATAM|dish|ajillo,¿Qué ingredientes se le agregan al ajillo en la preparación de platos?,False
LATAM|dish|ajillo,"¿Qué platos incluyen la preparación ""al ajillo"" y qué ingredientes adicionales se utilizan en su elaboración?",False
LATAM|dish|blepharocalyx salicifolius,¿Qué tipo de planta es Blepharocalyx salicifolius?,False
LATAM|dish|blepharocalyx salicifolius,¿En qué región es originario Blepharocalyx salicifolius?,False
LATAM|dish|blepharocalyx salicifolius,¿Qué características distintivas presenta el cáliz de Blepharocalyx salicifolius y quién lo describió?,False
LATAM|dish|bar el hacha,¿Dónde está ubicado el Bar El Hacha?,False
LATAM|dish|bar el hacha,¿Qué tipo de establecimiento fue inaugurado como el Bar El Hacha?,False
LATAM|dish|bar el hacha,"¿Qué evento histórico llevó a que el Bar El Hacha fuera identificado como la ""esquina del hacha""?",False
LATAM|dish|borgoña (bebida),¿Qué es el borgoña?,False
LATAM|dish|borgoña (bebida),¿Con qué ingredientes se elabora el borgoña?,False
LATAM|dish|borgoña (bebida),¿Cuál es la relación histórica del borgoña con el pueblo mapuche?,False
LATAM|dish|capias,¿Qué es una capia?,False
LATAM|dish|capias,¿Con qué se rellenan las capias?,False
LATAM|dish|capias,¿Qué tipo de harina se utiliza para hacer las capias de los departamentos de Santa María y Belén en Catamarca?,False
LATAM|dish|carne mechada (estofado),¿Qué es la carne mechada?,False
LATAM|dish|carne mechada (estofado),¿Con qué tipo de carne se elabora comúnmente la carne mechada en Venezuela y Colombia?,False
LATAM|dish|carne mechada (estofado),¿Qué variante de carne mechada se utiliza en el estado Lara de Venezuela y cómo se prepara?,False
LATAM|dish|cerveza paceña,¿Qué es la cerveza Paceña?,False
LATAM|dish|cerveza paceña,¿Quién elabora la cerveza Paceña?,False
LATAM|dish|cerveza paceña,¿Desde qué año se remonta la historia de la cerveza Paceña y qué características tiene su producción en altura?,False
LATAM|dish|ceviche peruano,¿Qué es el ceviche peruano?,False
LATAM|dish|ceviche peruano,¿En qué tipo de restaurante se sirve el ceviche peruano?,False
LATAM|dish|ceviche peruano,¿Cuál es la cultura que se menciona como origen del ceviche peruano y qué ingredientes se añadieron con la presencia hispánica?,False
LATAM|dish|caburé (comida),¿Qué es el caburé?,False
LATAM|dish|caburé (comida),¿Qué ingredientes debe tener el caburé?,False
LATAM|dish|caburé (comida),¿En qué evento se celebra la Fiesta Provincial del Caburé y qué se puede probar allí?,False
LATAM|dish|casa de la virreina,¿Qué es la Casa de la Virreina en la escena gastronómica de México?,False
LATAM|dish|casa de la virreina,¿En qué año fue terminada la Casa de la Virreina?,False
LATAM|dish|casa de la virreina,¿Qué capacidad tiene el Salón Virrey de la Casa de la Virreina y qué importancia histórica tiene este lugar?,False
LATAM|dish|cangrejo reventado,¿Qué es el cangrejo reventado?,False
LATAM|dish|cangrejo reventado,¿Con qué se sirve el cangrejo reventado?,False
LATAM|dish|cangrejo reventado,¿Qué ingredientes se utilizan para elaborar el cangrejo reventado?,False
LATAM|dish|casado (plato),¿Qué es el casado?,False
LATAM|dish|casado (plato),¿En qué década se consolidó el plato casado?,False
LATAM|dish|casado (plato),¿Qué influencias gastronómicas combina el casado y cuáles son algunos de sus ingredientes?,False
LATAM|dish|café de paraguay,¿En qué siglo comenzó la producción de café en Paraguay?,False
LATAM|dish|café de paraguay,¿Cuántos cafetos había en Paraguay en 1889?,False
LATAM|dish|café de paraguay,¿Qué se suponía sobre el café producido en Paraguay en comparación con el café producido en Brasil?,False
LATAM|dish|chepina peralta,¿Cuál es el nombre completo de Chepina Peralta?,False
LATAM|dish|chepina peralta,¿En qué año inició su carrera Chepina Peralta en televisión?,False
LATAM|dish|chepina peralta,¿Cuántos programas de televisión y de radio realizó Chepina Peralta a lo largo de su carrera?,False
LATAM|dish|cervezas de méxico,¿Qué bebida tiene una larga historia como bebida fermentada en México?,False
LATAM|dish|cervezas de méxico,¿Cuál es el sexto lugar a nivel mundial en consumo de cerveza?,False
LATAM|dish|cervezas de méxico,¿Qué dos grupos cerveceros fueron responsables de la producción de la mayoría de las cervezas antes mexicanas?,False
LATAM|dish|chuchuhuasi (licor),¿Qué tipo de bebida es el chuchuhuasi?,False
LATAM|dish|chuchuhuasi (licor),¿En qué se basa la preparación del chuchuhuasi?,False
LATAM|dish|chuchuhuasi (licor),¿En qué países se consume el chuchuhuasi y qué tipo de bebida es?,False
LATAM|dish|chile piquín,¿Qué es el chile piquín?,False
LATAM|dish|chile piquín,¿En qué cocina se utiliza el chile piquín?,False
LATAM|dish|chile piquín,¿Cuáles son algunos de los platillos típicos que se elaboran con chile piquín en la cocina tabasqueña?,False
LATAM|dish|chocolate parviao,¿Qué es el chocolate parviao?,False
LATAM|dish|chocolate parviao,¿Con qué tipo de alimentos se acompaña el chocolate parviao?,False
LATAM|dish|chocolate parviao,¿Qué constituye el chocolate parviao en la tradición gastronómica paisa?,False
LATAM|dish|crema de huacatay,¿Qué es la crema de huacatay?,False
LATAM|dish|crema de huacatay,¿Cuáles son algunos de los ingredientes de la crema de huacatay?,False
LATAM|dish|crema de huacatay,¿En qué plato tradicional peruano es uno de los ingredientes principales la crema de huacatay?,False
LATAM|dish|cocoroco,¿Cuál es el nombre comercial del cocoroco?,False
LATAM|dish|cocoroco,¿Dónde se consigue el cocoroco en Chile?,False
LATAM|dish|cocoroco,¿Por qué el cocoroco es conocido por su alto grado alcohólico y en qué país se permite un máximo de 55% de alcohol?,False
LATAM|dish|catara,¿Qué es la catara?,False
LATAM|dish|catara,¿Con qué se elabora la catara?,False
LATAM|dish|catara,¿Qué ingredientes se mezclan con el zumo de yuca dulce en la preparación de la catara?,False
LATAM|dish|chupilca,¿Qué es la chupilca?,False
LATAM|dish|chupilca,¿Qué ingredientes básicos componen la chupilca?,False
LATAM|dish|chupilca,¿Qué relación tiene la chupilca con los soldados chilenos durante la Guerra del Pacífico?,False
LATAM|dish|comida corrida,¿Qué es la comida corrida?,False
LATAM|dish|comida corrida,¿En qué tipo de establecimientos se sirve principalmente la comida corrida?,False
LATAM|dish|comida corrida,¿A qué época se remonta el origen de la comida corrida y qué necesidad satisfacía en ese contexto?,True
LATAM|dish|dulce de lechosa,¿Qué es el dulce de lechosa?,False
LATAM|dish|dulce de lechosa,¿En qué ocasiones se elabora tradicionalmente el dulce de lechosa?,False
LATAM|dish|dulce de lechosa,¿Qué reconocimiento recibió el dulce de lechosa en 2019 y en qué país es considerado un dulce tradicional?,True
LATAM|dish|fiesta de pillos,¿Qué es la fiesta de pillos?,False
LATAM|dish|fiesta de pillos,¿En qué época del año tiene lugar la fiesta de pillos?,False
LATAM|dish|fiesta de pillos,¿Qué simbolizan los pillos que se cuelgan en el cuello de las personas que ceden el cargo de autoridad durante la fiesta de pillos?,False
LATAM|dish|dominó (chile),¿Qué es Dominó en Chile?,False
LATAM|dish|dominó (chile),¿En qué año comenzó Dominó?,False
LATAM|dish|dominó (chile),¿Qué importante evento relacionado con el completo instauró Dominó en 2009?,True
LATAM|dish|desayuno electoral,¿Qué es el desayuno electoral?,False
LATAM|dish|desayuno electoral,¿Quién inició la costumbre del desayuno electoral en Perú?,False
LATAM|dish|desayuno electoral,¿Qué platos tradicionales se incluyen comúnmente en el desayuno electoral en Perú?,False
LATAM|dish|chogosta,¿Qué es la chogosta?,True
LATAM|dish|chogosta,¿Qué tipo de tierra se utiliza para elaborar la chogosta?,False
LATAM|dish|chogosta,¿Cuál es la relación histórica entre la chogosta y las comunidades indígenas de la región de Jáltipan?,False
LATAM|dish|epazote,¿Qué tipo de planta es el epazote?,False
LATAM|dish|epazote,¿En qué región se encuentra distribuido el epazote?,False
LATAM|dish|epazote,¿Qué nombre se le daba al epazote en la época de los aztecas y qué significa su etimología en náhuatl?,True
LATAM|dish|fritanga (bolivia),¿Qué es la fritanga?,False
LATAM|dish|fritanga (bolivia),¿Con qué tipo de carne se elabora la fritanga?,False
LATAM|dish|fritanga (bolivia),¿En qué departamentos de Bolivia se debate la preparación tradicional de la fritanga?,False
LATAM|dish|garnacha (alimento),¿Qué es la garnacha?,False
LATAM|dish|garnacha (alimento),¿Con qué se suele acompañar la garnacha?,False
LATAM|dish|garnacha (alimento),¿Cuál es la particularidad de la garnacha en Guatemala en comparación con la de México?,False
LATAM|dish|fricasé de cerdo,¿Qué es el fricasé de cerdo?,False
LATAM|dish|fricasé de cerdo,¿Qué ingredientes incluye el fricasé de cerdo?,False
LATAM|dish|fricasé de cerdo,¿Por qué el fricasé de cerdo es considerado patrimonio cultural de La Paz?,False
LATAM|dish|hallaquita,¿Qué es la hallaquita?,False
LATAM|dish|hallaquita,¿Con qué se consume comúnmente la hallaquita?,False
LATAM|dish|hallaquita,¿Qué ingredientes se añaden a la masa de hallaquita para darle mayor suavidad y qué variante se elabora con maíz tierno?,False
LATAM|dish|huevos divorciados,¿Qué son los huevos divorciados?,False
LATAM|dish|huevos divorciados,¿Con qué salsas se bañan los huevos divorciados?,False
LATAM|dish|huevos divorciados,¿Cuál es el contexto cultural y la región donde se considera un desayuno tradicional los huevos divorciados?,False
LATAM|dish|gastronomía de salta,"¿Qué plato incluye la gastronomía de Salta que se prepara a base de zapallo, porotos y maíz?",False
LATAM|dish|gastronomía de salta,¿Qué ingredientes se utilizan comúnmente en la preparación del tamal en Salta?,False
LATAM|dish|gastronomía de salta,¿Qué plato de la gastronomía de Salta se cocina bajo tierra y se celebra anualmente en un festival en la localidad de El Jardín?,False
LATAM|dish|hielito,¿Qué es el hielito?,False
LATAM|dish|hielito,¿En qué forma se envuelve el hielito?,False
LATAM|dish|hielito,¿Cómo se conocen los hielitos en Costa Rica y qué tipo de producción tienen en Colombia?,False
LATAM|dish|guanta ahumada,¿Qué es la guanta ahumada?,False
LATAM|dish|guanta ahumada,¿Con qué se prepara la guanta ahumada?,False
LATAM|dish|guanta ahumada,¿Por qué es apreciada la guanta ahumada en la gastronomía de la nacionalidad Chachi?,False
LATAM|dish|hervido (bebida),¿Qué tipo de bebida es el hervido?,False
LATAM|dish|hervido (bebida),¿En qué departamento colombiano se consume el hervido?,False
LATAM|dish|hervido (bebida),¿Qué frutas se utilizan tradicionalmente para preparar el hervido en Nariño?,False
LATAM|dish|hoja de maíz,¿Qué es la hoja de maíz?,False
LATAM|dish|hoja de maíz,¿Cómo se utiliza la hoja de maíz en la cocina?,False
LATAM|dish|hoja de maíz,¿Qué nombres recibe la hoja de maíz en diferentes regiones de América Latina y cuáles son algunos de sus usos?,False
LATAM|dish|hojuela,¿Qué es la hojuela?,False
LATAM|dish|hojuela,¿Qué ingredientes básicos se utilizan para elaborar las hojuelas en Colombia?,False
LATAM|dish|hojuela,¿En qué festividades se suelen preparar las hojuelas en Colombia y qué otras tradiciones culinarias se asocian con su consumo?,False
LATAM|dish|luces de la habana,"¿Qué es ""luces de la habana""?",False
LATAM|dish|luces de la habana,"¿En qué tipo de vaso se prepara ""luces de la habana""?",False
LATAM|dish|luces de la habana,"¿Qué ingredientes se utilizan para hacer ""luces de la habana""?",False
LATAM|dish|menyul,¿Qué es el menyul?,False
LATAM|dish|menyul,¿Qué ingredientes contiene el menyul?,False
LATAM|dish|menyul,¿Por qué el menyul es motivo de orgullo para los cordobeses?,False
LATAM|dish|majarete,¿Qué es el majarete?,False
LATAM|dish|majarete,¿Qué ingrediente se utiliza para dar consistencia al majarete?,False
LATAM|dish|majarete,¿Cómo se conoce el majarete cuando se elabora con maíz tierno en Venezuela?,False
LATAM|dish|museo del vino de mendoza,¿Qué es el Museo del Vino de Mendoza?,False
LATAM|dish|museo del vino de mendoza,¿Cuántas piezas tiene el Museo del Vino de Mendoza?,False
LATAM|dish|museo del vino de mendoza,¿Qué se puede realizar en el Museo del Vino de Mendoza además de visitar sus exposiciones?,False
LATAM|dish|mangú,¿Qué tipo de plato es el mangú?,False
LATAM|dish|mangú,¿Con qué ingredientes se acompaña comúnmente el mangú?,False
LATAM|dish|mangú,¿Cuál es el origen del mangú y qué influencia cultural tiene en su preparación?,False
LATAM|dish|mike mercedes,¿Cuál es el nombre completo de Mike Mercedes?,False
LATAM|dish|mike mercedes,¿En qué año nació Mike Mercedes?,False
LATAM|dish|mike mercedes,¿Para qué jefes de Estado cocinó Mike Mercedes durante su carrera?,False
LATAM|dish|mote con huesillos,¿Qué es el mote con huesillos?,False
LATAM|dish|mote con huesillos,¿Dónde ha sido registrado el mote con huesillos más grande de Chile?,False
LATAM|dish|mote con huesillos,¿Qué se necesita para preparar el mote con huesillos y cómo se endulza?,False
LATAM|dish|mojo (salsa),¿Qué es el mojo?,False
LATAM|dish|mojo (salsa),¿Cuáles son las dos grandes familias en las que se clasifica el mojo?,False
LATAM|dish|mojo (salsa),¿Qué ingredientes componen comúnmente los mojos rojos y para qué tipo de comida se utilizan?,False
LATAM|dish|nixtamal,¿Qué es el nixtamal?,True
LATAM|dish|nixtamal,¿Cómo se trata el grano de maíz para producir nixtamal?,False
LATAM|dish|nixtamal,¿Qué beneficios nutricionales aporta el nixtamal y cómo se utiliza en la cocina mexicana?,False
LATAM|dish|naiboa,¿Qué es la naiboa?,False
LATAM|dish|naiboa,¿Qué ingredientes se colocan en la naiboa?,False
LATAM|dish|naiboa,¿Cómo se prepara la naiboa y qué variante se encuentra en el oriente del país?,False
LATAM|dish|nerita fulgurans,¿Qué tipo de organismo es nerita fulgurans?,False
LATAM|dish|nerita fulgurans,¿Cuál es el tamaño de nerita fulgurans?,False
LATAM|dish|nerita fulgurans,¿En qué hábitat se puede encontrar nerita fulgurans y qué tipo de alimentación tiene?,False
LATAM|dish|pectinidae,¿Qué son los pectínidos?,False
LATAM|dish|pectinidae,¿En qué tipo de hábitat viven principalmente los pectínidos?,False
LATAM|dish|pectinidae,¿Qué características distintivas tienen las conchas de los pectínidos y en qué contexto cultural se han utilizado?,False
LATAM|dish|pecten maximus,¿Cuál es el nombre común de Pecten maximus?,False
LATAM|dish|pecten maximus,¿Qué tipo de organismo es Pecten maximus?,False
LATAM|dish|pecten maximus,¿En qué década comenzó el cultivo de Pecten maximus en Francia y qué motivó su acuicultura?,False
LATAM|dish|pionono,¿Qué es el pionono?,False
LATAM|dish|pionono,¿Dónde se elabora tradicionalmente el pionono?,False
LATAM|dish|pionono,"¿A quién alude el nombre ""pionono"" y qué representa su forma?",False
LATAM|dish|pisco chileno,¿Qué es el pisco chileno?,False
LATAM|dish|pisco chileno,¿En qué regiones de Chile se produce el pisco chileno?,False
LATAM|dish|pisco chileno,¿Cuál es la controversia relacionada con la denominación de origen del pisco chileno?,False
LATAM|dish|pique macho,¿Qué es el pique macho?,False
LATAM|dish|pique macho,¿Por qué se considera que el pique macho es normalmente picante?,True
LATAM|dish|pique macho,¿Qué se cuenta sobre la creación del pique macho en los años 70?,False
LATAM|dish|pan de arani,¿Qué es el pan de Arani?,False
LATAM|dish|pan de arani,¿Qué ingredientes suele tener el pan de Arani?,False
LATAM|dish|pan de arani,¿Cuál es la tradición asociada al pan de Arani en el contexto de los enamorados que deciden casarse?,False
LATAM|dish|sopa de chuchuka con patas de cerdo,¿Cuál es el ingrediente principal de la sopa de chuchuka con patas de cerdo?,False
LATAM|dish|sopa de chuchuka con patas de cerdo,¿Qué tipo de productos se utilizan en la elaboración de la sopa de chuchuka con patas de cerdo?,False
LATAM|dish|sopa de chuchuka con patas de cerdo,¿Por qué la sopa de chuchuka con patas de cerdo es considerada parte de la soberanía alimentaria en la cultura Kichwa Otavalo?,False
LATAM|dish|recado rojo,¿Qué es el recado rojo?,False
LATAM|dish|recado rojo,¿Qué ingredientes incluye el recado rojo?,False
LATAM|dish|recado rojo,¿Qué platos se pueden cocinar utilizando el recado rojo y qué carnes acompaña bien?,False
LATAM|dish|salsa criolla,¿Qué es la salsa criolla?,False
LATAM|dish|salsa criolla,¿Qué ingredientes se utilizan comúnmente en la salsa criolla de Argentina y Uruguay?,False
LATAM|dish|salsa criolla,¿Cuál es el acompañante más importante de la comida popular en Perú y qué ingredientes se le agregan en algunos casos?,False
LATAM|dish|salsa roja picante (méxico),¿Qué es la salsa roja picante en la comida mexicana?,False
LATAM|dish|salsa roja picante (méxico),¿Con qué se puede moler la salsa roja picante?,False
LATAM|dish|salsa roja picante (méxico),¿Cuáles son las variantes en las que se presenta la salsa roja picante y cómo se elabora cada una?,True
LATAM|dish|kam lu wantán,¿Qué es el kam lu wantán?,False
LATAM|dish|kam lu wantán,¿Con qué se elabora el kam lu wantán?,False
LATAM|dish|kam lu wantán,¿Qué ingredientes se añaden generalmente al kam lu wantán y qué relevancia tuvo en la política peruana?,False
LATAM|dish|solterito,¿Qué es el solterito?,False
LATAM|dish|solterito,¿De qué ciudad es originario el solterito?,False
LATAM|dish|solterito,¿Qué ingredientes contiene el solterito y en qué tipo de establecimiento se destaca su oferta gastronómica?,False
LATAM|dish|sucumbé,¿Qué es el sucumbé?,False
LATAM|dish|sucumbé,¿Con qué ingredientes se prepara el sucumbé?,False
LATAM|dish|sucumbé,¿En qué festividades es característica la bebida sucumbé y qué bebida típica se añade a su preparación?,False
LATAM|dish|tinga,¿Qué es la tinga?,False
LATAM|dish|tinga,¿En qué estado de México es típico comer tinga de hongo de cazahuate?,False
LATAM|dish|tinga,¿Qué ingredientes suele incluir la tinga en Tlaxcala?,False
LATAM|dish|teresa ocampo,¿Quién es Teresa Ocampo?,False
LATAM|dish|teresa ocampo,¿En qué institución realizó Teresa Ocampo sus estudios profesionales?,False
LATAM|dish|teresa ocampo,¿Qué organización fundó Teresa Ocampo y cuál fue su rol en ella?,False
LATAM|dish|suspiro (panameño),¿Qué es el suspiro panameño?,False
LATAM|dish|suspiro (panameño),¿En qué consiste el suspiro panameño?,False
LATAM|dish|suspiro (panameño),¿Qué ingredientes básicos se utilizan para hacer suspiros panameños y cómo se preparan?,False
LATAM|dish|tlatonile,¿Qué es el tlatonile?,False
LATAM|dish|tlatonile,¿Con qué ingredientes se elabora el tlatonile?,False
LATAM|dish|tlatonile,¿Por qué se considera el tlatonile como comida de reyes y en qué contexto se ofrecía tradicionalmente?,False
LATAM|dish|supán,¿Cuál es la mayor empresa productora de pan de Ecuador?,False
LATAM|dish|supán,¿En qué año fue fundada Supán?,False
LATAM|dish|supán,¿Cuántos empleados tenía Supán en Ecuador en julio de 2014 y qué empresa anunció su compra ese mismo año?,False
LATAM|dish|ximbó,¿Qué tipo de carne se utiliza principalmente en la preparación del ximbó?,False
LATAM|dish|ximbó,¿En qué se envuelve el ximbó durante su preparación?,False
LATAM|dish|ximbó,"¿Desde qué año se realiza el Festival del Ximbó en Actopan, y qué técnica de cocción se utiliza para su preparación?",False
LATAM|dish|virgilio martínez,¿Quién es Virgilio Martínez?,False
LATAM|dish|virgilio martínez,¿Qué restaurante es propiedad de Virgilio Martínez?,False
LATAM|dish|virgilio martínez,¿En qué año se ubicó el restaurante Central en el número 5 de los Cincuenta Mejores Restaurantes del Mundo?,False
LATAM|dish|ulpo,¿Qué es el ulpo?,False
LATAM|dish|ulpo,¿Con qué ingrediente principal se elabora el ulpo?,False
LATAM|dish|ulpo,"¿Cuál es el origen etimológico de la palabra ""ulpo"" y qué efecto tiene este alimento en el cuerpo?",False
LATAM|fauna|Acestrocephalus pallidus,¿Qué tipo de especie es Acestrocephalus pallidus?,False
LATAM|fauna|Acestrocephalus pallidus,¿Cuántas vértebras tiene Acestrocephalus pallidus?,False
LATAM|fauna|Acestrocephalus pallidus,¿En qué hábitat vive Acestrocephalus pallidus y en qué región de Sudamérica se encuentra?,True
LATAM|dish|té de cascarilla,¿Qué es el té de cascarilla?,False
LATAM|dish|té de cascarilla,¿Cómo se prepara el té de cascarilla?,False
LATAM|dish|té de cascarilla,¿En qué contexto se consume el té de cascarilla en Uruguay y quiénes son sus principales consumidores?,False
LATAM|fauna|Amorbia concavana,¿Qué tipo de especie es Amorbia concavana?,False
LATAM|fauna|Amorbia concavana,¿En qué país se distribuye Amorbia concavana?,False
LATAM|fauna|Amorbia concavana,¿Quién describió Amorbia concavana y en qué año fue publicada su descripción?,False
LATAM|fauna|Aegognathus leuthneri,¿Qué tipo de especie es Aegognathus leuthneri?,False
LATAM|fauna|Aegognathus leuthneri,¿Quién describió científicamente a Aegognathus leuthneri y en qué año?,False
LATAM|fauna|Aegognathus leuthneri,¿En qué países de América del Sur se encuentra Aegognathus leuthneri?,False
LATAM|fauna|Anaxyrus californicus,¿Qué tipo de especie es Anaxyrus californicus?,False
LATAM|fauna|Anaxyrus californicus,¿Dónde se encuentra Anaxyrus californicus?,False
LATAM|fauna|Anaxyrus californicus,¿Qué características distintivas tiene Anaxyrus californicus y en qué tipo de hábitat se encuentra?,False
LATAM|fauna|Amorbia rectilineana,¿Qué tipo de especie es Amorbia rectilineana?,False
LATAM|fauna|Amorbia rectilineana,¿En qué país se distribuye Amorbia rectilineana?,False
LATAM|fauna|Amorbia rectilineana,¿Quién describió Amorbia rectilineana y en qué año fue publicada?,False
LATAM|fauna|Allobates bromelicola,¿Cuál es el nombre común de Allobates bromelicola?,False
LATAM|fauna|Allobates bromelicola,¿En qué tipo de hábitat natural se encuentra Allobates bromelicola?,False
LATAM|fauna|Allobates bromelicola,¿Qué características distintivas tiene Allobates bromelicola y en qué región es endémica?,False
LATAM|fauna|Aegomorphus brevicornis,¿Qué tipo de especie es Aegomorphus brevicornis?,False
LATAM|fauna|Aegomorphus brevicornis,¿En qué países de América del Sur se encuentra Aegomorphus brevicornis?,False
LATAM|fauna|Aegomorphus brevicornis,¿Quién describió científicamente a Aegomorphus brevicornis y en qué año?,False
LATAM|fauna|Anolis macrophallus,¿Qué tipo de especie es Anolis macrophallus?,False
LATAM|fauna|Anolis macrophallus,¿A qué familia pertenece Anolis macrophallus?,False
LATAM|fauna|Anolis macrophallus,¿En qué países es nativo Anolis macrophallus?,False
LATAM|fauna|Anelaphus yucatecus,¿Qué tipo de especie es Anelaphus yucatecus?,False
LATAM|fauna|Anelaphus yucatecus,¿En qué tribu está categorizada Anelaphus yucatecus?,False
LATAM|fauna|Anelaphus yucatecus,¿Quiénes describieron a Anelaphus yucatecus y en qué año?,False
LATAM|fauna|Anomaloglossus tamacuarensis,¿Qué tipo de especie es Anomaloglossus tamacuarensis?,False
LATAM|fauna|Anomaloglossus tamacuarensis,¿Dónde habita Anomaloglossus tamacuarensis?,False
LATAM|fauna|Anomaloglossus tamacuarensis,¿Por qué se le dio el nombre de Anomaloglossus tamacuarensis?,False
LATAM|fauna|Ancistrus eustictus,¿Qué tipo de especie es Ancistrus eustictus?,False
LATAM|fauna|Ancistrus eustictus,¿Cuál es la longitud total que pueden alcanzar los machos de Ancistrus eustictus?,False
LATAM|fauna|Ancistrus eustictus,¿En qué tipo de hábitat se encuentra Ancistrus eustictus y en qué región de Sudamérica se distribuye?,False
LATAM|fauna|Astyanax venezuelae,¿Qué tipo de especie es Astyanax venezuelae?,False
LATAM|fauna|Astyanax venezuelae,¿Dónde se encuentra Astyanax venezuelae?,False
LATAM|fauna|Astyanax venezuelae,¿Qué características morfológicas tiene Astyanax venezuelae y en qué tipo de hábitat vive?,False
LATAM|fauna|Ancistrus variolus,¿Qué tipo de especie es Ancistrus variolus?,False
LATAM|fauna|Ancistrus variolus,¿Dónde se encuentra Ancistrus variolus?,True
LATAM|fauna|Ancistrus variolus,¿Qué tipo de pez es Ancistrus variolus y dónde se encuentra?,True
LATAM|fauna|Aotus griseimembra,¿Qué tipo de primate es Aotus griseimembra?,False
LATAM|fauna|Aotus griseimembra,¿Dónde se distribuye Aotus griseimembra en Colombia?,False
LATAM|fauna|Aotus griseimembra,¿Qué características distintivas tiene Aotus griseimembra en comparación con Aotus lemurinus?,False
LATAM|fauna|Atelopus sorianoi,¿Qué tipo de especie es Atelopus sorianoi?,False
LATAM|fauna|Atelopus sorianoi,¿Dónde se encuentra Atelopus sorianoi?,False
LATAM|fauna|Atelopus sorianoi,¿Por qué está amenazada de extinción Atelopus sorianoi?,False
LATAM|fauna|Callicebus oenanthe,¿Qué tipo de primate es Callicebus oenanthe?,False
LATAM|fauna|Callicebus oenanthe,¿Dónde se encuentra Callicebus oenanthe?,False
LATAM|fauna|Callicebus oenanthe,¿Con qué otro primate comparte el territorio Callicebus oenanthe y cuál es su dieta principal?,False
LATAM|fauna|Cerro Peñón Blanco,¿Qué tipo de formación es el Cerro Peñón Blanco?,False
LATAM|fauna|Cerro Peñón Blanco,¿Cuál es la altitud del Cerro Peñón Blanco?,False
LATAM|fauna|Cerro Peñón Blanco,¿Con qué regiones colinda el Cerro Peñón Blanco?,False
LATAM|fauna|Camarhynchus pauper,¿Qué tipo de especie es Camarhynchus pauper?,False
LATAM|fauna|Camarhynchus pauper,¿Dónde se encuentra Camarhynchus pauper?,False
LATAM|fauna|Camarhynchus pauper,¿Qué amenazas enfrenta Camarhynchus pauper y cuál es su único depredador natural?,False
LATAM|fauna|Cheracebus lugens,¿Qué tipo de primate es Cheracebus lugens?,False
LATAM|fauna|Cheracebus lugens,¿Dónde se encuentra Cheracebus lugens?,False
LATAM|fauna|Cheracebus lugens,¿Cuál es el número diploide de cromosomas reportado para Cheracebus lugens y qué lo distingue dentro de los primates?,False
LATAM|fauna|Chiropterotriton miquihuanus,¿Qué tipo de especie es Chiropterotriton miquihuanus?,False
LATAM|fauna|Chiropterotriton miquihuanus,¿Dónde se encuentra Chiropterotriton miquihuanus?,False
LATAM|fauna|Chiropterotriton miquihuanus,¿Qué características distintivas presenta Chiropterotriton miquihuanus en comparación con otras especies de su género?,False
LATAM|fauna|Colobothea mosaica,¿Qué tipo de especie es Colobothea mosaica?,False
LATAM|fauna|Colobothea mosaica,¿En qué año fue descrita Colobothea mosaica?,False
LATAM|fauna|Colobothea mosaica,¿A qué tribu y subfamilia pertenece Colobothea mosaica?,False
LATAM|fauna|Chamaeza campanisona,¿Qué tipo de especie es Chamaeza campanisona?,False
LATAM|fauna|Chamaeza campanisona,¿Dónde se encuentra Chamaeza campanisona?,False
LATAM|fauna|Chamaeza campanisona,¿Qué características distintivas tiene Chamaeza campanisona en su plumaje?,False
LATAM|fauna|Contopus bogotensis,¿Qué tipo de especie es Contopus bogotensis?,False
LATAM|fauna|Contopus bogotensis,¿Dónde se distribuye de forma disjunta Contopus bogotensis?,False
LATAM|fauna|Contopus bogotensis,¿Quién describió por primera vez a Contopus bogotensis y en qué año?,False
LATAM|fauna|Chelonoidis porteri,¿Qué tipo de especie es Chelonoidis porteri?,False
LATAM|fauna|Chelonoidis porteri,¿Dónde se encuentra Chelonoidis porteri?,False
LATAM|fauna|Chelonoidis porteri,¿Cuál es la población sobreviviente de Chelonoidis porteri y cómo es considerada por la IUCN?,False
LATAM|fauna|Centruroides suffusus,¿Qué tipo de arácnido es el Centruroides suffusus?,False
LATAM|fauna|Centruroides suffusus,¿Dónde se encuentra principalmente el Centruroides suffusus?,False
LATAM|fauna|Centruroides suffusus,¿Por qué se considera al Centruroides suffusus un organismo de importancia médica en México?,False
LATAM|fauna|Creagrutus lassoi,¿Qué tipo de especie es Creagrutus lassoi?,False
LATAM|fauna|Creagrutus lassoi,¿En qué tipo de clima vive Creagrutus lassoi?,False
LATAM|fauna|Creagrutus lassoi,¿Dónde se encuentra Creagrutus lassoi y en qué tipo de hábitat vive?,False
LATAM|fauna|Craugastor guerreroensis,¿Qué tipo de especie es Craugastor guerreroensis?,False
LATAM|fauna|Craugastor guerreroensis,¿Dónde se distribuye Craugastor guerreroensis?,False
LATAM|fauna|Craugastor guerreroensis,¿Qué significa el nombre Craugastor y cuál es el estado de conservación de Craugastor guerreroensis?,False
LATAM|fauna|Crenicichla chicha,¿Qué tipo de especie es Crenicichla chicha?,False
LATAM|fauna|Crenicichla chicha,¿Dónde habita Crenicichla chicha?,False
LATAM|fauna|Crenicichla chicha,¿En qué año fue descrita Crenicichla chicha y qué característica distintiva comparte con Crenicichla hemera?,False
LATAM|fauna|Cupiennius salei,¿Qué tipo de arácnido es Cupiennius salei?,False
LATAM|fauna|Cupiennius salei,¿Quién describió a Cupiennius salei y en qué año?,False
LATAM|fauna|Cupiennius salei,¿En qué hábitat se encuentra Cupiennius salei y qué tipo de plantas utiliza para refugio?,False
LATAM|fauna|Colossoma macropomum,¿Qué tipo de especie es Colossoma macropomum?,False
LATAM|fauna|Colossoma macropomum,¿Dónde es originaria la cachama negra (Colossoma macropomum)?,False
LATAM|fauna|Colossoma macropomum,¿Qué tipo de comportamiento tiene Colossoma macropomum y qué distancia puede desplazarse durante este comportamiento?,False
LATAM|fauna|Cyanolimnas cerverai,¿Qué tipo de especie es Cyanolimnas cerverai?,False
LATAM|fauna|Cyanolimnas cerverai,¿Dónde se encuentra Cyanolimnas cerverai?,False
LATAM|fauna|Cyanolimnas cerverai,¿Quién descubrió Cyanolimnas cerverai y en qué año fue descrita formalmente?,False
LATAM|fauna|Deltochilum sericeum,¿Qué tipo de especie es Deltochilum sericeum?,False
LATAM|fauna|Deltochilum sericeum,¿Quién describió científicamente a Deltochilum sericeum y en qué año?,False
LATAM|fauna|Deltochilum sericeum,¿En qué tipo de hábitat y a qué altitudes se encuentra Deltochilum sericeum?,False
LATAM|fauna|Elateropsis reticulata,¿Qué tipo de especie es Elateropsis reticulata?,False
LATAM|fauna|Elateropsis reticulata,¿En qué año fue descrita la especie Elateropsis reticulata?,False
LATAM|fauna|Elateropsis reticulata,"¿A qué género y tribu pertenece Elateropsis reticulata, y en qué lugar se distribuye?",False
LATAM|fauna|Dekeyseria amazonica,¿Qué tipo de especie es Dekeyseria amazonica?,False
LATAM|fauna|Dekeyseria amazonica,¿Dónde se encuentra Dekeyseria amazonica?,True
LATAM|fauna|Dekeyseria amazonica,¿Qué tipo de pez es Dekeyseria amazonica y en qué tipo de hábitat vive?,False
LATAM|fauna|Día Internacional del Jaguar,¿Cuándo se celebra el Día Internacional del Jaguar?,False
LATAM|fauna|Día Internacional del Jaguar,¿Qué organización internacional apoyó la proclamación del Día Internacional del Jaguar?,False
LATAM|fauna|Día Internacional del Jaguar,"¿Cuáles son algunas de las amenazas que enfrenta el jaguar, según el Día Internacional del Jaguar?",False
LATAM|fauna|Cryptotis hondurensis,¿Qué tipo de especie es Cryptotis hondurensis?,False
LATAM|fauna|Cryptotis hondurensis,¿En qué países se encuentra Cryptotis hondurensis?,False
LATAM|fauna|Cryptotis hondurensis,¿Cuál es la distribución geográfica de Cryptotis hondurensis y qué familia taxonómica le pertenece?,False
LATAM|fauna|Eleutherodactylus thomasi,¿Qué tipo de especie es Eleutherodactylus thomasi?,False
LATAM|fauna|Eleutherodactylus thomasi,¿Dónde se encuentra Eleutherodactylus thomasi?,False
LATAM|fauna|Eleutherodactylus thomasi,¿Por qué se encuentra amenazada Eleutherodactylus thomasi?,False
LATAM|fauna|Dendrotriton chujorum,¿Qué tipo de especie es Dendrotriton chujorum?,False
LATAM|fauna|Dendrotriton chujorum,¿Dónde se encuentra el área de distribución de Dendrotriton chujorum?,True
LATAM|fauna|Dendrotriton chujorum,¿Por qué está amenazada Dendrotriton chujorum y en qué tipo de hábitat vive?,True
LATAM|fauna|Eunectes murinus,¿Qué tipo de especie es Eunectes murinus?,False
LATAM|fauna|Eunectes murinus,¿Dónde es endémica Eunectes murinus?,False
LATAM|fauna|Eunectes murinus,¿Cuáles son las longitudes promedio que alcanzan las hembras y machos de Eunectes murinus?,False
LATAM|fauna|Elliotomyia viridicauda,¿Qué tipo de especie es Elliotomyia viridicauda?,False
LATAM|fauna|Elliotomyia viridicauda,¿Dónde se distribuye Elliotomyia viridicauda?,False
LATAM|fauna|Elliotomyia viridicauda,¿Quién describió por primera vez a Elliotomyia viridicauda y en qué año?,False
LATAM|fauna|Gastrotheca atympana,¿Qué tipo de especie es Gastrotheca atympana?,False
LATAM|fauna|Gastrotheca atympana,¿Dónde se encuentra Gastrotheca atympana?,False
LATAM|fauna|Gastrotheca atympana,¿Cuál es el hábitat natural de Gastrotheca atympana y en qué tipo de clima se encuentra?,False
LATAM|fauna|Gastrotheca guentheri,¿Qué tipo de especie es Gastrotheca guentheri?,False
LATAM|fauna|Gastrotheca guentheri,¿Dónde habita Gastrotheca guentheri?,False
LATAM|fauna|Gastrotheca guentheri,¿Por qué está amenazada de extinción Gastrotheca guentheri y qué característica distintiva presenta en su mandíbula inferior?,False
LATAM|fauna|Gnomidolon colasi,¿Qué tipo de especie es Gnomidolon colasi?,False
LATAM|fauna|Gnomidolon colasi,¿En qué año fue descrita Gnomidolon colasi?,False
LATAM|fauna|Gnomidolon colasi,¿A qué tribu y subfamilia pertenece Gnomidolon colasi?,False
LATAM|fauna|Gnomidolon amaurum,¿Qué tipo de especie es Gnomidolon amaurum?,False
LATAM|fauna|Gnomidolon amaurum,¿En qué año fue descrita Gnomidolon amaurum?,False
LATAM|fauna|Gnomidolon amaurum,¿A qué tribu y subfamilia pertenece Gnomidolon amaurum?,False
LATAM|fauna|Girardinus cubensis,¿Qué tipo de especie es Girardinus cubensis?,False
LATAM|fauna|Girardinus cubensis,¿Dónde se encuentra Girardinus cubensis?,False
LATAM|fauna|Girardinus cubensis,¿Qué características morfológicas presentan los machos y hembras de Girardinus cubensis?,False
LATAM|fauna|Glironia venusta,¿Qué tipo de especie es Glironia venusta?,False
LATAM|fauna|Glironia venusta,¿Cuál es la longitud del cuerpo de Glironia venusta?,False
LATAM|fauna|Glironia venusta,¿En cuántos países se ha registrado Glironia venusta y cuáles son?,False
LATAM|fauna|Leptodactylus luctator,¿Qué tipo de especie es Leptodactylus luctator?,False
LATAM|fauna|Leptodactylus luctator,¿Dónde se encuentra depositado el neotipo de Leptodactylus luctator?,False
LATAM|fauna|Leptodactylus luctator,¿En qué año fue descrita originalmente Leptodactylus luctator y quién fue el naturalista que la describió?,False
LATAM|fauna|Grundulus bogotensis,¿Qué tipo de especie es Grundulus bogotensis?,False
LATAM|fauna|Grundulus bogotensis,¿En qué tipo de clima vive Grundulus bogotensis?,False
LATAM|fauna|Grundulus bogotensis,¿Dónde se encuentra Grundulus bogotensis y qué tipo de especie es?,False
LATAM|fauna|Larus atlanticus,¿Qué tipo de ave es Larus atlanticus?,False
LATAM|fauna|Larus atlanticus,¿Dónde se encuentran las principales áreas de nidificación de Larus atlanticus?,False
LATAM|fauna|Larus atlanticus,¿Cuáles son las principales amenazas que enfrenta Larus atlanticus y en qué año fue descrita por Claes Christian Olrog?,False
LATAM|fauna|Gastrotheca cuencana,¿Qué tipo de especie es Gastrotheca cuencana?,False
LATAM|fauna|Gastrotheca cuencana,¿Dónde se encuentra principalmente la rana marsupial de Cuenca?,False
LATAM|fauna|Gastrotheca cuencana,¿Por qué se considera a Gastrotheca cuencana en peligro de extinción y en qué hábitat se encuentra mayoritariamente?,False
LATAM|fauna|Marmosops cracens,¿Qué tipo de especie es Marmosops cracens?,False
LATAM|fauna|Marmosops cracens,¿Dónde se encuentra Marmosops cracens?,False
LATAM|fauna|Marmosops cracens,¿Qué nombre común se le da a Marmosops cracens y cuál es su estado de endemismo?,False
LATAM|fauna|Leptotila pallida,¿Qué tipo de especie es Leptotila pallida?,False
LATAM|fauna|Leptotila pallida,¿En qué países se encuentra Leptotila pallida?,False
LATAM|fauna|Leptotila pallida,¿Cuál es el hábitat natural de Leptotila pallida y en qué tipo de bosques se encuentra?,False
LATAM|fauna|Lonchophylla handleyi,¿Qué tipo de especie es Lonchophylla handleyi?,False
LATAM|fauna|Lonchophylla handleyi,¿En qué países se encuentra Lonchophylla handleyi?,False
LATAM|fauna|Lonchophylla handleyi,¿Por qué se encuentra amenazada de extinción Lonchophylla handleyi?,False
LATAM|fauna|Marmosops parvidens,¿Qué tipo de especie es Marmosops parvidens?,False
LATAM|fauna|Marmosops parvidens,¿Dónde se encuentra Marmosops parvidens?,False
LATAM|fauna|Marmosops parvidens,¿Cuál es el hábitat de Marmosops parvidens y a qué altitudes puede habitar?,False
LATAM|fauna|Mecaphesa gertschi,¿Qué tipo de especie es Mecaphesa gertschi?,False
LATAM|fauna|Mecaphesa gertschi,¿Dónde se encuentra Mecaphesa gertschi?,False
LATAM|fauna|Mecaphesa gertschi,¿Quién describió científicamente a Mecaphesa gertschi y en qué año?,False
LATAM|fauna|Micrastur mintoni,¿Qué tipo de ave es el Micrastur mintoni?,False
LATAM|fauna|Micrastur mintoni,¿Dónde se encuentra el halcón montés críptico?,False
LATAM|fauna|Micrastur mintoni,¿Cuáles son las características distintivas del halcón montés críptico en comparación con el halcón montés cabecigrís y el halcón montés plomizo?,False
LATAM|fauna|Mazama nemorivaga,¿Qué tipo de especie es Mazama nemorivaga?,False
LATAM|fauna|Mazama nemorivaga,¿Dónde se distribuye Mazama nemorivaga?,False
LATAM|fauna|Mazama nemorivaga,¿Cuáles son las amenazas a la conservación de Mazama nemorivaga y en qué hábitat característico se encuentra?,False
LATAM|fauna|Myotis dinellii,¿Qué tipo de especie es Myotis dinellii?,False
LATAM|fauna|Myotis dinellii,¿Dónde se distribuye Myotis dinellii?,False
LATAM|fauna|Myotis dinellii,¿Cuál es la clasificación de conservación de Myotis dinellii según la IUCN y por qué?,False
LATAM|fauna|Microcavia sorojchi,¿Qué tipo de especie es Microcavia sorojchi?,False
LATAM|fauna|Microcavia sorojchi,¿Dónde se encuentra Microcavia sorojchi?,False
LATAM|fauna|Microcavia sorojchi,¿Cuál es la localidad tipo de Microcavia sorojchi y qué altitud tiene?,True
LATAM|fauna|Nectocaecilia petersii,¿Qué tipo de especie es Nectocaecilia petersii?,False
LATAM|fauna|Nectocaecilia petersii,¿Dónde se encuentra Nectocaecilia petersii?,True
LATAM|fauna|Nectocaecilia petersii,¿Cuál es una amenaza para la cecilia de Peters (Nectocaecilia petersii) y en qué tipo de hábitats naturales se encuentra?,False
LATAM|fauna|Mysateles melanurus,¿Qué tipo de especie es Mysateles melanurus?,False
LATAM|fauna|Mysateles melanurus,¿Dónde se encuentra principalmente la jutía andaraz?,False
LATAM|fauna|Mysateles melanurus,¿Cuáles son las características distintivas de la jutía andaraz en comparación con la jutía carabalí?,False
LATAM|fauna|O Amigo da Onça,¿Quién creó el personaje O Amigo da Onça?,False
LATAM|fauna|O Amigo da Onça,¿En qué revista se publicó por primera vez O Amigo da Onça?,False
LATAM|fauna|O Amigo da Onça,¿Qué características distintivas tiene el personaje O Amigo da Onça en sus historietas?,False
LATAM|fauna|Nephelornis oneilli,¿Qué tipo de ave es el pardusco o tangara pardusca?,False
LATAM|fauna|Nephelornis oneilli,¿Dónde se encuentra el pardusco o tangara pardusca?,False
LATAM|fauna|Nephelornis oneilli,¿Cuál es el hábitat natural del pardusco o tangara pardusca y a qué altitud se encuentra comúnmente?,False
LATAM|fauna|Patia cordillera,¿Qué tipo de especie es Patia cordillera?,False
LATAM|fauna|Patia cordillera,¿En qué región se encuentra distribuida Patia cordillera?,False
LATAM|fauna|Patia cordillera,¿Cuál es el nombre original con el que fue descrita Patia cordillera y quiénes fueron los autores de esta descripción?,True
LATAM|fauna|Ischnoptera pallipes,¿Qué tipo de especie es Ischnoptera pallipes?,False
LATAM|fauna|Ischnoptera pallipes,¿En qué familia se clasifica Ischnoptera pallipes?,False
LATAM|fauna|Ischnoptera pallipes,¿Quién describió científicamente a Ischnoptera pallipes y en qué año?,False
LATAM|fauna|Pterygoplichthys punctatus,¿Qué tipo de especie es Pterygoplichthys punctatus?,False
LATAM|fauna|Pterygoplichthys punctatus,¿Dónde se encuentra Pterygoplichthys punctatus?,False
LATAM|fauna|Pterygoplichthys punctatus,¿Cuál es el hábitat preferido de Pterygoplichthys punctatus y qué características de temperatura son ideales para su supervivencia?,False
LATAM|fauna|Pheidole acutidens,¿Qué tipo de especie es Pheidole acutidens?,False
LATAM|fauna|Pheidole acutidens,¿Dónde se encuentra Pheidole acutidens?,False
LATAM|fauna|Pheidole acutidens,¿Qué subfamilia pertenece Pheidole acutidens y qué implica su endemismo en relación con su hábitat?,False
LATAM|fauna|Oncideres crassicornis,¿Qué tipo de especie es Oncideres crassicornis?,False
LATAM|fauna|Oncideres crassicornis,¿Dónde se distribuye Oncideres crassicornis?,False
LATAM|fauna|Oncideres crassicornis,¿Qué planta de la familia Anacardiaceae consume Oncideres crassicornis y en qué meses ocurre su período de vuelo?,False
LATAM|fauna|Pseudastur occidentalis,¿Qué tipo de ave es el Pseudastur occidentalis?,False
LATAM|fauna|Pseudastur occidentalis,¿Dónde se encuentra el busardo dorsigrís?,False
LATAM|fauna|Pseudastur occidentalis,¿Cuál es el hábitat natural del gavilán dorsigrís y qué amenaza enfrenta?,False
LATAM|fauna|Pyrocephalus nanus,¿Qué tipo de especie es Pyrocephalus nanus?,False
LATAM|fauna|Pyrocephalus nanus,¿Dónde se encuentra Pyrocephalus nanus?,False
LATAM|fauna|Pyrocephalus nanus,¿Cuál es la clasificación de Pyrocephalus nanus según la Unión Internacional para la Conservación de la Naturaleza (IUCN)?,False
LATAM|fauna|Pyrinia tarapotata,¿Qué tipo de especie es Pyrinia tarapotata?,False
LATAM|fauna|Pyrinia tarapotata,¿Dónde fue descrita por primera vez la especie Pyrinia tarapotata?,False
LATAM|fauna|Pyrinia tarapotata,¿Quién describió por primera vez la especie Pyrinia tarapotata y en qué año?,False
LATAM|fauna|Sicalis raimondii,¿Qué tipo de ave es el chirigüe de Raimondi?,False
LATAM|fauna|Sicalis raimondii,¿Dónde se distribuye el chirigüe de Raimondi?,False
LATAM|fauna|Sicalis raimondii,¿Quién describió por primera vez la especie Sicalis raimondii y en qué año?,False
LATAM|fauna|arapaima,¿Qué tipo de especie es el arapaima?,False
LATAM|fauna|arapaima,¿Dónde se encuentran los arapaimas?,False
LATAM|fauna|arapaima,"¿Cuántas especies de arapaima deben al menos reconocerse según Stewart y Castello, y cuál es la más vista y fácil de distinguir?",False
LATAM|fauna|Streptoprocne phelpsi,¿Qué tipo de especie es el Streptoprocne phelpsi?,False
LATAM|fauna|Streptoprocne phelpsi,¿Dónde se encuentra el vencejo de Tepui?,False
LATAM|fauna|Streptoprocne phelpsi,¿Cuál es el hábitat natural del vencejo de Tepui y a qué altitud puede encontrarse?,False
LATAM|fauna|Saimiri oerstedii,¿Qué tipo de primate es el Saimiri oerstedii?,False
LATAM|fauna|Saimiri oerstedii,¿Dónde se encuentra el Saimiri oerstedii?,False
LATAM|fauna|Saimiri oerstedii,¿Cuál es la dieta del Saimiri oerstedii y cómo se relaciona con su hábitat?,False
LATAM|fauna|asterophysus batrachus,¿Qué tipo de pez es el Asterophysus batrachus?,False
LATAM|fauna|asterophysus batrachus,¿Cuál es la longitud máxima descrita del Asterophysus batrachus?,False
LATAM|fauna|asterophysus batrachus,¿En qué cuencas fluviales de América del Sur se encuentra el Asterophysus batrachus y qué tipo de hábitat tiene?,False
LATAM|fauna|Phrynus parvulus,¿Qué tipo de especie es Phrynus parvulus?,False
LATAM|fauna|Phrynus parvulus,¿Dónde se encuentra Phrynus parvulus?,False
LATAM|fauna|Phrynus parvulus,¿Cuál es el hábitat de Phrynus parvulus y qué características distintivas presenta en comparación con otras especies de su familia?,False
LATAM|fauna|Thorius tlaxiacus,¿Qué tipo de especie es Thorius tlaxiacus?,False
LATAM|fauna|Thorius tlaxiacus,¿Dónde se encuentra Thorius tlaxiacus?,False
LATAM|fauna|Thorius tlaxiacus,¿Cuál es el estado de conservación de Thorius tlaxiacus y qué factores han contribuido a su declive poblacional?,False
LATAM|fauna|atacamatitan chilensis,¿Qué tipo de dinosaurio es el Atacamatitan chilensis?,False
LATAM|fauna|atacamatitan chilensis,¿Dónde fue encontrado el Atacamatitan chilensis?,False
LATAM|fauna|atacamatitan chilensis,¿Qué importancia tiene el Atacamatitan chilensis para la paleontología nacional en Chile?,False
LATAM|fauna|centrolene savagei,¿Qué tipo de especie es Centrolene savagei?,False
LATAM|fauna|centrolene savagei,¿Dónde se encuentra Centrolene savagei?,False
LATAM|fauna|centrolene savagei,¿Por qué se encuentra amenazada de extinción Centrolene savagei?,False
LATAM|fauna|Tamandua mexicana,¿Qué tipo de mamífero es el tamandúa mexicano?,False
LATAM|fauna|Tamandua mexicana,¿Dónde se encuentra el tamandúa mexicano?,False
LATAM|fauna|Tamandua mexicana,¿Cuál es la importancia del monitoreo comunitario en la conservación del tamandúa mexicano en El Salvador?,False
LATAM|fauna|cryptotis avia,¿Qué tipo de especie es Cryptotis avia?,False
LATAM|fauna|cryptotis avia,¿Dónde se encuentra Cryptotis avia?,False
LATAM|fauna|cryptotis avia,¿Qué características distintivas tiene Cryptotis avia y en qué región es endémica?,False
LATAM|fauna|hypancistrus inspector,¿Qué tipo de especie es el hypancistrus inspector?,False
LATAM|fauna|hypancistrus inspector,¿En qué tipo de agua vive el hypancistrus inspector?,False
LATAM|fauna|hypancistrus inspector,¿Cuál es la distribución geográfica del hypancistrus inspector y en qué tipo de hábitat se encuentra?,False
LATAM|fauna|eburodacrys inaequalis,¿Qué tipo de especie es eburodacrys inaequalis?,False
LATAM|fauna|eburodacrys inaequalis,¿Quién describió científicamente a eburodacrys inaequalis y en qué año?,False
LATAM|fauna|eburodacrys inaequalis,"¿A qué género y tribu pertenece eburodacrys inaequalis, y en qué país se distribuye?",False
LATAM|fauna|Pyrrhura rhodocephala,¿Qué tipo de especie es el Pyrrhura rhodocephala?,False
LATAM|fauna|Pyrrhura rhodocephala,¿Dónde se encuentra el hábitat natural del perico cabeza roja?,True
LATAM|fauna|Pyrrhura rhodocephala,¿Cuál es el hábitat natural del Pyrrhura rhodocephala y en qué regiones específicas se encuentra?,True
LATAM|fauna|dacnis flaviventer,¿Qué tipo de especie es el dacnis flaviventer?,False
LATAM|fauna|dacnis flaviventer,¿Dónde se distribuye el dacnis flaviventer en América del Sur?,False
LATAM|fauna|dacnis flaviventer,¿Quiénes describieron por primera vez la especie dacnis flaviventer y en qué año?,False
LATAM|fauna|lepidoblepharis nukak,¿Qué tipo de especie es Lepidoblepharis nukak?,False
LATAM|fauna|lepidoblepharis nukak,¿Dónde se encuentra Lepidoblepharis nukak?,False
LATAM|fauna|lepidoblepharis nukak,¿Cuáles son las características distintivas de Lepidoblepharis nukak y en qué tipo de hábitat se encuentra?,False
LATAM|fauna|leporinus friderici,¿Qué tipo de especie es Leporinus friderici?,False
LATAM|fauna|leporinus friderici,¿En qué tipo de aguas se distribuye Leporinus friderici?,False
LATAM|fauna|leporinus friderici,¿Quién describió originalmente a Leporinus friderici y en qué año?,False
LATAM|fauna|natalus brevimanus,¿Qué tipo de especie es Natalus brevimanus?,False
LATAM|fauna|natalus brevimanus,¿Dónde se encuentra endémicamente Natalus brevimanus?,False
LATAM|fauna|natalus brevimanus,¿Cuáles son las amenazas que enfrenta Natalus brevimanus en su hábitat?,False
LATAM|fauna|phalcoboenus carunculatus,¿Qué tipo de especie es el Phalcoboenus carunculatus?,False
LATAM|fauna|phalcoboenus carunculatus,¿Dónde se distribuye el Phalcoboenus carunculatus?,False
LATAM|fauna|phalcoboenus carunculatus,¿Qué características distintivas tiene el Phalcoboenus carunculatus en comparación con el caracara andino y dónde habita?,False
LATAM|fauna|oncideres colombiana,¿Qué tipo de especie es Oncideres colombiana?,False
LATAM|fauna|oncideres colombiana,¿Quién describió científicamente a Oncideres colombiana y en qué año?,False
LATAM|fauna|oncideres colombiana,¿En qué países se distribuye Oncideres colombiana y quién la describió científicamente?,False
LATAM|fauna|Tremacebus harringtoni,¿Qué tipo de especie es Tremacebus harringtoni?,False
LATAM|fauna|Tremacebus harringtoni,¿Dónde habitó Tremacebus harringtoni?,False
LATAM|fauna|Tremacebus harringtoni,¿Quién describió originalmente el género Tremacebus y en qué año?,False
LATAM|fauna|petilipinnis grunniens,¿Qué tipo de especie es Petilipinnis grunniens?,False
LATAM|fauna|petilipinnis grunniens,¿En qué tipo de hábitat se encuentra Petilipinnis grunniens?,False
LATAM|fauna|petilipinnis grunniens,¿Es Petilipinnis grunniens inofensivo para los humanos y en qué regiones de Sudamérica se distribuye?,False
LATAM|fauna|pyrilia aurantiocephala,¿Qué tipo de especie es Pyrilia aurantiocephala?,False
LATAM|fauna|pyrilia aurantiocephala,¿Dónde es endémica Pyrilia aurantiocephala?,False
LATAM|fauna|pyrilia aurantiocephala,¿Cuáles son las características distintivas del plumaje de Pyrilia aurantiocephala y su hábitat natural?,False
LATAM|fauna|sipia berlepschi,¿Qué tipo de especie es el hormiguero colimocho?,False
LATAM|fauna|sipia berlepschi,¿Dónde se distribuye el hormiguero colimocho?,False
LATAM|fauna|sipia berlepschi,¿Quién describió por primera vez al hormiguero colimocho y bajo qué nombre científico fue clasificado inicialmente?,True
LATAM|fauna|rhinella arunco,¿Qué tipo de especie es Rhinella arunco?,False
LATAM|fauna|rhinella arunco,¿Dónde es endémica Rhinella arunco?,False
LATAM|fauna|rhinella arunco,¿Cuáles son las principales amenazas que enfrenta Rhinella arunco?,False
LATAM|fauna|solenoptera intermedia,¿Qué tipo de especie es Solenoptera intermedia?,False
LATAM|fauna|solenoptera intermedia,¿Quién describió a Solenoptera intermedia y en qué año?,False
LATAM|fauna|solenoptera intermedia,¿A qué tribu y subfamilia pertenece Solenoptera intermedia y dónde se distribuye?,False
LATAM|fauna|topaza pella,¿Qué tipo de ave es el colibrí topacio?,False
LATAM|fauna|topaza pella,¿Dónde se distribuye el colibrí topacio?,False
LATAM|fauna|topaza pella,¿Cuáles son las tres subespecies del colibrí topacio y dónde se distribuyen?,False
LATAM|flora|Aylostera einsteinii,¿Qué tipo de especie es Aylostera einsteinii?,False
LATAM|flora|Aylostera einsteinii,¿Dónde se distribuye Aylostera einsteinii?,False
LATAM|flora|Aylostera einsteinii,¿Quién describió por primera vez Aylostera einsteinii y en qué año?,False
LATAM|flora|Beloglottis costaricensis,¿Qué tipo de especie es Beloglottis costaricensis?,False
LATAM|flora|Beloglottis costaricensis,¿En qué mes florece Beloglottis costaricensis?,False
LATAM|flora|Beloglottis costaricensis,¿Dónde se encuentra Beloglottis costaricensis y qué características distintivas tiene?,False
LATAM|flora|Armatocereus procerus,¿Qué tipo de especie es Armatocereus procerus?,False
LATAM|flora|Armatocereus procerus,¿Dónde es endémica Armatocereus procerus?,False
LATAM|flora|Armatocereus procerus,¿Cuáles son las características distintivas de Armatocereus procerus en términos de su hábitat y morfología?,False
LATAM|fauna|trogon mesurus,¿Qué tipo de especie es el trogón mesurus?,False
LATAM|fauna|trogon mesurus,¿Dónde se encuentra el trogón mesurus?,False
LATAM|fauna|trogon mesurus,¿Por qué el trogón mesurus era considerado anteriormente una subespecie de la Trogon melanurus?,False
LATAM|flora|Acanthocereus chiapensis,¿Qué tipo de planta es Acanthocereus chiapensis?,False
LATAM|flora|Acanthocereus chiapensis,¿En qué países se distribuye Acanthocereus chiapensis?,False
LATAM|flora|Acanthocereus chiapensis,¿Quién describió Acanthocereus chiapensis y en qué año fue publicada su descripción?,False
LATAM|fauna|platyrinchus platyrhynchos,¿Qué tipo de especie es el picoplano crestiblanco?,False
LATAM|fauna|platyrinchus platyrhynchos,¿Dónde se distribuye el picoplano crestiblanco?,False
LATAM|fauna|platyrinchus platyrhynchos,¿Quién describió por primera vez al picoplano crestiblanco y en qué año?,False
LATAM|flora|Coccochondra,¿Qué tipo de organismo es Coccochondra?,False
LATAM|flora|Coccochondra,¿A qué familia pertenece el género Coccochondra?,False
LATAM|flora|Coccochondra,¿Cuál es el significado del endemismo de Coccochondra en relación con su ubicación geográfica?,False
LATAM|flora|Cumulopuntia unguispina,¿Qué tipo de especie es Cumulopuntia unguispina?,False
LATAM|flora|Cumulopuntia unguispina,¿Dónde es endémica Cumulopuntia unguispina?,False
LATAM|flora|Cumulopuntia unguispina,¿En qué tipo de hábitat crece Cumulopuntia unguispina y qué características distintivas tiene?,False
LATAM|flora|Cereus repandus,¿Qué tipo de especie es Cereus repandus?,False
LATAM|flora|Cereus repandus,¿Dónde se distribuye principalmente Cereus repandus?,False
LATAM|flora|Cereus repandus,¿Cuáles son los nombres comunes de Cereus repandus y qué importancia tienen sus flores en el ecosistema?,False
LATAM|flora|Cereus pachyrrhizus,¿Qué tipo de planta es Cereus pachyrrhizus?,False
LATAM|flora|Cereus pachyrrhizus,¿Dónde es endémica la especie Cereus pachyrrhizus?,False
LATAM|flora|Cereus pachyrrhizus,¿Quién describió por primera vez a Cereus pachyrrhizus y en qué año fue publicada la descripción?,False
LATAM|flora|Condalia microphylla,¿Qué tipo de especie es Condalia microphylla?,False
LATAM|flora|Condalia microphylla,¿Dónde se encuentra Condalia microphylla?,False
LATAM|flora|Condalia microphylla,¿Qué usos tiene el fruto de Condalia microphylla y qué efecto tiene su toxicidad en el ganado?,False
LATAM|flora|Disocactus biformis,¿Cuál es el nombre común de Disocactus biformis?,False
LATAM|flora|Disocactus biformis,¿En qué países se distribuye Disocactus biformis?,False
LATAM|flora|Disocactus biformis,¿Qué características distintivas tiene Disocactus biformis y en qué tipo de hábitat se encuentra?,False
LATAM|flora|Echinopsis caineana,¿Qué tipo de planta es Echinopsis caineana?,False
LATAM|flora|Echinopsis caineana,¿Dónde se encuentra Echinopsis caineana de forma endémica?,False
LATAM|flora|Echinopsis caineana,¿Cuál es el estado de conservación de Echinopsis caineana según la Lista Roja de Especies Amenazadas de la UICN y qué factores contribuyen a su riesgo poblacional?,False
LATAM|flora|Pterygiosperma tehuelches,¿Qué tipo de planta es Pterygiosperma tehuelches?,False
LATAM|flora|Pterygiosperma tehuelches,¿A qué familia pertenece Pterygiosperma tehuelches?,False
LATAM|flora|Pterygiosperma tehuelches,¿Quién describió Pterygiosperma tehuelches y en qué año fue publicado?,False
LATAM|flora|Echinopsis schieliana,¿Qué tipo de planta es Echinopsis schieliana?,False
LATAM|flora|Echinopsis schieliana,¿Dónde se distribuye Echinopsis schieliana?,False
LATAM|flora|Echinopsis schieliana,¿Qué características distintivas presenta Echinopsis schieliana en su morfología y hábitat?,False
LATAM|flora|acacia bucheri,¿Qué tipo de especie es Acacia bucheri?,False
LATAM|flora|acacia bucheri,¿Dónde se encuentra Acacia bucheri?,False
LATAM|flora|acacia bucheri,¿Quién describió Acacia bucheri y en qué año fue publicada su descripción?,False
LATAM|flora|Escallonia bifida,¿Qué tipo de especie es Escallonia bifida?,False
LATAM|flora|Escallonia bifida,¿En qué países es originaria Escallonia bifida?,False
LATAM|flora|Escallonia bifida,¿Qué características distintivas tiene Escallonia bifida y en qué región se encuentra en cultivo?,False
LATAM|flora|Ramorinoa,¿Qué tipo de planta es Ramorinoa?,False
LATAM|flora|Ramorinoa,¿Dónde se encuentra la especie Ramorinoa girolae?,False
LATAM|flora|Ramorinoa,¿Cuáles son las características distintivas de Ramorinoa girolae y qué altura puede alcanzar?,False
LATAM|flora|Justicia roigii,¿Qué tipo de especie es Justicia roigii?,False
LATAM|flora|Justicia roigii,¿Dónde se encuentra Justicia roigii?,False
LATAM|flora|Justicia roigii,¿Qué características distintivas tiene Justicia roigii y en qué tipo de hábitat crece?,False
LATAM|flora|adesmia aromatica,¿Qué tipo de especie es Adesmia aromatica?,False
LATAM|flora|adesmia aromatica,¿Quién describió la especie Adesmia aromatica?,False
LATAM|flora|adesmia aromatica,¿En qué revista científica se registró Adesmia aromatica y en qué año?,False
LATAM|flora|Dicliptera squarrosa,¿Qué tipo de especie es Dicliptera squarrosa?,False
LATAM|flora|Dicliptera squarrosa,¿En qué bioma crece principalmente Dicliptera squarrosa?,False
LATAM|flora|Dicliptera squarrosa,¿Quién describió inicialmente a Dicliptera squarrosa y bajo qué nombre fue publicada?,False
LATAM|flora|adesmia leiocarpa,¿Qué tipo de especie es Adesmia leiocarpa?,False
LATAM|flora|adesmia leiocarpa,¿A qué familia pertenece Adesmia leiocarpa?,False
LATAM|flora|adesmia leiocarpa,¿Dónde es nativa Adesmia leiocarpa y en qué bioma crece?,False
LATAM|flora|allium atrorubens,¿Qué tipo de especie es Allium atrorubens?,False
LATAM|flora|allium atrorubens,¿Dónde es originaria Allium atrorubens?,False
LATAM|flora|allium atrorubens,¿Quién describió Allium atrorubens y en qué año fue publicado?,False
LATAM|flora|acanthosyris asipapote,¿Qué tipo de especie es Acanthosyris asipapote?,False
LATAM|flora|acanthosyris asipapote,¿Dónde se encuentra Acanthosyris asipapote?,False
LATAM|flora|acanthosyris asipapote,¿Quién describió Acanthosyris asipapote y en qué año fue descrita?,False
LATAM|flora|adesmia karraikensis,¿Qué tipo de especie es Adesmia karraikensis?,False
LATAM|flora|adesmia karraikensis,¿A qué género pertenece Adesmia karraikensis?,False
LATAM|flora|adesmia karraikensis,¿En qué bioma crece Adesmia karraikensis y en qué país es nativa?,False
LATAM|flora|adesmia tehuelcha,¿Qué tipo de especie es Adesmia tehuelcha?,False
LATAM|flora|adesmia tehuelcha,¿A qué género pertenece Adesmia tehuelcha?,False
LATAM|flora|adesmia tehuelcha,¿En qué bioma crece Adesmia tehuelcha y quién la describió?,False
LATAM|flora|alstroemeria diluta,¿Qué tipo de especie es Alstroemeria diluta?,False
LATAM|flora|alstroemeria diluta,¿Dónde es originaria Alstroemeria diluta?,False
LATAM|flora|alstroemeria diluta,¿Quién describió Alstroemeria diluta y en qué publicación se realizó?,False
LATAM|flora|Quercus sapotifolia,¿Qué tipo de planta es Quercus sapotifolia?,False
LATAM|flora|Quercus sapotifolia,¿Dónde se encuentra Quercus sapotifolia?,False
LATAM|flora|Quercus sapotifolia,¿Qué características distintivas tiene la madera de Quercus sapotifolia y para qué se utiliza?,False
LATAM|flora|ateleia salicifolia,¿Qué tipo de especie es Ateleia salicifolia?,False
LATAM|flora|ateleia salicifolia,¿A qué familia pertenece Ateleia salicifolia?,False
LATAM|flora|ateleia salicifolia,¿Dónde se encuentra Ateleia salicifolia y en qué tipo de hábitat está confinado?,False
LATAM|flora|alstroemeria kingii,¿Qué tipo de especie es Alstroemeria kingii?,False
LATAM|flora|alstroemeria kingii,¿Dónde es originaria Alstroemeria kingii?,False
LATAM|flora|alstroemeria kingii,¿Quién describió Alstroemeria kingii y en qué publicación se realizó?,False
LATAM|flora|alstroemeria leporina,¿Qué tipo de especie es Alstroemeria leporina?,False
LATAM|flora|alstroemeria leporina,¿Dónde es originaria Alstroemeria leporina?,False
LATAM|flora|alstroemeria leporina,¿Quiénes describieron Alstroemeria leporina y en qué publicación se realizó?,False
LATAM|flora|balbisia miniata,¿Qué nombre común recibe Balbisia miniata?,False
LATAM|flora|balbisia miniata,¿A qué familia pertenece Balbisia miniata?,False
LATAM|flora|balbisia miniata,¿Quiénes le dieron el nombre exacto a Balbisia miniata?,False
LATAM|flora|brocchinia delicatula,¿Qué tipo de especie es Brocchinia delicatula?,False
LATAM|flora|brocchinia delicatula,¿Dónde se encuentra Brocchinia delicatula?,False
LATAM|flora|brocchinia delicatula,¿Quién describió Brocchinia delicatula y en qué año fue publicado?,False
LATAM|flora|barkeria strophinx,¿Qué tipo de especie es Barkeria strophinx?,False
LATAM|flora|barkeria strophinx,¿En qué estado de México se encuentra Barkeria strophinx?,False
LATAM|flora|barkeria strophinx,¿Qué características distintivas tiene Barkeria strophinx y en qué tipo de hábitat se encuentra?,False
LATAM|flora|borzicactus tenuiserpens,¿Qué tipo de especie es Borzicactus tenuiserpens?,False
LATAM|flora|borzicactus tenuiserpens,¿Dónde se distribuye Borzicactus tenuiserpens?,False
LATAM|flora|borzicactus tenuiserpens,¿Qué características distintivas presenta Borzicactus tenuiserpens en cuanto a su morfología y hábitat?,False
LATAM|flora|atriplex vallenarensis,¿Qué tipo de especie es Atriplex vallenarensis?,False
LATAM|flora|atriplex vallenarensis,¿Dónde se encuentra principalmente Atriplex vallenarensis?,False
LATAM|flora|atriplex vallenarensis,¿Qué factores afectan el hábitat de Atriplex vallenarensis y en qué tipo de entorno crece?,False
LATAM|flora|brocchinia hitchcockii,¿Qué tipo de especie es Brocchinia hitchcockii?,False
LATAM|flora|brocchinia hitchcockii,¿Dónde se encuentra Brocchinia hitchcockii?,False
LATAM|flora|brocchinia hitchcockii,¿Quién describió Brocchinia hitchcockii y a qué altitud se encuentra?,False
LATAM|flora|castilleja affinis,¿Qué tipo de especie es castilleja affinis?,False
LATAM|flora|castilleja affinis,¿Dónde es originaria castilleja affinis?,False
LATAM|flora|castilleja affinis,¿Cuáles son las tres subespecies de castilleja affinis?,False
LATAM|flora|ceiba pentandra,¿Qué tipo de especie es la ceiba pentandra?,False
LATAM|flora|ceiba pentandra,¿Dónde es originaria la ceiba pentandra?,False
LATAM|flora|ceiba pentandra,¿Qué características hacen que la ceiba pentandra sea considerada invasora y en qué tipo de suelos se encuentra?,False
LATAM|flora|corryocactus tarijensis,¿Qué tipo de planta es Corryocactus tarijensis?,False
LATAM|flora|corryocactus tarijensis,¿Dónde es endémica Corryocactus tarijensis?,False
LATAM|flora|corryocactus tarijensis,¿Cuáles son las características distintivas de Corryocactus tarijensis en cuanto a su hábitat y morfología?,False
LATAM|flora|cochemiea insularis,¿Cuál es el nombre común de Cochemiea insularis?,False
LATAM|flora|cochemiea insularis,¿En qué regiones se distribuye Cochemiea insularis?,False
LATAM|flora|cochemiea insularis,¿Qué nombre se le dio originalmente a Cochemiea insularis y quién lo describió por primera vez?,False
LATAM|flora|brachystigma wrightii,¿Qué tipo de especie es Brachystigma wrightii?,False
LATAM|flora|brachystigma wrightii,¿A qué familia pertenece Brachystigma wrightii?,False
LATAM|flora|brachystigma wrightii,¿Quién describió Brachystigma wrightii y en qué publicación se realizó?,False
LATAM|flora|corynabutilon ochsenii,¿Cuál es el nombre común de Corynabutilon ochsenii?,False
LATAM|flora|corynabutilon ochsenii,¿En qué regiones de Chile se distribuye Corynabutilon ochsenii?,False
LATAM|flora|corynabutilon ochsenii,¿Qué tipo de hábitat y características distintivas tiene Corynabutilon ochsenii en su distribución en Chile?,False
LATAM|flora|chromolaena bullata,¿Qué tipo de planta es Chromolaena bullata?,False
LATAM|flora|chromolaena bullata,¿Dónde se reporta Chromolaena bullata?,False
LATAM|flora|chromolaena bullata,¿Quién describió Chromolaena bullata y en qué año fue publicado?,False
LATAM|flora|cylindropuntia leptocaulis,¿Qué tipo de planta es Cylindropuntia leptocaulis?,False
LATAM|flora|cylindropuntia leptocaulis,¿Dónde se distribuye Cylindropuntia leptocaulis?,False
LATAM|flora|cylindropuntia leptocaulis,¿Por qué se considera a Cylindropuntia leptocaulis una especie invasora en Sudáfrica y qué implicaciones tiene esto en su manejo en España?,True
LATAM|flora|cyttaria harioti,¿Qué tipo de organismo es Cyttaria harioti?,False
LATAM|flora|cyttaria harioti,¿Dónde se encuentra Cyttaria harioti?,False
LATAM|flora|cyttaria harioti,¿Qué efecto tiene Cyttaria harioti en los árboles Nothofagus?,False
LATAM|flora|echinocereus pentalophus,¿Cómo se conoce comúnmente a Echinocereus pentalophus?,False
LATAM|flora|echinocereus pentalophus,¿En qué bioma se desarrolla principalmente Echinocereus pentalophus?,False
LATAM|flora|echinocereus pentalophus,¿Qué características distintivas presentan los tallos de Echinocereus pentalophus y en qué tipo de suelos crece?,False
LATAM|flora|echeveria cante,¿Qué tipo de planta es Echeveria cante?,False
LATAM|flora|echeveria cante,¿Dónde se encuentra Echeveria cante?,False
LATAM|flora|echeveria cante,¿Quiénes describieron Echeveria cante y en qué publicación se realizó?,False
LATAM|flora|echeveria harmsii,¿Qué tipo de planta es Echeveria harmsii?,False
LATAM|flora|echeveria harmsii,¿Dónde es endémica Echeveria harmsii?,False
LATAM|flora|echeveria harmsii,¿Quién describió Echeveria harmsii y en qué año?,False
LATAM|flora|coccothrinax salvatoris,¿Qué tipo de especie es Coccothrinax salvatoris?,False
LATAM|flora|coccothrinax salvatoris,¿En qué año fue descrita Coccothrinax salvatoris?,False
LATAM|flora|coccothrinax salvatoris,¿Quién describió Coccothrinax salvatoris y en qué publicación se realizó?,False
LATAM|flora|elaeagia pastoensis,¿Qué tipo de especie es el elaeagia pastoensis?,False
LATAM|flora|elaeagia pastoensis,¿Dónde se encuentra el elaeagia pastoensis?,False
LATAM|flora|elaeagia pastoensis,¿Qué características distintivas tiene el elaeagia pastoensis en cuanto a su resina y su uso en la fabricación del Barniz de Pasto?,True
LATAM|flora|echinocereus viereckii,¿Cómo se conoce comúnmente a Echinocereus viereckii?,False
LATAM|flora|echinocereus viereckii,¿En qué estados de México es endémica Echinocereus viereckii?,False
LATAM|flora|echinocereus viereckii,¿Quién describió Echinocereus viereckii y en qué año fue publicada su descripción?,False
LATAM|flora|echinocereus berlandieri,¿Qué tipo de especie es Echinocereus berlandieri?,False
LATAM|flora|echinocereus berlandieri,¿Dónde se distribuye Echinocereus berlandieri?,False
LATAM|flora|echinocereus berlandieri,¿Cuáles son las características distintivas de Echinocereus berlandieri en cuanto a su morfología y hábitat?,False
LATAM|flora|eriosyce heinrichiana,¿Qué tipo de especie es Eriosyce heinrichiana?,False
LATAM|flora|eriosyce heinrichiana,¿Dónde es endémica Eriosyce heinrichiana?,False
LATAM|flora|eriosyce heinrichiana,¿En qué tipo de hábitat crece Eriosyce heinrichiana y dónde se encuentra?,False
LATAM|flora|erigeron longipes,¿Qué tipo de planta es Erigeron longipes?,False
LATAM|flora|erigeron longipes,¿Dónde es nativa Erigeron longipes?,False
LATAM|flora|erigeron longipes,¿Qué usos medicinales se le han atribuido a Erigeron longipes desde el siglo XVI?,False
LATAM|flora|cyttaria espinosae,¿Qué tipo de organismo es Cyttaria espinosae?,False
LATAM|flora|cyttaria espinosae,¿Qué tipo de parásito es Cyttaria espinosae y de qué árbol es específico?,False
LATAM|flora|cyttaria espinosae,¿Cuáles son algunas formas en que se consume Cyttaria espinosae en la gastronomía chilena?,False
LATAM|flora|eriosyce robusta,¿Qué tipo de planta es Eriosyce robusta?,False
LATAM|flora|eriosyce robusta,¿Dónde se encuentra Eriosyce robusta?,False
LATAM|flora|eriosyce robusta,¿Cuál es el estado de conservación propuesto para Eriosyce robusta y qué factores han contribuido a su disminución poblacional?,False
LATAM|flora|euphorbia gradyi,¿Qué tipo de especie es Euphorbia gradyi?,False
LATAM|flora|euphorbia gradyi,¿A qué familia pertenece Euphorbia gradyi?,False
LATAM|flora|euphorbia gradyi,¿Quién describió Euphorbia gradyi y en qué publicación se realizó?,False
LATAM|flora|euphorbia bracteata,¿Qué tipo de especie es Euphorbia bracteata?,False
LATAM|flora|euphorbia bracteata,¿Dónde es endémica Euphorbia bracteata?,False
LATAM|flora|euphorbia bracteata,¿Quién describió Euphorbia bracteata y en qué año fue publicada su descripción?,False
LATAM|flora|gymnocalycium mostii,¿Qué tipo de especie es Gymnocalycium mostii?,False
LATAM|flora|gymnocalycium mostii,¿Dónde se encuentra Gymnocalycium mostii?,False
LATAM|flora|gymnocalycium mostii,¿Cuál es el epíteto de Gymnocalycium mostii y a quién se le otorgó en honor?,False
LATAM|flora|euphorbia parishii,¿Qué tipo de especie es Euphorbia parishii?,False
LATAM|flora|euphorbia parishii,¿Dónde es nativa Euphorbia parishii?,False
LATAM|flora|euphorbia parishii,¿Quién describió Euphorbia parishii y en qué publicación se hizo?,False
LATAM|flora|ferocactus diguetii,¿Qué tipo de especie es Ferocactus diguetii?,False
LATAM|flora|ferocactus diguetii,¿Dónde se encuentra Ferocactus diguetii?,False
LATAM|flora|ferocactus diguetii,¿Cuáles son las características distintivas de Ferocactus diguetii en términos de su morfología y hábitat?,False
LATAM|flora|gevuina avellana,¿Cuál es el nombre vulgar del Gevuina avellana?,False
LATAM|flora|gevuina avellana,¿En qué tipo de hábitat crece el Gevuina avellana?,False
LATAM|flora|gevuina avellana,¿Qué características distintivas tiene el Gevuina avellana en cuanto a su altura y diámetro del tronco?,False
LATAM|flora|goodyera oblongifolia,¿Qué tipo de especie es Goodyera oblongifolia?,False
LATAM|flora|goodyera oblongifolia,¿Dónde es comúnmente encontrada Goodyera oblongifolia?,False
LATAM|flora|goodyera oblongifolia,¿Cuáles son los nombres comunes de Goodyera oblongifolia y en qué parte de América del Norte se encuentra?,False
LATAM|flora|halimolobos jaegeri,¿Qué tipo de especie es Halimolobos jaegeri?,False
LATAM|flora|halimolobos jaegeri,¿Dónde es nativa Halimolobos jaegeri?,False
LATAM|flora|halimolobos jaegeri,¿Cuáles son las características distintivas de Halimolobos jaegeri en su hábitat natural?,False
LATAM|flora|helicteres guazumifolia,¿Qué tipo de planta es Helicteres guazumifolia?,False
LATAM|flora|helicteres guazumifolia,¿Dónde es originaria Helicteres guazumifolia?,False
LATAM|flora|helicteres guazumifolia,¿Qué usos medicinales se le da a Helicteres guazumifolia en México y en qué estados específicos?,True
LATAM|flora|harrisia martinii,¿Qué tipo de planta es Harrisia martinii?,False
LATAM|flora|harrisia martinii,¿En qué regiones de Argentina es endémica Harrisia martinii?,False
LATAM|flora|harrisia martinii,¿Qué características distintivas tiene Harrisia martinii en cuanto a su forma y espinas?,False
LATAM|flora|mammillaria luethyi,¿Qué tipo de especie es Mammillaria luethyi?,False
LATAM|flora|mammillaria luethyi,¿Dónde es endémico Mammillaria luethyi?,False
LATAM|flora|mammillaria luethyi,¿Por qué está tratada Mammillaria luethyi en peligro de extinción?,False
LATAM|flora|hoffmannseggia erecta,¿Qué tipo de especie es Hoffmannseggia erecta?,False
LATAM|flora|hoffmannseggia erecta,¿Dónde se distribuye Hoffmannseggia erecta?,False
LATAM|flora|hoffmannseggia erecta,¿Quién describió Hoffmannseggia erecta y en qué publicación se hizo?,False
LATAM|flora|heliopsis longipes,¿Cuál es el nombre común de Heliopsis longipes?,False
LATAM|flora|heliopsis longipes,¿Qué alcaloide contiene Heliopsis longipes?,False
LATAM|flora|heliopsis longipes,"¿Qué significa el término ""chilmecatl"" en relación con Heliopsis longipes y cuál es su origen?",False
LATAM|flora|manilkara zapota,¿Qué tipo de especie es el manilkara zapota?,False
LATAM|flora|manilkara zapota,¿Dónde se encuentra el manilkara zapota?,False
LATAM|flora|manilkara zapota,¿Cuál es el origen del manilkara zapota y en qué región es abundante?,False
LATAM|flora|larrea nitida,¿Qué tipo de planta es Larrea nitida?,False
LATAM|flora|larrea nitida,¿Dónde se distribuye Larrea nitida en Argentina?,False
LATAM|flora|larrea nitida,¿Quién describió Larrea nitida y en qué año fue publicado?,False
LATAM|flora|mammillaria sanchez-mejoradae,¿Qué tipo de especie es Mammillaria sanchez-mejoradae?,False
LATAM|flora|mammillaria sanchez-mejoradae,¿Dónde es endémica Mammillaria sanchez-mejoradae?,False
LATAM|flora|mammillaria sanchez-mejoradae,¿Cuál es el hábitat natural de Mammillaria sanchez-mejoradae y qué amenaza enfrenta?,False
LATAM|flora|mammillaria hahniana,¿Qué tipo de especie es Mammillaria hahniana?,False
LATAM|flora|mammillaria hahniana,¿Dónde es endémica Mammillaria hahniana?,False
LATAM|flora|mammillaria hahniana,¿Cuál es el hábitat natural de Mammillaria hahniana y qué características distintivas tiene?,False
LATAM|flora|maxillaria desvauxiana,¿Qué tipo de especie es Maxillaria desvauxiana?,False
LATAM|flora|maxillaria desvauxiana,¿En qué tipo de hábitat se encuentra Maxillaria desvauxiana?,False
LATAM|flora|maxillaria desvauxiana,¿En qué países de América se puede encontrar Maxillaria desvauxiana y en qué tipo de clima prefiere crecer?,False
LATAM|flora|metastevia hintonii,¿Qué tipo de planta es Metastevia hintonii?,False
LATAM|flora|metastevia hintonii,¿Dónde es endémica Metastevia hintonii?,False
LATAM|flora|metastevia hintonii,¿Quién describió Metastevia hintonii y en qué año fue publicado?,False
LATAM|flora|melochia manducata,¿Qué tipo de planta es Melochia manducata?,False
LATAM|flora|melochia manducata,¿En qué tipo de hábitat crece Melochia manducata?,False
LATAM|flora|melochia manducata,¿En qué países ha sido reportada Melochia manducata y qué características tiene su tallo?,False
LATAM|flora|nicté-ha,"¿Qué significa ""nicté-ha"" en idioma maya?",False
LATAM|flora|nicté-ha,¿Dónde se localiza la nicté-ha?,False
LATAM|flora|nicté-ha,"¿Qué características distintivas tiene la nicté-ha y qué nombre en maya se le atribuye que significa ""blanca de lejos""?",True
LATAM|flora|nolana sedifolia,¿Qué tipo de especie es la Nolana sedifolia?,False
LATAM|flora|nolana sedifolia,¿Dónde se encuentra distribuida la Nolana sedifolia?,False
LATAM|flora|nolana sedifolia,¿Qué características distintivas tiene la Nolana sedifolia en comparación con la Nolana crassulifolia?,False
LATAM|flora|nothoscordum izaguirreae,¿Qué tipo de especie es Nothoscordum izaguirreae?,False
LATAM|flora|nothoscordum izaguirreae,¿Dónde se encuentra Nothoscordum izaguirreae?,False
LATAM|flora|nothoscordum izaguirreae,¿Quién describió Nothoscordum izaguirreae y en qué año fue publicado?,False
LATAM|flora|ourisia biflora,¿Qué tipo de planta es Ourisia biflora?,False
LATAM|flora|ourisia biflora,¿Dónde se encuentra Ourisia biflora?,False
LATAM|flora|ourisia biflora,¿Quién describió Ourisia biflora y en qué año?,False
LATAM|flora|paphinia rugosa,¿Qué tipo de especie es Paphinia rugosa?,False
LATAM|flora|paphinia rugosa,¿A qué altitud se encuentra Paphinia rugosa?,False
LATAM|flora|paphinia rugosa,¿Quién clasificó Paphinia rugosa y en qué año se publicó esta clasificación?,False
LATAM|flora|ourisia breviflora subsp. breviflora,¿Qué tipo de planta es Ourisia breviflora subsp. breviflora?,False
LATAM|flora|ourisia breviflora subsp. breviflora,¿Dónde se encuentra Ourisia breviflora subsp. breviflora?,False
LATAM|flora|ourisia breviflora subsp. breviflora,"¿Quién describió Ourisia breviflora subsp. breviflora y en qué año, y qué relación tiene esta planta con el hábitat de los Andes del sur de Chile y Argentina?",False
LATAM|flora|okenia hypogaea,¿Qué tipo de planta es Okenia hypogaea?,False
LATAM|flora|okenia hypogaea,¿Dónde es originaria Okenia hypogaea?,False
LATAM|flora|okenia hypogaea,¿Qué características distintivas tiene Okenia hypogaea en cuanto a su antocarpo y estilo?,False
LATAM|flora|oncidium incurvum,¿Qué tipo de especie es Oncidium incurvum?,False
LATAM|flora|oncidium incurvum,¿Dónde es originaria Oncidium incurvum?,False
LATAM|flora|oncidium incurvum,¿Qué características distintivas tiene Oncidium incurvum y en qué tipo de hábitat se desarrolla?,False
LATAM|flora|passiflora pilosa,¿Qué tipo de especie es Passiflora pilosa?,False
LATAM|flora|passiflora pilosa,¿Dónde se distribuye Passiflora pilosa?,False
LATAM|flora|passiflora pilosa,¿En qué tipo de hábitat se desarrolla Passiflora pilosa y en qué periodo florece?,False
LATAM|flora|ovidia pillopillo,¿Qué tipo de especie es Ovidia pillopillo?,False
LATAM|flora|ovidia pillopillo,¿Dónde se distribuye Ovidia pillopillo en Chile?,False
LATAM|flora|ovidia pillopillo,¿Qué características distintivas tiene Ovidia pillopillo en cuanto a su tamaño y olor?,False
LATAM|flora|pseudonemacladus,¿Qué tipo de género es Pseudonemacladus?,False
LATAM|flora|pseudonemacladus,¿A qué familia pertenece Pseudonemacladus?,False
LATAM|flora|pseudonemacladus,¿Cuál es la única especie que contiene el género Pseudonemacladus y quién la describió?,False
LATAM|flora|pleopeltis pinnatifida,¿Qué tipo de especie es Pleopeltis pinnatifida?,False
LATAM|flora|pleopeltis pinnatifida,¿Dónde se puede encontrar Pleopeltis pinnatifida?,False
LATAM|flora|pleopeltis pinnatifida,¿Quién describió Pleopeltis pinnatifida y en qué publicación se realizó?,False
LATAM|flora|prunus salicifolia,¿Qué tipo de especie es Prunus salicifolia?,False
LATAM|flora|prunus salicifolia,¿Dónde es originaria Prunus salicifolia?,False
LATAM|flora|prunus salicifolia,¿Qué características climáticas necesita Prunus salicifolia y en qué época florece en México?,False
LATAM|flora|parodia aureicentra,¿Qué tipo de especie es Parodia aureicentra?,False
LATAM|flora|parodia aureicentra,¿Dónde se encuentra Parodia aureicentra?,False
LATAM|flora|parodia aureicentra,¿Quién describió Parodia aureicentra y en qué año fue publicado?,False
LATAM|flora|quercus virginiana,¿Qué tipo de árbol es Quercus virginiana?,False
LATAM|flora|quercus virginiana,¿En qué época florece Quercus virginiana?,False
LATAM|flora|quercus virginiana,¿Con qué especies hibrida Quercus virginiana y qué características tiene su hábitat?,False
LATAM|flora|senna candolleana,¿Qué tipo de especie es senna candolleana?,False
LATAM|flora|senna candolleana,¿Dónde se distribuye senna candolleana en Chile?,False
LATAM|flora|senna candolleana,¿Cuál es el hábitat natural de senna candolleana y qué características tiene su maduración?,False
LATAM|flora|solanum ovalifolium,¿Qué tipo de planta es el solanum ovalifolium?,False
LATAM|flora|solanum ovalifolium,¿Dónde es nativo el solanum ovalifolium?,False
LATAM|flora|solanum ovalifolium,¿Cuáles son algunas características distintivas del solanum ovalifolium y qué altura puede alcanzar?,False
LATAM|flora|myrmecophila tibicinis,¿Qué tipo de especie es Myrmecophila tibicinis?,False
LATAM|flora|myrmecophila tibicinis,¿Dónde habita Myrmecophila tibicinis?,False
LATAM|flora|myrmecophila tibicinis,¿Qué características distintivas tiene Myrmecophila tibicinis en comparación con M. brysiana?,False
LATAM|flora|selenicereus tonduzii,¿Qué tipo de especie es Selenicereus tonduzii?,False
LATAM|flora|selenicereus tonduzii,¿Dónde se extiende la distribución nativa de Selenicereus tonduzii?,False
LATAM|flora|selenicereus tonduzii,¿Qué características distintivas tiene Selenicereus tonduzii y en qué bioma crece principalmente?,False
LATAM|flora|senecio aphanactis,¿Qué tipo de planta es el senecio aphanactis?,False
LATAM|flora|senecio aphanactis,¿Dónde se encuentra principalmente el senecio aphanactis?,False
LATAM|flora|senecio aphanactis,¿Cuál es el rango de altura que puede alcanzar el senecio aphanactis y en qué región es originario?,False
LATAM|flora|pilosocereus chrysacanthus,¿Qué tipo de especie es Pilosocereus chrysacanthus?,False
LATAM|flora|pilosocereus chrysacanthus,¿Dónde se encuentra Pilosocereus chrysacanthus?,False
LATAM|flora|pilosocereus chrysacanthus,¿Cuáles son las características distintivas de Pilosocereus chrysacanthus y su hábitat?,False
LATAM|flora|tristagma graminifolium,¿Qué tipo de especie es Tristagma graminifolium?,False
LATAM|flora|tristagma graminifolium,¿Dónde es endémica Tristagma graminifolium?,False
LATAM|flora|tristagma graminifolium,¿Qué características distintivas presenta el androceo de Tristagma graminifolium?,False
LATAM|flora|stenocactus lamellosus,¿Qué tipo de planta es Stenocactus lamellosus?,False
LATAM|flora|stenocactus lamellosus,¿Dónde es endémica Stenocactus lamellosus?,False
LATAM|flora|stenocactus lamellosus,¿Cuál es el hábitat natural de Stenocactus lamellosus y qué características tiene como planta?,False
LATAM|geography|Batalla naval del Golfo de Cádiz,¿Qué tipo de acción fue la Batalla naval del Golfo de Cádiz?,False
LATAM|geography|Batalla naval del Golfo de Cádiz,¿Cuándo tuvo lugar la Batalla naval del Golfo de Cádiz?,False
LATAM|geography|Batalla naval del Golfo de Cádiz,¿Qué se destaca de la Batalla naval del Golfo de Cádiz en relación con el Tratado de Londres?,False
LATAM|geography|Araújo (Uruguay),¿Qué tipo de lugar es Araújo?,False
LATAM|geography|Araújo (Uruguay),¿Cómo se accede a la localidad de Araújo?,False
LATAM|geography|Araújo (Uruguay),¿Cuál es la población de Araújo según el censo de 2011 y en qué zona se encuentra situada?,False
LATAM|flora|tillandsia seleriana,¿Qué tipo de planta es Tillandsia seleriana?,False
LATAM|flora|tillandsia seleriana,¿Dónde se encuentra Tillandsia seleriana?,False
LATAM|flora|tillandsia seleriana,¿Quién describió Tillandsia seleriana y en qué año fue publicado?,False
LATAM|geography|Acasio,¿Qué tipo de lugar es Acasio?,False
LATAM|geography|Acasio,¿En qué provincia se ubica Acasio?,True
LATAM|geography|Acasio,¿Qué relación tiene Acasio con la Cordillera Central de Bolivia y cuántos pueblos lo componen?,False
LATAM|geography|Alto Boquete,¿Qué es Alto Boquete?,True
LATAM|geography|Alto Boquete,¿A qué altitud se ubica Alto Boquete?,False
LATAM|geography|Alto Boquete,¿Qué características geográficas destacan en Alto Boquete y qué motivó el desarrollo residencial en la zona?,False
LATAM|geography|Borrero (Ecuador),¿Qué tipo de lugar es Borrero en Ecuador?,False
LATAM|geography|Borrero (Ecuador),"¿En qué provincia se encuentra Borrero, Ecuador?",True
LATAM|geography|Borrero (Ecuador),¿Por qué fue renombrada la parroquia Borrero en Ecuador?,False
LATAM|geography|Bodianus prognathus,¿Qué tipo de pez es Bodianus prognathus?,False
LATAM|geography|Bodianus prognathus,¿En qué tipo de hábitat se encuentra Bodianus prognathus?,False
LATAM|geography|Bodianus prognathus,¿Cuál es la distribución geográfica de Bodianus prognathus y a qué profundidades se encuentra?,False
LATAM|geography|Cabarete,¿Qué tipo de lugar es Cabarete?,True
LATAM|geography|Cabarete,¿En qué año fue fundada Cabarete?,False
LATAM|geography|Cabarete,¿Qué características definen a Cabarete como una zona turística de mayor proyección internacional?,False
LATAM|geography|Branchiostoma caribaeum,¿Qué tipo de especie es Branchiostoma caribaeum?,False
LATAM|geography|Branchiostoma caribaeum,¿Dónde se distribuye Branchiostoma caribaeum?,False
LATAM|geography|Branchiostoma caribaeum,¿En qué tipo de hábitat se encuentra normalmente Branchiostoma caribaeum y qué características tiene su cuerpo?,False
LATAM|geography|Cantón Simón Bolívar,¿En qué provincia se encuentra ubicado el cantón Simón Bolívar?,False
LATAM|geography|Cantón Simón Bolívar,¿Cuántas parroquias tiene el cantón Simón Bolívar?,False
LATAM|geography|Cantón Simón Bolívar,¿Con qué cantón y provincia limita al norte el cantón Simón Bolívar?,False
LATAM|geography|Cantón Urcuquí,¿Qué tipo de lugar es el Cantón Urcuquí?,False
LATAM|geography|Cantón Urcuquí,¿Cuál es la cabecera cantonal del Cantón Urcuquí?,False
LATAM|geography|Cantón Urcuquí,¿Qué ciudad del conocimiento alberga el Cantón Urcuquí y cuál es su importancia educativa?,True
LATAM|geography|Cabillus lacertops,¿Qué tipo de pez es Cabillus lacertops?,False
LATAM|geography|Cabillus lacertops,¿En qué tipo de clima se encuentra Cabillus lacertops?,False
LATAM|geography|Cabillus lacertops,¿En qué regiones del mundo se puede encontrar Cabillus lacertops y a qué hábitat está asociado?,False
LATAM|geography|Cordillera Central (Panamá),¿Qué tipo de lugar es la Cordillera Central (Panamá)?,False
LATAM|geography|Cordillera Central (Panamá),¿Dónde se ubica la Cordillera Central (Panamá)?,False
LATAM|geography|Cordillera Central (Panamá),¿Qué importancia geográfica tiene la Cordillera Central (Panamá) en relación con las vertientes del océano Pacífico y el mar Caribe?,False
LATAM|geography|Capitán Meza,¿Qué tipo de lugar es Capitán Meza?,False
LATAM|geography|Capitán Meza,¿En qué año fue fundado Capitán Meza?,False
LATAM|geography|Capitán Meza,¿Quién fundó Capitán Meza y qué nombre se le dio inicialmente?,False
LATAM|geography|Departamento de Concepción (Paraguay),¿Cuál es la capital del Departamento de Concepción en Paraguay?,False
LATAM|geography|Departamento de Concepción (Paraguay),¿Con qué país limita al norte el Departamento de Concepción?,False
LATAM|geography|Departamento de Concepción (Paraguay),¿Qué ríos separan al Departamento de Concepción de los departamentos de San Pedro y Presidente Hayes?,True
LATAM|geography|Cordillera del Bálsamo,¿Qué tipo de lugar es la cordillera del Bálsamo?,False
LATAM|geography|Cordillera del Bálsamo,¿En qué departamentos de El Salvador se ubica la cordillera del Bálsamo?,False
LATAM|geography|Cordillera del Bálsamo,¿Qué formación geológica hace parte de la cordillera del Bálsamo y en qué era se dató?,False
LATAM|geography|Cantón de Sarapiquí,¿Qué es el cantón de Sarapiquí?,False
LATAM|geography|Cantón de Sarapiquí,¿Cuántos distritos está dividido el cantón de Sarapiquí?,False
LATAM|geography|Cantón de Sarapiquí,¿Con qué países y cantones limita el cantón de Sarapiquí?,False
LATAM|geography|Cantón de San Pablo (Costa Rica),¿Qué tipo de lugar es el Cantón de San Pablo en Costa Rica?,False
LATAM|geography|Cantón de San Pablo (Costa Rica),¿Qué cultivo permitió al Cantón de San Pablo lograr su cantonato?,True
LATAM|geography|Cantón de San Pablo (Costa Rica),¿Qué nombre se le dio originalmente al Cantón de San Pablo y en qué año comenzó a citarse en los Protocolos?,True
LATAM|geography|Copa Centroamericana Campeones de Copa 1991,¿Qué fue la Copa Centroamericana Campeones de Copa 1991?,False
LATAM|geography|Copa Centroamericana Campeones de Copa 1991,¿Cuántos equipos participaron en la Copa Centroamericana Campeones de Copa 1991?,False
LATAM|geography|Copa Centroamericana Campeones de Copa 1991,¿Qué resultado obtuvo el Atlético Marte en su último partido de la Copa Centroamericana Campeones de Copa 1991 y qué posición ocupó al final del torneo?,False
LATAM|geography|Estación Pedrera,¿Qué tipo de lugar es Estación Pedrera?,False
LATAM|geography|Estación Pedrera,¿A qué municipio pertenece Estación Pedrera?,False
LATAM|geography|Estación Pedrera,¿Qué distancia tiene Estación Pedrera de la ciudad de San Jacinto y qué infraestructura cuenta en la localidad?,False
LATAM|geography|Fort Lauderdale,¿Cuántos habitantes tenía Fort Lauderdale según el censo de 2010?,False
LATAM|geography|Fort Lauderdale,¿Qué océano limita con Fort Lauderdale?,False
LATAM|geography|Fort Lauderdale,¿En qué año fue designada Fort Lauderdale como capital del condado de Broward?,False
LATAM|geography|Diócesis de Stella Maris,¿Qué es la Diócesis de Stella Maris?,False
LATAM|geography|Diócesis de Stella Maris,¿Cuántas parroquias existen en la Diócesis de Stella Maris en 2025?,False
LATAM|geography|Diócesis de Stella Maris,¿Quién erigió la Diócesis de Stella Maris y en qué fecha?,False
LATAM|geography|El Caño,¿Qué tipo de lugar es El Caño?,True
LATAM|geography|El Caño,¿Cuántos habitantes tenía El Caño en 2023?,False
LATAM|geography|El Caño,¿Qué yacimiento arqueológico importante se encuentra cerca de El Caño y qué ocurrió con él en la década de 1920?,False
LATAM|geography|Dunckerocampus,¿Qué tipo de organismo es Dunckerocampus?,False
LATAM|geography|Dunckerocampus,¿Cuántos radios blandos dorsales tienen los peces del género Dunckerocampus?,False
LATAM|geography|Dunckerocampus,¿Qué características distintivas tienen los machos de Dunckerocampus en comparación con las hembras?,False
LATAM|geography|Groton (Connecticut),¿Qué tipo de lugar es Groton?,False
LATAM|geography|Groton (Connecticut),¿En qué condado se encuentra Groton?,False
LATAM|geography|Groton (Connecticut),¿Qué evento histórico significativo tuvo lugar en Groton el 6 de septiembre de 1781?,False
LATAM|geography|HMS Sir Galahad (T226),¿Qué tipo de barco fue el HMS Sir Galahad (T226)?,False
LATAM|geography|HMS Sir Galahad (T226),¿En qué año naufragó el HMS Sir Galahad (T226)?,False
LATAM|geography|HMS Sir Galahad (T226),¿Qué ocurrió con el HMS Sir Galahad (T226) después de ser vendido a Walker Steam Trawling & Fishing Co Ltd de Aberdeen?,False
LATAM|geography|Holmesina,¿Qué es Holmesina?,False
LATAM|geography|Holmesina,¿Hasta cuándo vivió Holmesina en América del Norte y del Sur?,False
LATAM|geography|Holmesina,¿Qué características diferencian a Holmesina de los armadillos modernos y en qué hábitats vivió?,False
LATAM|geography|Informe Franck,¿Qué es el Informe Franck?,False
LATAM|geography|Informe Franck,¿Quién fue el cabeza visible del comité que produjo el Informe Franck?,False
LATAM|geography|Informe Franck,¿Qué advertía el Informe Franck sobre los descubrimientos atómicos de los Estados Unidos?,False
LATAM|geography|Hoplostethus cadenati,¿Qué tipo de especie es Hoplostethus cadenati?,False
LATAM|geography|Hoplostethus cadenati,¿Dónde se encuentra Hoplostethus cadenati?,True
LATAM|geography|Hoplostethus cadenati,¿A qué profundidad vive Hoplostethus cadenati y cuál es su longitud máxima?,False
LATAM|geography|Horario de verano de Uruguay,¿Qué fue el horario de verano de Uruguay?,False
LATAM|geography|Horario de verano de Uruguay,¿En qué año cesó el horario de verano en Uruguay?,False
LATAM|geography|Horario de verano de Uruguay,¿Por qué se justificaba históricamente el horario de verano en Uruguay?,False
LATAM|geography|Ingeniero Budge,¿Qué tipo de lugar es Ingeniero Budge?,False
LATAM|geography|Ingeniero Budge,¿Qué río delimita Ingeniero Budge al norte?,False
LATAM|geography|Ingeniero Budge,¿Qué obras de infraestructura mejoraron las comunicaciones de Ingeniero Budge con la Capital Federal en 1930?,False
LATAM|geography|Hotel Guaraní,¿Qué tipo de lugar es el Hotel Guaraní?,False
LATAM|geography|Hotel Guaraní,¿En qué año fue inaugurado el Hotel Guaraní?,False
LATAM|geography|Hotel Guaraní,¿Qué características arquitectónicas tiene el Hotel Guaraní y quiénes fueron los responsables de su diseño?,True
LATAM|geography|Junta Política de Hebei-Chahar,¿Qué tipo de entidad es la Junta Política de Hebei-Chahar?,False
LATAM|geography|Junta Política de Hebei-Chahar,¿Quién presidió la Junta Política de Hebei-Chahar?,False
LATAM|geography|Junta Política de Hebei-Chahar,¿Qué planes apoyó teóricamente la Junta Política de Hebei-Chahar en relación con Nankín?,False
LATAM|geography|Isla Larga (Los Roques),¿Qué tipo de lugar es Isla Larga (Los Roques)?,False
LATAM|geography|Isla Larga (Los Roques),¿A qué archipiélago pertenece Isla Larga (Los Roques)?,False
LATAM|geography|Isla Larga (Los Roques),¿Cuál es la superficie aproximada de Isla Larga (Los Roques) y qué características geográficas posee?,False
LATAM|geography|Kitakyushu,¿Qué tipo de lugar es Kitakyushu?,False
LATAM|geography|Kitakyushu,¿Cuántos barrios (ku) tiene Kitakyushu?,False
LATAM|geography|Kitakyushu,¿Qué relación tiene Kitakyushu con la ciudad de Shimonoseki en el contexto del estrecho de Kanmon?,False
LATAM|geography|Jean-Baptiste Charles Bouvet de Lozier,¿Quién fue Jean-Baptiste Charles Bouvet de Lozier?,False
LATAM|geography|Jean-Baptiste Charles Bouvet de Lozier,¿Qué isla fue descubierta por Jean-Baptiste Charles Bouvet de Lozier?,False
LATAM|geography|Jean-Baptiste Charles Bouvet de Lozier,¿Qué cargo ocupó Jean-Baptiste Charles Bouvet de Lozier en las islas Mascareñas y en qué años?,False
LATAM|geography|Laguna de San Miguel del Monte,¿Qué tipo de lugar es la Laguna de San Miguel del Monte?,False
LATAM|geography|Laguna de San Miguel del Monte,¿En qué provincia de Argentina se encuentra ubicada la Laguna de San Miguel del Monte?,False
LATAM|geography|Laguna de San Miguel del Monte,¿Qué sistema de lagunas forma parte la Laguna de San Miguel del Monte y cuál es su relación con el río Salado?,False
LATAM|geography|Lago Capoey,¿Qué tipo de lugar es el lago Capoey?,False
LATAM|geography|Lago Capoey,¿Dónde se encuentra el lago Capoey?,False
LATAM|geography|Lago Capoey,¿Qué localidades están más cercanas al lago Capoey y en qué región se ubica?,False
LATAM|geography|Laguna Victoria,¿Qué tipo de lugar es la Laguna Victoria?,False
LATAM|geography|Laguna Victoria,¿Dónde se encuentra la Laguna Victoria?,False
LATAM|geography|Laguna Victoria,¿Con qué lagunas se encuentra conectada la Laguna Victoria al sur y por medio de qué río?,False
LATAM|geography|Huaypan,¿Qué tipo de lugar es Huaypan?,False
LATAM|geography|Huaypan,¿A qué distrito pertenece Huaypan?,False
LATAM|geography|Huaypan,¿Qué actividades económicas predominan en Huaypan y qué productos se cultivan?,False
LATAM|geography|Los Nevados,¿Qué tipo de lugar es Los Nevados?,False
LATAM|geography|Los Nevados,¿En qué parque nacional se ubica Los Nevados?,False
LATAM|geography|Los Nevados,¿Cuál es la principal actividad económica de Los Nevados y cómo se lleva a cabo?,True
LATAM|geography|MS Berge Istra,¿Qué tipo de barco era el MS Berge Istra?,False
LATAM|geography|MS Berge Istra,¿En qué año fue construido el MS Berge Istra?,False
LATAM|geography|MS Berge Istra,¿Qué sucedió con el MS Berge Istra el 7 de enero de 1976?,False
LATAM|geography|Leptura dimorpha,¿Qué tipo de especie es Leptura dimorpha?,False
LATAM|geography|Leptura dimorpha,¿Dónde se distribuye Leptura dimorpha?,False
LATAM|geography|Leptura dimorpha,¿Quién describió Leptura dimorpha y en qué año?,False
LATAM|geography|Las Carreras,¿Qué tipo de lugar es Las Carreras?,False
LATAM|geography|Las Carreras,¿A qué altitud se encuentra Las Carreras?,False
LATAM|geography|Las Carreras,¿Qué tradiciones vitivinícolas mantiene Las Carreras y qué produce en su territorio?,False
LATAM|geography|Malacatiupán,¿Qué significa la palabra Malacatiupán?,False
LATAM|geography|Malacatiupán,¿Cuántas cascadas de agua termal tiene Malacatiupán?,False
LATAM|geography|Malacatiupán,¿Qué relación tiene Malacatiupán con los Pocomames y qué significado cultural tiene su nombre?,False
LATAM|geography|MV Joyita,¿Qué tipo de buque era el MV Joyita?,False
LATAM|geography|MV Joyita,¿Cuántos miembros de la tripulación y pasajeros llevaba el MV Joyita al momento de su desaparición?,False
LATAM|geography|MV Joyita,"¿Qué condiciones se encontraron en el MV Joyita cuando fue hallado a la deriva, y qué implicaciones tenía esto sobre su estado antes de ser abandonado?",False
LATAM|geography|Linconia (colonia),¿Qué fue Linconia?,False
LATAM|geography|Linconia (colonia),¿Quién presentó la colonia Linconia y en qué año?,True
LATAM|geography|Linconia (colonia),¿Por qué fue abandonado el plan de la colonia Linconia y quiénes se sintieron amenazados por ella?,False
LATAM|geography|Majagua,¿Qué tipo de lugar es Majagua?,False
LATAM|geography|Majagua,¿En qué año fue fundado el municipio de Majagua?,False
LATAM|geography|Majagua,¿Cuáles son los límites geográficos de Majagua?,False
LATAM|geography|Mycteroperca fusca,¿Qué tipo de pez es Mycteroperca fusca?,False
LATAM|geography|Mycteroperca fusca,¿Dónde se encuentra Mycteroperca fusca?,False
LATAM|geography|Mycteroperca fusca,¿Cuál es la característica distintiva de Mycteroperca fusca en situaciones de estrés y qué profundidad habita?,False
LATAM|geography|Cerro La Gloria,¿Qué tipo de lugar es el Cerro La Gloria?,False
LATAM|geography|Cerro La Gloria,¿Cuál es la altitud promedio del Cerro La Gloria?,False
LATAM|geography|Cerro La Gloria,¿Con qué cerro colinda hacia el sur el Cerro La Gloria y cuál es su relación geográfica con el estado Yaracuy?,False
LATAM|geography|Musa (La Molina),¿Qué es Musa?,True
LATAM|geography|Musa (La Molina),¿Dónde está ubicada Musa dentro del distrito de La Molina?,False
LATAM|geography|Musa (La Molina),"¿Qué características socioeconómicas y de vivienda se observan en Musa, y cómo se relacionan con su historia de fundación?",True
LATAM|geography|Orcotuna,¿Qué tipo de lugar es Orcotuna?,False
LATAM|geography|Orcotuna,¿En qué región de Perú se encuentra Orcotuna?,False
LATAM|geography|Orcotuna,¿Cuál es la población de Orcotuna según el censo de 1993?,False
LATAM|geography|Oiceoptoma nigropunctatum,¿Qué tipo de especie es Oiceoptoma nigropunctatum?,False
LATAM|geography|Oiceoptoma nigropunctatum,¿Dónde se distribuye Oiceoptoma nigropunctatum?,False
LATAM|geography|Oiceoptoma nigropunctatum,¿Quién describió Oiceoptoma nigropunctatum y en qué año?,False
LATAM|geography|Nueva Mestre,¿Qué tipo de lugar es Nueva Mestre?,False
LATAM|geography|Nueva Mestre,¿Dónde se ubica Nueva Mestre en relación a Asunción?,False
LATAM|geography|Nueva Mestre,"¿Cuál es la importancia cultural del nombre ""Nueva Mestre"" y a qué ciudad italiana hace referencia?",True
LATAM|geography|Necora puber,¿Qué tipo de especie es la nécora (Necora puber)?,False
LATAM|geography|Necora puber,¿Dónde se encuentra comúnmente la nécora (Necora puber)?,False
LATAM|geography|Necora puber,¿Cuál es la importancia gastronómica de la nécora (Necora puber) en las costas del mar Cantábrico?,False
LATAM|geography|Parque nacional San José la Colonia,¿Qué tipo de lugar es el Parque nacional San José la Colonia?,False
LATAM|geography|Parque nacional San José la Colonia,¿Dónde se ubica el Parque nacional San José la Colonia?,False
LATAM|geography|Parque nacional San José la Colonia,¿Cuál es la importancia de la gestión del Parque nacional San José la Colonia y quién lo gestiona?,False
LATAM|geography|Pampa de Achala,¿Qué es la Pampa de Achala?,True
LATAM|geography|Pampa de Achala,¿A qué altitud media se encuentra la Pampa de Achala?,False
LATAM|geography|Pampa de Achala,¿Cuál es la importancia ecológica de la Pampa de Achala y qué decreto provincial la protege?,False
LATAM|geography|Península de La Guajira,¿Qué es la península de La Guajira?,False
LATAM|geography|Península de La Guajira,¿Cuál es la superficie aproximada de la península de La Guajira?,False
LATAM|geography|Península de La Guajira,¿Qué tratado ratificó la pertenencia de gran parte de la península de La Guajira a Colombia y en qué año se firmó?,False
LATAM|geography|Parroquia Vergel (Zamora Chinchipe),¿Qué tipo de lugar es la parroquia Vergel?,False
LATAM|geography|Parroquia Vergel (Zamora Chinchipe),¿Dónde se ubica la parroquia Vergel?,False
LATAM|geography|Parroquia Vergel (Zamora Chinchipe),¿Cuál es la importancia histórica de la parroquia Vergel en relación con la antigua ciudad de Loyola?,False
LATAM|geography|Parque nacional Tingo María,¿Qué tipo de lugar es el parque nacional Tingo María?,False
LATAM|geography|Parque nacional Tingo María,¿Dónde se ubica el parque nacional Tingo María?,False
LATAM|geography|Parque nacional Tingo María,¿Cuál es la importancia cultural y natural de la cueva de las Lechuzas dentro del parque nacional Tingo María?,False
LATAM|geography|Provincia de Aija,¿Cuál es la capital de la provincia de Aija?,False
LATAM|geography|Provincia de Aija,¿Cuántos distritos conforman la provincia de Aija?,False
LATAM|geography|Provincia de Aija,¿Qué evento importante ocurrió el 5 de marzo de 1936 en relación con la provincia de Aija?,False
LATAM|geography|Potamotrygon amandae,¿Qué tipo de especie es Potamotrygon amandae?,True
LATAM|geography|Potamotrygon amandae,¿Dónde se encuentra Potamotrygon amandae?,False
LATAM|geography|Potamotrygon amandae,¿Cuál es la localidad tipo de Potamotrygon amandae y qué importancia tiene en su distribución?,False
LATAM|geography|Provincia del Santa,¿Cuál es la capital de la provincia del Santa?,False
LATAM|geography|Provincia del Santa,¿Cuántos distritos conforman la provincia del Santa?,False
LATAM|geography|Provincia del Santa,¿Qué cambios administrativos ocurrieron en la provincia del Santa en 1950 y quién era el presidente en ese momento?,False
LATAM|geography|Río Celeste,¿Qué es el río Celeste?,False
LATAM|geography|Río Celeste,¿Dónde se ubica el río Celeste?,False
LATAM|geography|Río Celeste,¿Cuál es la causa de la coloración particular del río Celeste y qué efecto óptico la produce?,True
LATAM|geography|Río Aranjuez,¿Qué es el río Aranjuez?,False
LATAM|geography|Río Aranjuez,¿Dónde desemboca el río Aranjuez?,True
LATAM|geography|Río Aranjuez,¿Qué puerto se estableció en la desembocadura del río Aranjuez durante los años 1568 a 1574?,False
LATAM|flora|hamadryas argentea,¿Qué tipo de especie es Hamadryas argentea?,False
LATAM|flora|hamadryas argentea,¿Dónde se encuentra Hamadryas argentea?,False
LATAM|flora|hamadryas argentea,¿Cuáles son los hábitats de Hamadryas argentea y en qué tipo de clima se desarrollan?,False
LATAM|geography|Río Iruyáñez,¿Qué tipo de lugar es el río Iruyáñez?,False
LATAM|geography|Río Iruyáñez,¿En qué departamento de Bolivia se encuentra el río Iruyáñez?,False
LATAM|geography|Río Iruyáñez,¿Cuál es la cuenca a la que pertenece el río Iruyáñez y qué importancia tiene en relación con el río Amazonas?,True
LATAM|geography|Río Platanar,¿Qué tipo de lugar es el río Platanar?,False
LATAM|geography|Río Platanar,¿Dónde nace el río Platanar?,True
LATAM|geography|Río Platanar,¿Cuál es la importancia del río Platanar en la generación de energía en Costa Rica?,False
LATAM|geography|Sabaneta (Venezuela),¿Qué tipo de lugar es Sabaneta?,False
LATAM|geography|Sabaneta (Venezuela),¿En qué estado de Venezuela se ubica Sabaneta?,False
LATAM|geography|Sabaneta (Venezuela),¿Cuál es la importancia cultural de Sabaneta en relación con Hugo Chávez?,False
LATAM|geography|San Fernando (Nicaragua),¿Qué tipo de lugar es San Fernando?,False
LATAM|geography|San Fernando (Nicaragua),¿Con qué municipio limita al sur San Fernando?,False
LATAM|geography|San Fernando (Nicaragua),¿Cuál es la población actual de San Fernando y qué porcentaje de esta población vive en la zona urbana?,False
LATAM|geography|Pusa hispida,¿Qué tipo de mamífero es la Pusa hispida?,False
LATAM|geography|Pusa hispida,¿Dónde se encuentra la Pusa hispida?,False
LATAM|geography|Pusa hispida,¿Cuáles son algunas de las subespecies de la Pusa hispida y en qué regiones se encuentran?,False
LATAM|geography|Río Papaloteca,¿Qué tipo de lugar es el río Papaloteca?,False
LATAM|geography|Río Papaloteca,¿Dónde nace el río Papaloteca?,True
LATAM|geography|Río Papaloteca,¿Cuál es la importancia geográfica del río Papaloteca en relación con su desembocadura?,True
LATAM|geography|Samaná,¿Qué tipo de lugar es Samaná?,False
LATAM|geography|Samaná,¿En qué año fue fundada la ciudad de Santa Bárbara de Samaná?,False
LATAM|geography|Samaná,¿Qué significados se han atribuido al nombre Samaná y cuál es su origen?,True
LATAM|geography|San Pedro de Quemes,¿Qué tipo de lugar es San Pedro de Quemes?,False
LATAM|geography|San Pedro de Quemes,¿A qué altitud se sitúa San Pedro de Quemes?,False
LATAM|geography|San Pedro de Quemes,¿Qué relación histórica tiene San Pedro de Quemes con la guerra del Pacífico?,False
LATAM|geography|Transporte Río Limay,¿Qué tipo de transporte fue el Río Limay?,False
LATAM|geography|Transporte Río Limay,¿En qué año se realizó el viaje inaugural del Río Limay?,False
LATAM|geography|Transporte Río Limay,¿Qué papel desempeñó el Río Limay en la Conquista del Desierto y quién fue su comandante durante esa época?,False
LATAM|geography|Territorio Indígena Ujarrás,¿Qué tipo de lugar es el Territorio Indígena Ujarrás?,False
LATAM|geography|Territorio Indígena Ujarrás,¿En qué año fue fundado el Territorio Indígena Ujarrás?,False
LATAM|geography|Territorio Indígena Ujarrás,¿Cuál es la lengua más hablada por la población del Territorio Indígena Ujarrás y qué porcentaje de la población la habla?,False
LATAM|geography|Tiroteo en el Aeropuerto de Fort Lauderdale,¿En qué fecha ocurrió el tiroteo en el Aeropuerto de Fort Lauderdale?,False
LATAM|geography|Tiroteo en el Aeropuerto de Fort Lauderdale,¿Cuántas personas murieron como resultado del tiroteo en el Aeropuerto de Fort Lauderdale?,False
LATAM|geography|Tiroteo en el Aeropuerto de Fort Lauderdale,¿Quién fue el atacante del tiroteo en el Aeropuerto de Fort Lauderdale y qué problemas de salud mental padecía?,True
LATAM|geography|Temporada de huracanes del Pacífico de 2005,¿Cuántas tormentas con nombre se originaron durante la Temporada de huracanes del Pacífico de 2005?,False
LATAM|geography|Temporada de huracanes del Pacífico de 2005,¿Cuándo comienza oficialmente la Temporada de huracanes del Pacífico de 2005 en el Pacífico Oriental?,False
LATAM|geography|Temporada de huracanes del Pacífico de 2005,¿Qué pronóstico hizo la NOAA sobre la actividad de huracanes en el Este del Pacífico Norte para la Temporada de huracanes del Pacífico de 2005?,False
LATAM|geography|Timushán,¿Cuál es la aldea más grande del Municipio de Esquipulas?,False
LATAM|geography|Timushán,¿En qué departamento de Guatemala se encuentra la aldea de Timushán?,False
LATAM|geography|Timushán,¿Qué características geográficas definen la ubicación de Timushán en relación con otros lugares?,False
LATAM|geography|Siuna,¿Qué tipo de lugar es Siuna?,False
LATAM|geography|Siuna,¿Con qué municipio limita Siuna al norte?,False
LATAM|geography|Siuna,¿Cuál fue el impacto de la revolución sandinista en la actividad minera de Siuna?,False
LATAM|geography|Villa Sandino,¿Qué tipo de lugar es Villa Sandino?,False
LATAM|geography|Villa Sandino,¿Cuál es la cabecera municipal de Villa Sandino?,False
LATAM|geography|Villa Sandino,¿Qué nombre se le dio a Villa Sandino en su fundación y qué evento llevó a su cambio de nombre en 1992?,False
LATAM|geography|Yaviza,¿Qué tipo de lugar es Yaviza?,False
LATAM|geography|Yaviza,¿Dónde se ubica Yaviza?,True
LATAM|geography|Yaviza,¿Cuál es la importancia histórica de Yaviza en relación con la Comarca del Darién?,False
LATAM|geography|Wiñaymarca,"¿Qué significa ""Wiñaymarca"" en aimara?",False
LATAM|geography|Wiñaymarca,¿Dónde se ubica Wiñaymarca?,False
LATAM|geography|Wiñaymarca,¿Qué problema ambiental afecta a Wiñaymarca y qué contaminantes se han encontrado en el lago?,True
LATAM|geography|cordillera del mahuidanche,¿Qué tipo de lugar es la cordillera del Mahuidanche?,False
LATAM|geography|cordillera del mahuidanche,¿En qué región de Chile se encuentra la cordillera del Mahuidanche?,False
LATAM|geography|cordillera del mahuidanche,"¿Cuál es la altura del cerro Oncol, la cumbre más importante de la cordillera del Mahuidanche, y qué significado tiene su nombre en mapudungun?",False
LATAM|geography|cordillera de doña ana,¿Qué es la cordillera de Doña Ana?,False
LATAM|geography|cordillera de doña ana,¿Dónde se encuentra la cordillera de Doña Ana?,False
LATAM|geography|cordillera de doña ana,¿Qué características geológicas tiene la cordillera de Doña Ana?,False
LATAM|geography|francisco varela,¿Cuál es el nombre completo de Francisco Varela?,False
LATAM|geography|francisco varela,¿Qué concepto introdujo Francisco Varela en el ámbito de la biología?,False
LATAM|geography|francisco varela,¿Qué relación tuvo Francisco Varela con el budismo y qué institución cofundó para promover el diálogo entre la ciencia y esta filosofía?,False
LATAM|geography|cuyania,¿Qué es Cuyania?,False
LATAM|geography|cuyania,¿Dónde se ubica Cuyania?,True
LATAM|geography|cuyania,¿Con qué terreno es considerado Cuyania como un solo bloque por algunos geólogos?,False
LATAM|geography|corrimiento de tierra de antioquia,¿En qué municipio ocurrió el corrimiento de tierra de Antioquia?,False
LATAM|geography|corrimiento de tierra de antioquia,¿Qué bloqueó el corrimiento de tierra de Antioquia?,False
LATAM|geography|corrimiento de tierra de antioquia,¿Quién coordinó las acciones de rescate tras el corrimiento de tierra de Antioquia y a qué hora ocurrió el incidente?,False
LATAM|geography|frontera entre colombia y panamá,¿Qué es la frontera entre Colombia y Panamá?,False
LATAM|geography|frontera entre colombia y panamá,¿Qué tratado demarca la frontera entre Colombia y Panamá?,False
LATAM|geography|frontera entre colombia y panamá,¿Cómo se caracteriza la frontera entre Colombia y Panamá en términos de su tipo y longitud?,False
LATAM|geography|iquique,¿Qué tipo de lugar es Iquique?,False
LATAM|geography|iquique,¿Cuál es la población de Iquique según el censo de 2017?,False
LATAM|geography|iquique,¿Qué importancia histórica tuvo Iquique durante el Virreinato del Perú?,False
LATAM|geography|lago calafquén,¿Qué tipo de lugar es el lago Calafquén?,False
LATAM|geography|lago calafquén,¿A cuántos kilómetros al sur de Villarrica se encuentra el lago Calafquén?,False
LATAM|geography|lago calafquén,¿Cuál es la profundidad máxima del lago Calafquén y qué importancia tiene como centro turístico en la zona de los lagos del sur de Chile?,False
LATAM|geography|eje central de bolivia,¿Qué es el eje central de Bolivia?,False
LATAM|geography|eje central de bolivia,¿Qué porcentaje de la población total de Bolivia alberga el eje central de Bolivia?,False
LATAM|geography|eje central de bolivia,¿Cuáles son las principales ciudades que conforman el eje central de Bolivia y qué porcentaje de la población nacional concentran?,False
LATAM|geography|efectos del temporal del norte de chile de 2015 en atacama,¿Qué fenómeno meteorológico provocó fuertes precipitaciones en la región de Atacama en marzo de 2015?,True
LATAM|geography|efectos del temporal del norte de chile de 2015 en atacama,¿Cuántas personas fallecieron a causa del temporal del norte de Chile de 2015 en Atacama?,False
LATAM|geography|efectos del temporal del norte de chile de 2015 en atacama,"¿Qué medidas tomó la presidenta Michelle Bachelet tras el temporal del norte de Chile de 2015 en Atacama, y qué efectos tuvo este evento en la región?",False
LATAM|geography|plaza bolognesi (lima),¿Qué tipo de lugar es la plaza Bolognesi?,False
LATAM|geography|plaza bolognesi (lima),¿En qué distritos se ubica la plaza Bolognesi?,False
LATAM|geography|plaza bolognesi (lima),¿Qué evento se celebra en la plaza Bolognesi cada 7 de junio y qué importancia tiene?,False
LATAM|geography|pomaire,¿Qué tipo de lugar es Pomaire?,False
LATAM|geography|pomaire,¿A cuántos kilómetros se encuentra Pomaire de Santiago?,False
LATAM|geography|pomaire,¿Cuál es la importancia histórica de Pomaire en relación con su tradición alfarera y su población indígena?,True
LATAM|geography|unión chocó,¿Qué es Unión Chocó?,False
LATAM|geography|unión chocó,¿En qué provincia de Panamá se encuentra Unión Chocó?,False
LATAM|geography|unión chocó,¿Cuál es la relación geográfica de Unión Chocó con Colombia y qué función administrativa tiene en su distrito?,False
LATAM|geography|tratado de ancón,¿Qué tipo de tratado es el Tratado de Ancón?,False
LATAM|geography|tratado de ancón,¿Cuántos artículos consta el Tratado de Ancón?,False
LATAM|geography|tratado de ancón,¿Qué aspectos regula el Tratado de Ancón y quién lideró las negociaciones durante su firma?,False
LATAM|geography|sopocachi,¿Qué tipo de lugar es Sopocachi?,False
LATAM|geography|sopocachi,¿Con qué barrio está conectado Sopocachi al este?,False
LATAM|geography|sopocachi,¿Qué instituciones culturales se encuentran en Sopocachi y qué características arquitectónicas tiene el barrio?,True
LATAM|object|Annaé Torrealba,¿Cuál es el nombre completo de Annaé Torrealba?,False
LATAM|object|Annaé Torrealba,¿En qué año inició su carrera artística Annaé Torrealba?,False
LATAM|object|Annaé Torrealba,¿Qué relación tiene Annaé Torrealba con Juan Vicente Torrealba y qué álbum lanzó en su homenaje?,True
LATAM|geography|Área recreativa Lago Gatún,¿Qué tipo de lugar es el Área Recreativa Lago Gatún?,False
LATAM|geography|Área recreativa Lago Gatún,¿Dónde se localiza el Área Recreativa Lago Gatún?,False
LATAM|geography|Área recreativa Lago Gatún,¿Cuál es la importancia del Lago Gatún en relación con el Canal de Panamá?,True
LATAM|object|Alfarería lenca de La Campa,¿Qué es la alfarería lenca de La Campa?,False
LATAM|object|Alfarería lenca de La Campa,¿A quién está reservada la actividad de alfarería en La Campa?,False
LATAM|object|Alfarería lenca de La Campa,¿Qué técnicas y materiales se utilizan en la alfarería lenca de La Campa y qué tipo de barro se emplea?,False
LATAM|object|Beba Rojas,¿Quién es Beba Rojas?,False
LATAM|object|Beba Rojas,¿En qué programa de televisión se dio a conocer Beba Rojas como presentadora?,False
LATAM|object|Beba Rojas,¿Qué papel antagónico desempeñó Beba Rojas en la telenovela La viuda joven y en qué año se emitió?,False
LATAM|geography|salar aguas calientes iv,¿Qué tipo de lugar es el salar de Aguas Calientes IV?,False
LATAM|geography|salar aguas calientes iv,¿Cuál es la altura del salar de Aguas Calientes IV?,False
LATAM|geography|salar aguas calientes iv,¿Qué características climatológicas tiene el salar de Aguas Calientes IV y qué sitio fue declarado en 2009?,False
LATAM|object|Bandola,¿Qué es la bandola?,False
LATAM|object|Bandola,¿Qué tipo de cuerdas posee la bandola central?,False
LATAM|object|Bandola,¿Cuál es la importancia histórica de la bandola en el desarrollo del fandango flamenco?,False
LATAM|object|Erke,¿Qué es el erke?,False
LATAM|object|Erke,¿En qué tipo de celebraciones se utiliza el erke?,False
LATAM|object|Erke,¿Qué características estructurales tiene el erke y qué materiales se utilizan en su construcción?,False
LATAM|object|Bongó,¿Qué es el bongó?,False
LATAM|object|Bongó,¿Dónde se documentó por primera vez el uso del bongó?,False
LATAM|object|Bongó,¿De qué modelos de tambores deriva el bongó y en qué contexto cultural se desarrolló más?,False
LATAM|object|Jhosskaren Carrizo,¿Quién es Jhosskaren Carrizo?,False
LATAM|object|Jhosskaren Carrizo,¿Qué deporte practica Jhosskaren Carrizo?,False
LATAM|object|Jhosskaren Carrizo,¿En qué certamen de belleza participó Jhosskaren Carrizo representando al estado Lara y logró posicionarse en el Top 10 de semifinalistas?,False
LATAM|object|Maruch Méndez,¿Quién es Maruch Méndez?,False
LATAM|object|Maruch Méndez,¿Qué tipo de arte ha incorporado Maruch Méndez en su práctica artística?,False
LATAM|object|Maruch Méndez,¿Cuál es el contexto cultural de la obra de Maruch Méndez y qué tradición revivió en 2002?,True
LATAM|object|Luciano D'Alessandro,¿Cuál es el nombre completo de Luciano D'Alessandro?,False
LATAM|object|Luciano D'Alessandro,¿En qué año debutó Luciano D'Alessandro en televisión?,False
LATAM|object|Luciano D'Alessandro,"¿Qué personaje interpretó Luciano D'Alessandro en la telenovela ""La ley del corazón"" y qué premio recibió por su actuación en esta producción?",False
LATAM|geography|páramo de ocetá,¿En qué municipio se encuentra el páramo de Ocetá?,True
LATAM|geography|páramo de ocetá,¿Qué temperatura puede alcanzar el páramo de Ocetá durante el día?,False
LATAM|geography|páramo de ocetá,¿Qué quebradas nacen en el páramo de Ocetá y a qué cuencas llegan?,False
LATAM|object|Pututo,¿Qué es el pututo?,False
LATAM|object|Pututo,¿Para qué se utilizaba el pututo en tiempos prehispánicos?,False
LATAM|object|Pututo,¿Qué papel desempeñaba el pututo en el imperio incaico y en qué contextos se utilizaba?,False
LATAM|object|Poncho salteño,¿Qué es el poncho salteño?,False
LATAM|object|Poncho salteño,¿Cuáles son los colores tradicionales del poncho salteño?,False
LATAM|object|Poncho salteño,¿Qué significado cultural tienen las franjas negras en el poncho salteño?,False
LATAM|object|absalón de los ríos,¿Quién es Absalón De Los Ríos?,False
LATAM|object|absalón de los ríos,¿En qué año comenzó su carrera Absalón De Los Ríos?,False
LATAM|object|absalón de los ríos,¿Qué personaje interpretó Absalón De Los Ríos en la telenovela Válgame Dios y en qué canal se emitió?,False
LATAM|geography|Península de Burica,¿Qué tipo de lugar es la península de Burica?,False
LATAM|geography|Península de Burica,¿Qué países comparten la península de Burica?,False
LATAM|geography|Península de Burica,¿Cuál es la característica geográfica que define la frontera natural entre Costa Rica y Panamá en la península de Burica?,False
LATAM|object|arco percutor,¿Qué es el arco percutor?,False
LATAM|object|arco percutor,¿Qué se introduce en el arco percutor?,False
LATAM|object|arco percutor,¿En qué se utilizaba el arco percutor y qué característica presenta en su diseño?,False
LATAM|object|Victor Feldman,¿Quién fue Victor Feldman?,False
LATAM|object|Victor Feldman,¿Qué instrumentos tocaba Victor Feldman?,False
LATAM|object|Victor Feldman,"¿Con qué famoso músico de jazz participó Victor Feldman en el álbum ""Seven Steps to Heaven""?",False
LATAM|object|Salvador Trapani,¿Quién fue Salvador Trapani?,False
LATAM|object|Salvador Trapani,¿Qué instrumento musical interpretaba Salvador Trapani con gran sensibilidad y afinación?,False
LATAM|object|Salvador Trapani,¿Qué características definieron el estilo artístico de Salvador Trapani y qué grupo de teatro fundó en 1991?,True
LATAM|object|ariel ameijenda,¿Cuál es la fecha de nacimiento de Ariel Ameijenda?,False
LATAM|object|ariel ameijenda,¿Qué instrumento diseñó Ariel Ameijenda en 1986?,True
LATAM|object|ariel ameijenda,¿Con quién estudió Ariel Ameijenda en India y qué técnica profundizó?,False
LATAM|object|Teponaztli,¿Qué es el teponaztli?,False
LATAM|object|Teponaztli,¿Para qué se utiliza el teponaztli?,False
LATAM|object|Teponaztli,¿Qué culturas mesoamericanas utilizaron el teponaztli y en qué danzas de Guatemala se emplea?,False
LATAM|object|Papá Roncón,¿Quién es Papá Roncón?,True
LATAM|object|Papá Roncón,¿Qué instrumento musical aprendió a tocar Papá Roncón a una edad temprana?,False
LATAM|object|Papá Roncón,¿Qué reconocimiento recibió Papá Roncón en 2001 por su contribución a la cultura ecuatoriana?,True
LATAM|object|bombo legüero,¿Qué es el bombo legüero?,False
LATAM|object|bombo legüero,¿En qué provincia de Argentina es originario el bombo legüero?,False
LATAM|object|bombo legüero,¿Qué otros usos ha tenido el bombo legüero aparte del musical y en qué contexto se utilizaba para demarcar terrenos?,False
LATAM|object|artesanía de chile,¿Qué es la artesanía de Chile?,False
LATAM|object|artesanía de chile,¿Dónde se confecciona la artesanía de Chile?,False
LATAM|object|artesanía de chile,¿Qué implica la artesanía de Chile en términos de habilidades y técnicas?,False
LATAM|object|bárbara clara,¿Cuál es el nombre completo de Bárbara Clara?,False
LATAM|object|bárbara clara,¿En qué año ganó Bárbara Clara el certamen Miss Italia en el Mundo?,False
LATAM|object|bárbara clara,¿Cuál fue el primer papel protagónico de Bárbara Clara y en qué serie de televisión se emitió?,False
LATAM|object|ayacachtli,¿Qué es el ayacachtli?,False
LATAM|object|ayacachtli,¿De qué material está formado el ayacachtli?,False
LATAM|object|ayacachtli,¿Cómo se conoce el ayacachtli entre los aztecas y los mayas?,False
LATAM|object|cajón de tapeo,¿Qué es el cajón de tapeo?,False
LATAM|object|cajón de tapeo,¿Dónde se utiliza principalmente el cajón de tapeo?,False
LATAM|object|cajón de tapeo,¿Qué instrumentos forman parte de la dotación del Fandango de Varita junto con el cajón de tapeo?,False
LATAM|object|artesanías y arte popular en la ciudad de méxico,¿Qué tipo de papel se utiliza en la cartonería en la Ciudad de México?,False
LATAM|object|artesanías y arte popular en la ciudad de méxico,¿Qué familia es conocida por su trabajo en la cartonería en la Ciudad de México?,False
LATAM|object|artesanías y arte popular en la ciudad de méxico,¿Qué tipo de objetos se producen tradicionalmente con cartonería y están relacionados con festividades en la Ciudad de México?,False
LATAM|object|carmen maría montiel,¿Quién es Carmen María Montiel?,False
LATAM|object|carmen maría montiel,¿En qué año ganó Carmen María Montiel el concurso de Miss Venezuela?,False
LATAM|object|carmen maría montiel,¿Qué título obtuvo Carmen María Montiel en el concurso de Miss Universo 1984 y qué hizo tras su paso por este certamen?,False
LATAM|object|alejandra ghersi perozo,¿Quién es Alejandra Ghersi?,False
LATAM|object|alejandra ghersi perozo,¿En qué año trabajó Alejandra Ghersi con diferentes marcas venezolanas?,False
LATAM|object|alejandra ghersi perozo,¿Qué cambio profesional realizó Alejandra Ghersi en 2017 y qué compañía fundó en 2020?,True
LATAM|object|almirez,¿Qué es un almirez?,False
LATAM|object|almirez,¿Para qué se utiliza el almirez?,False
LATAM|object|almirez,¿Qué materiales son frecuentes en la fabricación de un almirez y en qué contextos culturales se utiliza?,True
LATAM|object|almirez,¿Para qué se utiliza el almirez en la cocina?,False
LATAM|object|almirez,¿En qué contextos culturales se ha utilizado el almirez además de en la cocina?,False
LATAM|object|cerámica de barro negro en oaxaca,¿Qué es la cerámica de barro negro en Oaxaca?,False
LATAM|object|cerámica de barro negro en oaxaca,¿Dónde se encuentra la cerámica de barro negro en Oaxaca?,False
LATAM|object|cerámica de barro negro en oaxaca,¿Qué innovaciones se realizaron en la cerámica de barro negro en Oaxaca a partir de 1950 y quién las descubrió?,True
LATAM|object|carmen tapia,¿Quién es Carmen Tapia en el diseño y la platería mexicana?,False
LATAM|object|carmen tapia,¿Qué técnica ha desarrollado Carmen Tapia en su trabajo?,False
LATAM|object|carmen tapia,¿En qué exposición participó Carmen Tapia que abarca 23 años de historia del diseño mexicano?,False
LATAM|object|chicas polar,¿En qué año se lanzó por primera vez la campaña de Chicas Polar?,False
LATAM|object|chicas polar,¿Desde qué año se ha renovado anualmente la campaña de Chicas Polar?,False
LATAM|object|chicas polar,¿Qué denominación se les dio a las nuevas modelos de la campaña a partir de 2006 y con qué han sido comparadas a nivel internacional?,False
LATAM|object|chicanel,¿Qué es el chicanel?,False
LATAM|object|chicanel,¿Dónde fue inicialmente identificado el chicanel?,False
LATAM|object|chicanel,¿Cuál es el periodo de tiempo que abarca la fase chicanel en el horizonte preclásico?,False
LATAM|object|chajchas,¿Qué son las chajchas?,False
LATAM|object|chajchas,¿Para qué se utilizan las chajchas en las danzas andinas?,False
LATAM|object|chajchas,¿Con qué tipo de materiales se elaboran las chajchas y qué cambio ocurrió en su fabricación con la llegada de los europeos?,False
LATAM|object|cerámica de chulucanas,¿Qué es la cerámica de Chulucanas?,False
LATAM|object|cerámica de chulucanas,¿Qué técnica se utiliza en la fabricación de la cerámica de Chulucanas?,False
LATAM|object|cerámica de chulucanas,¿Qué características distintivas presenta la cerámica de Chulucanas y qué fecha se le otorgó la denominación de origen?,False
LATAM|object|cerámica de chulucanas,¿Qué técnica utiliza la cerámica de Chulucanas en su fabricación?,False
LATAM|object|cerámica de chulucanas,¿Cuándo fue otorgada la denominación de origen de la cerámica de Chulucanas y qué método de decoración utiliza?,False
LATAM|object|cazuela de barro,¿Qué es una cazuela de barro?,False
LATAM|object|cazuela de barro,¿Para qué se utiliza principalmente la cazuela de barro en la cocina?,False
LATAM|object|cazuela de barro,¿Qué características comunes presenta la cazuela de barro y qué importancia cultural tiene en diferentes países?,False
LATAM|object|chapareque,¿Qué es el chapareque?,False
LATAM|object|chapareque,¿Cómo se toca el chapareque?,False
LATAM|object|chapareque,¿Por qué se considera al chapareque como “el eslabón perdido” entre la música prehispánica y la barroca?,False
LATAM|object|damarys ruiz,¿En qué año nació Damarys Ruiz?,False
LATAM|object|damarys ruiz,¿Cuál fue la causa de la muerte de Damarys Ruiz?,False
LATAM|object|damarys ruiz,¿Qué título profesional obtuvo Damarys Ruiz y en qué ocupación se desempeñó en el Ministerio Público?,False
LATAM|object|chililitli,¿Qué es el chililitli?,False
LATAM|object|chililitli,¿De qué material está hecho el chililitli?,False
LATAM|object|chililitli,¿Con qué se golpea el chililitli para producir sonido?,False
LATAM|object|dayana colmenares,¿Cuál es el nombre completo de Dayana Colmenares?,False
LATAM|object|dayana colmenares,¿En qué certamen fue coronada Dayana Colmenares como Miss Venezuela Internacional?,False
LATAM|object|dayana colmenares,¿Qué clasificación obtuvo Dayana Colmenares en el Miss Continente Americano 2006 y en qué certamen participó antes de Miss Venezuela?,False
LATAM|object|chiripá (prenda),¿Qué es el chiripá?,False
LATAM|object|chiripá (prenda),¿Qué prenda sustituyó al chiripá?,False
LATAM|object|chiripá (prenda),¿Qué grupos originarios utilizaron el chiripá y para qué se sostenía?,False
LATAM|object|corneta china,¿Qué es la corneta china?,False
LATAM|object|corneta china,¿En qué festividad se comenzó a usar la corneta china en Cuba?,False
LATAM|object|corneta china,¿Qué instrumento fue introducido en Cuba por inmigrantes chinos y se ha incorporado en algunas formas del son?,False
LATAM|object|corneta china,¿En qué contexto cultural se usa la corneta china?,False
LATAM|object|corneta china,¿Qué instrumento se constituyó en parte integral y obligatoria de la comparsa santiaguera y fue introducido en Cuba por inmigrantes chinos?,False
LATAM|object|cicaré ch-1,¿Quién diseñó y construyó el Cicaré CH-1?,True
LATAM|object|cicaré ch-1,¿Cuántos rotores tiene el Cicaré CH-1?,False
LATAM|object|cicaré ch-1,¿Qué características hacen del Cicaré CH-1 una aeronave única en Sudamérica?,False
LATAM|object|dalia reyes barrios,¿Quién es Dalia Reyes Barrios?,False
LATAM|object|dalia reyes barrios,¿Qué institución cofundó Dalia Reyes Barrios en 1987?,True
LATAM|object|dalia reyes barrios,¿Qué roles desempeñó Dalia Reyes Barrios en el ámbito del arte y la filantropía en Venezuela?,False
LATAM|object|diosa canales,¿Cuál es el nombre completo de Diosa Canales?,False
LATAM|object|diosa canales,¿En qué año comenzó Diosa Canales su carrera como cantante?,False
LATAM|object|diosa canales,¿Qué libro publicó Diosa Canales y en qué año fue lanzado?,False
LATAM|object|djane nany,¿Cuál es el nombre artístico de Daniela Daneska Vásquez Nieves?,False
LATAM|object|djane nany,¿En qué año comenzó Djane Nany su carrera como animadora y cantante?,False
LATAM|object|djane nany,¿Qué relación mantuvo Djane Nany con Vanessa Senior y en qué año comenzó?,False
LATAM|object|estefany oliveira (actriz),¿Cuál es el nombre completo de Estefany Oliveira?,False
LATAM|object|estefany oliveira (actriz),¿En qué serie juvenil de Nickelodeon ha intervenido Estefany Oliveira?,False
LATAM|object|estefany oliveira (actriz),¿Qué carrera estudió Estefany Oliveira en la Universidad de Miami y en qué año se mudó a Miami para perseguir su sueño como actriz?,False
LATAM|object|fma ia 53 mamboretá,¿Qué es el FMA IA 53 Mamboretá?,False
LATAM|object|fma ia 53 mamboretá,¿Cuántos prototipos del FMA IA 53 Mamboretá se construyeron?,False
LATAM|object|fma ia 53 mamboretá,¿Qué motor puede estar equipado el FMA IA 53 Mamboretá y cuál es su potencia?,True
LATAM|object|ehilin cuadros salek,¿Cuándo nació Ehilin Cuadros Salek?,False
LATAM|object|ehilin cuadros salek,¿Qué carrera estudió Ehilin Cuadros Salek en la Universidad Santa María?,False
LATAM|object|ehilin cuadros salek,¿Qué estudios realizó Ehilin Cuadros Salek después de emigrar a Perú y qué evento de belleza la destacó en 2017?,False
LATAM|object|eddy gaytán,¿Cuál es el seudónimo artístico de Dionisio Tomás Gaitán?,False
LATAM|object|eddy gaytán,¿Qué instrumentos musicales dominaba Eddy Gaytán?,False
LATAM|object|eddy gaytán,¿Qué papel desempeñó Eddy Gaytán en la empresa discográfica EGREM tras la Revolución cubana?,False
LATAM|object|gabriela fernández,¿Cuál es el nombre completo de Gabriela Fernández?,False
LATAM|object|gabriela fernández,¿En qué certamen participó Gabriela Fernández en 2008?,False
LATAM|object|gabriela fernández,¿Qué título ganó Gabriela Fernández en el certamen estatal celebrado en Maracaibo el 7 de mayo de 2008?,False
LATAM|object|huiringua,¿Qué es la huiringua?,False
LATAM|object|huiringua,¿De qué material está hecho el instrumento huiringua?,False
LATAM|object|huiringua,¿Cómo se produce el sonido en la huiringua?,False
LATAM|object|génesis carmona,¿Cuál es el nombre completo de Génesis Carmona?,False
LATAM|object|génesis carmona,¿Qué título ganó Génesis Carmona en mayo de 2013?,True
LATAM|object|génesis carmona,"¿Qué evento de moda en Valencia, Venezuela, incluyó la participación de Génesis Carmona como modelo?",False
LATAM|object|guacharaca,¿Qué es la guacharaca?,False
LATAM|object|guacharaca,¿De qué materiales se fabrica la guacharaca?,False
LATAM|object|guacharaca,¿Qué características tiene la guacharaca que la hacen adecuada para su uso en el vallenato?,False
LATAM|object|guillermo ríos alcalá,¿Quién es Guillermo Ríos Alcalá?,False
LATAM|object|guillermo ríos alcalá,¿En qué estado de México nació Guillermo Ríos Alcalá?,False
LATAM|object|guillermo ríos alcalá,¿Qué reconocimiento recibió Guillermo Ríos Alcalá en 2001 y por quién?,True
LATAM|object|gorro chilote,¿Qué es un gorro chilote?,False
LATAM|object|gorro chilote,¿De qué color suelen ser los gorros chilotes?,True
LATAM|object|gorro chilote,¿Qué importancia cultural tiene el gorro chilote en la identidad chilota y cómo se relaciona con la producción artesanal?,False
LATAM|object|hernán de vega,¿Cuál es el nombre artístico de Hernán de Vega?,False
LATAM|object|hernán de vega,¿En qué año comenzó Hernán de Vega su carrera artística?,False
LATAM|object|hernán de vega,¿Qué movimiento lidera Hernán de Vega desde el año 2005 y cuál es su propósito?,True
LATAM|object|hannelly quintero,¿Cuál es el nombre completo de Hannelly Quintero?,False
LATAM|object|hannelly quintero,¿En qué certamen representó Hannelly Quintero a Venezuela en 2008?,False
LATAM|object|hannelly quintero,¿Qué títulos ganó Hannelly Quintero en el certamen Miss Venezuela 2007 y en qué año fue este certamen?,False
LATAM|object|hannelly quintero,¿Qué títulos ganó Hannelly Quintero en el certamen Miss Venezuela 2007 y qué posición alcanzó en el certamen Miss Mundo 2008?,False
LATAM|object|indumentaria en la nueva españa,¿Qué es la indumentaria en la Nueva España?,False
LATAM|object|indumentaria en la nueva españa,¿Qué reflejó la indumentaria en la Nueva España?,True
LATAM|object|indumentaria en la nueva españa,¿Cómo se organizaba y regulaba la indumentaria en la Nueva España de acuerdo con la jerarquía social?,False
LATAM|object|incrustado de la plata,¿Qué es el incrustado de la plata?,False
LATAM|object|incrustado de la plata,¿En qué época se siguió desarrollando el incrustado de la plata?,False
LATAM|object|incrustado de la plata,¿Cuál es la diferencia entre el incrustado de la plata y la soldadura en su técnica de trabajo?,False
LATAM|object|incrustado de la plata,¿Cuál es la diferencia entre el incrustado de la plata y la técnica del unido?,False
LATAM|object|ia-63 pampa,¿Qué es el IA-63 Pampa?,False
LATAM|object|ia-63 pampa,¿Quién fue el diseñador del IA-63 Pampa?,False
LATAM|object|ia-63 pampa,¿Para qué fue construido el IA-63 Pampa y qué motor utiliza?,False
LATAM|object|judith castillo,¿Quién es Judith Castillo?,False
LATAM|object|judith castillo,¿Qué título ganó Judith Castillo en 1976?,False
LATAM|object|judith castillo,¿Qué posición alcanzó Judith Castillo en el Miss Universo 1976 y qué evento la llevó a representar a Venezuela en ese certamen?,False
LATAM|object|juan de dios rivera túpac,¿Dónde nació Juan de Dios Rivera Túpac?,False
LATAM|object|juan de dios rivera túpac,¿Qué oficio ejerció Juan de Dios Rivera Túpac en Buenos Aires?,False
LATAM|object|juan de dios rivera túpac,¿Qué diseño se le atribuye a Juan de Dios Rivera Túpac y qué elemento inspiró su creación?,True
LATAM|object|isabella rodríguez,¿Qué título ganó Isabella Rodríguez en el año 2018?,False
LATAM|object|isabella rodríguez,¿En qué evento fue Isabella Rodríguez seleccionada como una de las 12 chicas en 2015?,False
LATAM|object|isabella rodríguez,¿Qué bandas especiales ganó Isabella Rodríguez en el Miss Venezuela 2018 y qué evento representó a Venezuela en 2019?,False
LATAM|object|jeudiel condado,¿Cuál es el nombre completo de Jeudiel Condado?,False
LATAM|object|jeudiel condado,¿Qué título obtuvo Jeudiel Condado en 2018?,False
LATAM|object|jeudiel condado,¿Qué educación formal recibió Jeudiel Condado y en qué instituciones?,False
LATAM|object|juan carlos soto marín (lutier),¿En qué país nació Juan Carlos Soto Marín?,False
LATAM|object|juan carlos soto marín (lutier),¿Qué título obtuvo Juan Carlos Soto Marín en 1988?,False
LATAM|object|juan carlos soto marín (lutier),¿Qué tipo de instrumentos construye Juan Carlos Soto Marín respetando los parámetros históricos y en qué contexto cultural se destaca su trabajo?,False
LATAM|object|juan carlos soto marín (lutier),¿Quién es Juan Carlos Soto Marín?,False
LATAM|object|juan carlos soto marín (lutier),¿Qué tipo de instrumentos construye Juan Carlos Soto Marín respetando los parámetros históricos?,False
LATAM|object|karina velásquez,¿Cuántos hermanos tiene Karina Velásquez?,False
LATAM|object|karina velásquez,¿En qué película interpretó Karina Velásquez al personaje Claudiana?,True
LATAM|object|karina velásquez,¿Qué papel desempeñó Karina Velásquez en la película Hasta que la muerte nos separe y con quién compartió el rol actoral?,True
LATAM|object|imelda guillermina barnett díaz,¿Quién es Imelda Guillermina Barnett Díaz?,False
LATAM|object|imelda guillermina barnett díaz,¿Qué reconocimiento obtuvo Imelda Guillermina Barnett Díaz en 2008?,False
LATAM|object|imelda guillermina barnett díaz,¿Qué proyecto implementó Imelda Guillermina Barnett Díaz para su comunidad y qué tecnología utilizó?,False
LATAM|object|laura gonçalves,¿Quién es Laura Gonçalves?,False
LATAM|object|laura gonçalves,¿En qué certamen representó Laura Gonçalves a Portugal en 2011?,False
LATAM|object|laura gonçalves,¿Qué logros significativos alcanzó Laura Gonçalves en su carrera de modelaje y en qué año participó en el Miss Universo?,False
LATAM|object|josé feher,¿Cuál es el nombre completo de José Feher?,False
LATAM|object|josé feher,¿En qué año llegó José Feher a México?,False
LATAM|object|josé feher,¿Qué premio ganó José Feher en 1928 y en qué campo se destacó principalmente?,True
LATAM|object|kerly ruiz,¿Cuál es el nombre completo de Kerly Ruiz?,False
LATAM|object|kerly ruiz,¿En qué programa animado fue presentadora Kerly Ruiz en RCTV?,True
LATAM|object|kerly ruiz,¿Qué programas de televisión ha presentado Kerly Ruiz y en qué canal comenzó a trabajar en 2018?,True
LATAM|object|lidia gonzález,¿Quién es Lidia González?,False
LATAM|object|lidia gonzález,¿Qué porcentaje de votos obtuvo Lidia González al ser electa como concejala por la comuna de Cabo de Hornos en 2008?,False
LATAM|object|lidia gonzález,¿Qué rol desempeñó Lidia González en la Convención Constitucional de Chile y qué porcentaje de votos obtuvo al ser electa como candidata única?,False
LATAM|object|lidia gonzález,¿Qué porcentaje de votos obtuvo Lidia González al ser electa como concejala por la comuna de Cabo de Hornos?,False
LATAM|object|marjorie magri,¿Quién es Marjorie Magri?,False
LATAM|object|marjorie magri,¿En qué ciudad nació Marjorie Magri?,False
LATAM|object|marjorie magri,¿Qué profesión tiene Marjorie Magri además de ser actriz y modelo?,False
LATAM|object|manguaré,¿Qué es el manguaré?,False
LATAM|object|manguaré,¿Para qué se utiliza el manguaré?,False
LATAM|object|manguaré,¿Quiénes idearon y construyeron el manguaré y para qué lo utilizan?,False
LATAM|object|marjorie de sousa,¿Cuál es el nombre completo de Marjorie de Sousa?,False
LATAM|object|marjorie de sousa,¿En qué telenovela coprotagonizó Marjorie de Sousa el papel de Carolina Bonilla?,False
LATAM|object|marjorie de sousa,¿Qué papel interpretó Marjorie de Sousa en la telenovela Gata salvaje y en qué año se emitió?,False
LATAM|object|pinquillo,¿Qué es el pinquillo?,False
LATAM|object|pinquillo,¿De qué cultura es originario el pinquillo?,False
LATAM|object|pinquillo,¿En qué año fue declarado el pinquillo Patrimonio Cultural de la Nación del Perú y qué importancia tiene en la cultura?,False
LATAM|object|miguel augusto rodríguez,¿Cuál es el nombre completo de Miguel Augusto Rodríguez?,False
LATAM|object|miguel augusto rodríguez,¿En qué producción interpretó Miguel Augusto Rodríguez el personaje de León Antonio Borofsky Castellanos /El Monje?,False
LATAM|object|miguel augusto rodríguez,¿Qué galardón recibió Miguel Augusto Rodríguez en el año de su debut en la producción Estrambótica Anastasia y en qué canal realizó sus estudios actorales?,False
LATAM|object|pozahuanco,¿Qué es el pozahuanco?,False
LATAM|object|pozahuanco,¿Con qué se sujeta el pozahuanco a la cintura?,False
LATAM|object|pozahuanco,¿Qué características tiene el pozahuanco elaborado para las novias en comparación con otros usos?,False
LATAM|object|maracas,¿Qué son las maracas?,False
LATAM|object|maracas,¿Qué producen las maracas al agitarlas?,True
LATAM|object|maracas,¿Cuál es el origen de las maracas y en qué contexto eran utilizadas por las tribus indígenas?,False
LATAM|object|luis felipe manrique flores,¿Cuándo nació Luis Felipe Manrique Flores?,False
LATAM|object|luis felipe manrique flores,¿Qué técnicas ancestrales conserva Luis Felipe Manrique Flores en su artesanía?,False
LATAM|object|luis felipe manrique flores,¿Qué reconocimientos ha recibido Luis Felipe Manrique Flores por su trabajo como artesano y en qué contexto cultural se destaca su obra?,False
LATAM|object|piteado,¿Qué es el piteado?,False
LATAM|object|piteado,¿Para qué se utiliza el piteado?,False
LATAM|object|piteado,¿En qué municipio se reconoce como la capital mundial del piteado y qué técnica se fomenta por su gobierno municipal?,False
LATAM|object|niurka acevedo,¿Cuál es el nombre completo de Niurka Acevedo?,False
LATAM|object|niurka acevedo,¿Qué título de belleza obtuvo Niurka Acevedo en 1991?,False
LATAM|object|niurka acevedo,¿Qué profesión y cargo desempeñó Niurka Acevedo en la Gobernación de Anzoátegui y en qué año fue nombrada?,False
LATAM|object|manuel pailós,¿Cuál es la fecha de nacimiento de Manuel Pailós?,False
LATAM|object|manuel pailós,¿En qué país se encuentra el Museo Nacional de Artes Plásticas que alberga obras de Manuel Pailós?,False
LATAM|object|manuel pailós,¿Qué premio obtuvo Manuel Pailós en 1996 y quién lo otorgó?,True
LATAM|object|rodolfo villena hernández,¿En qué año nació Rodolfo Villena Hernández?,False
LATAM|object|rodolfo villena hernández,¿Qué tipo de artesanía crea Rodolfo Villena Hernández?,False
LATAM|object|rodolfo villena hernández,¿Cuáles son algunos de los altares que ha creado Rodolfo Villena Hernández y para qué instituciones?,False
LATAM|object|rodolfo camacho viera,¿Quién fue Rodolfo Camacho Viera?,False
LATAM|object|rodolfo camacho viera,¿Qué tipo de instrumentos musicales fabricó Rodolfo Camacho Viera?,False
LATAM|object|rodolfo camacho viera,¿Qué relación tuvo Rodolfo Camacho Viera con músicos latinoamericanos destacados y qué tipo de trabajos realizó para ellos?,False
LATAM|object|reinaldo zavarce,¿Dónde nació Reinaldo Zavarce?,False
LATAM|object|reinaldo zavarce,¿En qué telenovela protagonizó Reinaldo Zavarce junto a María Gabriela de Faría?,False
LATAM|object|reinaldo zavarce,"¿Qué papel desempeñó Reinaldo Zavarce en la película ""Día Naranja"" y en qué año se estrenó?",True
LATAM|object|mate burilado,¿Qué es un mate burilado?,False
LATAM|object|mate burilado,¿En qué regiones de Perú se produce el mate burilado?,False
LATAM|object|mate burilado,¿Qué representan los motivos decorativos en los mates burilados elaborados por artesanos en Perú?,False
LATAM|object|quena,¿Qué es la quena?,False
LATAM|object|quena,¿Cuál es la antigüedad de la quena más antigua hallada en la zona de Chilca-Perú?,False
LATAM|object|quena,¿Por qué fue declarada la quena Patrimonio Cultural de la Nación del Perú?,False
LATAM|object|sombrero vueltiao,¿Qué es el sombrero vueltiao?,False
LATAM|object|sombrero vueltiao,¿De qué material se elabora el sombrero vueltiao?,False
LATAM|object|sombrero vueltiao,¿Cuál es el origen cultural del sombrero vueltiao y qué ley lo declaró símbolo cultural de la nación?,False
LATAM|object|sabrina seara,¿Cuál es el nombre completo de Sabrina Seara?,False
LATAM|object|sabrina seara,¿En qué novela tuvo su primer protagónico Sabrina Seara?,False
LATAM|object|sabrina seara,¿Qué telenovela protagonizó Sabrina Seara en Venevisión que le abrió las puertas a su nuevo destino en Miami?,True
LATAM|object|sombrero de jipi,¿Qué es el sombrero de jipi?,False
LATAM|object|sombrero de jipi,¿Dónde se produce el sombrero de jipi?,False
LATAM|object|sombrero de jipi,¿Quién fue la primera persona en tejer un sombrero de jipi y en qué año lo hizo?,False
LATAM|object|submarino flach,¿Qué es el submarino Flach?,False
LATAM|object|submarino flach,¿Quién diseñó el submarino Flach?,False
LATAM|object|submarino flach,¿En qué contexto histórico se construyó el submarino Flach y qué ocurrió durante su fase de pruebas?,False
LATAM|object|tecla tofano,¿En qué país nació Tecla Tofano?,False
LATAM|object|tecla tofano,¿Qué tipo de obras creó Tecla Tofano a partir de 1963?,True
LATAM|object|tecla tofano,¿Qué premios recibió Tecla Tofano y en qué años fueron otorgados?,True
LATAM|object|tlecáxitl,¿Qué es el tlecáxitl?,False
LATAM|object|tlecáxitl,¿Dónde se utilizaba el tlecáxitl?,False
LATAM|object|tlecáxitl,¿Qué significaba el encendido del tlecáxitl en la ceremonia del Fuego Nuevo?,False
LATAM|object|tambores de candombe,¿Qué son los tambores de candombe?,False
LATAM|object|tambores de candombe,¿Cuántos tamaños de tambores de candombe existen?,False
LATAM|object|tambores de candombe,¿Qué función cumple el tambor repique en la cuerda de tambores de candombe?,False
LATAM|object|teresa carvallo rey,¿Quién es Teresa Carvallo Rey?,False
LATAM|object|teresa carvallo rey,¿En qué taller adquirió Teresa Carvallo sus primeros conocimientos técnicos?,False
LATAM|object|teresa carvallo rey,¿Qué tipo de situaciones cotidianas representan las obras de Teresa Carvallo y qué características se destacan en ellas?,True
LATAM|object|tarka,¿Qué es la tarka?,False
LATAM|object|tarka,¿De qué material está hecha la tarka?,False
LATAM|object|tarka,¿Cuál es la extensión aproximada de la tarka y en qué regiones se utiliza?,False
LATAM|object|verbo américa,¿Qué es Verbo América?,False
LATAM|object|verbo américa,¿Dónde se ubica Verbo América?,False
LATAM|object|verbo américa,¿Qué proceso sufrió Verbo América después de ser instalada en el Aeropuerto de Santiago?,False
LATAM|object|yul bürkle,¿Cuál es el nombre completo de Yul Bürkle?,False
LATAM|object|yul bürkle,"¿En qué año participó Yul Bürkle en la novela ""La llaman Mariamor""?",False
LATAM|object|yul bürkle,¿Qué carrera estudió Yul Bürkle en la Universidad Santa María y a qué edad comenzó su carrera en la actuación?,False
LATAM|object|trapelacucha,"¿Qué significa ""trapelacucha"" en mapudungun?",False
LATAM|object|trapelacucha,¿De qué material está fabricado un trapelacucha?,False
LATAM|object|trapelacucha,¿Qué otras dos joyas se designan con el nombre de trapelacucha en español y qué características tienen?,True
LATAM|public_figure|abraham freifeld umanskaia,¿Dónde nació Abraham Freifeld Umanskaia?,False
LATAM|public_figure|abraham freifeld umanskaia,¿Qué carrera estudió Abraham Freifeld Umanskaia en la Universidad de Chile?,False
LATAM|public_figure|abraham freifeld umanskaia,¿Qué premio recibió Abraham Freifeld Umanskaia en 1956 y en qué contexto se otorgó?,True
LATAM|object|yelena maciel,¿Cuál es el nombre completo de Yelena Maciel?,False
LATAM|object|yelena maciel,¿En qué serie de RCTV interpretó Yelena Maciel el personaje de María de Lourdes Lobo?,False
LATAM|object|yelena maciel,"¿Qué apodo recibió Yelena Maciel en la telenovela ""La viuda joven"" y qué personaje interpretó en ""Y los declaro marido y mujer""?",False
LATAM|public_figure|albanella chávez,¿Cuál es el nombre completo de Albanella Chávez?,False
LATAM|public_figure|albanella chávez,"¿En qué año publicó Albanella Chávez su libro ""Noches de cuerpos sin nombre""?",True
LATAM|public_figure|albanella chávez,¿Qué estudios realizó Albanella Chávez en Santa Cruz de la Sierra y qué maestría obtuvo en España?,False
LATAM|object|tiple,¿Qué es el tiple?,False
LATAM|object|tiple,¿Cuántas cuerdas metálicas tiene el tiple?,False
LATAM|object|tiple,¿En qué ritmos típicos del interior de Colombia se utiliza el tiple y qué lo hace un instrumento solista?,False
LATAM|public_figure|alejandra moffat,¿Quién es Alejandra Moffat?,False
LATAM|public_figure|alejandra moffat,¿En qué ciudad nació Alejandra Moffat?,False
LATAM|public_figure|alejandra moffat,¿Qué premios ha ganado Alejandra Moffat por su trabajo en dramaturgia?,False
LATAM|public_figure|alex bowen,¿Quién es Alex Bowen?,False
LATAM|public_figure|alex bowen,¿Cuál fue el primer largometraje realizado por Alex Bowen?,False
LATAM|public_figure|alex bowen,¿Qué proyectos importantes gestionó Alex Bowen durante su tiempo como director general del área dramática de Televisión Nacional de Chile?,False
LATAM|public_figure|alejandra pérez núñez,¿Cuál es el alias de Alejandra Pérez Núñez?,False
LATAM|public_figure|alejandra pérez núñez,¿En qué universidad estudió Alejandra Pérez Núñez?,False
LATAM|public_figure|alejandra pérez núñez,¿Qué obra desarrolló Alejandra Pérez Núñez para la radio del Museo Reina Sofía y qué temática aborda?,True
LATAM|public_figure|ankatu alquinta,¿Quién es Eduardo Ankatu Alquinta Ross?,False
LATAM|public_figure|ankatu alquinta,¿Qué grupo musical formó Ankatu Alquinta en 1995?,True
LATAM|public_figure|ankatu alquinta,¿Qué rol asumió Ankatu Alquinta en Los Jaivas después del fallecimiento de su padre?,False
LATAM|public_figure|alfredo jaar,¿Quién es Alfredo Jaar?,False
LATAM|public_figure|alfredo jaar,¿En qué año obtuvo Alfredo Jaar el Premio Nacional de Artes Plásticas de Chile?,True
LATAM|public_figure|alfredo jaar,¿Qué obra expuso Alfredo Jaar en la Bienal de Venecia de 1986 y qué temática aborda?,True
LATAM|public_figure|adolfo urzúa rosas,¿Dónde nació Adolfo Urzúa Rosas?,False
LATAM|public_figure|adolfo urzúa rosas,¿Qué profesión tuvo Adolfo Urzúa Rosas además de ser actor?,False
LATAM|public_figure|adolfo urzúa rosas,"¿Cuál es el título del cortometraje considerado la primera película argumental del cine chileno, realizada por Adolfo Urzúa Rosas?",True
LATAM|public_figure|antonio pecorara,¿Quién fue Antonio Pecorara?,False
LATAM|public_figure|antonio pecorara,¿En qué universidad estudió Antonio Pecorara?,False
LATAM|public_figure|antonio pecorara,¿Qué experiencias reflejó Antonio Pecorara en su primer libro de cuentos y en qué contexto trabajó?,False
LATAM|public_figure|andrés pizarro,¿Quién es Andrés Pizarro en la literatura chilena?,False
LATAM|public_figure|andrés pizarro,"¿En qué año obtuvo Andrés Pizarro el Premio Alerce por su obra ""Algunas cosas""?",True
LATAM|public_figure|andrés pizarro,¿Qué premio obtuvo Andrés Pizarro en 1977 y con qué obra?,True
LATAM|public_figure|beby aponte (cantante),¿Cuál es el nombre completo de Beby Aponte?,False
LATAM|public_figure|beby aponte (cantante),¿En qué año comenzó Beby Aponte a formar parte del grupo Pk2?,False
LATAM|public_figure|beby aponte (cantante),¿Qué reconocimiento recibió Beby Aponte en 2021 y en qué evento se le otorgó?,True
LATAM|public_figure|antares de la luz,¿Quién fue Antares de la Luz?,False
LATAM|public_figure|antares de la luz,¿Qué tipo de ritual realizó Antares de la Luz con su hijo?,False
LATAM|public_figure|antares de la luz,¿Qué acciones llevó a cabo Antares de la Luz en su secta que reflejan su creencia en ser la reencarnación de Dios?,False
LATAM|public_figure|andrea garcía-huidobro,¿Quién es Andrea García-Huidobro?,False
LATAM|public_figure|andrea garcía-huidobro,¿En qué película participó Andrea García-Huidobro?,False
LATAM|public_figure|andrea garcía-huidobro,¿Qué obras ha dirigido Andrea García-Huidobro y en qué año egresó de la escuela de Fernando González?,False
LATAM|public_figure|armando rubio huidobro,¿En qué año nació Armando Rubio Huidobro?,False
LATAM|public_figure|armando rubio huidobro,¿Cuál es el carácter que se le atribuye a la poesía de Armando Rubio Huidobro?,False
LATAM|public_figure|armando rubio huidobro,¿Qué estudios realizó Armando Rubio Huidobro entre 1974 y 1980 y qué relación tiene esto con su carrera como poeta?,False
LATAM|public_figure|botota fox,¿Cuál es el nombre artístico de José Miguel Navarrete Navarrete?,False
LATAM|public_figure|botota fox,¿En qué año inició su trayectoria artística Botota Fox?,False
LATAM|public_figure|botota fox,¿Qué reconocimiento obtuvo Botota Fox en 2016 y en qué evento fue elegida?,True
LATAM|public_figure|carlos concha (actor),¿Cuál es el seudónimo de Carlos Concha Henriquez?,False
LATAM|public_figure|carlos concha (actor),¿En qué telenovela debutó Carlos Concha?,False
LATAM|public_figure|carlos concha (actor),"¿Qué personaje destacado interpretó Carlos Concha en la telenovela ""Ámame"" de 1993 y en qué canal trabajó durante cinco años?",False
LATAM|public_figure|camba florencio,¿Quién fue Camba Florencio?,False
LATAM|public_figure|camba florencio,¿En qué ciudad nació Camba Florencio?,False
LATAM|public_figure|camba florencio,¿Qué distinción recibió Camba Florencio en 1984 durante el Festival de Ypacaraí?,False
LATAM|public_figure|carlos miranda,¿Cuál es el nombre completo de Carlos Miranda?,False
LATAM|public_figure|carlos miranda,¿En qué conservatorio estudió Carlos Miranda en su país natal?,False
LATAM|public_figure|carlos miranda,"¿Qué obras importantes compuso Carlos Miranda para la Rambert Dance Company y qué premio recibió por ""Cruel Garden""?",True
LATAM|public_figure|carlos isamitt,¿Cuál es el nombre completo de Carlos Isamitt?,False
LATAM|public_figure|carlos isamitt,¿En qué año recibió Carlos Isamitt el Premio Nacional de Arte?,True
LATAM|public_figure|carlos isamitt,¿Qué influencias artísticas recibió Carlos Isamitt durante su viaje a París en 1925 y cómo impactaron su obra?,True
LATAM|public_figure|carmen cereceda,¿Dónde nació Carmen Cereceda?,False
LATAM|public_figure|carmen cereceda,¿Cuántos años impartió clases Carmen Cereceda en el Colegio de Artes de Ontario?,False
LATAM|public_figure|carmen cereceda,"¿Quién fue el gurú y maestro de Carmen Cereceda, y qué tipo de arte practicó?",False
LATAM|public_figure|chabelita fuentes,¿Cuál es el nombre completo de Chabelita Fuentes?,False
LATAM|public_figure|chabelita fuentes,¿En qué año recibió Chabelita Fuentes el Premio a la Música Nacional Presidente de la República?,True
LATAM|public_figure|chabelita fuentes,¿Qué reconocimientos recibió Chabelita Fuentes y en qué contexto cultural se destaca su obra?,False
LATAM|public_figure|catalina telias,¿Cuál es el nombre completo de Catalina Telias?,False
LATAM|public_figure|catalina telias,¿En qué año se desvinculó Catalina Telias de La Banda del Gnomo?,False
LATAM|public_figure|catalina telias,¿Qué canción presentó Catalina Telias en el festival de la OTI de 1989 y qué premio recibió en el festival de Viña del Mar de 1990?,False
LATAM|public_figure|daniel puente encina,¿Quién es Daniel Puente Encina?,False
LATAM|public_figure|daniel puente encina,¿Qué grupo musical fundó Daniel Puente Encina en Santiago de Chile?,True
LATAM|public_figure|daniel puente encina,¿Qué álbum publicó Daniel Puente Encina en 2004 y qué estilo musical representa?,True
LATAM|public_figure|carmen valbuena,¿Cuál es el nombre completo de Carmen Valbuena?,False
LATAM|public_figure|carmen valbuena,¿En qué universidad se graduó Carmen Valbuena en licenciatura en pintura?,False
LATAM|public_figure|carmen valbuena,¿Qué grupo artístico pertenece Carmen Valbuena y qué estilo artístico ha desarrollado en su carrera?,False
LATAM|public_figure|carmen prieto,¿Quién es Carmen Prieto en la música y actuación chilena?,False
LATAM|public_figure|carmen prieto,¿En qué año nació Carmen Prieto?,False
LATAM|public_figure|carmen prieto,¿Qué discos de Carmen Prieto fueron premiados por la Asociación de Periodistas de Espectáculos?,False
LATAM|public_figure|cergio prudencio,¿En qué año nació Cergio Prudencio?,False
LATAM|public_figure|cergio prudencio,¿Qué orquesta fundó Cergio Prudencio en 1986?,True
LATAM|public_figure|cergio prudencio,"¿Qué cargo ocupó Cergio Prudencio en el Ministerio de Culturas, Descolonización y Despatriarcalización de Bolivia entre noviembre de 2020 y marzo de 2021?",True
LATAM|public_figure|caterina nix,¿Cuál es el nombre completo de Caterina Nix?,False
LATAM|public_figure|caterina nix,¿En qué año se lanzó el primer álbum de Caterina Nix con la banda Aghonya?,False
LATAM|public_figure|caterina nix,¿Qué productor trabajó en la segunda producción discográfica en solitario de Caterina Nix y qué compañía la publicó?,False
LATAM|public_figure|difuntos correa,¿Qué tipo de grupo es Difuntos Correa?,False
LATAM|public_figure|difuntos correa,¿En qué año lanzó Difuntos Correa su primer disco?,False
LATAM|public_figure|difuntos correa,¿Qué reconocimiento obtuvo Difuntos Correa por su primer disco y en qué año?,False
LATAM|public_figure|claudia peña claros,¿Quién es Claudia Peña Claros?,False
LATAM|public_figure|claudia peña claros,¿Qué obra publicó Claudia Peña Claros en 2006 junto a Nelson Jordán?,True
LATAM|public_figure|claudia peña claros,¿Qué cargos ocupó Claudia Peña Claros y cuáles son dos de sus obras publicadas en 2007?,True
LATAM|public_figure|dare (la la la),"¿Quién interpreta la canción ""Dare (La La La)""?",True
LATAM|public_figure|dare (la la la),"¿Cuándo fue publicada ""Dare (La La La)"" para la radio de música contemporánea en Italia?",False
LATAM|public_figure|dare (la la la),"¿En qué evento fue interpretada por primera vez ""Dare (La La La)"" y qué otras canciones se incluyeron en el medley durante su gira mundial?",True
LATAM|public_figure|daniuska gonzález,¿Quién es Daniuska González?,False
LATAM|public_figure|daniuska gonzález,¿En qué ciudad reside Daniuska González?,False
LATAM|public_figure|daniuska gonzález,¿Qué proyecto coordinó Daniuska González entre 2012 y 2014 relacionado con la violencia política?,True
LATAM|public_figure|elodie fulton,¿Quién es Elodie Fulton?,False
LATAM|public_figure|elodie fulton,¿En qué institución estudió Elodie Fulton arquitectura?,True
LATAM|public_figure|elodie fulton,¿Qué galería de arte fundó Elodie Fulton en Santiago antes de Ch.ACO?,True
LATAM|public_figure|estatua de shakira,¿Qué es la estatua de Shakira?,False
LATAM|public_figure|estatua de shakira,¿Quién elaboró la estatua de Shakira?,False
LATAM|public_figure|estatua de shakira,¿Cuándo fue inaugurada la estatua de Shakira y en qué lugar se encuentra?,False
LATAM|public_figure|enrique heine,¿Quién fue Enrique Heine?,False
LATAM|public_figure|enrique heine,"¿Qué papel interpretó Enrique Heine en la obra ""El enfermo imaginario""?",False
LATAM|public_figure|enrique heine,¿Qué organizaciones fundó Enrique Heine y cuál fue su rol en el Sindicato de Actores de Cine Radio y Televisión de Chile - SIDARTE?,False
LATAM|public_figure|enrique moro,¿Quién fue Enrique Moro en la literatura chilena?,False
LATAM|public_figure|enrique moro,¿En qué año asistió Enrique Moro a la Feria Internacional del Libro de La Habana?,False
LATAM|public_figure|enrique moro,¿Qué antología publicó Enrique Moro en 2002 para celebrar sus 30 años de trayectoria literaria y qué institución cultural creó en 1996?,True
LATAM|public_figure|eskina familia skuad,¿Qué es Eskina Familia Skuad?,False
LATAM|public_figure|eskina familia skuad,¿En qué ciudad es originario Eskina Familia Skuad?,False
LATAM|public_figure|eskina familia skuad,¿Qué álbum lanzó Eskina Familia Skuad en 2005 y qué tipo de trabajo es?,True
LATAM|public_figure|eva lefever,¿Dónde nació Eva Lefever?,False
LATAM|public_figure|eva lefever,¿Qué grado académico obtuvo Eva Lefever en la Universidad de Chile?,False
LATAM|public_figure|eva lefever,¿En qué institución estudió Eva Lefever artes gráficas y qué beca obtuvo entre 1981 y 1982?,False
LATAM|public_figure|f.a.m.e. (álbum de maluma),¿Cuál es el tercer álbum de estudio del cantante colombiano Maluma?,False
LATAM|public_figure|f.a.m.e. (álbum de maluma),¿Cuántos temas contiene el álbum F.A.M.E. de Maluma?,False
LATAM|public_figure|f.a.m.e. (álbum de maluma),¿Qué premio ganó el álbum F.A.M.E. de Maluma en los Latin Grammy y en qué fecha se llevó a cabo la ceremonia?,False
LATAM|public_figure|enrique campos menéndez,¿Dónde nació Enrique Campos Menéndez?,False
LATAM|public_figure|enrique campos menéndez,¿Qué premio recibió Enrique Campos Menéndez en 1986?,False
LATAM|public_figure|enrique campos menéndez,¿Qué cargo ocupó Enrique Campos Menéndez entre 1973 y 1977 y qué objetivo tenía este cargo en relación con la cultura chilena?,True
LATAM|public_figure|fernando álvarez de toledo (conquistador),¿Dónde nació Fernando Álvarez de Toledo?,False
LATAM|public_figure|fernando álvarez de toledo (conquistador),¿Qué obra poética escribió Fernando Álvarez de Toledo?,False
LATAM|public_figure|fernando álvarez de toledo (conquistador),¿Qué eventos bélicos documentó Fernando Álvarez de Toledo en su obra Araucana?,True
LATAM|public_figure|gabriel alemparte,¿Cuándo nació Gabriel Alemparte?,False
LATAM|public_figure|gabriel alemparte,¿Qué cargo ocupó Gabriel Alemparte en el Ministerio de Obras Públicas?,False
LATAM|public_figure|gabriel alemparte,¿Qué rol desempeñó Gabriel Alemparte en el plebiscito constitucional del 4 de septiembre de 2022 y qué partido político cofundó posteriormente?,False
LATAM|public_figure|felipe castro,¿Cuál es el nombre completo de Felipe Castro?,False
LATAM|public_figure|felipe castro,¿En qué año egresó Felipe Castro de la Pontificia Universidad Católica de Chile?,False
LATAM|public_figure|felipe castro,¿Qué relación tiene Felipe Castro con la producción teatral y qué compañía cofundó en 2005?,True
LATAM|public_figure|galo gómez,¿Cuál es el nombre completo de Galo Gómez?,False
LATAM|public_figure|galo gómez,"¿En qué año se publicó el libro ""Días de coraje""?",False
LATAM|public_figure|galo gómez,"¿Qué periodista chileno fue el único en entrevistar a Manuel Marulanda, y en qué contexto se publicó esta entrevista?",False
LATAM|public_figure|gabriel prieto,¿Quién es Gabriel Prieto en la industria del entretenimiento chileno?,False
LATAM|public_figure|gabriel prieto,¿En qué universidad estudió actuación Gabriel Prieto?,False
LATAM|public_figure|gabriel prieto,¿Cuántos años ejerció Gabriel Prieto como docente teatral y en qué compañía es uno de los fundadores?,False
LATAM|public_figure|guille söhrens,¿Dónde nació Guille Söhrens?,False
LATAM|public_figure|guille söhrens,¿Cuál fue el primer largometraje que estrenó Guille Söhrens?,True
LATAM|public_figure|guille söhrens,¿Qué temas sociales aborda Guille Söhrens en sus películas y qué obra destaca su postura política de izquierda?,False
LATAM|public_figure|gemma contreras,¿Cuál es el nombre completo de Gemma Contreras?,False
LATAM|public_figure|gemma contreras,¿En qué institución educativa estudió Gemma Contreras?,False
LATAM|public_figure|gemma contreras,¿Qué cargo ocupó Gemma Contreras en Televisión Nacional de Chile y en qué periodo?,False
LATAM|public_figure|inevitable (canción de shakira),"¿Quién es la intérprete de la canción ""Inevitable""?",False
LATAM|public_figure|inevitable (canción de shakira),"¿En qué álbum de estudio se incluye la canción ""Inevitable""?",False
LATAM|public_figure|inevitable (canción de shakira),"¿Qué tema aborda la canción ""Inevitable"" y qué posición ocupó en la lista de las 25 obras maestras del rock en español según Billboard?",False
LATAM|public_figure|jaime vásquez (músico),¿Quién es Jaime Vásquez?,False
LATAM|public_figure|jaime vásquez (músico),¿En qué conservatorio estudió Jaime Vásquez?,False
LATAM|public_figure|jaime vásquez (músico),¿Qué agrupaciones musicales importantes ha integrado Jaime Vásquez y en qué contexto internacional se destacó?,True
LATAM|public_figure|jaime artus,¿Quién es Jaime Artus?,False
LATAM|public_figure|jaime artus,¿En qué serie comenzó Jaime Artus su carrera como actor?,False
LATAM|public_figure|jaime artus,¿Qué papeles interpretó Jaime Artus en las miniseries Don Diablo y Vampiras?,False
LATAM|public_figure|josé joaquín vallejo,¿Cuál es el nombre completo de José Joaquín Vallejo?,False
LATAM|public_figure|josé joaquín vallejo,¿Qué seudónimo utilizó José Joaquín Vallejo en su carrera literaria?,False
LATAM|public_figure|josé joaquín vallejo,¿Qué cargo ocupó José Joaquín Vallejo en la Intendencia de Maule y en qué año fue encarcelado?,False
LATAM|public_figure|jaime soto león,¿Dónde nació Jaime Soto León?,False
LATAM|public_figure|jaime soto león,¿Qué agrupación fundó Jaime Soto León en 1974?,True
LATAM|public_figure|jaime soto león,¿Qué aportes hizo Jaime Soto León a la Nueva Canción Chilena y quiénes fueron sus contemporáneos en la consolidación de la Escuela de Chile en la Fusión Latinoamericana?,False
LATAM|public_figure|josé vicente asuar,¿Dónde nació José Vicente Asuar?,False
LATAM|public_figure|josé vicente asuar,¿Qué obra compuso José Vicente Asuar que es considerada su primera obra electrónica?,True
LATAM|public_figure|josé vicente asuar,¿Qué laboratorio fundó José Vicente Asuar en 1958 y por qué es significativo en América Latina?,True
LATAM|public_figure|jenaro gajardo vera,¿Qué profesión tenía Jenaro Gajardo Vera?,False
LATAM|public_figure|jenaro gajardo vera,¿En qué institución estudió Jenaro Gajardo Vera leyes?,False
LATAM|public_figure|jenaro gajardo vera,¿Qué organización creó Jenaro Gajardo Vera y cuál era uno de sus objetivos?,True
LATAM|public_figure|antonio skármeta,¿Cuál es el nombre completo de Antonio Skármeta?,False
LATAM|public_figure|antonio skármeta,"¿En qué año fue publicada la obra ""Ardiente paciencia""?",False
LATAM|public_figure|antonio skármeta,"¿Qué obra de Antonio Skármeta, publicada en 2003, fue adaptada al cine en 2009?",False
LATAM|public_figure|josé ángel cuevas,¿Quién es José Ángel Cuevas?,False
LATAM|public_figure|josé ángel cuevas,¿En qué año publicó José Ángel Cuevas su primer libro?,False
LATAM|public_figure|josé ángel cuevas,¿Qué grupo literario formó parte José Ángel Cuevas durante su tiempo en el Instituto Pedagógico?,False
LATAM|public_figure|jeannette pualuan,¿Quién es Jeannette Pualuan?,False
LATAM|public_figure|jeannette pualuan,¿A qué banda musical ingresó Jeannette Pualuan en 1999?,False
LATAM|public_figure|jeannette pualuan,¿Qué álbum lanzó Jeannette Pualuan como solista en 2005 y qué concepto innovador presenta?,True
LATAM|public_figure|juan pablo piñeiro,¿Dónde nació Juan Pablo Piñeiro?,False
LATAM|public_figure|juan pablo piñeiro,¿Qué carrera estudió Juan Pablo Piñeiro en la Universidad Católica Boliviana?,False
LATAM|public_figure|juan pablo piñeiro,¿Cuáles son dos novelas escritas por Juan Pablo Piñeiro y en qué año fue publicada su primera novela?,True
LATAM|public_figure|juan claudio lechín,¿Quién es Juan Claudio Lechín?,False
LATAM|public_figure|juan claudio lechín,¿Qué premio obtuvo Juan Claudio Lechín en 2004?,False
LATAM|public_figure|juan claudio lechín,"¿Qué relación tiene Juan Claudio Lechín con Juan Lechín Oquendo y qué premio recibió por su obra ""La gula del picaflor""?",False
LATAM|public_figure|la fuerte,"¿Qué es ""la fuerte""?",False
LATAM|public_figure|la fuerte,"¿Cuándo fue lanzada ""la fuerte""?",False
LATAM|public_figure|la fuerte,"¿Cuál es la relación entre ""la fuerte"" y el álbum ""Las mujeres ya no lloran""?",False
LATAM|public_figure|juan uribe echevarría,¿Quién fue Juan Uribe Echevarría?,False
LATAM|public_figure|juan uribe echevarría,¿En qué institución fue nombrado profesor de literatura Juan Uribe Echevarría?,False
LATAM|public_figure|juan uribe echevarría,¿Qué revista fundó Juan Uribe Echevarría junto a Guillermo Feliú Cruz y qué importancia tuvo?,True
LATAM|public_figure|julio vicuña cifuentes,¿Dónde nació Julio Vicuña Cifuentes?,False
LATAM|public_figure|julio vicuña cifuentes,"¿En qué año fue fundadora la Sociedad del Folklore Chileno, de la cual Julio Vicuña Cifuentes fue miembro fundador?",True
LATAM|public_figure|julio vicuña cifuentes,¿Qué relación tuvo Julio Vicuña Cifuentes con Rubén Darío y en qué contexto se desarrolló su carrera literaria?,False
LATAM|public_figure|lautaro yankas,¿Quién es Lautaro Yankas?,False
LATAM|public_figure|lautaro yankas,¿En qué ciudad nació Lautaro Yankas?,False
LATAM|public_figure|lautaro yankas,¿Qué obra de Lautaro Yankas le valió el Premio Latinoamericano de Literatura en 1954?,True
LATAM|public_figure|loba (álbum),"¿Quién es la cantautora que lanzó el álbum ""Loba""?",False
LATAM|public_figure|loba (álbum),"¿Cuándo fue lanzado por primera vez el álbum ""Loba""?",False
LATAM|public_figure|loba (álbum),"¿Qué influencias musicales se exploraron en el álbum ""Loba"" y quién fue el productor principal?",False
LATAM|public_figure|luis advis,¿Cuál es el nombre completo de Luis Advis?,False
LATAM|public_figure|luis advis,¿Qué obra destacada compuso Luis Advis que es un referente del movimiento de la Nueva Canción Chilena?,True
LATAM|public_figure|luis advis,¿Qué obra de Luis Advis fue encargada por el Gobierno español para la celebración de los 500 años del descubrimiento de América y qué tipo de obra es?,True
LATAM|public_figure|mahfúd massís,¿Cuál es el nombre real de Mahfúd Massís?,False
LATAM|public_figure|mahfúd massís,¿En qué año nació Mahfúd Massís?,False
LATAM|public_figure|mahfúd massís,¿Qué relación familiar tenía Mahfúd Massís con Pablo de Rokha y qué cargos ocupó en su vida cultural?,False
LATAM|public_figure|luis orrego luco,¿Dónde nació Luis Orrego Luco?,False
LATAM|public_figure|luis orrego luco,¿Qué profesión tuvo Luis Orrego Luco además de ser novelista?,False
LATAM|public_figure|luis orrego luco,¿Qué obra de Luis Orrego Luco retrata la clase alta chilena y en qué año fue publicada?,True
LATAM|public_figure|magda arguedas villanueva,¿Dónde nació Magda Arguedas Villanueva?,False
LATAM|public_figure|magda arguedas villanueva,¿Cuántas exposiciones individuales realizó Magda Arguedas Villanueva entre 1951 y 1976?,False
LATAM|public_figure|magda arguedas villanueva,¿Qué legado importante crea Magda Arguedas Villanueva para los artistas plásticos sobre los aparapitas o cargadores?,False
LATAM|public_figure|maría urzúa,¿Cuál es el nombre completo de María Urzúa?,False
LATAM|public_figure|maría urzúa,¿En qué año publicó María Urzúa su primer trabajo literario individual?,False
LATAM|public_figure|maría urzúa,¿Qué obra antológica coescribió María Urzúa y en qué año fue publicada?,True
LATAM|public_figure|marta vergara,¿Dónde nació Marta Vergara?,False
LATAM|public_figure|marta vergara,¿Qué periódico fundó Marta Vergara?,False
LATAM|public_figure|marta vergara,¿Cuáles fueron algunos de los temas sobre los que escribió Marta Vergara en La Mujer Nueva?,False
LATAM|public_figure|maite alberdi,¿Quién es Maite Alberdi?,False
LATAM|public_figure|maite alberdi,¿En qué universidad estudió Maite Alberdi?,False
LATAM|public_figure|maite alberdi,¿Qué documental de Maite Alberdi fue nominado al Premio Óscar al mejor largometraje documental en 2020?,True
LATAM|public_figure|nicolás saavedra,¿Dónde nació Nicolás Saavedra?,False
LATAM|public_figure|nicolás saavedra,¿Qué premio recibió Nicolás Saavedra en 2006?,True
LATAM|public_figure|nicolás saavedra,"¿En qué año egresó Nicolás Saavedra de la academia ""Club de Teatro"" y qué relación tiene con su carrera actoral?",False
LATAM|public_figure|nicolás pérez (actor),¿Cuál es el nombre completo de Nicolás Pérez?,False
LATAM|public_figure|nicolás pérez (actor),¿En qué año nació Nicolás Pérez?,False
LATAM|public_figure|nicolás pérez (actor),¿En qué teleseries ha participado Nicolás Pérez y en qué canal se transmiten?,True
LATAM|public_figure|omar gonzález onostre,¿Quién es Omar González Onostre?,False
LATAM|public_figure|omar gonzález onostre,¿En qué año inició su carrera como cantante?,False
LATAM|public_figure|omar gonzález onostre,¿Qué banda de rock es Omar González Onostre vocalista y qué nombre tenía anteriormente?,True
LATAM|public_figure|manuel andros flores,¿Quién es Manuel Andros Flores?,False
LATAM|public_figure|manuel andros flores,¿Qué cargo asumió Manuel Andros Flores en la Sociedad de Escritores de Chile (SECH) durante el periodo 2018-2020?,False
LATAM|public_figure|manuel andros flores,¿Qué influencias literarias tiene Manuel Andros Flores y en qué proyecto cultural ha participado para difundir la poesía?,True
LATAM|public_figure|percy eaglehurst,¿Cuál es el nombre completo de Percy Eaglehurst?,False
LATAM|public_figure|percy eaglehurst,¿Qué personaje famoso creó Percy Eaglehurst?,False
LATAM|public_figure|percy eaglehurst,¿Qué premio recibió Percy Eaglehurst en 1969 y en qué ámbito?,True
LATAM|public_figure|pablo díaz (actor chileno),¿Dónde nació Pablo Díaz?,False
LATAM|public_figure|pablo díaz (actor chileno),¿Qué telenovela hizo conocido a Pablo Díaz en 2003?,False
LATAM|public_figure|pablo díaz (actor chileno),¿Qué empresa de producción audiovisual formó Pablo Díaz entre 2013 y 2017 y con quién se asoció?,False
LATAM|public_figure|paulina brugnoli,¿Quién es Paulina Brugnoli?,False
LATAM|public_figure|paulina brugnoli,¿En qué año ingresó Paulina Brugnoli a la Escuela de Bellas Artes de la Universidad de Chile?,False
LATAM|public_figure|paulina brugnoli,¿Qué tipo de obra presentó Paulina Brugnoli en la Bienal Révélations del Grand Palais de París en 2017?,True
LATAM|public_figure|raúl ybarnegaray,¿Quién es Raúl Ybarnegaray?,False
LATAM|public_figure|raúl ybarnegaray,¿En qué año realizó Raúl Ybarnegaray su primer concierto como cantautor?,False
LATAM|public_figure|raúl ybarnegaray,¿Qué carrera estudió Raúl Ybarnegaray en la Universidad Mayor de San Simón y en qué año ingresó?,False
LATAM|public_figure|ricardo garcía (locutor),¿Cuál es el nombre completo de Ricardo García?,False
LATAM|public_figure|ricardo garcía (locutor),¿En qué año nació Ricardo García?,False
LATAM|public_figure|ricardo garcía (locutor),¿Qué sello discográfico creó Ricardo García y qué tipo de obras difundió a través de él?,True
LATAM|public_figure|ramón núñez villarroel,¿Dónde nació Ramón Núñez Villarroel?,False
LATAM|public_figure|ramón núñez villarroel,¿Qué cátedras dicta actualmente Ramón Núñez Villarroel en la Escuela de Teatro de la Pontificia Universidad Católica de Chile?,False
LATAM|public_figure|ramón núñez villarroel,¿Qué reconocimiento recibió Ramón Núñez Villarroel en 2009 y qué categoría abarca?,True
LATAM|public_figure|rita nuñez medina,¿Quién es Rita Núñez Medina?,False
LATAM|public_figure|rita nuñez medina,¿En qué comuna de Santiago terminó su educación formal Rita Núñez Medina?,False
LATAM|public_figure|rita nuñez medina,¿Qué aprendió Rita Núñez Medina en el Conjunto Millaray y quién la integró a este grupo?,False
LATAM|public_figure|ruperto marchant pereira,¿Dónde nació Ruperto Marchant Pereira?,False
LATAM|public_figure|ruperto marchant pereira,¿Qué ocupación tuvo Ruperto Marchant Pereira durante la Guerra del Pacífico?,False
LATAM|public_figure|ruperto marchant pereira,¿Qué contribuciones hizo Ruperto Marchant Pereira a la educación y la comunidad en Santiago?,False
LATAM|public_figure|roberto vander,¿Quién es Roberto Vander?,False
LATAM|public_figure|roberto vander,¿En qué telenovela actuó Roberto Vander que se convirtió en uno de los mayores éxitos de Televisa?,True
LATAM|public_figure|roberto vander,¿Qué papel interpretó Roberto Vander en la telenovela Senda de gloria y qué idiomas tuvo la oportunidad de hablar en esa producción?,False
LATAM|public_figure|rubén sotoconil,¿Cuál es el nombre completo de Rubén Sotoconil?,False
LATAM|public_figure|rubén sotoconil,¿En qué lugar nació Rubén Sotoconil?,False
LATAM|public_figure|rubén sotoconil,¿Qué ocupaciones tuvo Rubén Sotoconil y en qué generación se le asocia?,False
LATAM|public_figure|rodolfo opazo,¿Cuál es el nombre completo de Rodolfo Opazo?,False
LATAM|public_figure|rodolfo opazo,¿En qué año comenzó Rodolfo Opazo su producción artística?,False
LATAM|public_figure|rodolfo opazo,¿Qué cargo ocupó Rodolfo Opazo en la Facultad de Artes de la Universidad de Chile y en qué año fue nombrado profesor titular?,True
LATAM|public_figure|ricardo santander,¿Dónde nació Ricardo Santander?,False
LATAM|public_figure|ricardo santander,¿En qué año se tituló Ricardo Santander en Composición?,False
LATAM|public_figure|ricardo santander,"¿Qué beca obtuvo Ricardo Santander para estudiar orquestación y música de cine, y en qué ciudad la realizó?",False
LATAM|public_figure|tom urrejola díaz,¿Dónde nació Tom Urrejola Díaz?,False
LATAM|public_figure|tom urrejola díaz,¿Qué profesión tuvo Tom Urrejola Díaz además de cantante?,False
LATAM|public_figure|tom urrejola díaz,¿En qué año tuvo Tom Urrejola Díaz un infarto del corazón y qué impacto tuvo en su carrera musical?,False
LATAM|public_figure|sergio vuskovic,¿En qué año se tituló Sergio Vuskovic?,False
LATAM|public_figure|sergio vuskovic,¿Quién nombró a Sergio Vuskovic como alcalde de Valparaíso?,False
LATAM|public_figure|sergio vuskovic,¿En qué instituciones se desempeñó Sergio Vuskovic como profesor durante su exilio en Italia?,False
LATAM|public_figure|ricardo yrarrázaval,¿Quién es Ricardo Yrarrázaval?,False
LATAM|public_figure|ricardo yrarrázaval,¿En qué año recibió Ricardo Yrarrázaval una beca de la Fundación Guggenheim?,False
LATAM|public_figure|ricardo yrarrázaval,¿Qué características tienen los personajes en las obras de Ricardo Yrarrázaval y en qué estilo evolucionó su pintura en la década de 1970?,False
LATAM|public_figure|sofía von ellrichshausen,¿Quién es Sofía von Ellrichshausen?,False
LATAM|public_figure|sofía von ellrichshausen,¿En qué universidad obtuvo Sofía von Ellrichshausen su licenciatura en arquitectura?,False
LATAM|public_figure|sofía von ellrichshausen,¿Qué premio recibió Sofía von Ellrichshausen en 2014 y por qué obra?,True
LATAM|public_figure|gaby vallejo canedo,¿Dónde nació Gaby Vallejo Canedo?,False
LATAM|public_figure|gaby vallejo canedo,¿Cuántas obras publicó Gaby Vallejo Canedo hasta 2018?,False
LATAM|public_figure|gaby vallejo canedo,¿Qué reconocimiento recibió Gaby Vallejo Canedo por parte de la Gobernación de Cochabamba tras su fallecimiento?,True
LATAM|public_figure|unit (banda),¿Qué tipo de banda fue Unit?,False
LATAM|public_figure|unit (banda),¿En qué año se inició la banda Unit?,False
LATAM|public_figure|unit (banda),¿Cuál fue el álbum que logró el punto más alto de la banda Unit y en qué año fue editado?,False
LATAM|public_figure|ximena cristi,¿Cuál es el nombre completo de Ximena Cristi?,False
LATAM|public_figure|ximena cristi,¿En qué institución estudió Ximena Cristi?,False
LATAM|public_figure|ximena cristi,¿Qué grupos artísticos formó Ximena Cristi y qué características compartían?,True
LATAM|public_figure|ventiscka,¿Qué es Ventiscka?,False
LATAM|public_figure|ventiscka,¿En qué año fue fundado Ventiscka?,False
LATAM|public_figure|ventiscka,"¿Con quién colaboró Ventiscka en las obras musicales ""Venceremos - Hommage à Salvatore Allende"" y ""Pisagua""?",False
LATAM|public_figure|waldo rojas,¿Cuál es el nombre completo de Waldo Rojas?,False
LATAM|public_figure|waldo rojas,¿En qué año publicó Waldo Rojas su primer libro?,False
LATAM|public_figure|waldo rojas,¿Qué evento obligó a Waldo Rojas a exiliarse y en qué país vive actualmente?,False
LATAM|public_figure|voces morenas,¿Qué tipo de grupo es Voces Morenas?,False
LATAM|public_figure|voces morenas,¿Quién es la directora de Voces Morenas en el año 2023?,False
LATAM|public_figure|voces morenas,¿Cuáles son dos de los objetivos de Voces Morenas y quiénes son sus directores musicales en 2023?,False
LATAM|public_figure|óscar contardo,¿Quién es Óscar Contardo?,False
LATAM|public_figure|óscar contardo,¿En qué universidad estudió Óscar Contardo?,False
LATAM|public_figure|óscar contardo,¿Qué libro de Óscar Contardo trata sobre el fenómeno del clasismo y arribismo en Chile y cuántas copias vendió?,False
LATAM|tradition|Abelardo Vásquez,¿Cuándo nació Abelardo Vásquez?,False
LATAM|tradition|Abelardo Vásquez,¿Con quién estuvo casado Abelardo Vásquez?,False
LATAM|tradition|Abelardo Vásquez,¿Qué agrupación invitó a Abelardo Vásquez a formar parte y qué relación tenía con Nicomedes Santa Cruz?,False
LATAM|public_figure|ricardo astorga,¿Cuál es el nombre completo de Ricardo Astorga?,False
LATAM|public_figure|ricardo astorga,¿En qué año comenzó Ricardo Astorga a trabajar en TVN?,False
LATAM|public_figure|ricardo astorga,¿Qué programas culturales creó Ricardo Astorga durante su carrera en TVN y con quién viajó en el programa La Ruta?,False
LATAM|tradition|Adolfo Riestra,¿Quién fue Adolfo Riestra?,False
LATAM|tradition|Adolfo Riestra,¿En qué año realizó Adolfo Riestra su primera muestra individual?,False
LATAM|tradition|Adolfo Riestra,¿Qué término se utiliza para identificar la producción plástica de Adolfo Riestra y qué características culturales abarca?,False
LATAM|tradition|Adilia Castillo,¿Dónde nació Adilia Castillo?,False
LATAM|tradition|Adilia Castillo,¿Cuántas canciones compuso Adilia Castillo?,False
LATAM|tradition|Adilia Castillo,¿Qué apodos se le conocen a Adilia Castillo y en qué contexto se destacó como artista?,False
LATAM|tradition|Acústico en Suiza,"¿Qué es ""Acústico en Suiza""?",True
LATAM|tradition|Acústico en Suiza,"¿En qué año se realizó la presentación acústica que corresponde a ""Acústico en Suiza""?",False
LATAM|tradition|Acústico en Suiza,"¿Quién realizó la restauración y remasterización del álbum ""Acústico en Suiza"" y en qué año fue publicado oficialmente?",False
LATAM|public_figure|álvaro henríquez,¿Dónde nació Álvaro Henríquez?,False
LATAM|public_figure|álvaro henríquez,¿A qué edad tuvo su inicio en la música Álvaro Henríquez?,False
LATAM|public_figure|álvaro henríquez,"¿Cuál fue el primer disco lanzado por Los Tres, la banda liderada por Álvaro Henríquez?",True
LATAM|tradition|Amaru Aranway,¿Qué son los Amaru Aranway?,False
LATAM|tradition|Amaru Aranway,¿En qué folclore forman parte los Amaru Aranway?,False
LATAM|tradition|Amaru Aranway,¿Qué explican los Amaru Aranway en relación con el Valle del Mantaro?,False
LATAM|tradition|Augusto Bracca,¿Quién fue Augusto Bracca?,False
LATAM|tradition|Augusto Bracca,¿Qué canción famosa compuso Augusto Bracca que fue interpretada por José Catire Carpio?,True
LATAM|tradition|Augusto Bracca,¿Qué relación tuvo Augusto Bracca con Cándido Herrera y qué impacto tuvo en su carrera musical?,False
LATAM|public_figure|ruth krauskopf,¿Quién es Ruth Krauskopf?,False
LATAM|public_figure|ruth krauskopf,¿En qué año se trasladó Ruth Krauskopf a vivir a Venezuela?,False
LATAM|public_figure|ruth krauskopf,¿Qué obra importante editó Ruth Krauskopf en 2005 y quién presentó el libro?,True
LATAM|tradition|Amelia Abascal,¿Cuál es el nombre completo de Amelia Abascal?,False
LATAM|tradition|Amelia Abascal,¿En qué año se exilió Amelia Abascal a México?,False
LATAM|tradition|Amelia Abascal,¿Qué técnica utilizó Amelia Abascal en su trabajo con láminas de bronce y cobre?,False
LATAM|tradition|Chaquen,¿Qué es Chaquen en la mitología muisca?,True
LATAM|tradition|Chaquen,¿Qué responsabilidad se le atribuye a Chaquen en la organización de los poblados?,False
LATAM|tradition|Chaquen,¿Cómo se relaciona Chaquen con el delito de adulterio y qué papel juega en la justicia de los fugitivos?,False
LATAM|tradition|Bernardo Rubin,¿Quién fue Bernardo Rubin?,False
LATAM|tradition|Bernardo Rubin,¿En qué año fundó Bernardo Rubin el grupo Los Trovadores del Norte?,True
LATAM|tradition|Bernardo Rubin,¿Qué premio obtuvo Bernardo Rubin en el Festival de Cosquín y en qué año?,True
LATAM|tradition|Cristo del Jubileo,¿Qué es el Cristo del Jubileo?,False
LATAM|tradition|Cristo del Jubileo,¿Quién elaboró el Cristo del Jubileo?,False
LATAM|tradition|Cristo del Jubileo,¿En qué año fue restaurado el Cristo del Jubileo y qué material se descubrió que se utilizó en su elaboración?,False
LATAM|tradition|Corita,¿Qué es la corita?,False
LATAM|tradition|Corita,¿De qué material se elabora la corita?,False
LATAM|tradition|Corita,¿Qué procesos se utilizan para teñir la corita y qué colores se obtienen de cada material?,True
LATAM|tradition|Balam,"¿Qué significa la palabra ""Balam"" en lengua maya?",False
LATAM|tradition|Balam,¿Cómo se les llama a los Balames que protegen los pueblos?,False
LATAM|tradition|Balam,¿Qué se les ofrecía a los Balames antes de empezar la siembra y qué función tienen en la protección de los campos?,False
LATAM|tradition|Dionisio Díaz,¿Dónde nació Dionisio Díaz?,False
LATAM|tradition|Dionisio Díaz,¿Qué fecha nació Dionisio Díaz?,False
LATAM|tradition|Dionisio Díaz,¿Qué monumento se inauguró en 1953 en homenaje a Dionisio Díaz y quién lo realizó?,False
LATAM|tradition|Chabuca Granda,¿Cuál es el nombre completo de Chabuca Granda?,False
LATAM|tradition|Chabuca Granda,¿En qué fecha nació Chabuca Granda?,False
LATAM|tradition|Chabuca Granda,¿Qué condecoración recibió Chabuca Granda a título póstumo y en qué año?,True
LATAM|tradition|Día de San Nicolás,¿Cuándo se festeja el Día de San Nicolás?,False
LATAM|tradition|Día de San Nicolás,¿En qué país es conocido el Día de San Nicolás como Nikolaustag?,False
LATAM|tradition|Día de San Nicolás,¿Qué relación tiene el Día de San Nicolás con la tradición de entronizar a un obispo-niño en algunas catedrales de Inglaterra?,False
LATAM|tradition|Edén Muñoz,¿Cuál es el nombre completo de Edén Muñoz?,False
LATAM|tradition|Edén Muñoz,¿Qué género musical interpreta Edén Muñoz?,False
LATAM|tradition|Edén Muñoz,¿Cuántos premios SESAC ha ganado Edén Muñoz y qué grupo musical cofundó?,False
LATAM|tradition|De Ushuaia a La Quiaca,"¿Qué es ""De Ushuaia a La Quiaca""?",False
LATAM|tradition|De Ushuaia a La Quiaca,"¿Cuántos discos incluye ""De Ushuaia a La Quiaca""?",False
LATAM|tradition|De Ushuaia a La Quiaca,"¿Quiénes fueron los autores del libro ""De Ushuaia a La Quiaca"" y qué tipo de contenido incluye?",False
LATAM|tradition|Apolinar Hernández Balcazar,¿Quién es Apolinar Hernández Balcazar?,False
LATAM|tradition|Apolinar Hernández Balcazar,¿Qué técnica utiliza Apolinar Hernández Balcazar para trabajar las fibras que usa en su cestería?,False
LATAM|tradition|Apolinar Hernández Balcazar,¿Qué premios ha ganado Apolinar Hernández Balcazar y en qué años recibió reconocimientos significativos?,False
LATAM|tradition|Emilio Chamorro,¿En qué año nació Emilio Chamorro?,False
LATAM|tradition|Emilio Chamorro,¿Cuál fue el nombre del conjunto que Emilio Chamorro formó en 1931?,True
LATAM|tradition|Emilio Chamorro,"¿Qué importancia tuvo La Ranchada, establecido por Emilio Chamorro entre 1944 y 1945, en la difusión del chamamé?",False
LATAM|tradition|Esther Alzaibar,¿Dónde nació Esther Alzaibar?,False
LATAM|tradition|Esther Alzaibar,¿En qué periodo fue profesora de cerámica en el Instituto Neumann?,False
LATAM|tradition|Esther Alzaibar,¿Qué asociación fundó Esther Alzaibar y cuál fue su contribución al arte de la cerámica en Venezuela?,False
LATAM|tradition|Efraín Morote Best,¿Dónde nació Efraín Morote Best?,False
LATAM|tradition|Efraín Morote Best,¿Qué grado académico obtuvo Efraín Morote Best en la Universidad de San Antonio Abad?,False
LATAM|tradition|Efraín Morote Best,¿Qué papel desempeñó Efraín Morote Best en la Sociedad Peruana de Folklore y qué labor realizó en el país?,False
LATAM|tradition|Esmaltado de la plata,¿Qué es el esmaltado de la plata?,False
LATAM|tradition|Esmaltado de la plata,¿En qué época se desarrolló el esmaltado de la plata?,False
LATAM|tradition|Esmaltado de la plata,¿Qué técnica europea se utilizó desde la Edad Media y se sigue utilizando en el Perú para colorear la plata?,False
LATAM|tradition|Danzas del Perú,¿Qué son las danzas del Perú?,False
LATAM|tradition|Danzas del Perú,¿Qué tipo de danzas son las que se ejecutan durante la fiesta de las chicharras carnavalescas?,False
LATAM|tradition|Danzas del Perú,¿Qué danzas forman parte de la Festividad de la Virgen de La Candelaria y han sido declaradas Patrimonio Cultural de la Nación por el Ministerio de Cultura?,True
LATAM|tradition|Festival de Arte Negro,¿Cuál es el festival más antiguo de danzas afroperuanas?,False
LATAM|tradition|Festival de Arte Negro,¿En qué mes se celebra el Festival de Arte Negro?,False
LATAM|tradition|Festival de Arte Negro,¿Qué evento se desarrolló en el Festival de Arte Negro y es considerado el concurso de festejo femenino más antiguo del Perú?,False
LATAM|tradition|Facundo Saravia,¿Dónde nació Facundo Saravia?,False
LATAM|tradition|Facundo Saravia,¿Qué carrera estudió Facundo Saravia en la Universidad Católica Argentina?,False
LATAM|tradition|Facundo Saravia,¿Qué grupo musical formó Facundo Saravia junto a sus hermanos y un amigo antes de unirse a Los Chalchaleros?,True
LATAM|tradition|Gastronomía de Honduras,¿Qué tipo de cocina es la gastronomía de Honduras?,False
LATAM|tradition|Gastronomía de Honduras,¿Qué ingredientes dominan la gastronomía de Honduras?,False
LATAM|tradition|Gastronomía de Honduras,¿Cuál es el origen histórico de la gastronomía de Honduras y qué cultivo autóctono forma parte de su base alimentaria?,False
LATAM|tradition|Jaime Roos,¿Quién es Jaime Roos?,False
LATAM|tradition|Jaime Roos,¿Qué tema famoso grabó Jaime Roos que hace referencia a su barrio natal?,True
LATAM|tradition|Jaime Roos,¿Qué grupo musical integró Jaime Roos antes de su carrera como solista y qué instrumento tocaba en él?,False
LATAM|tradition|Festival Iberoamericano de Teatro de Bogotá,¿Qué es el Festival Iberoamericano de Teatro de Bogotá?,False
LATAM|tradition|Festival Iberoamericano de Teatro de Bogotá,¿Quiénes fueron los creadores del Festival Iberoamericano de Teatro de Bogotá?,False
LATAM|tradition|Festival Iberoamericano de Teatro de Bogotá,¿En qué año se realizó la primera versión del Festival Iberoamericano de Teatro de Bogotá y cuántos años cumplió en 2010?,False
LATAM|tradition|Fémina (grupo musical),¿Qué tipo de grupo musical es Fémina?,False
LATAM|tradition|Fémina (grupo musical),¿Quiénes fueron las creadoras de la agrupación Fémina?,False
LATAM|tradition|Fémina (grupo musical),¿Qué temáticas incorpora la música de Fémina y quiénes son algunas de sus influencias?,False
LATAM|tradition|Josefina Peña,¿Quién fue Josefina Peña?,False
LATAM|tradition|Josefina Peña,¿En qué país hizo carrera Josefina Peña?,False
LATAM|tradition|Josefina Peña,¿Qué obra protagonizó Josefina Peña en 1933 y en qué emisora se transmitió?,True
LATAM|tradition|Festival Internacional de Teatro Universitario (FITU),¿Qué es el Festival Internacional de Teatro Universitario (FITU)?,False
LATAM|tradition|Festival Internacional de Teatro Universitario (FITU),¿En qué año se convirtió el FITU en un festival de carácter internacional?,False
LATAM|tradition|Festival Internacional de Teatro Universitario (FITU),¿Qué tipo de actividades abarca el Festival Internacional de Teatro Universitario (FITU) y dónde se lleva a cabo?,False
LATAM|tradition|Juan de Nava,¿En qué año nació Juan de Nava?,False
LATAM|tradition|Juan de Nava,¿Qué enfrentamiento famoso tuvo Juan de Nava y con quién?,False
LATAM|tradition|Juan de Nava,¿Cuál es la importancia del enfrentamiento de Juan de Nava con Gabino Ezeiza en la historia del payadorismo en Uruguay?,False
LATAM|tradition|Laura Ros,¿Dónde nació Laura Ros?,False
LATAM|tradition|Laura Ros,¿Qué disco presentó Laura Ros en junio de 2016?,True
LATAM|tradition|Laura Ros,¿Qué reconocimiento recibió Laura Ros en 2010 y quiénes son sus abuelos?,False
LATAM|tradition|Juan Fuentes (músico),¿Dónde nació Juan Fuentes?,False
LATAM|tradition|Juan Fuentes (músico),¿Qué grupo musical formó Juan Fuentes en 1995?,True
LATAM|tradition|Juan Fuentes (músico),¿Qué premios obtuvo Juan Fuentes con el grupo Los Huayra y en qué año ganó el premio consagración en el Festival de Cosquín?,False
LATAM|tradition|Monumento al Tamboril,¿Dónde se ubica el Monumento al Tamboril?,False
LATAM|tradition|Monumento al Tamboril,¿Qué representa el Monumento al Tamboril?,False
LATAM|tradition|Monumento al Tamboril,¿Qué evento cultural comienza su recorrido en el Monumento al Tamboril cada febrero desde 1990?,False
LATAM|tradition|Leyenda de los volcanes,¿Qué es la leyenda de los volcanes?,False
LATAM|tradition|Leyenda de los volcanes,¿Qué busca dar explicación la leyenda de los volcanes?,False
LATAM|tradition|Leyenda de los volcanes,¿Qué relación tiene la leyenda de los volcanes con la mitología mexica y qué describe sobre Iztaccíhuatl?,False
LATAM|tradition|Nenette Pepin Fitzpatrick,¿Cuál es el apodo de Antonietta Paule Pepin Fitzpatrick?,False
LATAM|tradition|Nenette Pepin Fitzpatrick,¿Qué seudónimo utilizó Nenette Pepin Fitzpatrick para firmar sus composiciones?,False
LATAM|tradition|Nenette Pepin Fitzpatrick,¿Qué relación tuvo Nenette Pepin Fitzpatrick con el cantautor argentino Atahualpa Yupanqui y qué impacto tuvo en su carrera musical?,False
LATAM|tradition|Loquita mía,"¿Qué es ""Loquita mía""?",True
LATAM|tradition|Loquita mía,"¿En qué año fue publicada ""Loquita mía""?",False
LATAM|tradition|Loquita mía,"¿Cómo está dividida ""Loquita mía"" y cuáles son sus partes?",False
LATAM|tradition|Pirámide de la Serpiente Emplumada,¿Qué es la pirámide de la Serpiente Emplumada?,False
LATAM|tradition|Pirámide de la Serpiente Emplumada,¿Qué deidad está representada en la fachada de la pirámide de la Serpiente Emplumada?,True
LATAM|tradition|Pirámide de la Serpiente Emplumada,¿Qué sugiere el descubrimiento de más de doscientas personas enterradas en los cimientos de la pirámide de la Serpiente Emplumada?,False
LATAM|tradition|Raly Barrionuevo,¿Quién es Raly Barrionuevo?,False
LATAM|tradition|Raly Barrionuevo,¿Qué tipo de música representa Raly Barrionuevo?,False
LATAM|tradition|Raly Barrionuevo,¿Qué reconocimiento obtuvo Raly Barrionuevo en el Festival Nacional del Folclore en Cosquín?,False
LATAM|tradition|Los futuros murguistas,"¿Qué es ""Los futuros murguistas""?",True
LATAM|tradition|Los futuros murguistas,"¿En qué año fue editada la canción ""Los futuros murguistas""?",False
LATAM|tradition|Los futuros murguistas,"¿Qué hace referencia la letra de ""Los futuros murguistas"" y en qué contexto fue compuesta?",False
LATAM|tradition|Micaela Chauque,¿Quién es Micaela Chauque?,False
LATAM|tradition|Micaela Chauque,¿Qué instrumentos de viento andinos ejecuta Micaela Chauque?,False
LATAM|tradition|Micaela Chauque,"¿Cuál es el significado cultural de la Banda de Sikuris de Mujeres María Rosa Mística de Tilcara, formada por Micaela Chauque?",False
LATAM|tradition|Rosalinda Cauich Ramírez,¿Quién es Rosalinda Cauich Ramírez?,False
LATAM|tradition|Rosalinda Cauich Ramírez,¿Qué planta utiliza principalmente Rosalinda Cauich Ramírez para tejer sus canastas?,False
LATAM|tradition|Rosalinda Cauich Ramírez,¿Qué reconocimiento recibió Rosalinda Cauich Ramírez en 2011 y por qué?,False
LATAM|tradition|Lorenzo Barcelata,¿Cuál fue la primera canción que escribió Lorenzo Barcelata?,False
LATAM|tradition|Lorenzo Barcelata,¿Qué cuarteto formó Lorenzo Barcelata junto con Ernesto Cortázar y Alberto Caballero?,False
LATAM|tradition|Lorenzo Barcelata,¿Qué canción compuso Lorenzo Barcelata que fue adoptada como himno dentro de los actos políticos del Congreso Nacional Campesino?,True
LATAM|tradition|Serpiente Emplumada,¿Qué es la Serpiente Emplumada?,False
LATAM|tradition|Serpiente Emplumada,¿Cuál es el nombre personal de la Serpiente Emplumada en la cultura mixteca?,True
LATAM|tradition|Serpiente Emplumada,¿Qué relación tiene la Serpiente Emplumada con el dios de la lluvia en Teotihuacán?,True
LATAM|tradition|Raúl Ybarnegaray,¿Quién es Raúl Ybarnegaray?,False
LATAM|tradition|Raúl Ybarnegaray,¿Qué profesión estudió Raúl Ybarnegaray antes de dedicarse a la música?,True
LATAM|tradition|Raúl Ybarnegaray,¿Qué tipo de música interpreta Raúl Ybarnegaray y qué características tiene?,False
LATAM|tradition|San Borja del Yí,¿Qué población fue el último grupo poblacional guaraní misionero del Río de la Plata?,False
LATAM|tradition|San Borja del Yí,¿En qué año fue desmantelada la población de San Borja del Yí?,False
LATAM|tradition|San Borja del Yí,¿Qué evento histórico llevó a la llegada de los guaraníes misioneros a San Borja del Yí en 1833?,False
LATAM|tradition|Yohana Vaca,¿Quién es Yohana Vaca?,False
LATAM|tradition|Yohana Vaca,¿Qué título obtuvo Yohana Vaca en el certamen Miss Bolivia 2011?,False
LATAM|tradition|Yohana Vaca,¿Qué organización creó Yohana Vaca en 2014 y a qué partido político está afiliada?,True
LATAM|tradition|Yohualtecuhtli,¿Quién es Yohualtecuhtli?,False
LATAM|tradition|Yohualtecuhtli,¿Qué aspecto de la vida humana protegía Yohualtecuhtli?,False
LATAM|tradition|Yohualtecuhtli,¿Cómo se relaciona Yohualtecuhtli con el Cinturón de Orión en la cosmovisión mesoamericana?,True
LATAM|tradition|Rudy Chernicoff,¿Quién es Rudy Chernicoff?,False
LATAM|tradition|Rudy Chernicoff,¿Qué tipo de profesiones ha desempeñado Rudy Chernicoff?,False
LATAM|tradition|Rudy Chernicoff,¿Qué premios ha recibido Rudy Chernicoff a lo largo de su carrera y en qué años?,True
LATAM|tradition|Tlen Huicani,"¿Qué significa el nombre ""Tlen-Huicani"" en náhuatl?",False
LATAM|tradition|Tlen Huicani,¿En qué año se fundó el grupo de música folclórica Tlen-Huicani?,False
LATAM|tradition|Tlen Huicani,¿Qué actividades realiza Tlen-Huicani en colaboración con la Universidad Veracruzana?,False
LATAM|tradition|Tamborita (Bolivia),¿Qué es la tamborita?,False
LATAM|tradition|Tamborita (Bolivia),¿Qué instrumentos componen usualmente un ensamble de tamborita?,False
LATAM|tradition|Tamborita (Bolivia),¿Cuál es el repertorio musical que abarca la tamborita y qué significados culturales puede tener en Bolivia?,False
LATAM|tradition|amo jesús de timbío,¿Qué es el Amo Jesús de Timbío?,False
LATAM|tradition|amo jesús de timbío,¿Dónde es venerada la imagen del Amo Jesús de Timbío?,False
LATAM|tradition|amo jesús de timbío,¿Cuál es la relación del Amo Jesús de Timbío con el pasaje bíblico del evangelio de Juan (19:5) y qué evento reciente se realizó en su honor?,False
LATAM|tradition|Yuyo Montes,¿Quién fue Yuyo Montes?,False
LATAM|tradition|Yuyo Montes,¿Qué tipo de música se caracteriza por las composiciones de Yuyo Montes?,False
LATAM|tradition|Yuyo Montes,¿Qué impacto tuvo Yuyo Montes en la música folklórica argentina y qué artistas interpretaron sus canciones?,False
LATAM|tradition|carnaval en uruguay,¿Qué es el Carnaval en la cultura popular de Uruguay?,False
LATAM|tradition|carnaval en uruguay,¿Cuándo se realiza el Carnaval en Uruguay?,False
LATAM|tradition|carnaval en uruguay,¿Qué categoría se incluyó en el concurso oficial del Carnaval en Uruguay en 1934?,False
LATAM|tradition|carnaval de cajamarca,¿Qué es el Carnaval de Cajamarca?,False
LATAM|tradition|carnaval de cajamarca,¿En qué fecha se celebra el Carnaval de Cajamarca?,False
LATAM|tradition|carnaval de cajamarca,¿Qué personaje venerado se asocia con el Carnaval de Cajamarca y qué evento se realiza en su honor?,True
LATAM|tradition|Tinya palla,¿Qué es la tinya palla?,True
LATAM|tradition|Tinya palla,¿Cuáles son las etapas en las que se desarrolla la danza de la tinya palla?,False
LATAM|tradition|Tinya palla,¿Qué evento histórico se representa en la danza de la tinya palla y qué castigo impone el Dios Kon?,True
LATAM|tradition|cueva del pirata,¿Qué tipo de lugar es la Cueva del Pirata?,False
LATAM|tradition|cueva del pirata,¿Dónde se ubica la Cueva del Pirata?,False
LATAM|tradition|cueva del pirata,¿Con qué pirata se asocia la Cueva del Pirata y qué se dice que dejó en ella?,True
LATAM|tradition|atol shuco,¿Qué es el atol shuco?,False
LATAM|tradition|atol shuco,¿Qué ingredientes componen el atol shuco?,False
LATAM|tradition|atol shuco,¿Cuál es el origen cultural del atol shuco y con qué poblaciones está asociado?,False
LATAM|tradition|discurso de navidad de 1942 de pío xii,¿Quién pronunció el Discurso de Navidad de 1942?,False
LATAM|tradition|discurso de navidad de 1942 de pío xii,¿En qué fecha se pronunció el Discurso de Navidad de 1942?,False
LATAM|tradition|discurso de navidad de 1942 de pío xii,¿Por qué fue considerado el Discurso de Navidad de 1942 significativo en el contexto de la Segunda Guerra Mundial?,False
LATAM|tradition|cíclope de la selva misquita,¿Qué es el cíclope de la selva Misquita?,False
LATAM|tradition|cíclope de la selva misquita,¿Cómo es descrito el cíclope de la selva Misquita?,False
LATAM|tradition|cíclope de la selva misquita,¿En qué libro se menciona al cíclope de la selva Misquita y quién lo recopiló?,True
LATAM|tradition|cíclope de la selva misquita,¿En qué contexto histórico comenzó a ganar popularidad el mito del cíclope de la selva Misquita?,False
LATAM|tradition|carlos montbrun ocampo,¿En qué provincia nació Carlos Montbrun Ocampo?,False
LATAM|tradition|carlos montbrun ocampo,¿Qué programa de música folklórica tuvo Carlos Montbrun Ocampo en Radio Splendid?,True
LATAM|tradition|carlos montbrun ocampo,¿Qué relación tiene Carlos Montbrun Ocampo con la música de Cuyo y qué canciones populares compuso?,False
LATAM|tradition|eduardo lagos,¿Quién fue Eduardo Lagos en la industria del entretenimiento argentino?,False
LATAM|tradition|eduardo lagos,¿Qué álbum influyente participó Eduardo Lagos en 1969?,True
LATAM|tradition|eduardo lagos,¿Qué reconocimiento recibió Eduardo Lagos en 2005 por su aporte a la música popular argentina?,True
LATAM|tradition|día de la unidad nacional (chile),¿Qué fue el Día de la Unidad Nacional en Chile?,False
LATAM|tradition|día de la unidad nacional (chile),¿Cuándo se observó el Día de la Unidad Nacional en Chile?,False
LATAM|tradition|día de la unidad nacional (chile),¿Cuál era el objetivo del Día de la Unidad Nacional y quiénes estuvieron involucrados en su creación?,False
LATAM|tradition|el caballito (tradición petenera),¿Qué es el caballito en la tradición petenera?,False
LATAM|tradition|el caballito (tradición petenera),¿En qué tipo de eventos se realiza el baile del caballito?,False
LATAM|tradition|el caballito (tradición petenera),¿Cuál es el origen del baile del caballito y quién lo documentó en 1994?,False
LATAM|tradition|elena montoya,¿Cuál es el nombre completo de Elena Montoya?,False
LATAM|tradition|elena montoya,¿En qué año inició su carrera musical Elena Montoya?,False
LATAM|tradition|elena montoya,¿Qué reconocimiento recibió Elena Montoya por su actividad musical y quién se lo otorgó?,True
LATAM|tradition|carnaval de huejotzingo,¿Qué es el Carnaval de Huejotzingo?,False
LATAM|tradition|carnaval de huejotzingo,¿En qué ciudad se celebra el Carnaval de Huejotzingo?,False
LATAM|tradition|carnaval de huejotzingo,¿Desde qué año se celebra el Carnaval de Huejotzingo y cuántos tipos de batallones se componen en esta festividad?,False
LATAM|tradition|desfile de llamadas,¿Qué es el Desfile de Llamadas?,False
LATAM|tradition|desfile de llamadas,¿Cuándo se realiza el Desfile de Llamadas?,False
LATAM|tradition|desfile de llamadas,¿Qué elementos debe incluir una comparsa que participa en el Desfile de Llamadas?,False
LATAM|tradition|feria taurina de la macarena,¿Qué es la Feria Taurina de La Macarena?,False
LATAM|tradition|feria taurina de la macarena,¿En qué lugar se celebra la Feria Taurina de La Macarena?,False
LATAM|tradition|feria taurina de la macarena,¿Quién organiza la Feria Taurina de La Macarena y en qué periodo se realiza?,False
LATAM|tradition|festival internacional de cine del norte de chile,¿Cómo se llama el festival internacional de cine realizado anualmente en la ciudad de Antofagasta?,False
LATAM|tradition|festival internacional de cine del norte de chile,¿Qué galardón reciben los ganadores de la Competencia del Norte en el Festival Internacional de Cine del Norte de Chile?,False
LATAM|tradition|festival internacional de cine del norte de chile,¿Quién fue la cineasta que impulsó el Festival Internacional de Cine del Norte de Chile y qué sucedió con la organización del festival tras su fallecimiento?,False
LATAM|tradition|festival internacional de teatro de mosquera,¿Qué es el Festival Internacional de Teatro de Mosquera?,False
LATAM|tradition|festival internacional de teatro de mosquera,¿Cuántas funciones y artistas participaron en la primera versión del Festival Internacional de Teatro de Mosquera?,False
LATAM|tradition|festival internacional de teatro de mosquera,¿Qué país fue invitado de honor en la primera versión del Festival Internacional de Teatro de Mosquera y cuántas funciones se presentaron en total?,False
LATAM|tradition|elumbé,¿Qué es Elumbé?,False
LATAM|tradition|elumbé,¿En qué barrio de Uruguay es originaria la comparsa Elumbé?,False
LATAM|tradition|elumbé,¿Cuántas veces ha ganado Elumbé el Desfile de llamadas y en qué años?,False
LATAM|tradition|elumbé,¿Cuántas veces ha ganado Elumbé el Desfile de llamadas y en qué años lo hizo?,False
LATAM|tradition|fiesta nacional del sábalo,¿En qué mes se realiza generalmente la Fiesta Nacional del Sábalo?,False
LATAM|tradition|fiesta nacional del sábalo,¿Qué tipo de fines tiene la Fiesta Nacional del Sábalo?,False
LATAM|tradition|fiesta nacional del sábalo,¿Qué ediciones de la Fiesta Nacional del Sábalo fueron declaradas de interés nacional y por quién?,False
LATAM|tradition|feria del alfeñique,¿Qué es la Feria del Alfeñique?,False
LATAM|tradition|feria del alfeñique,¿Cuándo comienza la Feria del Alfeñique?,False
LATAM|tradition|feria del alfeñique,¿Qué instituciones están involucradas en la preparación de la Feria del Alfeñique?,False
LATAM|tradition|fiesta de santa vera cruz en cochabamba,¿Qué día se celebra la Fiesta de Santa Vera Cruz en Cochabamba?,False
LATAM|tradition|fiesta de santa vera cruz en cochabamba,¿Qué tipo de ofrendas incluyen los devotos durante la Fiesta de Santa Vera Cruz?,False
LATAM|tradition|fiesta de santa vera cruz en cochabamba,¿Qué figura se asocia simbólicamente con el nombre de Tatala en la Fiesta de Santa Vera Cruz y qué significado tiene?,False
LATAM|tradition|fiesta nacional del chamamé,¿Qué es la Fiesta Nacional del Chamamé?,False
LATAM|tradition|fiesta nacional del chamamé,¿Dónde se realizan las jornadas de música y danza de la Fiesta Nacional del Chamamé?,False
LATAM|tradition|fiesta nacional del chamamé,¿Qué conmemoración se celebra en la Fiesta Nacional del Chamamé en el año 2025 y qué lema se utilizará en la edición de 2026?,False
LATAM|tradition|fiesta patronal de la virgen purísima de pampas,¿Qué es la Fiesta Patronal de la Virgen Purísima de Pampas?,False
LATAM|tradition|fiesta patronal de la virgen purísima de pampas,¿Cuándo se realiza la Fiesta Patronal de la Virgen Purísima de Pampas?,False
LATAM|tradition|fiesta patronal de la virgen purísima de pampas,¿Qué hecho histórico se recuerda cada 20 de enero durante la Fiesta Patronal de la Virgen Purísima de Pampas?,False
LATAM|tradition|fiesta nacional de la leche,¿Qué es la Fiesta Nacional de la Leche?,False
LATAM|tradition|fiesta nacional de la leche,¿Cuándo se celebra la Fiesta Nacional de la Leche?,False
LATAM|tradition|fiesta nacional de la leche,¿Qué entidad fue designada como organizadora de la Fiesta Nacional de la Leche y en qué año fue declarada nacional?,False
LATAM|tradition|fiesta provincial del sol (romang),¿Qué es la Fiesta Provincial del Sol?,False
LATAM|tradition|fiesta provincial del sol (romang),¿Cuándo se celebra la Fiesta Provincial del Sol?,False
LATAM|tradition|fiesta provincial del sol (romang),¿Cuál es el impacto cultural de la Fiesta Provincial del Sol en la ciudad de Romang?,False
LATAM|tradition|grito de dolores,¿Qué acto dio inicio a la guerra de Independencia de México?,False
LATAM|tradition|grito de dolores,¿A qué hora se dio el Grito de Dolores?,False
LATAM|tradition|grito de dolores,¿Qué se considera el Grito de Dolores en el contexto de la historia de México y cuándo se declaró el 16 de septiembre como día de fiesta nacional?,False
LATAM|tradition|folclore de antioquia,¿Qué es el folclore de Antioquia?,False
LATAM|tradition|folclore de antioquia,¿En qué se expresa el folclore de Antioquia?,False
LATAM|tradition|folclore de antioquia,¿Qué personajes típicos se asocian al folclore de Antioquia y qué características culturales representan?,False
LATAM|tradition|la tigrada,¿Qué es La Tigrada?,False
LATAM|tradition|la tigrada,¿Cuándo se celebra La Tigrada?,False
LATAM|tradition|la tigrada,¿Cuál es el objetivo principal de La Tigrada y a qué festividad católica se conmemora durante esta celebración?,False
LATAM|tradition|luciel izumi,¿Cuál es el nombre completo de Luciel Izumi?,False
LATAM|tradition|luciel izumi,¿En qué año comenzó Luciel Izumi su carrera musical en festivales intercolegiales?,False
LATAM|tradition|luciel izumi,¿Qué canción lanzó Luciel Izumi en colaboración con otros artistas y qué reconocimiento recibió en los Bolivia Music Awards 2023?,True
LATAM|tradition|helenita vargas,¿Cuál es el nombre completo de Helenita Vargas?,False
LATAM|tradition|helenita vargas,¿En qué año ganó Helenita Vargas su primer Disco de Oro?,False
LATAM|tradition|helenita vargas,¿Qué géneros musicales interpretó Helenita Vargas y cuál fue su apodo?,False
LATAM|tradition|maría mayela padilla monge,¿Dónde nació María Mayela Padilla Monge?,False
LATAM|tradition|maría mayela padilla monge,¿Qué premio obtuvo María Mayela Padilla Monge en 2015?,False
LATAM|tradition|maría mayela padilla monge,¿Qué dos licenciaturas obtuvo María Mayela Padilla Monge y en qué universidad?,True
LATAM|tradition|origen de la cueca,¿Qué es el origen de la cueca?,False
LATAM|tradition|origen de la cueca,¿En qué lugar se desarrolló la cueca?,False
LATAM|tradition|origen de la cueca,¿Qué influencias culturales se consideran en el origen de la cueca según la corriente hispanista?,True
LATAM|tradition|ramón iriarte,¿Cómo se conoce a Ramón Iriarte?,False
LATAM|tradition|ramón iriarte,¿En qué año nació Ramón Iriarte?,False
LATAM|tradition|ramón iriarte,¿Qué conjunto musical fundó Ramón Iriarte y qué tipo de música interpretaba?,True
LATAM|tradition|fiss 1965,¿Qué aspecto tuvo la feria de 1965 debido a la decoración navideña de la capital de la república?,False
LATAM|tradition|fiss 1965,¿Cuántos animales fueron subastados en la Feria de San Sebastián de 1965?,False
LATAM|tradition|fiss 1965,¿Qué evento se realizó el 26 de enero de 1965 en la Feria de San Sebastián y quién fue coronada como soberana?,True
LATAM|tradition|mataniño (gastronomía salvadoreña),¿Qué es el mataniño en la gastronomía salvadoreña?,False
LATAM|tradition|mataniño (gastronomía salvadoreña),¿Con qué ingredientes se elabora el mataniño?,False
LATAM|tradition|mataniño (gastronomía salvadoreña),¿Por qué el mataniño es considerado una opción económica y popular en El Salvador?,False
LATAM|tradition|micomalo,¿Qué es el Micomalo?,False
LATAM|tradition|micomalo,¿Cómo es descrito el Micomalo en el folclor costarricense?,False
LATAM|tradition|micomalo,¿Qué características tiene el Micomalo y qué función moralista se le atribuye en la cultura costarricense?,False
LATAM|tradition|papel picado,¿Qué es el papel picado?,False
LATAM|tradition|papel picado,¿En qué festividades se utiliza el papel picado?,False
LATAM|tradition|papel picado,¿Cuál es el significado del papel picado en el contexto del Día de Muertos y qué representa cada color?,False
LATAM|tradition|iglesia de santo domingo (ciudad de guatemala),¿Qué tipo de templo es la iglesia de Santo Domingo en la Ciudad de Guatemala?,False
LATAM|tradition|iglesia de santo domingo (ciudad de guatemala),¿En qué año fue inaugurada la iglesia de Santo Domingo en la Ciudad de Guatemala?,False
LATAM|tradition|iglesia de santo domingo (ciudad de guatemala),¿Qué materiales se utilizaron para la construcción de la iglesia de Santo Domingo en la Ciudad de Guatemala?,False
LATAM|tradition|iglesia de santo domingo (ciudad de guatemala),¿Qué es la iglesia de Santo Domingo en la Ciudad de Guatemala?,False
LATAM|tradition|pala pala,¿Qué es el pala pala?,False
LATAM|tradition|pala pala,¿Qué animales representan las máscaras que portan los bailarines en el pala pala?,True
LATAM|tradition|pala pala,¿De qué leyenda santiagueña nació el pala pala y quién fue el primero en recibir este baile?,False
LATAM|tradition|wallunk'a,"¿Qué significa ""wallunk'a"" en quechua?",False
LATAM|tradition|wallunk'a,¿Cuándo comienza la celebración de la wallunk'a?,False
LATAM|tradition|wallunk'a,¿Qué simboliza la wallunk'a en relación con los mundos y la fertilidad?,False
LATAM|tradition|rey del acebo,¿Qué es el Rey del Acebo?,False
LATAM|tradition|rey del acebo,¿Durante qué período del año preside el Rey del Acebo?,False
LATAM|tradition|rey del acebo,¿Qué simboliza la lucha entre el Rey del Acebo y el Rey del Roble en la mitología celta?,False
LATAM|tradition|rubén izaurralde,¿Dónde nació Rubén Izaurralde?,False
LATAM|tradition|rubén izaurralde,¿Qué instrumento musical es Rubén Izaurralde?,False
LATAM|tradition|rubén izaurralde,¿Qué agrupación musical formó parte Rubén Izaurralde junto a Peteco Carabajal?,False
LATAM|tradition|tunupa,¿Quién es Tunupa?,False
LATAM|tradition|tunupa,¿Qué poderes se le atribuyen a Tunupa?,False
LATAM|tradition|tunupa,¿Qué relación tiene Tunupa con el pueblo de Yamquesupa según las leyendas?,True
LATAM|tradition|tagetes patula,¿Cuál es el nombre común de Tagetes patula?,False
LATAM|tradition|tagetes patula,¿En qué tipo de suelos puede crecer Tagetes patula?,False
LATAM|tradition|tagetes patula,¿Qué usos culturales y medicinales se le atribuyen a Tagetes patula en las celebraciones del Día de muertos en México?,False
LATAM|tradition|tigo fest,¿Qué es Tigo Fest?,False
LATAM|tradition|tigo fest,¿En qué año se llevó a cabo la primera edición de Tigo Fest?,False
LATAM|tradition|tigo fest,¿Qué artistas se presentaron en la primera edición de Tigo Fest y dónde se llevó a cabo?,False
USA|dish|7 Up,¿Qué es 7 Up?,False
USA|dish|7 Up,¿Quién fue el inventor de 7 Up?,False
USA|dish|7 Up,¿Qué nombre original tuvo 7 Up y en qué año fue lanzada?,False
LATAM|tradition|zulema alcayaga,¿Dónde nació Zulema Alcayaga?,False
LATAM|tradition|zulema alcayaga,¿Qué tipo de folclore está orientada Zulema Alcayaga?,False
LATAM|tradition|zulema alcayaga,¿Qué obra importante compuso Zulema Alcayaga junto a su esposo Waldo Belloso que se convirtió en un personaje infantil famoso?,True
USA|dish|Baconator,¿Qué es un Baconator?,False
USA|dish|Baconator,¿Cuándo fue introducido el Baconator?,False
USA|dish|Baconator,¿Qué ingredientes componen un Baconator y cómo se prepara?,False
USA|dish|Alcapurria,¿Qué es la alcapurria?,False
USA|dish|Alcapurria,¿Con qué ingredientes principales está hecha la alcapurria?,False
USA|dish|Alcapurria,¿Qué tipo de masa se utiliza para hacer la alcapurria y qué ingredientes opcionales se pueden añadir?,False
USA|dish|Almejas fritas,¿Qué se elabora al freír almejas de concha blanda mojadas en rebozado?,False
USA|dish|Almejas fritas,¿Con qué es habitual acompañar las almejas fritas?,False
USA|dish|Almejas fritas,¿Quién se dice que creó las almejas fritas rebozadas y en qué fecha?,False
USA|dish|Bun (papas fritas),¿Qué es Bun?,False
USA|dish|Bun (papas fritas),¿En qué año fue creada la marca Bun?,False
USA|dish|Bun (papas fritas),¿Quién creó la marca Bun y qué es lo que caracteriza a sus papas fritas en comparación con otras marcas?,False
USA|dish|Burrito (comida),¿Qué es un burrito?,False
USA|dish|Burrito (comida),¿Qué consiste en un burrito?,False
USA|dish|Burrito (comida),¿Cuál era el nombre regional para lo que se conoce como taco y en qué estado se considera un regionalismo?,False
USA|dish|Benihana,¿Qué tipo de restaurante es Benihana?,False
USA|dish|Benihana,¿Cuál es la especialidad de Benihana?,False
USA|dish|Benihana,¿En qué año pasó a denominarse Benihana Inc. y qué marcas incluye?,False
USA|dish|Barco bananero,¿Qué era un barco bananero?,False
USA|dish|Barco bananero,¿Para qué estaban diseñados los barcos bananeros?,False
USA|dish|Barco bananero,¿Qué buscaba la Standard Fruit Company al convertir barcos de la Armada de los Estados Unidos en barcos bananeros?,False
USA|dish|Balisto,¿Qué es Balisto?,False
USA|dish|Balisto,¿Quién comercializa Balisto?,True
USA|dish|Balisto,¿En qué países está disponible Balisto?,False
USA|dish|Charlie Nagreen,¿Quién es Charlie Nagreen?,False
USA|dish|Charlie Nagreen,¿Qué idea tuvo Charlie Nagreen para mejorar la venta de su producto en la feria?,False
USA|dish|Charlie Nagreen,¿Por qué se hizo famoso Charlie Nagreen y qué nombre le dio a su invento?,False
USA|dish|Big Mac,¿Qué es el Big Mac?,False
USA|dish|Big Mac,¿Quién creó el Big Mac y en qué año?,True
USA|dish|Big Mac,¿En qué ciudad fue creada la Big Mac y qué hamburguesa inspiró su creación?,False
USA|dish|Candace Nelson,¿Qué profesión tiene Candace Nelson?,False
USA|dish|Candace Nelson,¿Qué negocio abrió Candace Nelson en 2005?,True
USA|dish|Candace Nelson,¿Qué reconocimientos ha recibido Candace Nelson y en qué instituciones se graduó?,False
USA|dish|Celery Victor,¿Qué es Celery Victor?,False
USA|dish|Celery Victor,¿Quién inventó Celery Victor y en qué año?,False
USA|dish|Celery Victor,¿Cómo se prepara Celery Victor y qué ingredientes se le añaden?,False
USA|dish|Chenpi,¿Qué es el chenpi?,False
USA|dish|Chenpi,¿En qué tipo de cocina se emplea el chenpi como condimento tradicional?,False
USA|dish|Chenpi,¿Qué sabor aporta el chenpi cuando se usa apropiadamente y en qué tipo de platos se emplea en la cocina chino-estadounidense?,False
USA|dish|Chimichanga,¿Qué tipo de platillo es la chimichanga?,False
USA|dish|Chimichanga,¿Con qué tipo de tortilla se elabora principalmente la chimichanga en el estado de Sonora?,False
USA|dish|Chimichanga,¿Qué ingredientes se utilizan comúnmente para rellenar una chimichanga en el estado de Sonora?,False
USA|dish|Chow mein,¿Qué es el chow mein?,False
USA|dish|Chow mein,¿En qué países es considerado el chow mein un plato autóctono?,False
USA|dish|Chow mein,¿Qué significa el término 'chow mein' y de qué idioma proviene?,False
USA|dish|Cherpumple,¿Qué es un cherpumple?,False
USA|dish|Cherpumple,¿Quién es el creador del cherpumple?,True
USA|dish|Cherpumple,¿Cuánto tiempo puede tomar hacer un cherpumple y qué se requiere para su preparación?,False
USA|dish|Aros de cebolla,¿Qué son los aros de cebolla?,False
USA|dish|Aros de cebolla,¿En qué países se consumen habitualmente los aros de cebolla como aperitivo o guarnición?,False
USA|dish|Aros de cebolla,¿Qué cadena estadounidense se considera pionera en la popularización de los aros de cebolla en la década de 1920 y qué evidencia existe sobre su origen?,False
USA|dish|Claudia Sandoval,¿Quién es Claudia Sandoval?,False
USA|dish|Claudia Sandoval,¿Qué empresa fundó Claudia Sandoval?,False
USA|dish|Claudia Sandoval,¿En qué programa de cocina fue Claudia Sandoval la primera chef de origen latina en ganar?,False
USA|dish|Cincinnati chili,¿Qué es el Cincinnati chili?,False
USA|dish|Cincinnati chili,¿Quién fue el primero en servir el Cincinnati chili?,False
USA|dish|Cincinnati chili,¿Qué ingredientes principales se utilizan en el Cincinnati chili y cómo se presenta tradicionalmente?,False
USA|dish|Cocina lowcountry,¿Qué es la cocina lowcountry?,False
USA|dish|Cocina lowcountry,¿Con qué cocina comparte características la cocina lowcountry?,False
USA|dish|Cocina lowcountry,¿Qué alimentos son parte de la cocina lowcountry y tienen claros paralelismos con la gastronomía cajún y la cocina criolla de Luisiana?,False
USA|dish|Coca-Cola Cherry,¿Qué es Coca-Cola Cherry?,False
USA|dish|Coca-Cola Cherry,¿En qué año fue lanzada oficialmente Coca-Cola Cherry?,False
USA|dish|Coca-Cola Cherry,¿Qué variante de Coca-Cola fue lanzada simultáneamente con Coca-Cola Cherry y qué ocurrió con ella en 1992?,False
USA|dish|Dagwood sándwich,¿Qué es un sándwich Dagwood?,False
USA|dish|Dagwood sándwich,¿Quién fue el personaje central que dio nombre al sándwich Dagwood?,False
USA|dish|Dagwood sándwich,¿Qué elemento comúnmente corona un sándwich Dagwood y qué diccionarios lo han incluido?,False
USA|dish|Cole Ranch (AVA),¿Qué es el Cole Ranch (AVA)?,False
USA|dish|Cole Ranch (AVA),¿Dónde está localizado el Cole Ranch (AVA)?,False
USA|dish|Cole Ranch (AVA),¿Qué bodega es propietaria del Cole Ranch (AVA) y qué tipo de uvas se cultivan en esta denominación?,False
USA|dish|Diplomacia de cañonero,¿Qué es la diplomacia de cañonero?,True
USA|dish|Diplomacia de cañonero,¿En qué consiste la diplomacia de cañonero?,False
USA|dish|Diplomacia de cañonero,¿Qué relación tiene la diplomacia de cañonero con la doctrina Drago?,False
USA|dish|Compañía Pisquera de Chile,¿Qué es la Compañía Pisquera de Chile?,False
USA|dish|Compañía Pisquera de Chile,¿En qué año nació la Compañía Pisquera de Chile?,False
USA|dish|Compañía Pisquera de Chile,¿Qué porcentaje del capital accionario adquirió CCU en la Compañía Pisquera de Chile y qué porcentaje mantiene la Cooperativa Agrícola Control Pisquero de Elqui y Limarí Limitada?,False
USA|dish|El Adobe de Capistrano,¿Qué es El Adobe de Capistrano?,False
USA|dish|El Adobe de Capistrano,¿En qué año fue abierto El Adobe de Capistrano?,False
USA|dish|El Adobe de Capistrano,¿Qué función tuvo la parte sur de El Adobe de Capistrano antes de convertirse en restaurante?,False
USA|dish|Estómago de cerdo,¿Qué es el estómago de cerdo?,False
USA|dish|Estómago de cerdo,¿Cómo se prepara tradicionalmente el estómago de cerdo en la cocina holandesa de Pensilvania?,False
USA|dish|Estómago de cerdo,¿Qué platos tradicionales incluyen el estómago de cerdo y en qué culturas se consumen?,False
USA|dish|Fannie Merritt Farmer,¿Quién fue Fannie Merritt Farmer?,False
USA|dish|Fannie Merritt Farmer,¿Qué libro de cocina escribió Fannie Merritt Farmer?,False
USA|dish|Fannie Merritt Farmer,¿Qué innovaciones introdujo Fannie Merritt Farmer en su libro de cocina más conocido?,False
USA|dish|Halls (caramelo mentolado),¿Qué es Halls?,False
USA|dish|Halls (caramelo mentolado),¿Quién produce Halls?,False
USA|dish|Halls (caramelo mentolado),¿En qué década se hizo por primera vez Halls y quién fue su creador?,False
USA|dish|Five Guys,¿Qué es Five Guys?,False
USA|dish|Five Guys,¿En qué año fue fundada Five Guys?,False
USA|dish|Five Guys,¿Qué tipo de productos utiliza Five Guys en su menú y cómo se elabora su hamburguesa?,False
USA|dish|Four Roses,¿Qué es Four Roses?,False
USA|dish|Four Roses,¿En qué año fue construida la destilería de Four Roses?,False
USA|dish|Four Roses,¿Qué porcentaje de alcohol tiene Four Roses Small Batch y qué relación tiene con la producción de whiskey en Kentucky?,False
USA|dish|Galleta con pepitas de chocolate,¿Qué es una galleta con pepitas de chocolate?,False
USA|dish|Galleta con pepitas de chocolate,¿Quién desarrolló la galleta con pepitas de chocolate?,False
USA|dish|Galleta con pepitas de chocolate,¿En qué año fue desarrollada la galleta con pepitas de chocolate y qué receta famosa incluye?,False
USA|dish|Dumpling de manzana,¿Qué es el dumpling de manzana?,False
USA|dish|Dumpling de manzana,¿Qué consiste el dumpling de manzana?,False
USA|dish|Dumpling de manzana,¿Qué grupos culturales consideran común la receta del dumpling de manzana y en qué ocasiones se consume?,False
USA|dish|Guacamole,¿Qué es el guacamole?,False
USA|dish|Guacamole,¿Cómo se prepara tradicionalmente el guacamole?,False
USA|dish|Guacamole,"¿Cuál es el origen del nombre ""guacamole"" y qué significado tenía el aguacate para los aztecas?",False
USA|dish|Jamón campestre,¿Qué es el jamón campestre?,False
USA|dish|Jamón campestre,¿Cómo se cura el jamón campestre?,False
USA|dish|Jamón campestre,¿Qué proceso se utiliza para preparar el jamón campestre antes de consumirlo y con qué se relaciona su preparación?,False
USA|dish|Joya (refresco),¿Qué es Joya?,False
USA|dish|Joya (refresco),¿En qué año fue introducido al mercado el refresco Joya?,False
USA|dish|Joya (refresco),¿Qué empresa compró la marca Joya en 2004 y por cuánto?,True
USA|dish|Jumbo's,¿Cuál era el nombre original de Jumbo's?,False
USA|dish|Jumbo's,¿En qué año fue incluido Jumbo's en el Registro del Congreso?,False
USA|dish|Jumbo's,¿Qué evento significativo ocurrió en Jumbo's en la década de 1960 relacionado con la integración racial?,False
USA|dish|Lunchables,¿Qué es Lunchables?,False
USA|dish|Lunchables,¿Quién fabrica Lunchables?,False
USA|dish|Lunchables,¿En qué año se introdujeron inicialmente los Lunchables en Seattle?,False
USA|dish|KFConsole,¿Qué es la KFConsole?,False
USA|dish|KFConsole,¿Qué tipo de diseño tiene la KFConsole?,False
USA|dish|KFConsole,¿Qué características distintivas tiene la KFConsole en comparación con otras consolas de videojuegos?,True
USA|dish|Justified and Stripped Tour,¿Qué fue el Justified and Stripped Tour?,False
USA|dish|Justified and Stripped Tour,¿Cuántas personas formaban parte del equipo del Justified and Stripped Tour?,False
USA|dish|Justified and Stripped Tour,¿Qué gira continuó Christina Aguilera en el cuarto trimestre de 2003 tras el Justified and Stripped Tour?,True
USA|dish|Lynja,¿En qué ciudad nació Lynja?,False
USA|dish|Lynja,¿Cuántos suscriptores acumulaba Lynja en YouTube a fecha de 15 de enero de 2024?,False
USA|dish|Lynja,¿Qué premios ganó Lynja en los Streamy Awards y en qué años?,False
USA|dish|Laulau,¿Qué es el laulau?,False
USA|dish|Laulau,¿Cuáles son los ingredientes tradicionales del laulau?,True
USA|dish|Laulau,¿Cómo se cocinaba tradicionalmente el laulau en el antiguo Hawái?,True
USA|dish|Krumkake,¿Qué es el krumkake?,False
USA|dish|Krumkake,¿Cómo se cocinan los krumkaker?,False
USA|dish|Krumkake,¿En qué contexto se sirven los krumkaker y qué otros dulces noruegos se preparan tradicionalmente en Navidad?,False
USA|dish|Luther Burger,¿Qué es la Luther Burger?,False
USA|dish|Luther Burger,¿Qué tipo de pan se utiliza en la Luther Burger?,False
USA|dish|Luther Burger,¿A qué cantautor se remonta el origen de la Luther Burger y en qué serie se menciona?,False
USA|dish|Martes de tacos,¿Qué es el Martes de tacos?,False
USA|dish|Martes de tacos,"¿En qué año fue registrado el término ""Taco Tuesday""?",False
USA|dish|Martes de tacos,"¿Qué cadena de restaurantes registró el término ""Taco Tuesday"" y en qué consiste esta costumbre?",False
USA|dish|Mayhaw,¿Qué es el mayhaw?,False
USA|dish|Mayhaw,¿En qué tipo de suelos crece el mayhaw?,False
USA|dish|Mayhaw,¿Cuáles son las especies principales de mayhaw y en qué regiones se desarrollan?,False
USA|dish|Muffin inglés,¿Qué es un muffin inglés?,False
USA|dish|Muffin inglés,¿En qué país fueron inventados los muffins ingleses?,False
USA|dish|Muffin inglés,¿Cuál es el plato tradicional de brunch en Nueva York que utiliza muffins ingleses como ingrediente principal?,False
USA|dish|Nueva cocina estadounidense,¿Qué es la nueva cocina estadounidense?,False
USA|dish|Nueva cocina estadounidense,¿En qué década se originó la nueva cocina estadounidense?,False
USA|dish|Nueva cocina estadounidense,¿Qué influencias importantes recibe la nueva cocina estadounidense y qué tipo de cocina es?,False
USA|dish|Mantequilla de cacahuete,¿Qué es la mantequilla de cacahuete?,False
USA|dish|Mantequilla de cacahuete,¿Qué porcentaje de cacahuete debe tener un producto comercializado como mantequilla de cacahuete en los Estados Unidos?,False
USA|dish|Mantequilla de cacahuete,¿Qué innovaciones en la producción de mantequilla de cacahuete fueron realizadas por el Dr. John Harvey Kellogg y su hermano?,False
USA|dish|Muffuletta,¿Qué tipo de pan es el muffuletta?,False
USA|dish|Muffuletta,¿En qué año se empezó a vender el muffuletta en Nueva Orleans?,False
USA|dish|Muffuletta,"¿Quién fue el fundador de la Central Grocery, donde se empezó a vender el muffuletta, y qué relación tiene con el origen del sándwich?",True
USA|dish|MrBeast Burger,¿Qué es MrBeast Burger?,False
USA|dish|MrBeast Burger,¿Cuándo se inauguró oficialmente MrBeast Burger?,False
USA|dish|MrBeast Burger,¿Qué parte de cada pedido de MrBeast Burger se donará a organizaciones benéficas?,False
USA|dish|Monte Cristo sándwich,¿Qué ingredientes principales lleva el Monte Cristo sándwich?,False
USA|dish|Monte Cristo sándwich,¿En qué cocina aparece el Monte Cristo sándwich como un derivado del croque-monsieur?,False
USA|dish|Monte Cristo sándwich,¿Qué restaurantes de Los Ángeles se disputan la invención del primer sándwich Monte Cristo y desde qué década aparece en sus menús?,False
USA|dish|Monkey bread,¿Qué es el monkey bread?,False
USA|dish|Monkey bread,¿Con qué se cubre el monkey bread antes de hornearlo?,False
USA|dish|Monkey bread,¿En qué país se sirve tradicionalmente el monkey bread y qué tipo de masa se utiliza para su elaboración?,False
USA|dish|Original Starbucks,¿Cuál es el primer establecimiento Starbucks?,True
USA|dish|Original Starbucks,¿En qué año fue establecido el Original Starbucks?,False
USA|dish|Original Starbucks,¿Dónde se encuentra actualmente el Original Starbucks y cuál es su importancia cultural?,False
USA|dish|Nugget de pollo,¿Qué es un nugget de pollo?,False
USA|dish|Nugget de pollo,¿Qué tipo de recubrimiento se utiliza en los nuggets de pollo?,False
USA|dish|Nugget de pollo,¿Quién inventó el nugget de pollo y en qué década?,False
USA|dish|Mezzo Mix,¿Qué es Mezzo Mix?,False
USA|dish|Mezzo Mix,¿En qué país fue introducido Mezzo Mix por primera vez?,False
USA|dish|Mezzo Mix,¿Qué variante de Mezzo Mix se introdujo en Alemania en julio de 2007 y qué característica tiene?,False
USA|dish|Pan de Anón,¿Qué es el pan de anón?,False
USA|dish|Pan de Anón,¿Cuáles son algunos de los ingredientes que contiene el pan de anón?,False
USA|dish|Pan de Anón,¿Quién creó el pan de anón y por qué motivo se creó?,False
USA|dish|Panceta con chocolate,¿Qué es la panceta con chocolate?,False
USA|dish|Panceta con chocolate,¿Qué ingredientes principales componen la panceta con chocolate?,False
USA|dish|Panceta con chocolate,¿En qué feria estatal se presentó la panceta con chocolate y qué nombre se le dio?,False
USA|dish|Pizza de taco,¿Qué es la pizza de taco?,False
USA|dish|Pizza de taco,¿Quién afirmó haber creado la pizza de taco?,False
USA|dish|Pizza de taco,¿Qué relación tuvo Pizza Inn con la pizza de taco y qué argumento presentó Pizza Hut al respecto?,False
USA|dish|Pastel de azúcar moravo,¿Qué tipo de pastel es el pastel de azúcar moravo?,False
USA|dish|Pastel de azúcar moravo,¿Con qué se enriquece la masa del pastel de azúcar moravo?,False
USA|dish|Pastel de azúcar moravo,¿Qué similitudes tiene el pastel de azúcar moravo con otros pasteles alemanes y en qué contexto cultural se originó?,True
USA|dish|Pastel de ángel,¿Qué tipo de bizcocho es el pastel de ángel?,False
USA|dish|Pastel de ángel,¿Qué ingrediente se monta para preparar el pastel de ángel?,False
USA|dish|Pastel de ángel,¿En qué país se popularizó el pastel de ángel y qué se considera debido a su ligereza?,False
USA|dish|Pilgrim (sándwich),¿Qué es el sándwich Pilgrim?,False
USA|dish|Pilgrim (sándwich),¿Cuál es el ingrediente principal del sándwich Pilgrim?,False
USA|dish|Pilgrim (sándwich),¿A qué celebración hace alusión el sándwich Pilgrim y qué ingredientes suele incluir?,False
USA|dish|Persillade,¿Qué es la persillade?,False
USA|dish|Persillade,¿En qué cocina se usa la persillade?,False
USA|dish|Persillade,¿Qué plato híbrido se obtiene al combinar la persillade con la poutine quebequesa?,False
USA|dish|Papas fritas de pollo BK,¿Qué tipo de producto son las papas fritas de pollo BK?,False
USA|dish|Papas fritas de pollo BK,¿En qué año se introdujeron las papas fritas de pollo BK?,False
USA|dish|Papas fritas de pollo BK,¿Por qué se reintrodujeron las papas fritas de pollo BK en marzo de 2015?,False
USA|dish|Pizza estilo Chicago,¿Qué es la pizza estilo Chicago?,False
USA|dish|Pizza estilo Chicago,¿Qué tipo de masa tiene la pizza estilo Chicago?,False
USA|dish|Pizza estilo Chicago,¿En qué año se presentó por primera vez la receta de la pizza estilo Chicago en el restaurante Rosati's Authentic Chicago Pizza?,False
USA|dish|Patty melt,¿Qué es un patty melt?,False
USA|dish|Patty melt,¿Qué tipo de pan se utiliza comúnmente para hacer un patty melt?,False
USA|dish|Patty melt,¿Cuál es una variante del patty melt que se encuentra en la zona del Noroeste Pacífico de Estados Unidos?,False
USA|dish|Rollo de frutos secos,¿Qué es un rollo de frutos secos?,False
USA|dish|Rollo de frutos secos,¿Cuál es el ingrediente principal del relleno de un rollo de frutos secos?,False
USA|dish|Rollo de frutos secos,¿Qué nombres se utilizan en el centro de Europa para referirse al rollo de frutos secos?,False
USA|dish|Pepsi Max,¿Qué es Pepsi Max?,False
USA|dish|Pepsi Max,¿En qué países debutó Pepsi Max en abril de 1993?,False
USA|dish|Pepsi Max,¿Cuándo fue reintroducida Pepsi Max en Argentina y qué variante se lanzó en los Estados Unidos el 1 de junio de 2007?,False
USA|dish|She-crab soup,¿Qué es el She-crab soup?,False
USA|dish|She-crab soup,¿Con qué tipo de cangrejo se elabora el She-crab soup?,False
USA|dish|She-crab soup,"¿Por qué se denomina ""She-Crab"" a la sopa She-crab soup y en qué región de Estados Unidos es popular?",False
USA|dish|Salsa Tabasco,¿Qué es la salsa Tabasco?,False
USA|dish|Salsa Tabasco,¿En qué año fue creada la salsa Tabasco?,False
USA|dish|Salsa Tabasco,¿Qué empresa elabora la salsa Tabasco y quién es su actual director ejecutivo?,True
USA|dish|Sirloin Stockade,¿Qué es Sirloin Stockade?,False
USA|dish|Sirloin Stockade,¿Quién fundó Sirloin Stockade y en qué año?,False
USA|dish|Sirloin Stockade,¿Cuántos restaurantes tenía Sirloin Stockade en 2008 y qué tipo de restaurantes son?,False
USA|dish|Pollo al sésamo,¿Qué es el pollo al sésamo?,False
USA|dish|Pollo al sésamo,¿Cuáles son los ingredientes principales del pollo al sésamo?,True
USA|dish|Pollo al sésamo,¿En qué se diferencia el pollo al sésamo del pollo General Tso?,False
USA|dish|Russian tea cake,¿Qué es la Russian tea cake?,False
USA|dish|Russian tea cake,¿Qué ingredientes básicos se utilizan en la preparación de la Russian tea cake?,False
USA|dish|Russian tea cake,¿En qué siglo aparecieron las Russian tea cakes en Rusia y cómo se relacionan con las bodas y las navidades estadounidenses?,False
USA|dish|Sex on the Beach,¿Qué tipo de cóctel es el Sex on the Beach?,False
USA|dish|Sex on the Beach,¿Quién creó el Sex on the Beach y en qué año?,False
USA|dish|Sex on the Beach,¿Cuál es la relación entre el Sex on the Beach y la receta del Cape Codder?,False
USA|dish|Salsa de pato,¿Qué es la salsa de pato?,False
USA|dish|Salsa de pato,¿En qué tipo de restaurantes se usa la salsa de pato?,False
USA|dish|Salsa de pato,¿Qué ingredientes se pueden añadir para hacer salsa de pato?,False
USA|dish|Saimin,¿Qué es el Saimin?,False
USA|dish|Saimin,¿Qué tipo de fideos lleva el Saimin?,False
USA|dish|Saimin,¿Qué platos inspiraron el Saimin y en qué contexto fue desarrollado?,False
USA|dish|Sal ahumada,¿Qué es la sal ahumada?,False
USA|dish|Sal ahumada,¿Cuáles son algunos de los usos de la sal ahumada en la cocina?,False
USA|dish|Sal ahumada,"¿Qué variaciones de sal ahumada existen en diferentes culturas, y cómo se elabora la sal ahumada en Bali, Indonesia?",False
USA|dish|Sopa de cangrejo y maíz,¿Qué es la sopa de cangrejo y maíz?,False
USA|dish|Sopa de cangrejo y maíz,¿En qué regiones es especialmente popular la sopa de cangrejo y maíz?,False
USA|dish|Sopa de cangrejo y maíz,"¿En qué países se encuentra la sopa de cangrejo y maíz, además de Estados Unidos y Canadá?",False
USA|dish|Soda sucia,¿Qué es la soda sucia?,False
USA|dish|Soda sucia,¿Qué ingredientes incluye la soda sucia?,False
USA|dish|Soda sucia,¿En qué contexto cultural surgió la soda sucia y qué relación tiene con los Santos de los Últimos Días?,False
USA|dish|Sándwich Elvis,¿Qué es el sándwich Elvis?,False
USA|dish|Sándwich Elvis,¿Cuáles son algunos de los ingredientes que suele elaborarse el sándwich Elvis?,False
USA|dish|Sándwich Elvis,¿Por qué se denomina sándwich Elvis y qué relación tiene con Elvis Presley?,False
USA|dish|Spencer (cerveza),¿Qué tipo de producto es Spencer?,False
USA|dish|Spencer (cerveza),¿Quién elabora la cerveza Spencer?,False
USA|dish|Spencer (cerveza),¿Cuál es la única cerveza trapense que proviene de fuera de Europa y qué logotipo lleva?,False
USA|dish|Tacos franceses,¿Qué son los tacos franceses?,False
USA|dish|Tacos franceses,¿En qué región de Francia se originaron los tacos franceses?,False
USA|dish|Tacos franceses,¿Qué afirmación se hace sobre la popularidad de los tacos franceses en relación con los adolescentes y jóvenes adultos en Francia?,False
USA|dish|Sándwich submarino,¿Qué es el sándwich submarino?,False
USA|dish|Sándwich submarino,¿Qué tipo de pan se utiliza para elaborar un sándwich submarino?,False
USA|dish|Sándwich submarino,¿En qué parte de Estados Unidos se hizo muy popular el sándwich submarino durante los años cuarenta?,False
USA|dish|Tab (bebida),¿Qué tipo de bebida es Tab?,False
USA|dish|Tab (bebida),¿Quién produjo la bebida Tab?,False
USA|dish|Tab (bebida),¿Qué edulcorante utilizaba Tab antes de ser reemplazado por la sacarina en 1969?,False
USA|dish|Tarta helada,¿Qué es una tarta helada?,False
USA|dish|Tarta helada,¿En qué ocasiones puede emplearse una tarta helada?,False
USA|dish|Tarta helada,"¿Qué postres se hacían en la época victoriana que consistían en helado y fruta, y cómo se relacionan con la tarta helada?",False
USA|dish|Tasso ham,¿Qué es el tasso ham?,False
USA|dish|Tasso ham,¿De qué corte de cerdo se hace el tasso ham?,False
USA|dish|Tasso ham,¿En qué tipo de recetas aparece a menudo el tasso ham?,False
USA|dish|Tarta colibrí,¿Qué tipo de pastel es la tarta colibrí?,False
USA|dish|Tarta colibrí,¿Qué ingrediente utiliza la tarta colibrí en vez de mantequilla?,False
USA|dish|Tarta colibrí,¿Por qué se le puso el nombre de tarta colibrí y qué relación tiene con su origen?,False
USA|dish|Sándwich de albóndigas,¿Qué es el sándwich de albóndigas?,False
USA|dish|Sándwich de albóndigas,"¿En qué países se conoce el sándwich de albóndigas como ""albondigazo"" y ""bocata de albóndigas""?",False
USA|dish|Sándwich de albóndigas,¿Qué ingredientes principales componen el sándwich de albóndigas y en qué forma es común prepararlo?,False
USA|dish|Tetrazzini,¿Qué es el Tetrazzini?,False
USA|dish|Tetrazzini,¿Qué tipo de carne incluye típicamente el Tetrazzini?,False
USA|dish|Tetrazzini,¿Quién fue el inventor del Tetrazzini y en qué periodo se cree que fue creado?,False
USA|dish|Tomato pie,¿Qué es el tomato pie?,False
USA|dish|Tomato pie,¿Con qué se elabora el tomato pie?,False
USA|dish|Tomato pie,"¿Desde qué década se emplearon los tomates en la cocina estadounidense, específicamente en la elaboración del tomato pie?",False
USA|dish|The Wieners Circle,¿En qué año abrió The Wieners Circle?,False
USA|dish|The Wieners Circle,¿Qué tipo de comida es conocida en The Wieners Circle?,False
USA|dish|The Wieners Circle,¿Qué evento en la década de 1990 contribuyó a la cultura de abuso verbal en The Wieners Circle?,False
USA|dish|Tostada,¿Qué es una tostada?,False
USA|dish|Tostada,¿Cómo se llama la tostada en Argentina?,False
USA|dish|Tostada,"¿Qué variaciones del término ""tostada"" existen en Colombia y Venezuela?",False
USA|dish|Vio (bebida),¿Qué es Vio?,False
USA|dish|Vio (bebida),¿Cuáles son los sabores en los que viene la bebida Vio?,False
USA|dish|Vio (bebida),¿En qué ciudades se puede encontrar de forma limitada la bebida Vio?,False
USA|dish|Tiras de pollo,¿Cómo se llaman también las tiras de pollo en inglés?,False
USA|dish|Tiras de pollo,¿Qué tipo de carne se utiliza para preparar las tiras de pollo?,False
USA|dish|Tiras de pollo,¿En qué países se sirven comúnmente las tiras de pollo?,False
USA|dish|Vino del Condado de Mendocino,¿Qué es el Vino del Condado de Mendocino?,False
USA|dish|Vino del Condado de Mendocino,¿En qué estado de Estados Unidos se produce el Vino del Condado de Mendocino?,False
USA|dish|Vino del Condado de Mendocino,¿Qué porcentaje de la superficie cultivada en el condado de Mendocino es orgánica y qué características climáticas tiene esta región vinícola?,False
USA|dish|Whiskey de maíz,¿Qué es el whiskey de maíz?,False
USA|dish|Whiskey de maíz,¿Con qué porcentaje mínimo de maíz se elabora el whiskey de maíz?,False
USA|dish|Whiskey de maíz,¿Qué características tiene el envejecimiento del whiskey de maíz y en qué tipo de barriles debe ser envejecido si se decide hacerlo?,False
USA|dish|The Boston cooking-school cook book,"¿Quién publicó ""The Boston cooking-school cook book""?",False
USA|dish|The Boston cooking-school cook book,"¿En qué año fue publicado ""The Boston cooking-school cook book""?",False
USA|dish|The Boston cooking-school cook book,"¿Por qué ""The Boston cooking-school cook book"" es considerado una fuente fidedigna de la cocina del siglo XIX?",False
USA|fauna|Achatinella sowerbyana,¿Qué tipo de especie es Achatinella sowerbyana?,False
USA|fauna|Achatinella sowerbyana,¿Dónde se encuentra Achatinella sowerbyana?,False
USA|fauna|Achatinella sowerbyana,¿Qué característica distintiva tiene Achatinella sowerbyana en relación a su distribución geográfica?,False
USA|dish|Wendy's,¿Qué tipo de empresa es Wendy's?,False
USA|dish|Wendy's,¿Cuántos establecimientos tiene Wendy's a nivel mundial?,False
USA|dish|Wendy's,¿Quién fundó Wendy's y en qué año se abrió su primer restaurante?,False
USA|dish|White Castle (restaurante),¿Qué es White Castle?,False
USA|dish|White Castle (restaurante),¿En qué año fue fundado White Castle?,False
USA|dish|White Castle (restaurante),¿Qué medidas adoptó White Castle para remarcar la higiene de su local y quién fue su fundador?,True
USA|fauna|Aegialites farallonensis,¿Qué tipo de especie es Aegialites farallonensis?,False
USA|fauna|Aegialites farallonensis,¿Dónde se encuentra Aegialites farallonensis?,False
USA|fauna|Aegialites farallonensis,¿Qué familia pertenece Aegialites farallonensis y en qué región geográfica se distribuye?,False
USA|fauna|Agrypnus rectangularis,¿Qué tipo de especie es Agrypnus rectangularis?,False
USA|fauna|Agrypnus rectangularis,¿Quién describió científicamente a Agrypnus rectangularis y en qué año?,False
USA|fauna|Agrypnus rectangularis,"¿A qué familia y tribu pertenece Agrypnus rectangularis, y en qué país se distribuye?",False
USA|fauna|Alaskan Husky,¿Qué es el Alaskan Husky?,False
USA|fauna|Alaskan Husky,¿Dónde es originario el Alaskan Husky?,False
USA|fauna|Alaskan Husky,¿Qué características distintivas tiene el Alaskan Husky en comparación con otras razas de perros de trineo?,False
USA|fauna|American shorthair,¿Qué es el American shorthair?,False
USA|fauna|American shorthair,¿A qué debe mucho el American shorthair en su desarrollo?,False
USA|fauna|American shorthair,¿Cuál es el nombre del macho atigrado rojizo que se remonta al pedigrí del American shorthair y qué título recibió al registrarse en Estados Unidos?,True
USA|fauna|Acuminochernes crassopalpus,¿Qué tipo de arácnido es Acuminochernes crassopalpus?,False
USA|fauna|Acuminochernes crassopalpus,¿Dónde se encuentra Acuminochernes crassopalpus?,False
USA|fauna|Acuminochernes crassopalpus,¿Qué relación tiene Acuminochernes crassopalpus con el orden Pseudoscorpionida y dónde se encuentra?,False
USA|fauna|Alabamocreagris mortis,¿Qué tipo de especie es Alabamocreagris mortis?,False
USA|fauna|Alabamocreagris mortis,¿Dónde se encuentra Alabamocreagris mortis?,False
USA|fauna|Alabamocreagris mortis,¿Qué familia pertenece Alabamocreagris mortis y qué orden de arácnidos representa?,False
USA|fauna|Albiorix edentatus,¿Qué tipo de especie es Albiorix edentatus?,False
USA|fauna|Albiorix edentatus,¿Dónde se encuentra Albiorix edentatus?,True
USA|fauna|Albiorix edentatus,¿Qué características distintivas tiene Albiorix edentatus y en qué hábitat se encuentra?,True
USA|fauna|Achatinella casta,¿Qué tipo de especie es Achatinella casta?,False
USA|fauna|Achatinella casta,¿Dónde se encontraba Achatinella casta?,False
USA|fauna|Achatinella casta,¿Qué características distintivas tiene Achatinella casta y dónde se encontraba?,False
USA|fauna|Ammotrechula catalinae,¿Qué tipo de arácnido es Ammotrechula catalinae?,False
USA|fauna|Ammotrechula catalinae,¿Dónde se encuentra Ammotrechula catalinae?,False
USA|fauna|Ammotrechula catalinae,¿A qué familia pertenece Ammotrechula catalinae y qué características distintivas tiene su hábitat?,False
USA|fauna|Amphicerus bicaudatus,¿Qué tipo de especie es Amphicerus bicaudatus?,False
USA|fauna|Amphicerus bicaudatus,¿En qué año fue descrita Amphicerus bicaudatus?,False
USA|fauna|Amphicerus bicaudatus,¿A qué familia pertenece Amphicerus bicaudatus y en qué tribu está categorizada?,False
USA|fauna|Antilocapra americana,¿Qué tipo de mamífero es el Antilocapra americana?,False
USA|fauna|Antilocapra americana,¿Cuál es el peso de los machos de Antilocapra americana?,False
USA|fauna|Antilocapra americana,¿En qué tipo de hábitat evoluciona el Antilocapra americana y qué características prefiere?,False
USA|fauna|Araneus bonsallae,¿Qué tipo de especie es Araneus bonsallae?,False
USA|fauna|Araneus bonsallae,¿Quién describió científicamente a Araneus bonsallae y en qué año?,False
USA|fauna|Araneus bonsallae,¿En qué periodo del año se mantiene activa Araneus bonsallae y en qué país se distribuye?,False
USA|fauna|Ammotrechella pallida,¿Qué tipo de especie es Ammotrechella pallida?,False
USA|fauna|Ammotrechella pallida,¿Dónde se encuentra Ammotrechella pallida?,False
USA|fauna|Ammotrechella pallida,¿Qué características distintivas tiene Ammotrechella pallida y en qué región se encuentra?,False
USA|fauna|Aspidoscelis velox,¿Qué tipo de especie es Aspidoscelis velox?,False
USA|fauna|Aspidoscelis velox,¿En qué estado de Estados Unidos se distribuye Aspidoscelis velox?,False
USA|fauna|Aspidoscelis velox,¿Quién describió a Aspidoscelis velox y en qué año?,False
USA|fauna|Archips packardiana,¿Qué tipo de especie es Archips packardiana?,False
USA|fauna|Archips packardiana,¿Quién describió científicamente a Archips packardiana y en qué año?,False
USA|fauna|Archips packardiana,"¿A qué familia y tribu pertenece Archips packardiana, y en qué país se distribuye?",False
USA|fauna|Atimia gannoni,¿Qué tipo de especie es Atimia gannoni?,False
USA|fauna|Atimia gannoni,¿Quiénes describieron científicamente a Atimia gannoni y en qué año?,False
USA|fauna|Atimia gannoni,"¿A qué tribu y subfamilia pertenece Atimia gannoni, y en qué país se distribuye?",False
USA|fauna|Callimoxys nigrinus,¿Qué tipo de especie es Callimoxys nigrinus?,False
USA|fauna|Callimoxys nigrinus,¿Quiénes describieron a Callimoxys nigrinus y en qué año?,False
USA|fauna|Callimoxys nigrinus,¿A qué tribu y subfamilia pertenece Callimoxys nigrinus?,False
USA|fauna|Canifa pallipennis,¿Qué tipo de especie es Canifa pallipennis?,False
USA|fauna|Canifa pallipennis,¿Dónde se encuentra Canifa pallipennis?,False
USA|fauna|Canifa pallipennis,¿Qué familia pertenece Canifa pallipennis y en qué lugar específico de Estados Unidos se encuentra?,False
USA|fauna|Archips rileyana,¿Qué tipo de especie es Archips rileyana?,False
USA|fauna|Archips rileyana,¿Quién describió científicamente a Archips rileyana y en qué año?,False
USA|fauna|Archips rileyana,"¿A qué familia y tribu pertenece Archips rileyana, y en qué país se distribuye?",False
USA|fauna|Chauliognathus arizonensis,¿Qué tipo de especie es Chauliognathus arizonensis?,False
USA|fauna|Chauliognathus arizonensis,¿A qué familia pertenece Chauliognathus arizonensis?,False
USA|fauna|Chauliognathus arizonensis,¿Cuál es la subfamilia a la que pertenece Chauliognathus arizonensis y qué características distintivas tiene?,True
USA|fauna|Cheiridium simulacrum,¿Qué tipo de especie es Cheiridium simulacrum?,False
USA|fauna|Cheiridium simulacrum,¿Dónde se encuentra Cheiridium simulacrum?,False
USA|fauna|Cheiridium simulacrum,¿Qué características distintivas tiene Cheiridium simulacrum y en qué región específica se encuentra?,False
USA|fauna|Cis ursulinus,¿Qué tipo de especie es Cis ursulinus?,False
USA|fauna|Cis ursulinus,¿Dónde se encuentra Cis ursulinus?,False
USA|fauna|Cis ursulinus,¿Qué familia pertenece Cis ursulinus y en qué región geográfica se distribuye?,False
USA|fauna|Chorisoneura texensis,¿Qué tipo de especie es Chorisoneura texensis?,False
USA|fauna|Chorisoneura texensis,¿En qué estados de los Estados Unidos se puede encontrar Chorisoneura texensis?,False
USA|fauna|Chorisoneura texensis,¿Quiénes describieron científicamente a Chorisoneura texensis y en qué año?,False
USA|fauna|Copidita desecheonis,¿Qué tipo de especie es Copidita desecheonis?,False
USA|fauna|Copidita desecheonis,¿Dónde se encuentra la especie Copidita desecheonis?,False
USA|fauna|Copidita desecheonis,¿Qué familia pertenece la especie Copidita desecheonis y en qué región geográfica se distribuye?,False
USA|fauna|Choristoneura zapulata,¿Qué tipo de especie es Choristoneura zapulata?,False
USA|fauna|Choristoneura zapulata,¿En qué parte de América del Norte se distribuye Choristoneura zapulata?,False
USA|fauna|Choristoneura zapulata,¿Quién describió científicamente a Choristoneura zapulata y en qué año?,False
USA|fauna|Cis crinitus,¿Qué tipo de especie es Cis crinitus?,False
USA|fauna|Cis crinitus,¿Dónde se encuentra Cis crinitus?,False
USA|fauna|Cis crinitus,¿Qué familia pertenece Cis crinitus y en qué región geográfica se distribuye?,False
USA|fauna|Cyprinella pyrrhomelas,¿Qué tipo de especie es Cyprinella pyrrhomelas?,False
USA|fauna|Cyprinella pyrrhomelas,¿Dónde se encuentra Cyprinella pyrrhomelas?,False
USA|fauna|Cyprinella pyrrhomelas,¿Qué características morfológicas pueden alcanzar los machos de Cyprinella pyrrhomelas?,False
USA|fauna|Bavia aericeps,¿Qué tipo de especie es Bavia aericeps?,False
USA|fauna|Bavia aericeps,¿Quién describió científicamente a Bavia aericeps y en qué año?,False
USA|fauna|Bavia aericeps,¿En qué regiones del mundo se distribuye Bavia aericeps y qué familia le pertenece?,False
USA|fauna|Cyclonaias tuberculata,¿Qué tipo de especie es Cyclonaias tuberculata?,False
USA|fauna|Cyclonaias tuberculata,¿Dónde se encuentra Cyclonaias tuberculata?,False
USA|fauna|Cyclonaias tuberculata,¿Qué significa que Cyclonaias tuberculata es endémica de los Estados Unidos?,False
USA|fauna|Cyphon johni,¿Qué tipo de especie es Cyphon johni?,False
USA|fauna|Cyphon johni,¿Dónde se encuentra Cyphon johni?,True
USA|fauna|Cyphon johni,¿Cuál es la familia a la que pertenece Cyphon johni y en qué región geográfica se encuentra?,True
USA|fauna|Cyrtinus subopacus,¿Qué tipo de especie es Cyrtinus subopacus?,False
USA|fauna|Cyrtinus subopacus,¿Quién describió científicamente a Cyrtinus subopacus y en qué año?,False
USA|fauna|Cyrtinus subopacus,"¿A qué tribu y orden pertenece Cyrtinus subopacus, y dónde se distribuye?",False
USA|fauna|Earophila vasiliata,¿Qué tipo de especie es Earophila vasiliata?,False
USA|fauna|Earophila vasiliata,¿Quién describió por primera vez a Earophila vasiliata?,False
USA|fauna|Earophila vasiliata,¿Cuál es la envergadura de Earophila vasiliata y en qué tipo de hábitats se encuentra?,False
USA|fauna|Dinocheirus aequalis,¿Qué tipo de especie es Dinocheirus aequalis?,False
USA|fauna|Dinocheirus aequalis,¿Dónde se encuentra Dinocheirus aequalis?,True
USA|fauna|Dinocheirus aequalis,¿A qué familia pertenece Dinocheirus aequalis y qué orden de arácnidos representa?,False
USA|fauna|Elgaria panamintina,¿Qué tipo de especie es Elgaria panamintina?,False
USA|fauna|Elgaria panamintina,¿Dónde puede ser encontrada Elgaria panamintina?,False
USA|fauna|Elgaria panamintina,¿Qué tipo de lagartos es Elgaria panamintina y en qué país se encuentra?,False
USA|fauna|Emelinus huachucanus,¿Qué tipo de especie es Emelinus huachucanus?,False
USA|fauna|Emelinus huachucanus,¿Dónde se encuentra Emelinus huachucanus?,False
USA|fauna|Emelinus huachucanus,¿Qué familia pertenece Emelinus huachucanus y en qué región geográfica se distribuye?,False
USA|fauna|Ectobius lapponicus,¿Qué tipo de insecto es Ectobius lapponicus?,False
USA|fauna|Ectobius lapponicus,¿Cuál es la longitud que mide el macho de Ectobius lapponicus?,False
USA|fauna|Ectobius lapponicus,¿En qué año se registró por primera vez Ectobius lapponicus en América del Norte y de dónde es originaria?,False
USA|fauna|Elytrimitatrix undata,¿Qué tipo de especie es Elytrimitatrix undata?,False
USA|fauna|Elytrimitatrix undata,¿Quién describió científicamente a Elytrimitatrix undata y en qué año?,False
USA|fauna|Elytrimitatrix undata,"¿A qué familia y orden pertenece Elytrimitatrix undata, y dónde se distribuye?",False
USA|fauna|Epicauta virgulata,¿Qué tipo de especie es Epicauta virgulata?,False
USA|fauna|Epicauta virgulata,¿Dónde se encuentra Epicauta virgulata?,False
USA|fauna|Epicauta virgulata,¿Qué familia pertenece Epicauta virgulata y en qué región geográfica se distribuye?,False
USA|fauna|Epicauta emarginata,¿Qué tipo de especie es Epicauta emarginata?,False
USA|fauna|Epicauta emarginata,¿Dónde se encuentra Epicauta emarginata?,False
USA|fauna|Epicauta emarginata,¿Cuál es la familia a la que pertenece Epicauta emarginata y qué tipo de hábitat se asocia comúnmente con los coleópteros de esta familia?,True
USA|fauna|Eremobates kraepelini,¿Qué tipo de arácnido es Eremobates kraepelini?,False
USA|fauna|Eremobates kraepelini,¿Dónde se encuentra Eremobates kraepelini?,False
USA|fauna|Eremobates kraepelini,¿A qué familia pertenece Eremobates kraepelini y qué características distintivas tiene dentro de su orden?,False
USA|fauna|Elaphidion linsleyi,¿Qué tipo de especie es Elaphidion linsleyi?,False
USA|fauna|Elaphidion linsleyi,¿En qué año fue descrita la especie Elaphidion linsleyi?,False
USA|fauna|Elaphidion linsleyi,"¿En qué subfamilia y tribu se categoriza Elaphidion linsleyi, y en qué región se distribuye?",False
USA|fauna|Eremobates scopulatellus,¿Qué tipo de especie es Eremobates scopulatellus?,False
USA|fauna|Eremobates scopulatellus,¿Dónde se encuentra Eremobates scopulatellus?,True
USA|fauna|Eremobates scopulatellus,¿A qué familia pertenece Eremobates scopulatellus y qué características distintivas tiene en su hábitat?,False
USA|fauna|Eremobates scaber,¿Qué tipo de especie es Eremobates scaber?,False
USA|fauna|Eremobates scaber,¿Dónde se encuentra Eremobates scaber?,False
USA|fauna|Eremobates scaber,¿A qué familia pertenece Eremobates scaber y qué características distintivas tiene en su hábitat?,False
USA|fauna|Eupithecia albigrisata,¿Qué tipo de especie es Eupithecia albigrisata?,False
USA|fauna|Eupithecia albigrisata,¿Quién describió por primera vez a Eupithecia albigrisata?,False
USA|fauna|Eupithecia albigrisata,¿En qué año fue descrita Eupithecia albigrisata y dónde se encuentra su distribución?,False
USA|fauna|Eupithecia edna,¿Qué tipo de especie es Eupithecia edna?,False
USA|fauna|Eupithecia edna,¿En qué año fue descrita la especie Eupithecia edna?,False
USA|fauna|Eupithecia edna,¿Qué características distintivas tiene Eupithecia edna en comparación con Eupithecia owenata?,False
USA|fauna|Eremobates zinni,¿Qué tipo de especie es Eremobates zinni?,False
USA|fauna|Eremobates zinni,¿Dónde se encuentra Eremobates zinni?,False
USA|fauna|Eremobates zinni,¿Qué características distintivas tiene Eremobates zinni y en qué regiones se distribuye?,False
USA|fauna|Epicauta pedalis,¿Qué tipo de especie es Epicauta pedalis?,False
USA|fauna|Epicauta pedalis,¿Dónde se encuentra Epicauta pedalis?,True
USA|fauna|Epicauta pedalis,¿Qué familia pertenece Epicauta pedalis y qué características distintivas tiene como coleóptero?,False
USA|fauna|Eupithecia albimontanata,¿Qué tipo de especie es Eupithecia albimontanata?,False
USA|fauna|Eupithecia albimontanata,¿Quién describió por primera vez a Eupithecia albimontanata?,False
USA|fauna|Eupithecia albimontanata,¿En qué año fue descrita Eupithecia albimontanata y dónde se encuentra su holotipo?,False
USA|fauna|Ischnomera excavata,¿Qué tipo de especie es Ischnomera excavata?,False
USA|fauna|Ischnomera excavata,¿Dónde se encuentra Ischnomera excavata?,False
USA|fauna|Ischnomera excavata,¿A qué familia pertenece Ischnomera excavata y qué tipo de hábitat se asocia comúnmente con los coleópteros de esta familia?,False
USA|fauna|Kleptochthonius regulus,¿Qué tipo de especie es Kleptochthonius regulus?,False
USA|fauna|Kleptochthonius regulus,¿Dónde se encuentra Kleptochthonius regulus?,False
USA|fauna|Kleptochthonius regulus,¿A qué familia pertenece Kleptochthonius regulus y qué características distintivas tiene como arácnido?,False
USA|fauna|Lasionycta coracina,¿Qué tipo de especie es Lasionycta coracina?,False
USA|fauna|Lasionycta coracina,¿Dónde vive Lasionycta coracina?,False
USA|fauna|Lasionycta coracina,¿Qué características distintivas tiene Lasionycta coracina en cuanto a su envergadura y hábitat?,False
USA|fauna|Lasionycta sasquatch,¿Qué tipo de especie es Lasionycta sasquatch?,False
USA|fauna|Lasionycta sasquatch,¿Dónde se encuentra Lasionycta sasquatch?,False
USA|fauna|Lasionycta sasquatch,¿Cuál es la envergadura de Lasionycta sasquatch para los machos y en qué hábitat se encuentra?,False
USA|fauna|Hallomenus serricornis,¿Qué tipo de especie es Hallomenus serricornis?,False
USA|fauna|Hallomenus serricornis,¿Dónde se encuentra Hallomenus serricornis?,False
USA|fauna|Hallomenus serricornis,¿A qué familia pertenece Hallomenus serricornis y qué tipo de hábitat ocupa en su distribución geográfica?,False
USA|fauna|Hysterochelifer proprius,¿Qué tipo de especie es Hysterochelifer proprius?,False
USA|fauna|Hysterochelifer proprius,¿Dónde se encuentra Hysterochelifer proprius?,False
USA|fauna|Hysterochelifer proprius,¿Qué características distintivas tiene Hysterochelifer proprius y en qué región específica de Estados Unidos se encuentra?,False
USA|fauna|Lasionycta staudingeri,¿Qué tipo de especie es Lasionycta staudingeri?,False
USA|fauna|Lasionycta staudingeri,¿Dónde se encuentra Lasionycta staudingeri?,False
USA|fauna|Lasionycta staudingeri,¿Cuáles son las subespecies de Lasionycta staudingeri y dónde se encuentra una de ellas?,False
USA|fauna|Himatolabus axillaris,¿Qué tipo de especie es Himatolabus axillaris?,False
USA|fauna|Himatolabus axillaris,¿Dónde se encuentra Himatolabus axillaris?,False
USA|fauna|Himatolabus axillaris,¿Cuál es la familia a la que pertenece Himatolabus axillaris y en qué países se distribuye?,False
USA|fauna|Metophthalmus sandersoni,¿Qué tipo de especie es Metophthalmus sandersoni?,False
USA|fauna|Metophthalmus sandersoni,¿Dónde se encuentra Metophthalmus sandersoni?,False
USA|fauna|Metophthalmus sandersoni,¿A qué familia pertenece Metophthalmus sandersoni y qué tipo de hábitat se asocia comúnmente con los coleópteros de esta familia?,False
USA|fauna|Leptura abdominalis,¿Qué tipo de especie es Leptura abdominalis?,False
USA|fauna|Leptura abdominalis,¿En qué año fue descrita Leptura abdominalis?,False
USA|fauna|Leptura abdominalis,¿A qué tribu y subfamilia pertenece Leptura abdominalis?,False
USA|fauna|Metacarcinus magister,¿Qué tipo de especie es Metacarcinus magister?,False
USA|fauna|Metacarcinus magister,¿Dónde se encuentra Metacarcinus magister?,False
USA|fauna|Metacarcinus magister,¿Cuál es el tamaño máximo que puede alcanzar Metacarcinus magister en algunas áreas de la costa de Washington y qué tipo de fondo prefiere habitar?,False
USA|fauna|Linsleya suavissima,¿Qué tipo de especie es Linsleya suavissima?,False
USA|fauna|Linsleya suavissima,¿Dónde se encuentra Linsleya suavissima?,False
USA|fauna|Linsleya suavissima,¿Cuál es la familia a la que pertenece Linsleya suavissima y qué tipo de hábitat ocupa?,False
USA|fauna|Mordella brevistylis,¿Qué tipo de especie es Mordella brevistylis?,False
USA|fauna|Mordella brevistylis,¿Dónde se encuentra Mordella brevistylis?,False
USA|fauna|Mordella brevistylis,¿Qué familia pertenece Mordella brevistylis y qué tipo de hábitat ocupa en su distribución geográfica?,False
USA|fauna|Mordellistena wolcotti,¿Qué tipo de insecto es Mordellistena wolcotti?,False
USA|fauna|Mordellistena wolcotti,¿Dónde se encuentra Mordellistena wolcotti?,False
USA|fauna|Mordellistena wolcotti,¿Qué familia de insectos pertenece Mordellistena wolcotti y qué características distintivas pueden tener los coleópteros de esta familia?,False
USA|fauna|Mordellistena smithi,¿Qué tipo de especie es Mordellistena smithi?,False
USA|fauna|Mordellistena smithi,¿Dónde habita Mordellistena smithi?,False
USA|fauna|Mordellistena smithi,¿Qué características distintivas tiene Mordellistena smithi y en qué región se encuentra?,False
USA|fauna|Mordellistena divisa,¿Qué tipo de especie es Mordellistena divisa?,False
USA|fauna|Mordellistena divisa,¿Cuánto mide Mordellistena divisa hasta el extremo de los élitros?,False
USA|fauna|Mordellistena divisa,¿En qué país se encuentra la especie Mordellistena divisa y qué color presenta?,False
USA|fauna|Mordellistena tarsalis,¿Qué tipo de especie es Mordellistena tarsalis?,False
USA|fauna|Mordellistena tarsalis,¿Dónde se encuentra Mordellistena tarsalis?,False
USA|fauna|Mordellistena tarsalis,¿Qué familia pertenece Mordellistena tarsalis y en qué región geográfica se distribuye?,False
USA|fauna|Mordellistena pauxilla,¿Qué tipo de insecto es Mordellistena pauxilla?,False
USA|fauna|Mordellistena pauxilla,¿Dónde se encuentra Mordellistena pauxilla?,False
USA|fauna|Mordellistena pauxilla,¿Qué familia de insectos pertenece Mordellistena pauxilla y qué características distintivas pueden tener los coleópteros de esta familia?,False
USA|fauna|Neoblattella vomer,¿Qué tipo de especie es Neoblattella vomer?,False
USA|fauna|Neoblattella vomer,¿En qué lugar se encuentra Neoblattella vomer?,False
USA|fauna|Neoblattella vomer,¿A qué familia pertenece Neoblattella vomer y qué características distintivas tiene dentro de su hábitat?,False
USA|fauna|Lytta stygica,¿Qué tipo de especie es Lytta stygica?,False
USA|fauna|Lytta stygica,¿Dónde se encuentra Lytta stygica?,False
USA|fauna|Lytta stygica,¿Cuál es la familia a la que pertenece Lytta stygica y en qué región geográfica se distribuye?,False
USA|fauna|Morgan (caballo),¿Qué es el Morgan?,False
USA|fauna|Morgan (caballo),¿Qué características físicas tiene el caballo Morgan?,False
USA|fauna|Morgan (caballo),¿Cómo ha influido la raza Morgan en otras razas de caballos y en qué contexto histórico se utilizó?,True
USA|fauna|Nemognatha dubia,¿Qué tipo de especie es Nemognatha dubia?,False
USA|fauna|Nemognatha dubia,¿Dónde se encuentra Nemognatha dubia?,True
USA|fauna|Nemognatha dubia,¿Qué familia pertenece Nemognatha dubia y qué características distintivas pueden tener los coleópteros de esta familia?,False
USA|fauna|Mordella felix,¿Qué tipo de especie es Mordella felix?,False
USA|fauna|Mordella felix,¿Dónde se encuentra Mordella felix?,False
USA|fauna|Mordella felix,¿Qué familia pertenece Mordella felix y en qué regiones de Estados Unidos se distribuye?,False
USA|fauna|Neoeurygenius grahami,¿Qué tipo de especie es Neoeurygenius grahami?,False
USA|fauna|Neoeurygenius grahami,¿Dónde se encuentra Neoeurygenius grahami?,False
USA|fauna|Neoeurygenius grahami,¿Qué familia pertenece Neoeurygenius grahami y en qué región geográfica se distribuye?,False
USA|fauna|Myrmecoderus laevipennis,¿Qué tipo de especie es Myrmecoderus laevipennis?,False
USA|fauna|Myrmecoderus laevipennis,¿Dónde se encuentra Myrmecoderus laevipennis?,False
USA|fauna|Myrmecoderus laevipennis,¿Qué familia pertenece Myrmecoderus laevipennis y en qué regiones específicas de América del Norte se distribuye?,False
USA|fauna|Oligonicella bolliana,¿Qué tipo de especie es Oligonicella bolliana?,False
USA|fauna|Oligonicella bolliana,¿Dónde se encuentra Oligonicella bolliana?,False
USA|fauna|Oligonicella bolliana,¿Qué familia pertenece Oligonicella bolliana y qué características distintivas podría tener en su hábitat?,False
USA|fauna|Notoxus werneri,¿Qué tipo de especie es Notoxus werneri?,False
USA|fauna|Notoxus werneri,¿Dónde se encuentra Notoxus werneri?,False
USA|fauna|Notoxus werneri,¿Qué familia pertenece Notoxus werneri y en qué región geográfica se distribuye?,False
USA|fauna|Oxacis nitidicollis,¿Qué tipo de especie es Oxacis nitidicollis?,False
USA|fauna|Oxacis nitidicollis,¿Dónde se encuentra Oxacis nitidicollis?,False
USA|fauna|Oxacis nitidicollis,¿Qué familia pertenece Oxacis nitidicollis y qué tipo de hábitat se asocia comúnmente con los coleópteros de esta familia?,False
USA|fauna|Nicrophorus vespilloides,¿Qué tipo de especie es Nicrophorus vespilloides?,False
USA|fauna|Nicrophorus vespilloides,¿Quién describió a Nicrophorus vespilloides y en qué año?,False
USA|fauna|Nicrophorus vespilloides,¿Qué características distintivas presenta Nicrophorus vespilloides en su coloración y cómo se relaciona esto con su defensa contra depredadores?,True
USA|fauna|Pedilus arizonensis,¿Qué tipo de especie es Pedilus arizonensis?,False
USA|fauna|Pedilus arizonensis,¿Dónde se encuentra Pedilus arizonensis?,False
USA|fauna|Pedilus arizonensis,¿A qué familia pertenece Pedilus arizonensis y qué tipo de hábitat se asocia comúnmente con los coleópteros de esta familia?,False
USA|fauna|Novohorus obscurus,¿Qué tipo de especie es Novohorus obscurus?,False
USA|fauna|Novohorus obscurus,¿Dónde se encuentra Novohorus obscurus?,False
USA|fauna|Novohorus obscurus,¿Quién describió a Novohorus obscurus y en qué año?,False
USA|fauna|Orsonwelles,¿Qué tipo de especie es Orsonwelles?,False
USA|fauna|Orsonwelles,¿Dónde se encuentra nativo el género Orsonwelles?,False
USA|fauna|Orsonwelles,¿Quién describió por primera vez el género Orsonwelles y en qué año?,False
USA|fauna|Orsonwelles falstaffius,¿Qué tipo de especie es Orsonwelles falstaffius?,False
USA|fauna|Orsonwelles falstaffius,¿De qué familia es Orsonwelles falstaffius?,False
USA|fauna|Orsonwelles falstaffius,¿Dónde se encuentra endémicamente Orsonwelles falstaffius?,False
USA|fauna|Paroxacis recendita,¿Qué tipo de especie es Paroxacis recendita?,False
USA|fauna|Paroxacis recendita,¿Dónde se encuentra Paroxacis recendita?,False
USA|fauna|Paroxacis recendita,¿Qué familia pertenece Paroxacis recendita y qué tipo de hábitat se asocia comúnmente con los coleópteros de esta familia?,True
USA|fauna|Parachelifer muricatus,¿Qué tipo de especie es Parachelifer muricatus?,False
USA|fauna|Parachelifer muricatus,¿Dónde se encuentra Parachelifer muricatus?,False
USA|fauna|Parachelifer muricatus,¿Qué tipo de arácnido es Parachelifer muricatus y en qué región geográfica se encuentra?,False
USA|fauna|Oxacis fragilis,¿Qué tipo de especie es Oxacis fragilis?,False
USA|fauna|Oxacis fragilis,¿Dónde se encuentra Oxacis fragilis?,False
USA|fauna|Oxacis fragilis,¿A qué familia pertenece Oxacis fragilis y qué tipo de hábitat ocupa en su distribución geográfica?,False
USA|fauna|Orthocis immaturus,¿Qué tipo de especie es Orthocis immaturus?,False
USA|fauna|Orthocis immaturus,¿Dónde se encuentra Orthocis immaturus?,True
USA|fauna|Orthocis immaturus,¿Qué familia pertenece Orthocis immaturus y en qué islas de Hawái se encuentra?,True
USA|fauna|Plethodon teyahalee,¿Qué tipo de especie es Plethodon teyahalee?,False
USA|fauna|Plethodon teyahalee,¿Dónde se encuentra Plethodon teyahalee?,False
USA|fauna|Plethodon teyahalee,¿Cuál es el hábitat natural de Plethodon teyahalee y qué amenaza enfrenta?,False
USA|fauna|Phalonidia basiochreana,¿Qué tipo de especie es Phalonidia basiochreana?,False
USA|fauna|Phalonidia basiochreana,¿En qué tribu está categorizada Phalonidia basiochreana?,False
USA|fauna|Phalonidia basiochreana,¿Quién describió Phalonidia basiochreana y en qué año fue publicada su descripción?,False
USA|fauna|Pseudariotus notatus,¿Qué tipo de especie es Pseudariotus notatus?,False
USA|fauna|Pseudariotus notatus,¿Dónde habita Pseudariotus notatus?,False
USA|fauna|Pseudariotus notatus,¿En qué regiones se encuentra Pseudariotus notatus además del sureste de Estados Unidos?,False
USA|fauna|Pseudemys alabamensis,¿Qué tipo de especie es Pseudemys alabamensis?,False
USA|fauna|Pseudemys alabamensis,¿Dónde habita Pseudemys alabamensis?,False
USA|fauna|Pseudemys alabamensis,¿Qué características distintivas tiene Pseudemys alabamensis en relación a su reproducción y hábitat?,False
USA|fauna|Planctolpium suteri,¿Qué tipo de especie es Planctolpium suteri?,False
USA|fauna|Planctolpium suteri,¿Dónde se encuentra Planctolpium suteri?,False
USA|fauna|Planctolpium suteri,¿Qué familia pertenece Planctolpium suteri y en qué orden se clasifica?,False
USA|fauna|Pseudozonitis longicornis,¿Qué tipo de especie es Pseudozonitis longicornis?,False
USA|fauna|Pseudozonitis longicornis,¿Dónde se encuentra Pseudozonitis longicornis?,False
USA|fauna|Pseudozonitis longicornis,¿Qué familia pertenece Pseudozonitis longicornis y qué tipo de hábitat se asocia comúnmente con los coleópteros de esta familia?,False
USA|fauna|Sparganothis demissana,¿Qué tipo de especie es Sparganothis demissana?,False
USA|fauna|Sparganothis demissana,¿En qué estado de Estados Unidos se encuentra Sparganothis demissana?,True
USA|fauna|Sparganothis demissana,¿Quién describió Sparganothis demissana y en qué año fue publicada?,False
USA|fauna|Polites sabuleti,¿Qué tipo de especie es Polites sabuleti?,False
USA|fauna|Polites sabuleti,¿Dónde fue descrita la especie Polites sabuleti?,False
USA|fauna|Polites sabuleti,¿Cuáles son algunas de las gramíneas de las que se alimentan las larvas de Polites sabuleti?,False
USA|fauna|Spastonyx macswaini,¿Qué tipo de especie es Spastonyx macswaini?,False
USA|fauna|Spastonyx macswaini,¿Dónde se encuentra Spastonyx macswaini?,False
USA|fauna|Spastonyx macswaini,¿Cuál es la familia a la que pertenece Spastonyx macswaini y en qué región geográfica se distribuye?,False
USA|fauna|Tanarthrus cochisus,¿Qué tipo de especie es Tanarthrus cochisus?,False
USA|fauna|Tanarthrus cochisus,¿Dónde se encuentra Tanarthrus cochisus?,False
USA|fauna|Tanarthrus cochisus,¿Cuál es la familia a la que pertenece Tanarthrus cochisus y en qué región geográfica se distribuye?,False
USA|fauna|Pseudogarypus hesperus,¿Qué tipo de arácnido es Pseudogarypus hesperus?,False
USA|fauna|Pseudogarypus hesperus,¿En qué estados de Estados Unidos se encuentra Pseudogarypus hesperus?,False
USA|fauna|Pseudogarypus hesperus,¿Qué características distintivas tiene Pseudogarypus hesperus y en qué región específica de Estados Unidos se encuentra?,False
USA|flora|Abies magnifica,¿Qué tipo de especie es Abies magnifica?,False
USA|flora|Abies magnifica,¿Dónde es nativa Abies magnifica?,False
USA|flora|Abies magnifica,¿Qué características distintivas tiene la corteza de Abies magnifica en comparación con su edad?,False
USA|fauna|Tyrannochelifer floridanus,¿Qué tipo de especie es Tyrannochelifer floridanus?,False
USA|fauna|Tyrannochelifer floridanus,¿Dónde se encuentra Tyrannochelifer floridanus?,False
USA|fauna|Tyrannochelifer floridanus,¿En qué dos lugares se encuentra Tyrannochelifer floridanus?,False
USA|flora|Allium fibrillum,¿Qué tipo de especie es Allium fibrillum?,False
USA|flora|Allium fibrillum,¿Dónde es originaria Allium fibrillum?,False
USA|flora|Allium fibrillum,¿Quién describió Allium fibrillum y en qué año fue publicado?,False
USA|flora|Adenostoma fasciculatum,¿Qué tipo de especie es Adenostoma fasciculatum?,False
USA|flora|Adenostoma fasciculatum,¿Dónde se puede encontrar Adenostoma fasciculatum?,False
USA|flora|Adenostoma fasciculatum,¿Qué características distintivas tiene Adenostoma fasciculatum que le permiten adaptarse a la sequía y recuperarse después de incendios forestales?,False
USA|fauna|Tyrannochthonius felix,¿Qué tipo de especie es Tyrannochthonius felix?,False
USA|fauna|Tyrannochthonius felix,¿Dónde se encuentra Tyrannochthonius felix?,True
USA|fauna|Tyrannochthonius felix,¿Qué familia pertenece Tyrannochthonius felix y qué características distintivas tiene dentro de su orden?,True
USA|fauna|Xenochodaeus ulkei,¿Qué tipo de especie es Xenochodaeus ulkei?,False
USA|fauna|Xenochodaeus ulkei,¿Dónde se encuentra Xenochodaeus ulkei?,False
USA|fauna|Xenochodaeus ulkei,¿Qué familia pertenece Xenochodaeus ulkei y en qué región geográfica se distribuye?,False
USA|flora|Andropogon gerardii,¿Qué tipo de planta es Andropogon gerardii?,False
USA|flora|Andropogon gerardii,¿Dónde se encuentra Andropogon gerardii?,False
USA|flora|Andropogon gerardii,¿Cuál es la importancia de Andropogon gerardii en la agricultura y el paisaje?,False
USA|flora|Andropogon virginicus,¿Qué tipo de especie es Andropogon virginicus?,False
USA|flora|Andropogon virginicus,¿Dónde se encuentra Andropogon virginicus de forma nativa?,False
USA|flora|Andropogon virginicus,¿Por qué Andropogon virginicus es considerada una especie invasora en lugares como Hawái?,False
USA|flora|Arboreto del Estado de Idaho,¿Qué tipo de entidad es el Arboreto del Estado de Idaho?,False
USA|flora|Arboreto del Estado de Idaho,¿Qué incluye el Arboreto del Estado de Idaho para los visitantes?,False
USA|flora|Arboreto del Estado de Idaho,"¿Qué especies de árboles alberga el Arboreto del Estado de Idaho, y cuál es una de ellas?",False
USA|flora|Anisacanthus quadrifidus,¿Qué tipo de especie es Anisacanthus quadrifidus?,False
USA|flora|Anisacanthus quadrifidus,¿Dónde se encuentra Anisacanthus quadrifidus?,False
USA|flora|Anisacanthus quadrifidus,¿Cuál es el hábitat de Anisacanthus quadrifidus y en qué altitudes se encuentra?,False
USA|flora|Aesculus glabra,¿Qué tipo de especie es Aesculus glabra?,False
USA|flora|Aesculus glabra,¿Dónde se encuentra de forma natural Aesculus glabra?,False
USA|flora|Aesculus glabra,¿Quién describió Aesculus glabra y en qué año fue publicado?,False
USA|flora|Arctostaphylos myrtifolia,¿Qué tipo de especie es Arctostaphylos myrtifolia?,False
USA|flora|Arctostaphylos myrtifolia,¿Dónde se encuentra Arctostaphylos myrtifolia?,False
USA|flora|Arctostaphylos myrtifolia,¿Cuáles son las características distintivas de Arctostaphylos myrtifolia y en qué tipo de hábitat crece?,False
USA|flora|Arctostaphylos hookeri,¿Qué tipo de especie es Arctostaphylos hookeri?,False
USA|flora|Arctostaphylos hookeri,¿Dónde se encuentra Arctostaphylos hookeri?,False
USA|flora|Arctostaphylos hookeri,¿Qué subespecie de Arctostaphylos hookeri se creía extinta en estado salvaje hasta que un espécimen fue descubierto en 2009 y dónde se originó?,False
USA|flora|Atriplex hymenelytra,¿Qué tipo de especie es Atriplex hymenelytra?,False
USA|flora|Atriplex hymenelytra,¿Dónde es originaria Atriplex hymenelytra?,False
USA|flora|Atriplex hymenelytra,¿Quién describió Atriplex hymenelytra y en qué año fue publicado?,False
USA|flora|Arboreto y Jardines de Montana,¿Qué es el Arboreto y Jardines de Montana?,False
USA|flora|Arboreto y Jardines de Montana,¿Dónde se ubica el Arboreto y Jardines de Montana?,False
USA|flora|Arboreto y Jardines de Montana,¿Para qué se creó el Arboreto y Jardines de Montana y quién fue el presidente de la universidad durante su creación?,False
USA|flora|Astragalus anserinus,¿Qué tipo de especie es Astragalus anserinus?,False
USA|flora|Astragalus anserinus,¿Dónde se encuentra Astragalus anserinus?,False
USA|flora|Astragalus anserinus,"¿Qué significa el epíteto latino ""anserinus"" en el nombre de Astragalus anserinus y cuál es su etimología?",False
USA|flora|Baccharis vanessae,¿Qué tipo de especie es Baccharis vanessae?,False
USA|flora|Baccharis vanessae,¿Dónde se encuentra Baccharis vanessae?,False
USA|flora|Baccharis vanessae,"¿Cuál es el hábitat de Baccharis vanessae y qué relación tiene con los ""Torrey pines""?",False
USA|flora|Atriplex coronata,¿Qué tipo de planta es Atriplex coronata?,False
USA|flora|Atriplex coronata,¿Dónde es originaria Atriplex coronata?,False
USA|flora|Atriplex coronata,¿Qué características distintivas tiene Atriplex coronata en cuanto a su hábitat y morfología?,False
USA|flora|Astragalus aridus,¿Qué tipo de especie es Astragalus aridus?,False
USA|flora|Astragalus aridus,¿Dónde se distribuye Astragalus aridus?,False
USA|flora|Astragalus aridus,¿Quién describió Astragalus aridus y en qué publicación se realizó?,False
USA|flora|Berberis aquifolium,¿Cuál es el nombre popular de Berberis aquifolium?,False
USA|flora|Berberis aquifolium,¿En qué tipo de hábitat se encuentra Berberis aquifolium?,False
USA|flora|Berberis aquifolium,¿Quién describió por primera vez Berberis aquifolium y en qué año fue publicado?,False
USA|flora|Asclepias californica,¿Qué tipo de especie es Asclepias californica?,False
USA|flora|Asclepias californica,¿Dónde es nativa Asclepias californica?,False
USA|flora|Asclepias californica,¿Qué importancia tiene Asclepias californica para la mariposa monarca y qué relación tiene con los Kawaiisu?,False
USA|flora|Betula occidentalis,¿Cuál es el nombre común de Betula occidentalis?,False
USA|flora|Betula occidentalis,¿Dónde se encuentra comúnmente Betula occidentalis?,False
USA|flora|Betula occidentalis,¿Qué uso tienen algunos indios de las tribus del Plateau para Betula occidentalis?,False
USA|flora|Boechera perennans,¿Qué tipo de especie es Boechera perennans?,False
USA|flora|Boechera perennans,¿A qué familia pertenece Boechera perennans?,False
USA|flora|Boechera perennans,¿Dónde es nativo Boechera perennans y qué características tienen sus flores?,False
USA|flora|Bosque nacional Okanogan,¿Qué tipo de lugar es el bosque nacional Okanogan?,False
USA|flora|Bosque nacional Okanogan,¿Dónde se encuentra el bosque nacional Okanogan?,False
USA|flora|Bosque nacional Okanogan,¿Qué porcentaje del terreno del bosque nacional Okanogan fue designado por el Congreso para la preservación en 1984?,False
USA|flora|Buchloe dactyloides,¿Qué tipo de especie es Buchloe dactyloides?,False
USA|flora|Buchloe dactyloides,¿Dónde es originaria Buchloe dactyloides?,False
USA|flora|Buchloe dactyloides,¿Qué importancia económica tiene Buchloe dactyloides en su hábitat?,False
USA|flora|Campus del Ventura County Community College District,¿Qué tipo de entidad es el Campus del Ventura County Community College District?,False
USA|flora|Campus del Ventura County Community College District,¿En qué año se trasladó el Campus del Ventura County Community College District a su actual campus?,False
USA|flora|Campus del Ventura County Community College District,¿Qué características distintivas tiene el Campus del Ventura County Community College District en relación a su ubicación y visión?,False
USA|flora|Buddleja scordioides,¿Qué tipo de especie es Buddleja scordioides?,False
USA|flora|Buddleja scordioides,¿Dónde es originaria Buddleja scordioides?,False
USA|flora|Buddleja scordioides,¿Qué características distintivas tiene Buddleja scordioides y en qué tipo de hábitat crece?,False
USA|flora|Calochortus pulchellus,¿Qué tipo de especie es Calochortus pulchellus?,False
USA|flora|Calochortus pulchellus,¿Dónde se localiza principalmente Calochortus pulchellus?,True
USA|flora|Calochortus pulchellus,¿En qué hábitat crece Calochortus pulchellus y qué características tiene su inflorescencia?,False
USA|flora|Carex luzulina,¿Qué tipo de especie es Carex luzulina?,False
USA|flora|Carex luzulina,¿En qué tipo de hábitats crece Carex luzulina?,False
USA|flora|Carex luzulina,¿Quién describió Carex luzulina y en qué publicación se realizó?,False
USA|flora|Chrysothamnus nauseosus,¿Qué tipo de especie es Chrysothamnus nauseosus?,False
USA|flora|Chrysothamnus nauseosus,¿Cuál es el color de las flores de Chrysothamnus nauseosus?,False
USA|flora|Chrysothamnus nauseosus,¿En qué tipo de suelos prospera Chrysothamnus nauseosus y qué características tiene su hábitat?,True
USA|flora|Campanula angustiflora,¿Qué tipo de especie es Campanula angustiflora?,False
USA|flora|Campanula angustiflora,¿Dónde es endémica Campanula angustiflora?,False
USA|flora|Campanula angustiflora,¿Qué características distintivas tiene Campanula angustiflora y en qué tipo de hábitat crece?,False
USA|flora|Carex geyeri,¿Qué tipo de especie es Carex geyeri?,False
USA|flora|Carex geyeri,¿Dónde es nativa Carex geyeri?,False
USA|flora|Carex geyeri,¿Quién describió Carex geyeri y en qué publicación se realizó?,False
USA|flora|Chionanthus virginicus,¿Qué tipo de especie es Chionanthus virginicus?,False
USA|flora|Chionanthus virginicus,¿Dónde es natural Chionanthus virginicus?,False
USA|flora|Chionanthus virginicus,¿Qué propiedades medicinales se le atribuyen a Chionanthus virginicus y qué parte de la planta se utiliza para su uso medicinal?,False
USA|flora|Cyrtopodium punctatum,¿Qué tipo de especie es Cyrtopodium punctatum?,False
USA|flora|Cyrtopodium punctatum,¿Dónde se encuentra Cyrtopodium punctatum?,False
USA|flora|Cyrtopodium punctatum,¿Cuáles son las características distintivas de Cyrtopodium punctatum y en qué hábitat se desarrolla?,False
USA|flora|Cirsium quercetorum,¿Qué tipo de especie es Cirsium quercetorum?,False
USA|flora|Cirsium quercetorum,¿Dónde se encuentra Cirsium quercetorum?,False
USA|flora|Cirsium quercetorum,"¿Qué significa el epíteto latino ""quercetorum"" en Cirsium quercetorum y qué relación tiene con su hábitat?",False
USA|flora|Corydalis aurea,¿Qué tipo de especie es Corydalis aurea?,False
USA|flora|Corydalis aurea,¿Dónde se encuentra especialmente Corydalis aurea?,False
USA|flora|Corydalis aurea,¿Qué propiedades medicinales se le atribuyen a Corydalis aurea y quién la describió?,False
USA|flora|Echinocereus bakeri,¿Qué tipo de especie es Echinocereus bakeri?,False
USA|flora|Echinocereus bakeri,¿En qué estados de los Estados Unidos se distribuye Echinocereus bakeri?,False
USA|flora|Echinocereus bakeri,¿Qué características distintivas presenta Echinocereus bakeri en cuanto a su sistema reproductivo y su número de cromosomas?,False
USA|flora|Echinocereus davisii,¿Qué tipo de especie es Echinocereus davisii?,False
USA|flora|Echinocereus davisii,¿Dónde es endémica Echinocereus davisii?,False
USA|flora|Echinocereus davisii,¿Quién describió Echinocereus davisii y en qué año fue publicada la descripción?,False
USA|flora|Dudleya viscida,¿Cuál es el nombre común de Dudleya viscida?,False
USA|flora|Dudleya viscida,¿A qué familia pertenece Dudleya viscida?,False
USA|flora|Dudleya viscida,¿Quién describió Dudleya viscida y en qué publicación se realizó?,False
USA|flora|Echinocereus fendleri,¿Cuál es el nombre común de Echinocereus fendleri?,False
USA|flora|Echinocereus fendleri,¿En qué bioma se desarrolla principalmente Echinocereus fendleri?,False
USA|flora|Echinocereus fendleri,¿Qué características distintivas presenta Echinocereus fendleri en comparación con otras especies del género Echinocereus?,False
USA|flora|Erythronium albidum,¿Qué tipo de especie es Erythronium albidum?,False
USA|flora|Erythronium albidum,¿Dónde se encuentra principalmente Erythronium albidum?,False
USA|flora|Erythronium albidum,¿Quién describió Erythronium albidum y en qué publicación se realizó?,False
USA|flora|Erythrina herbacea,¿Cuál es el nombre común de Erythrina herbacea?,False
USA|flora|Erythrina herbacea,¿En qué regiones se encuentra Erythrina herbacea?,False
USA|flora|Erythrina herbacea,¿Qué características distintivas tienen las flores de Erythrina herbacea y en qué periodo florece?,False
USA|flora|Ebenopsis ebano,¿Qué tipo de especie es Ebenopsis ebano?,False
USA|flora|Ebenopsis ebano,¿Dónde se encuentra principalmente Ebenopsis ebano?,False
USA|flora|Ebenopsis ebano,¿Qué características distintivas tiene la madera de Ebenopsis ebano y en qué se utiliza?,False
USA|flora|Escobaria missouriensis,¿Qué tipo de especie es Escobaria missouriensis?,False
USA|flora|Escobaria missouriensis,¿Dónde es nativa Escobaria missouriensis?,False
USA|flora|Escobaria missouriensis,¿Quién describió Escobaria missouriensis y en qué año fue publicado?,False
USA|flora|Echinocereus poselgeri,¿Qué tipo de planta es Echinocereus poselgeri?,False
USA|flora|Echinocereus poselgeri,¿Dónde se distribuye Echinocereus poselgeri?,False
USA|flora|Echinocereus poselgeri,¿Quién describió Echinocereus poselgeri y en qué año fue publicada la descripción?,False
USA|flora|Grossularia purpusii,¿Qué tipo de especie es Grossularia purpusii?,False
USA|flora|Grossularia purpusii,¿Dónde se encuentra Grossularia purpusii?,False
USA|flora|Grossularia purpusii,¿Quién describió Grossularia purpusii y en qué publicación se incluyó?,False
USA|flora|Invernadero botánico Foellinger-Freimann,¿Qué tipo de entidad es el Invernadero botánico Foellinger-Freimann?,False
USA|flora|Invernadero botánico Foellinger-Freimann,¿En qué año fue abierto al público el Invernadero botánico Foellinger-Freimann?,False
USA|flora|Invernadero botánico Foellinger-Freimann,¿Qué características tiene el invernadero del Invernadero botánico Foellinger-Freimann y qué tipo de plantas se exhiben en él?,True
USA|flora|Huntington Desert Garden,¿Qué tipo de jardín es el Huntington Desert Garden?,False
USA|flora|Huntington Desert Garden,¿Cuántas especies alberga el Huntington Desert Garden?,False
USA|flora|Huntington Desert Garden,¿Qué tipo de plantas presenta el Huntington Desert Garden y cuál es su importancia en el contexto de la botánica?,False
USA|flora|Iris bracteata,¿Cuál es el nombre común de Iris bracteata?,False
USA|flora|Iris bracteata,¿Quién describió la especie Iris bracteata?,False
USA|flora|Iris bracteata,¿En qué publicación se describió por primera vez Iris bracteata y en qué año?,False
USA|flora|Iodanthus pinnatifidus,¿Qué tipo de especie es Iodanthus pinnatifidus?,False
USA|flora|Iodanthus pinnatifidus,¿Dónde se encuentra Iodanthus pinnatifidus?,False
USA|flora|Iodanthus pinnatifidus,¿Qué características distintivas tiene Iodanthus pinnatifidus y en qué hábitat se encuentra?,False
USA|flora|Eysenhardtia polystachya,¿Qué tipo de especie es Eysenhardtia polystachya?,False
USA|flora|Eysenhardtia polystachya,¿Dónde habita Eysenhardtia polystachya?,False
USA|flora|Eysenhardtia polystachya,¿Qué sustancia fluorescente se extrae de la madera de Eysenhardtia polystachya y cómo fue descrita históricamente?,True
USA|flora|Jardines de Selva de Sarasota,¿Qué tipo de entidad son los Jardines de Selva de Sarasota?,False
USA|flora|Jardines de Selva de Sarasota,¿En qué año comenzaron su andadura los Jardines de Selva de Sarasota?,False
USA|flora|Jardines de Selva de Sarasota,¿Qué tipo de exhibiciones incluyen los Jardines de Selva de Sarasota y quiénes administran el lugar actualmente?,False
USA|flora|Lyrocarpa coulteri,¿Qué tipo de especie es Lyrocarpa coulteri?,False
USA|flora|Lyrocarpa coulteri,¿A qué familia pertenece Lyrocarpa coulteri?,False
USA|flora|Lyrocarpa coulteri,¿Quiénes describieron Lyrocarpa coulteri y en qué año fue publicado?,False
USA|flora|Juglans cinerea,¿Qué tipo de especie es Juglans cinerea?,False
USA|flora|Juglans cinerea,¿Hasta qué altura puede crecer Juglans cinerea?,False
USA|flora|Juglans cinerea,¿Qué propiedades medicinales se atribuían a la corteza de Juglans cinerea durante la Revolución Americana?,False
USA|flora|Jardín de Kirpal,¿Qué tipo de entidad es el Jardín de Kirpal?,False
USA|flora|Jardín de Kirpal,¿En qué año fue creado el Jardín de Kirpal?,False
USA|flora|Jardín de Kirpal,¿Qué ejemplares de árboles se pueden encontrar en el Jardín de Kirpal y qué tipo de administración tiene?,False
USA|flora|Leucothrinax,¿Qué tipo de género es Leucothrinax?,False
USA|flora|Leucothrinax,¿Dónde se encuentra Leucothrinax morrisii?,False
USA|flora|Leucothrinax,¿En qué países o territorios es nativa Leucothrinax morrisii?,False
USA|flora|Liatris cylindracea,¿Qué tipo de especie es Liatris cylindracea?,False
USA|flora|Liatris cylindracea,¿Dónde es nativa Liatris cylindracea?,False
USA|flora|Liatris cylindracea,¿Quién describió Liatris cylindracea y en qué publicación se realizó?,False
USA|flora|Lysiloma latisiliquum,¿Qué tipo de especie es Lysiloma latisiliquum?,False
USA|flora|Lysiloma latisiliquum,¿Dónde se encuentra restringido Lysiloma latisiliquum?,False
USA|flora|Lysiloma latisiliquum,¿Cuál es la función ecológica de Lysiloma latisiliquum en su hábitat?,False
USA|flora|Magnolia virginiana,¿Qué tipo de árbol es la Magnolia virginiana?,False
USA|flora|Magnolia virginiana,¿Cuál es el origen geográfico de la Magnolia virginiana?,False
USA|flora|Magnolia virginiana,¿Quién describió científicamente la Magnolia virginiana y en qué obra fue publicada?,False
USA|flora|Nolina arenicola,¿Qué tipo de planta es Nolina arenicola?,False
USA|flora|Nolina arenicola,¿Dónde se encuentra Nolina arenicola?,False
USA|flora|Nolina arenicola,¿Por qué Nolina arenicola está en la lista de especies amenazadas y en peligro de extinción por los EE. UU. y dónde es endémica?,False
USA|flora|Nolina lindheimeriana,¿Qué tipo de planta es Nolina lindheimeriana?,False
USA|flora|Nolina lindheimeriana,¿Dónde se encuentra Nolina lindheimeriana?,False
USA|flora|Nolina lindheimeriana,¿Cuál es el período de floración de Nolina lindheimeriana y en qué estado de EE. UU. se encuentra?,False
USA|flora|Mammillaria heyderi,¿Qué tipo de especie es Mammillaria heyderi?,False
USA|flora|Mammillaria heyderi,¿Dónde se encuentra Mammillaria heyderi?,False
USA|flora|Mammillaria heyderi,¿Quién describió Mammillaria heyderi y en qué año fue publicado?,False
USA|flora|Opuntia gosseliniana,¿Qué tipo de especie es Opuntia gosseliniana?,False
USA|flora|Opuntia gosseliniana,¿Dónde es nativa Opuntia gosseliniana?,False
USA|flora|Opuntia gosseliniana,¿Quién describió Opuntia gosseliniana y en qué año fue publicado?,False
USA|flora|Narthecium americanum,¿Qué tipo de especie es Narthecium americanum?,False
USA|flora|Narthecium americanum,¿Dónde se distribuye Narthecium americanum?,False
USA|flora|Narthecium americanum,¿En qué estados de EE. UU. está clasificada Narthecium americanum como rara o en peligro de extinción?,False
USA|flora|Parque Estatal del Arboreto de Boyce Thompson,¿Qué tipo de lugar es el Parque Estatal del Arboreto de Boyce Thompson?,False
USA|flora|Parque Estatal del Arboreto de Boyce Thompson,¿Cuántos acres de extensión tiene el Parque Estatal del Arboreto de Boyce Thompson?,False
USA|flora|Parque Estatal del Arboreto de Boyce Thompson,¿Qué instituciones administran el Parque Estatal del Arboreto de Boyce Thompson y en qué año fue fundado?,False
USA|flora|Plantación Botánica Fay Hyland,¿Qué tipo de entidad es la Plantación Botánica Fay Hyland?,False
USA|flora|Plantación Botánica Fay Hyland,¿Quién administra la Plantación Botánica Fay Hyland?,False
USA|flora|Plantación Botánica Fay Hyland,¿Qué papel desempeña la Plantación Botánica Fay Hyland en la investigación de la Universidad de Maine?,False
USA|flora|Palafoxia arida,¿Qué tipo de planta es Palafoxia arida?,False
USA|flora|Palafoxia arida,¿Dónde es nativa Palafoxia arida?,False
USA|flora|Palafoxia arida,¿Quiénes describieron Palafoxia arida y en qué publicación se realizó?,False
USA|flora|Piperia dilatata,¿Qué tipo de especie es Piperia dilatata?,False
USA|flora|Piperia dilatata,¿Dónde se encuentra Piperia dilatata?,False
USA|flora|Piperia dilatata,¿Qué características distintivas tiene Piperia dilatata en cuanto a su hábitat y morfología?,False
USA|flora|Parthenice mollis,¿Qué tipo de especie es Parthenice mollis?,False
USA|flora|Parthenice mollis,¿Dónde se encuentra Parthenice mollis?,False
USA|flora|Parthenice mollis,¿Quién describió Parthenice mollis y en qué año fue publicado?,False
USA|flora|Polemonium pulcherrimum,¿Qué tipo de planta es Polemonium pulcherrimum?,False
USA|flora|Polemonium pulcherrimum,¿Dónde es originaria Polemonium pulcherrimum?,False
USA|flora|Polemonium pulcherrimum,¿Cuáles son algunas de las variedades de Polemonium pulcherrimum?,False
USA|flora|Pastizales costeros del Golfo occidental,¿Qué tipo de ecorregión son los pastizales costeros del Golfo occidental?,False
USA|flora|Pastizales costeros del Golfo occidental,¿Cuál es el clima de los pastizales costeros del Golfo occidental?,False
USA|flora|Pastizales costeros del Golfo occidental,¿Qué especies de pasto alto son típicas de la pradera costera en los pastizales costeros del Golfo occidental?,False
USA|flora|Quercus bicolor,¿Qué tipo de árbol es Quercus bicolor?,False
USA|flora|Quercus bicolor,¿Dónde se encuentra de forma nativa Quercus bicolor?,True
USA|flora|Quercus bicolor,¿Qué características distintivas tiene Quercus bicolor en comparación con otros robles?,False
USA|flora|Prosopis glandulosa,¿Cuál es el nombre común de Prosopis glandulosa en Estados Unidos?,False
USA|flora|Prosopis glandulosa,¿Qué altura normalmente alcanza el Prosopis glandulosa?,False
USA|flora|Prosopis glandulosa,¿Qué importancia tiene el Prosopis glandulosa para el pueblo seri del noroeste de México?,False
USA|flora|Polystichum munitum,¿Qué tipo de planta es Polystichum munitum?,False
USA|flora|Polystichum munitum,¿Dónde se encuentra nativo el helecho de espada occidental?,False
USA|flora|Polystichum munitum,¿Cuáles son las características distintivas de las frondes de Polystichum munitum?,False
USA|flora|Quercus john-tuckeri,¿Qué tipo de especie es Quercus john-tuckeri?,False
USA|flora|Quercus john-tuckeri,¿Dónde es endémica Quercus john-tuckeri?,False
USA|flora|Quercus john-tuckeri,¿En qué tipo de hábitat crece Quercus john-tuckeri y qué características tiene su fruto?,False
USA|flora|Programa de las Leguminosas del Desierto,¿Qué es el Programa de las Leguminosas del Desierto?,False
USA|flora|Programa de las Leguminosas del Desierto,¿En qué año fue creado el Programa de las Leguminosas del Desierto?,False
USA|flora|Programa de las Leguminosas del Desierto,¿Cuál es el objetivo principal del Programa de las Leguminosas del Desierto en relación con las legumbres en peligro?,False
USA|flora|Quercus marilandica,¿Qué tipo de especie es Quercus marilandica?,False
USA|flora|Quercus marilandica,¿Dónde es originaria Quercus marilandica?,False
USA|flora|Quercus marilandica,¿Cuánto tiempo tarda en madurar la bellota de Quercus marilandica y qué características tiene su corteza?,False
USA|flora|Quercus michauxii,¿Qué tipo de especie es Quercus michauxii?,False
USA|flora|Quercus michauxii,¿Dónde es nativa Quercus michauxii?,False
USA|flora|Quercus michauxii,¿Quién describió Quercus michauxii y en qué publicación se realizó?,False
USA|flora|Quercus emoryi,¿Qué tipo de especie es Quercus emoryi?,False
USA|flora|Quercus emoryi,¿En qué regiones es común encontrar Quercus emoryi?,False
USA|flora|Quercus emoryi,¿Quién describió Quercus emoryi y en qué año fue descubierta?,False
USA|flora|Prunus subcordata,¿Qué tipo de especie es Prunus subcordata?,False
USA|flora|Prunus subcordata,¿Dónde es nativa Prunus subcordata?,False
USA|flora|Prunus subcordata,¿Qué características distintivas tiene Prunus subcordata en cuanto a su hábitat y su forma de crecimiento?,False
USA|flora|Quercus virginiana,¿Qué tipo de árbol es Quercus virginiana?,False
USA|flora|Quercus virginiana,¿En qué época florece Quercus virginiana?,False
USA|flora|Quercus virginiana,¿Qué características distintivas tiene la corteza de Quercus virginiana y con qué otras especies hibrida?,False
USA|flora|Rubus spectabilis,¿Qué tipo de especie es Rubus spectabilis?,False
USA|flora|Rubus spectabilis,¿Dónde se encuentra típicamente Rubus spectabilis?,False
USA|flora|Rubus spectabilis,¿Qué características hacen a Rubus spectabilis resistentes a incendios y qué hábitats proporciona?,False
USA|flora|Salix ligulifolia,¿Qué tipo de especie es Salix ligulifolia?,False
USA|flora|Salix ligulifolia,¿Dónde es nativa Salix ligulifolia?,False
USA|flora|Salix ligulifolia,¿En qué hábitats crece Salix ligulifolia y cuál es su altura máxima?,False
USA|flora|Sanicula arctopoides,¿Qué tipo de especie es Sanicula arctopoides?,False
USA|flora|Sanicula arctopoides,¿Dónde se encuentra principalmente Sanicula arctopoides?,False
USA|flora|Sanicula arctopoides,¿Quién describió Sanicula arctopoides y en qué obra fue publicado?,False
USA|flora|Salvia columbariae,¿Qué tipo de especie es Salvia columbariae?,False
USA|flora|Salvia columbariae,¿Dónde se encuentra Salvia columbariae?,False
USA|flora|Salvia columbariae,¿Qué usos medicinales se le atribuían a Salvia columbariae por los nativos americanos?,False
USA|flora|Sassafras albidum,¿Qué tipo de especie es Sassafras albidum?,False
USA|flora|Sassafras albidum,¿Dónde es originaria Sassafras albidum?,False
USA|flora|Sassafras albidum,¿Qué tipo de suelo prefiere Sassafras albidum y en qué tipo de hábitat se encuentra?,False
USA|flora|Schwalbea americana,¿Qué tipo de planta es Schwalbea americana?,False
USA|flora|Schwalbea americana,¿En qué país es originaria Schwalbea americana?,False
USA|flora|Schwalbea americana,¿Quién describió Schwalbea americana y en qué obra fue publicado?,False
USA|flora|Salix bonplandiana,¿Qué tipo de especie es Salix bonplandiana?,False
USA|flora|Salix bonplandiana,¿Dónde es originario Salix bonplandiana?,False
USA|flora|Salix bonplandiana,¿Para qué emplearon los indígenas mesoamericanos Salix bonplandiana en la época prehispánica?,False
USA|flora|Sclerocactus nyensis,¿Qué tipo de especie es Sclerocactus nyensis?,False
USA|flora|Sclerocactus nyensis,¿Dónde se encuentra Sclerocactus nyensis?,False
USA|flora|Sclerocactus nyensis,¿Cuál es el hábitat de Sclerocactus nyensis y en qué altitudes se extiende?,False
USA|flora|Sclerocactus parviflorus,¿Qué tipo de planta es Sclerocactus parviflorus?,False
USA|flora|Sclerocactus parviflorus,¿En qué tipo de hábitat natural se encuentra Sclerocactus parviflorus?,False
USA|flora|Sclerocactus parviflorus,¿Qué características distintivas tiene Sclerocactus parviflorus y en qué altitudes se encuentra?,False
USA|flora|Selva Fitzpatrick,¿Qué tipo de área es la selva Fitzpatrick?,False
USA|flora|Selva Fitzpatrick,¿En qué estado de Estados Unidos se encuentra la selva Fitzpatrick?,False
USA|flora|Selva Fitzpatrick,¿Qué ley se cumple en la selva Fitzpatrick y qué prohíbe en esta área?,False
USA|flora|Shinnersoseris,¿Qué tipo de planta es Shinnersoseris?,False
USA|flora|Shinnersoseris,¿A qué familia pertenece Shinnersoseris?,False
USA|flora|Shinnersoseris,¿Quién describió el género Shinnersoseris y en qué año fue publicado?,False
USA|flora|Selva Tamarac,¿Qué tipo de área es la Selva Tamarac?,False
USA|flora|Selva Tamarac,¿Cuántos acres abarca la Selva Tamarac?,False
USA|flora|Selva Tamarac,¿Qué tipo de árboles predominan en la Selva Tamarac y qué organismo la protege?,False
USA|flora|Selva McCormick,¿Qué tipo de área es la selva McCormick?,False
USA|flora|Selva McCormick,¿Dónde se encuentra situada la selva McCormick?,False
USA|flora|Selva McCormick,¿Cuál es la importancia histórica de la familia McCormick en relación con la selva McCormick?,False
USA|flora|Sclerocactus polyancistrus,¿Qué tipo de planta es Sclerocactus polyancistrus?,False
USA|flora|Sclerocactus polyancistrus,¿Dónde se encuentra Sclerocactus polyancistrus?,False
USA|flora|Sclerocactus polyancistrus,¿Qué características distintivas tiene Sclerocactus polyancistrus y con qué otras especies se asocia en su hábitat?,False
USA|flora|Spiraea tomentosa,¿Qué tipo de especie es Spiraea tomentosa?,False
USA|flora|Spiraea tomentosa,¿Dónde es nativa Spiraea tomentosa?,False
USA|flora|Spiraea tomentosa,¿Quién describió Spiraea tomentosa y en qué año fue publicado?,False
USA|flora|Tsuga heterophylla,¿Qué tipo de especie es Tsuga heterophylla?,False
USA|flora|Tsuga heterophylla,¿Dónde se encuentra principalmente Tsuga heterophylla?,False
USA|flora|Tsuga heterophylla,¿Qué importancia tiene Tsuga heterophylla fuera de su área nativa?,False
USA|flora|Solanum fendleri,¿Qué tipo de especie es Solanum fendleri?,False
USA|flora|Solanum fendleri,¿En qué países está distribuida Solanum fendleri?,False
USA|flora|Solanum fendleri,¿Quién describió Solanum fendleri y en qué año fue publicado?,False
USA|flora|Ulmus rubra,¿Qué tipo de especie es Ulmus rubra?,False
USA|flora|Ulmus rubra,¿Dónde es originaria Ulmus rubra?,False
USA|flora|Ulmus rubra,¿Cuáles son las características distintivas de Ulmus rubra en comparación con el olmo americano?,False
USA|flora|Toxicoscordion exaltatum,¿Qué tipo de especie es Toxicoscordion exaltatum?,False
USA|flora|Toxicoscordion exaltatum,¿En qué estados de Estados Unidos es originaria Toxicoscordion exaltatum?,False
USA|flora|Toxicoscordion exaltatum,¿Quién describió Toxicoscordion exaltatum y en qué publicación se realizó?,False
USA|flora|Toxicoscordion micranthum,¿Qué tipo de especie es Toxicoscordion micranthum?,False
USA|flora|Toxicoscordion micranthum,¿Dónde es nativa Toxicoscordion micranthum?,False
USA|flora|Toxicoscordion micranthum,¿Qué características distintivas tiene Toxicoscordion micranthum en comparación con otras especies del género?,False
USA|flora|Vauquelinia californica,¿Qué tipo de especie es Vauquelinia californica?,False
USA|flora|Vauquelinia californica,¿Dónde es nativa Vauquelinia californica?,False
USA|flora|Vauquelinia californica,¿Quién describió Vauquelinia californica y en qué año fue publicado?,False
USA|geography|Alondra Park,¿Qué tipo de lugar es Alondra Park?,False
USA|geography|Alondra Park,¿Cuál es la población de Alondra Park según el censo del año 2000?,False
USA|geography|Alondra Park,¿Qué porcentaje de la población de Alondra Park estaba por debajo del umbral de pobreza y qué distrito escolar gestiona las escuelas en la localidad?,False
USA|geography|Arbee (California),¿Qué tipo de lugar es Arbee (California)?,False
USA|geography|Arbee (California),¿En qué condado se encuentra Arbee (California)?,False
USA|geography|Arbee (California),¿Cuáles son las coordenadas geográficas donde se ubica Arbee (California)?,False
USA|geography|Armstrong (condado de Nevada),¿Qué tipo de lugar es Armstrong (condado de Nevada)?,False
USA|geography|Armstrong (condado de Nevada),¿En qué estado estadounidense se encuentra ubicado Armstrong (condado de Nevada)?,False
USA|geography|Armstrong (condado de Nevada),¿Cuáles son las coordenadas geográficas de Armstrong (condado de Nevada)?,False
USA|geography|Arroyo Cibolo,¿Qué tipo de lugar es el arroyo Cibolo?,False
USA|geography|Arroyo Cibolo,¿Dónde se ubica el arroyo Cibolo?,False
USA|geography|Arroyo Cibolo,¿Qué importancia tiene el arroyo Cibolo en relación con el río San Antonio?,False
USA|geography|Audubon (Nueva Jersey),¿Qué tipo de lugar es Audubon (Nueva Jersey)?,False
USA|geography|Audubon (Nueva Jersey),¿En qué condado se encuentra ubicado Audubon (Nueva Jersey)?,False
USA|geography|Audubon (Nueva Jersey),¿Cuál era la población de Audubon (Nueva Jersey) según el censo de 2010?,False
USA|flora|Zanthoxylum clava-herculis,¿Qué tipo de especie es Zanthoxylum clava-herculis?,False
USA|flora|Zanthoxylum clava-herculis,¿Dónde es nativa Zanthoxylum clava-herculis?,False
USA|flora|Zanthoxylum clava-herculis,¿Qué características distintivas tiene Zanthoxylum clava-herculis y qué uso medicinal se le daba?,True
USA|geography|2.º distrito congresional de Nueva Jersey,¿Qué es el 2.º distrito congresional de Nueva Jersey?,False
USA|geography|2.º distrito congresional de Nueva Jersey,¿Cuál era la población del 2.º distrito congresional de Nueva Jersey en 2011?,False
USA|geography|2.º distrito congresional de Nueva Jersey,¿Qué porcentaje de la población del 2.º distrito congresional de Nueva Jersey era hispana o latina en 2011 y quién lo representa actualmente?,False
USA|geography|2.º distrito congresional de Nueva Jersey,"¿Qué porcentaje de la población del 2.º distrito congresional de Nueva Jersey era hispana o latina en 2011, y cuántos hogares había en ese mismo año?",False
USA|geography|Barrio Francés de Nueva Orleans,¿Cuál es el nombre habitual del Barrio Francés de Nueva Orleans?,False
USA|geography|Barrio Francés de Nueva Orleans,¿Cuántas personas habitaban el Barrio Francés según el censo de 2010?,False
USA|geography|Barrio Francés de Nueva Orleans,¿Qué características arquitectónicas se implementaron en el Barrio Francés tras el Gran Incendio de Nueva Orleans de 1788?,False
USA|geography|Bellair-Meadowbrook Terrace,¿Qué tipo de lugar es Bellair-Meadowbrook Terrace?,False
USA|geography|Bellair-Meadowbrook Terrace,¿En qué estado de Estados Unidos se ubica Bellair-Meadowbrook Terrace?,False
USA|geography|Bellair-Meadowbrook Terrace,¿Cuál es la densidad poblacional de Bellair-Meadowbrook Terrace según el censo de 2010 y qué porcentaje de su población era blanca?,False
USA|geography|Baker (Luisiana),¿Qué tipo de lugar es Baker?,False
USA|geography|Baker (Luisiana),¿En qué parroquia se encuentra ubicada Baker?,False
USA|geography|Baker (Luisiana),¿Cuál es la población de Baker según el censo de 2010 y qué porcentaje de la población era afroamericana?,False
USA|geography|Beardstown,¿Qué tipo de lugar es Beardstown?,False
USA|geography|Beardstown,¿En qué estado estadounidense se encuentra Beardstown?,False
USA|geography|Beardstown,¿Cuál es la población de Beardstown según el censo de 2010 y qué porcentaje de esta población era hispano o latino?,False
USA|geography|Benld,¿Qué tipo de lugar es Benld?,False
USA|geography|Benld,¿En qué estado estadounidense se encuentra ubicada Benld?,False
USA|geography|Benld,¿Cuál es la población de Benld según el censo de 2010 y qué porcentaje de su población era blanca?,False
USA|geography|Bowen (Illinois),¿Qué tipo de lugar es Bowen (Illinois)?,False
USA|geography|Bowen (Illinois),¿En qué estado estadounidense se encuentra ubicada Bowen?,False
USA|geography|Bowen (Illinois),¿Cuál es la población de Bowen (Illinois) según el censo de 2010 y qué porcentaje de la población estaba compuesta por blancos?,False
USA|geography|Bermuda Dunes,¿Qué tipo de lugar es Bermuda Dunes?,False
USA|geography|Bermuda Dunes,¿Cuál es la población de Bermuda Dunes según el censo del año 2000?,False
USA|geography|Bermuda Dunes,¿Qué porcentaje de la población de Bermuda Dunes estaba por debajo del umbral de pobreza?,False
USA|geography|Batalla de Tuxpan,¿Qué fue la Batalla de Tuxpan?,False
USA|geography|Batalla de Tuxpan,¿Quién comandó la Batalla de Tuxpan?,False
USA|geography|Batalla de Tuxpan,¿Qué ocurrió en Tuxpan después del asedio de Veracruz y quiénes estaban involucrados en la Batalla de Tuxpan?,False
USA|geography|Cantrall (Illinois),¿Qué tipo de lugar es Cantrall (Illinois)?,False
USA|geography|Cantrall (Illinois),¿En qué condado se ubica Cantrall (Illinois)?,False
USA|geography|Cantrall (Illinois),¿Cuál es la densidad de población de Cantrall (Illinois) y qué porcentaje de sus habitantes son blancos?,False
USA|geography|CBP One,¿Qué es CBP One?,False
USA|geography|CBP One,¿Cuándo fue lanzado originalmente CBP One?,False
USA|geography|CBP One,¿Qué función tuvo CBP One en 2023 y cómo se relaciona con las solicitudes de asilo en la frontera entre Estados Unidos y México?,False
USA|geography|Casa Lummis,¿Qué es la casa Lummis?,False
USA|geography|Casa Lummis,¿Quién construyó la casa Lummis?,False
USA|geography|Casa Lummis,¿Qué organización gestiona la casa Lummis como museo histórico y qué tipo de colecciones contiene?,False
USA|geography|Cayo Congo,¿Qué tipo de lugar es el Cayo Congo?,False
USA|geography|Cayo Congo,¿Dónde se ubica el Cayo Congo?,False
USA|geography|Cayo Congo,¿Cuáles son los cayos que se encuentran al sur del Cayo Congo?,False
USA|geography|Capitolio de los Estados Unidos,¿Qué es el Capitolio de los Estados Unidos?,False
USA|geography|Capitolio de los Estados Unidos,¿En qué año fue inaugurado el Capitolio de los Estados Unidos?,False
USA|geography|Capitolio de los Estados Unidos,¿Qué arquitecto diseñó el Capitolio de los Estados Unidos y quiénes fueron los arquitectos que lo modificaron posteriormente?,False
USA|geography|Cedar Creek (Arizona),¿Qué tipo de lugar es Cedar Creek?,False
USA|geography|Cedar Creek (Arizona),¿En qué condado se ubica Cedar Creek?,False
USA|geography|Cedar Creek (Arizona),¿Cuál es la población y la densidad poblacional de Cedar Creek según el censo de 2010?,False
USA|geography|Cayo Grass,¿Qué tipo de lugar es el Cayo Grass?,False
USA|geography|Cayo Grass,¿Dónde se encuentra el Cayo Grass?,False
USA|geography|Cayo Grass,¿Entre qué islas se encuentra el Cayo Grass y qué característica tiene en cuanto a la presencia humana?,False
USA|geography|Chico (Texas),¿Qué tipo de lugar es Chico?,False
USA|geography|Chico (Texas),¿En qué condado se encuentra ubicada Chico?,False
USA|geography|Chico (Texas),¿Cuál es la población de Chico según el censo de 2010 y qué porcentaje de la población era hispana o latina?,False
USA|geography|Coronita,¿Qué tipo de lugar es Coronita?,False
USA|geography|Coronita,¿En qué condado se encuentra ubicado Coronita?,False
USA|geography|Coronita,¿Cuál era la población de Coronita en el año 2010 y en qué coordenadas se encuentra?,False
USA|geography|Cholame (California),¿Qué tipo de lugar es Cholame?,False
USA|geography|Cholame (California),¿Cuál es la altitud de Cholame sobre el nivel del mar?,False
USA|geography|Cholame (California),¿Qué evento significativo ocurrió en Cholame el 30 de septiembre de 1955 y quién fue la persona involucrada?,False
USA|geography|Código Bimini,¿Qué tipo de película es Código Bimini?,False
USA|geography|Código Bimini,¿Quién fue el director de Código Bimini?,False
USA|geography|Código Bimini,¿Qué trama sigue la película Código Bimini y a qué lugar se dirigen los personajes principales?,False
USA|geography|Cordilleras transversales,¿Qué son las cordilleras transversales?,False
USA|geography|Cordilleras transversales,¿Dónde se encuentran las cordilleras transversales?,True
USA|geography|Cordilleras transversales,¿Qué segmentos distintos tienen las cordilleras transversales y cómo se manifiestan geológicamente?,False
USA|geography|Del Norte (Colorado),¿Qué tipo de lugar es Del Norte?,False
USA|geography|Del Norte (Colorado),¿En qué condado se ubica Del Norte?,False
USA|geography|Del Norte (Colorado),¿Cuál es la población de Del Norte según el censo de 2010 y qué porcentaje de la población era hispana o latina?,False
USA|geography|Estanque reflectante del monumento a Lincoln,¿Qué es el estanque reflectante del monumento a Lincoln?,False
USA|geography|Estanque reflectante del monumento a Lincoln,¿Dónde se ubica el estanque reflectante del monumento a Lincoln?,False
USA|geography|Estanque reflectante del monumento a Lincoln,¿Cuáles son las dimensiones del estanque reflectante del monumento a Lincoln en términos de largo y ancho?,False
USA|geography|Escalón (California),¿Qué tipo de lugar es Escalón (California)?,False
USA|geography|Escalón (California),¿En qué condado se ubica Escalón (California)?,False
USA|geography|Escalón (California),¿Cuál es la población aproximada de Escalón (California) según el año 2008?,False
USA|geography|Ignacio (Colorado),¿Qué tipo de lugar es Ignacio?,False
USA|geography|Ignacio (Colorado),¿En qué condado se localiza Ignacio?,False
USA|geography|Ignacio (Colorado),¿Cuál es el porcentaje de la población de Ignacio que vive por debajo de la línea de pobreza?,False
USA|geography|Distrito electoral de Albion n.º 2,¿Qué tipo de lugar es el distrito electoral de Albion n.º 2?,False
USA|geography|Distrito electoral de Albion n.º 2,¿En qué estado estadounidense se ubica el distrito electoral de Albion n.º 2?,False
USA|geography|Distrito electoral de Albion n.º 2,¿Cuál es la población y la densidad poblacional del distrito electoral de Albion n.º 2 según el censo de 2010?,False
USA|geography|Eldorado (Texas),¿Qué tipo de lugar es Eldorado (Texas)?,False
USA|geography|Eldorado (Texas),¿En qué condado se encuentra ubicada Eldorado (Texas)?,False
USA|geography|Eldorado (Texas),¿Cuál es la población de Eldorado (Texas) según el censo de 2010 y qué porcentaje de esta población era hispano o latino?,False
USA|geography|Independence (condado de Calaveras),¿Qué tipo de lugar es Independence (condado de Calaveras)?,False
USA|geography|Independence (condado de Calaveras),¿En qué estado estadounidense se ubica Independence (condado de Calaveras)?,False
USA|geography|Independence (condado de Calaveras),¿A qué altitud se encuentra Independence (condado de Calaveras) sobre el nivel del mar y en qué condado está ubicada?,False
USA|geography|Kirby (Texas),¿Qué tipo de lugar es Kirby?,False
USA|geography|Kirby (Texas),¿En qué condado se encuentra ubicada Kirby?,False
USA|geography|Kirby (Texas),¿Cuál es la población de Kirby según el censo de 2010 y qué porcentaje de la población era hispana o latina?,False
USA|geography|Indian Creek (Florida),¿Qué tipo de lugar es Indian Creek?,False
USA|geography|Indian Creek (Florida),¿En qué condado se encuentra Indian Creek?,False
USA|geography|Indian Creek (Florida),¿Cuál es la población y la densidad poblacional de Indian Creek según el censo de 2010?,False
USA|geography|Lawtey,¿Qué tipo de lugar es Lawtey?,False
USA|geography|Lawtey,¿En qué estado estadounidense se encuentra Lawtey?,False
USA|geography|Lawtey,¿Cuál es la densidad poblacional de Lawtey según el censo de 2010?,False
USA|geography|Isla Jarvis,¿Qué tipo de lugar es la isla Jarvis?,False
USA|geography|Isla Jarvis,¿Dónde se encuentra localizada la isla Jarvis?,False
USA|geography|Isla Jarvis,¿Cuándo fue oficialmente anexionada la isla Jarvis por los Estados Unidos y qué evento importante ocurrió en 1857 relacionado con la isla?,False
USA|geography|Latham (Illinois),¿Qué tipo de lugar es Latham (Illinois)?,False
USA|geography|Latham (Illinois),¿En qué condado se encuentra ubicada Latham (Illinois)?,False
USA|geography|Latham (Illinois),"Según el censo de 2010, ¿cuál era la densidad de población de Latham (Illinois) y qué porcentaje de su población era blanca?",False
USA|geography|Lyons (Illinois),¿Qué tipo de lugar es Lyons (Illinois)?,False
USA|geography|Lyons (Illinois),¿En qué condado se encuentra ubicada Lyons (Illinois)?,False
USA|geography|Lyons (Illinois),¿Cuál es la población de Lyons (Illinois) según el censo de 2010 y qué porcentaje de esta población era hispano o latino?,False
USA|geography|La Grange (Illinois),¿Qué tipo de lugar es La Grange (Illinois)?,False
USA|geography|La Grange (Illinois),¿En qué condado se ubica La Grange (Illinois)?,False
USA|geography|La Grange (Illinois),"Según el censo de 2010, ¿cuál era el porcentaje de la población de La Grange (Illinois) que era blanca y cuántos habitantes tenía en total?",False
USA|geography|Mer Rouge,¿Qué tipo de lugar es Mer Rouge?,False
USA|geography|Mer Rouge,¿En qué estado estadounidense se encuentra Mer Rouge?,False
USA|geography|Mer Rouge,¿Cuál es la población de Mer Rouge según el censo de 2010 y qué porcentaje de la población era blanca?,False
USA|geography|Mercedes (Texas),¿Qué tipo de lugar es Mercedes (Texas)?,False
USA|geography|Mercedes (Texas),¿En qué condado se ubica Mercedes (Texas)?,False
USA|geography|Mercedes (Texas),¿Cuál es la población de Mercedes (Texas) según el censo de 2020 y qué porcentaje de la población es hispana o latina?,False
USA|geography|Magnolia grandiflora,¿Cuál es el nombre común de Magnolia grandiflora?,False
USA|geography|Magnolia grandiflora,¿En qué región es nativa la Magnolia grandiflora?,False
USA|geography|Magnolia grandiflora,¿Qué características distintivas tiene la Magnolia grandiflora en cuanto a su hábitat y su uso en jardinería?,False
USA|geography|Morriston (Florida),¿Qué tipo de lugar es Morriston (Florida)?,False
USA|geography|Morriston (Florida),¿En qué condado se encuentra ubicado Morriston (Florida)?,False
USA|geography|Morriston (Florida),¿Cuál es la población y la densidad poblacional de Morriston (Florida) según el censo de 2010?,False
USA|geography|Municipio de Cave (Illinois),¿Qué tipo de lugar es el municipio de Cave?,False
USA|geography|Municipio de Cave (Illinois),¿Cuál es la superficie total del municipio de Cave?,False
USA|geography|Municipio de Cave (Illinois),¿Qué porcentaje de la población del municipio de Cave era blanca según el censo de 2020?,False
USA|geography|Municipio de Camp Point,¿Qué tipo de lugar es el municipio de Camp Point?,False
USA|geography|Municipio de Camp Point,¿En qué condado se encuentra ubicado el municipio de Camp Point?,False
USA|geography|Municipio de Camp Point,¿Cuál es la superficie total del municipio de Camp Point y cuántos habitantes tenía según el censo de 2010?,False
USA|geography|Municipio de Deer Creek (Illinois),¿Qué tipo de lugar es el municipio de Deer Creek?,False
USA|geography|Municipio de Deer Creek (Illinois),¿En qué condado se ubica el municipio de Deer Creek?,False
USA|geography|Municipio de Deer Creek (Illinois),¿Cuál es la superficie total del municipio de Deer Creek y cuántos habitantes tenía según el censo de 2010?,False
USA|geography|Municipio de Germanville,¿Qué tipo de lugar es el municipio de Germanville?,False
USA|geography|Municipio de Germanville,¿En qué estado estadounidense se ubica el municipio de Germanville?,False
USA|geography|Municipio de Germanville,¿Cuál es la superficie total del municipio de Germanville y cuántos habitantes tenía según el censo de 2010?,False
USA|geography|Municipio de Clover (Illinois),¿Qué tipo de lugar es el municipio de Clover?,False
USA|geography|Municipio de Clover (Illinois),¿Cuál es la superficie total del municipio de Clover?,False
USA|geography|Municipio de Clover (Illinois),¿Cuál era la población del municipio de Clover en el año 2010 y qué porcentaje de esta población era hispano o latino?,False
USA|geography|Municipio de Drummer,¿Qué tipo de lugar es el municipio de Drummer?,False
USA|geography|Municipio de Drummer,¿En qué estado estadounidense se ubica el municipio de Drummer?,False
USA|geography|Municipio de Drummer,¿Cuál es la superficie total del municipio de Drummer y cuántos habitantes tenía según el censo de 2010?,False
USA|geography|Jardín Botánico de la Universidad del Sur de Florida,¿Qué tipo de lugar es el Jardín Botánico de la Universidad del Sur de Florida?,False
USA|geography|Jardín Botánico de la Universidad del Sur de Florida,¿En qué año fue establecido el Jardín Botánico de la Universidad del Sur de Florida?,False
USA|geography|Jardín Botánico de la Universidad del Sur de Florida,¿Cuántos acres de jardines cuidados para la exhibición tiene el Jardín Botánico de la Universidad del Sur de Florida y cuántos acres de vegetación natural lo rodean?,False
USA|geography|Municipio de Manlius (condado de Bureau),¿Qué tipo de lugar es el municipio de Manlius?,False
USA|geography|Municipio de Manlius (condado de Bureau),¿En qué estado estadounidense se ubica el municipio de Manlius?,False
USA|geography|Municipio de Manlius (condado de Bureau),¿Cuál era la población del municipio de Manlius según el censo de 2010 y cuántas personas residían en él?,False
USA|geography|Municipio de Limestone (condado de Kankakee),¿Qué tipo de lugar es el municipio de Limestone (condado de Kankakee)?,False
USA|geography|Municipio de Limestone (condado de Kankakee),¿En qué estado estadounidense se ubica el municipio de Limestone (condado de Kankakee)?,False
USA|geography|Municipio de Limestone (condado de Kankakee),¿Cuál era la población del municipio de Limestone (condado de Kankakee) según el censo de 2010 y qué superficie total tiene?,False
USA|geography|Municipio de Lee (condado de Brown),¿Qué tipo de lugar es el municipio de Lee?,False
USA|geography|Municipio de Lee (condado de Brown),¿Dónde está ubicado el municipio de Lee?,False
USA|geography|Municipio de Lee (condado de Brown),¿Cuál es la población del municipio de Lee y qué porcentaje de esta población es blanca?,False
USA|geography|Municipio de Monroe (Illinois),¿Qué tipo de lugar es el municipio de Monroe?,False
USA|geography|Municipio de Monroe (Illinois),¿En qué condado se ubica el municipio de Monroe?,False
USA|geography|Municipio de Monroe (Illinois),¿Cuál es la población y la densidad poblacional del municipio de Monroe según el censo de 2010?,False
USA|geography|Municipio de New Berlin,¿Qué tipo de lugar es el municipio de New Berlin?,False
USA|geography|Municipio de New Berlin,¿En qué estado estadounidense se ubica el municipio de New Berlin?,False
USA|geography|Municipio de New Berlin,¿Cuál es la superficie total del municipio de New Berlin y cuántos habitantes tenía según el censo de 2010?,False
USA|geography|Municipio de Hopedale,¿Qué tipo de lugar es el municipio de Hopedale?,False
USA|geography|Municipio de Hopedale,¿En qué condado se encuentra ubicado el municipio de Hopedale?,False
USA|geography|Municipio de Hopedale,¿Cuál es la superficie total del municipio de Hopedale y cuántos habitantes tenía según el censo de 2010?,False
USA|geography|Municipio de Deptford,¿Qué tipo de lugar es el municipio de Deptford?,False
USA|geography|Municipio de Deptford,¿En qué estado estadounidense se ubica el municipio de Deptford?,False
USA|geography|Municipio de Deptford,¿Cuál era la población del municipio de Deptford según el censo de 2010 y qué porcentaje de la población estaba por debajo del umbral de pobreza?,False
USA|geography|New Milford (Illinois),¿Qué tipo de lugar es New Milford (Illinois)?,False
USA|geography|New Milford (Illinois),¿En qué condado se encuentra ubicada New Milford (Illinois)?,False
USA|geography|New Milford (Illinois),¿Cuál es la población y la densidad poblacional de New Milford (Illinois) según el censo de 2010?,False
USA|geography|Niantic (Illinois),¿Qué tipo de lugar es Niantic?,False
USA|geography|Niantic (Illinois),¿En qué condado se encuentra ubicada Niantic?,False
USA|geography|Niantic (Illinois),¿Cuál era la densidad poblacional de Niantic según el censo de 2010 y qué porcentaje de su población era blanca?,False
USA|geography|Municipio de Oxford (Illinois),¿Qué tipo de lugar es el municipio de Oxford (Illinois)?,False
USA|geography|Municipio de Oxford (Illinois),¿En qué condado se ubica el municipio de Oxford (Illinois)?,False
USA|geography|Municipio de Oxford (Illinois),¿Cuál es la superficie total del municipio de Oxford (Illinois) y cuántos habitantes tenía según el censo de 2010?,False
USA|geography|North Miami Beach,¿Qué tipo de lugar es North Miami Beach?,False
USA|geography|North Miami Beach,¿En qué estado estadounidense se ubica North Miami Beach?,False
USA|geography|North Miami Beach,¿Cuál es la población de North Miami Beach según el censo de 2010 y qué porcentaje de esta población era hispano o latino?,False
USA|geography|North Palm Beach,¿Qué tipo de lugar es North Palm Beach?,False
USA|geography|North Palm Beach,¿En qué estado estadounidense se encuentra North Palm Beach?,False
USA|geography|North Palm Beach,¿Cuál es la proporción de la superficie de North Palm Beach que corresponde a agua?,False
USA|geography|Municipio de Wilmington (Illinois),¿Qué tipo de lugar es el municipio de Wilmington (Illinois)?,False
USA|geography|Municipio de Wilmington (Illinois),¿En qué condado se ubica el municipio de Wilmington (Illinois)?,False
USA|geography|Municipio de Wilmington (Illinois),¿Cuál es la superficie total del municipio de Wilmington (Illinois) y qué porcentaje de esta superficie corresponde a agua?,False
USA|geography|Oquawka (Illinois),¿Qué tipo de lugar es Oquawka?,False
USA|geography|Oquawka (Illinois),¿En qué condado se encuentra ubicada Oquawka?,False
USA|geography|Oquawka (Illinois),¿Cuál es la población de Oquawka según el censo de 2010 y qué porcentaje de la población era blanca?,False
USA|geography|Newcastle (Texas),¿Qué tipo de lugar es Newcastle (Texas)?,False
USA|geography|Newcastle (Texas),¿En qué condado se ubica Newcastle (Texas)?,False
USA|geography|Newcastle (Texas),¿Cuál es la población de Newcastle (Texas) según el censo de 2010 y qué porcentaje de la población era hispana o latina?,False
USA|geography|Paige (Texas),¿Qué tipo de lugar es Paige (Texas)?,False
USA|geography|Paige (Texas),¿Cuál era la población de Paige (Texas) según el Censo de 2020?,False
USA|geography|Paige (Texas),¿En qué coordenadas se encuentra ubicado Paige (Texas) y qué tipo de entidad es?,False
USA|geography|Patterson (California),"¿En qué año fue fundada la ciudad de Patterson, California?",False
USA|geography|Patterson (California),"¿Cuál es el área total de Patterson, California?",False
USA|geography|Patterson (California),"¿Qué porcentaje de la población de Patterson, California, estaba por debajo del umbral de pobreza según la Oficina del Censo?",False
USA|geography|Pollock Pines,¿Qué tipo de lugar es Pollock Pines?,False
USA|geography|Pollock Pines,¿En qué condado se ubica Pollock Pines?,False
USA|geography|Pollock Pines,¿Cuál es la densidad poblacional de Pollock Pines y qué porcentaje de su población estaba por debajo del umbral de pobreza según el censo de 2000?,False
USA|geography|Puerto del Cajón,¿Qué tipo de lugar es el Puerto del Cajón?,False
USA|geography|Puerto del Cajón,¿A qué altitud se encuentra el Puerto del Cajón?,False
USA|geography|Puerto del Cajón,¿Qué grupo de colonos atravesó el Puerto del Cajón en 1851 y qué formación de rocas se relaciona con este evento?,False
USA|geography|Pleasant Hill (Luisiana),¿Qué tipo de lugar es Pleasant Hill?,False
USA|geography|Pleasant Hill (Luisiana),¿En qué parroquia se encuentra ubicada Pleasant Hill?,False
USA|geography|Pleasant Hill (Luisiana),¿Cuál es la población total de Pleasant Hill según el censo de 2010 y qué porcentaje de la población era afroamericana?,False
USA|geography|Payne Springs,¿Qué tipo de lugar es Payne Springs?,False
USA|geography|Payne Springs,¿En qué estado de Estados Unidos se encuentra ubicado Payne Springs?,False
USA|geography|Payne Springs,¿Cuál es la población de Payne Springs según el censo de 2010 y qué porcentaje de la población era blanca?,False
USA|geography|Richwood (Nueva Jersey),¿Qué tipo de lugar es Richwood (Nueva Jersey)?,False
USA|geography|Richwood (Nueva Jersey),¿En qué condado se ubica Richwood (Nueva Jersey)?,False
USA|geography|Richwood (Nueva Jersey),¿Cuáles son las coordenadas geográficas de Richwood (Nueva Jersey)?,False
USA|geography|Quesada (Texas),¿Qué tipo de lugar es Quesada?,False
USA|geography|Quesada (Texas),¿En qué condado se encuentra ubicado Quesada?,False
USA|geography|Quesada (Texas),¿Cuál es la población y la composición racial de Quesada según el censo de 2010?,False
USA|geography|Roby (Texas),¿Qué tipo de lugar es Roby?,False
USA|geography|Roby (Texas),¿En qué estado estadounidense se ubica Roby?,False
USA|geography|Roby (Texas),¿Cuál es la población de Roby según el censo de 2010 y qué porcentaje de la población era hispano o latino de cualquier raza?,False
USA|geography|Reserva india Yakama,¿Qué tipo de lugar es la Reserva india Yakama?,False
USA|geography|Reserva india Yakama,¿En qué año fue creada la Reserva india Yakama?,False
USA|geography|Reserva india Yakama,¿Qué conflicto surgió a raíz de una disputa sobre el tratado relacionado con la Reserva india Yakama?,False
USA|geography|Rockwood (Illinois),¿Qué tipo de lugar es Rockwood (Illinois)?,False
USA|geography|Rockwood (Illinois),¿En qué condado se encuentra ubicada Rockwood (Illinois)?,False
USA|geography|Rockwood (Illinois),¿Cuál es la población de Rockwood (Illinois) según el censo de 2010 y qué porcentaje de la población era blanca?,False
USA|geography|Quercus prinoides,¿Qué tipo de especie es Quercus prinoides?,False
USA|geography|Quercus prinoides,¿Dónde se encuentra Quercus prinoides?,False
USA|geography|Quercus prinoides,¿Con qué especie está más estrechamente relacionado Quercus prinoides y qué características lo distinguen?,True
USA|geography|Santa Fe Plaza,¿Qué es la Santa Fe Plaza?,False
USA|geography|Santa Fe Plaza,¿Qué tipo de eventos anuales alberga la Santa Fe Plaza?,False
USA|geography|Santa Fe Plaza,¿Cómo evolucionó la Santa Fe Plaza desde su origen y qué importancia tuvo en el contexto del Camino Real?,False
USA|geography|Richmond (Illinois),¿Qué tipo de lugar es Richmond (Illinois)?,False
USA|geography|Richmond (Illinois),¿En qué condado se encuentra ubicada Richmond (Illinois)?,False
USA|geography|Richmond (Illinois),¿Cuál es la población y la densidad poblacional de Richmond (Illinois) según el censo de 2010?,False
USA|geography|Satellite Beach,¿Qué tipo de lugar es Satellite Beach?,False
USA|geography|Satellite Beach,¿En qué estado estadounidense se encuentra Satellite Beach?,False
USA|geography|Satellite Beach,¿Cuál es la superficie total de Satellite Beach y cuánta de ella corresponde a tierra firme?,False
USA|geography|Sheldon (California),¿Qué tipo de lugar es Sheldon (California)?,False
USA|geography|Sheldon (California),¿En qué condado se encuentra ubicada Sheldon (California)?,False
USA|geography|Sheldon (California),¿Cuáles son las coordenadas geográficas donde se encuentra ubicada Sheldon (California)?,False
USA|geography|Shenandoah (Texas),¿Qué tipo de lugar es Shenandoah?,False
USA|geography|Shenandoah (Texas),¿En qué condado se encuentra situada Shenandoah?,False
USA|geography|Shenandoah (Texas),¿Cuál es la densidad de población de Shenandoah según el censo de 2020 y qué porcentaje de su población eran hispanos o latinos?,False
USA|geography|Sims (Illinois),¿Qué tipo de lugar es Sims (Illinois)?,False
USA|geography|Sims (Illinois),¿En qué condado se encuentra ubicada Sims (Illinois)?,False
USA|geography|Sims (Illinois),¿Cuál es la población y la densidad poblacional de Sims (Illinois) según el censo de 2010?,False
USA|geography|Short Hills (Nueva Jersey),¿Qué tipo de lugar es Short Hills?,False
USA|geography|Short Hills (Nueva Jersey),¿En qué condado se encuentra Short Hills?,False
USA|geography|Short Hills (Nueva Jersey),¿Cuál era la población de Short Hills en el año 2010 y en qué estado se ubica?,False
USA|geography|South River (Nueva Jersey),¿Qué tipo de lugar es South River?,False
USA|geography|South River (Nueva Jersey),¿En qué condado se ubica South River?,False
USA|geography|South River (Nueva Jersey),¿Cuál es la población aproximada de South River según el censo de 2010?,False
USA|geography|Sparland (Illinois),¿Qué tipo de lugar es Sparland?,False
USA|geography|Sparland (Illinois),¿En qué condado se encuentra ubicada Sparland?,False
USA|geography|Sparland (Illinois),¿Cuál es la población de Sparland según el censo de 2010 y qué porcentaje de la población era blanca?,False
USA|geography|Thawville (Illinois),¿Qué tipo de lugar es Thawville?,False
USA|geography|Thawville (Illinois),¿En qué condado se encuentra ubicada Thawville?,False
USA|geography|Thawville (Illinois),¿Cuál es la población de Thawville según el censo de 2010 y qué porcentaje de la población era hispana o latina?,False
USA|geography|The Pinery,¿Qué tipo de lugar es The Pinery?,False
USA|geography|The Pinery,¿En qué condado se ubica The Pinery?,False
USA|geography|The Pinery,"Según la Oficina del Censo en 2000, ¿cuáles eran los ingresos medios por hogar en The Pinery?",False
USA|geography|Stanley (Luisiana),¿Qué tipo de lugar es Stanley (Luisiana)?,False
USA|geography|Stanley (Luisiana),¿En qué parroquia se encuentra ubicada Stanley (Luisiana)?,False
USA|geography|Stanley (Luisiana),¿Cuál es la población y la densidad poblacional de Stanley (Luisiana) según el censo de 2010?,False
USA|geography|Theba (Arizona),¿Qué tipo de lugar es Theba (Arizona)?,False
USA|geography|Theba (Arizona),¿En qué condado se encuentra ubicado Theba (Arizona)?,False
USA|geography|Theba (Arizona),¿Cuál es la población de Theba (Arizona) según el censo de 2010 y qué porcentaje de esta población era hispano o latino?,False
USA|geography|Surfside,¿Qué tipo de lugar es Surfside?,True
USA|geography|Surfside,¿Cuál es la superficie total de Surfside?,False
USA|geography|Surfside,¿Qué porcentaje de la población de Surfside era hispana o latina según el censo de 2010 y qué evento le dio trascendencia mundial?,False
USA|geography|Three Rivers (Texas),¿Qué tipo de lugar es Three Rivers?,False
USA|geography|Three Rivers (Texas),¿En qué condado se encuentra ubicada Three Rivers?,False
USA|geography|Three Rivers (Texas),¿Cuál es la población de Three Rivers según el censo de 2010 y qué porcentaje de la población era hispano o latino?,False
USA|geography|Twin Peaks (Condado de Tuolumne),¿Qué tipo de lugar son los Twin Peaks en el condado de Tuolumne?,False
USA|geography|Twin Peaks (Condado de Tuolumne),¿Cuál es la elevación del pico occidental de Twin Peaks?,False
USA|geography|Twin Peaks (Condado de Tuolumne),¿En qué frontera se encuentran los Twin Peaks y qué parque nacional se extiende hacia el sur y el oeste de ellos?,True
USA|geography|Volcano (California),¿Qué tipo de lugar es Volcano (California)?,False
USA|geography|Volcano (California),¿En qué condado se ubica Volcano (California)?,False
USA|geography|Volcano (California),¿Cuál era la población de Volcano (California) en el año 2010 y en qué estado se encuentra?,False
USA|geography|Tiempo de Alaska,¿Qué es el Tiempo de Alaska?,False
USA|geography|Tiempo de Alaska,¿Qué time offset tiene el Tiempo de Alaska durante el horario de verano?,False
USA|geography|Tiempo de Alaska,¿En qué año entró en efecto el cambio del Tiempo de Alaska a AKDT y qué hora se ajusta en el segundo domingo de marzo?,False
USA|geography|Winchuck,¿Qué tipo de lugar es el Winchuck?,False
USA|geography|Winchuck,¿En qué estados atraviesa el río Winchuck?,False
USA|geography|Winchuck,¿Qué arroyos recibe el río Winchuck por la margen derecha y qué fauna acuática se encuentra en él?,False
USA|geography|Yorba Linda,¿Qué tipo de lugar es Yorba Linda?,False
USA|geography|Yorba Linda,¿Dónde se ubica Yorba Linda?,False
USA|geography|Yorba Linda,¿Qué presidente de los Estados Unidos nació en Yorba Linda y qué institución se encuentra en la ciudad?,False
USA|geography|Tierras altas del interior,¿Qué tipo de lugar son las tierras altas del interior?,False
USA|geography|Tierras altas del interior,"¿Qué subregiones se combinan para designar el nombre ""tierras altas del interior""?",False
USA|geography|Tierras altas del interior,¿Cuáles son las tres cadenas montañosas distintas que se encuentran en las tierras altas del interior y cuál es el punto más alto de cada una?,True
USA|object|21 Savage,¿Cuál es el nombre real de 21 Savage?,False
USA|object|21 Savage,¿En qué año comenzó 21 Savage su carrera discográfica?,False
USA|object|21 Savage,¿Qué álbum lanzó 21 Savage en 2018 y qué canción de ese álbum ganó un Grammy?,False
USA|object|400 Millas de Daytona,¿Qué es las 400 Millas de Daytona?,False
USA|object|400 Millas de Daytona,¿Cuántas vueltas tiene la carrera de las 400 Millas de Daytona?,False
USA|object|400 Millas de Daytona,¿Desde qué año se celebra la carrera de las 400 Millas de Daytona y qué día se realizaba originalmente?,False
USA|object|Addison-Wesley,¿Qué tipo de entidad es Addison-Wesley?,False
USA|object|Addison-Wesley,¿Quién compró Addison-Wesley y en qué año?,False
USA|object|Addison-Wesley,¿Por qué es conocida Addison-Wesley y qué servicio utilizaba para distribuir publicaciones técnicas?,False
USA|geography|Área metropolitana de Hanford-Corcoran,¿Qué tipo de lugar es el Área Metropolitana de Hanford-Corcoran?,False
USA|geography|Área metropolitana de Hanford-Corcoran,¿Cuál es la población del Área Metropolitana de Hanford-Corcoran según el Censo de 2010?,False
USA|geography|Área metropolitana de Hanford-Corcoran,¿Qué área metropolitana es la 259.º más poblada de los Estados Unidos y comprende solamente el Condado de Kings?,False
USA|object|Aetna,¿Qué tipo de empresa es Aetna?,False
USA|object|Aetna,¿Cuántos empleados tiene Aetna?,False
USA|object|Aetna,¿Quiénes son el jefe (chairman) y el CEO de Aetna?,False
USA|object|Alto padre,¿Quién es el Alto Padre en los cómics de DC Comics?,False
USA|object|Alto padre,¿Cuál es el verdadero nombre del Alto Padre?,False
USA|object|Alto padre,¿Qué relación tiene el Alto Padre con Darkseid y qué pacto hicieron entre ellos?,False
USA|object|Amazon Glue,¿Qué es Amazon Glue?,False
USA|object|Amazon Glue,¿En qué año se introdujo Amazon Glue?,False
USA|object|Amazon Glue,¿Cuáles son los lenguajes de programación oficialmente compatibles con Amazon Glue a partir de 2020?,False
USA|object|American Bantam Company,¿Qué es American Bantam Company?,False
USA|object|American Bantam Company,¿En qué año fue instituida American Bantam Company?,False
USA|object|American Bantam Company,¿Cuál fue el primer prototipo de vehículo todoterreno presentado por American Bantam Company y para qué fue desarrollado?,False
USA|object|Boeing Model 204,¿Qué es el Boeing Model 204?,False
USA|object|Boeing Model 204,¿En qué año fue construido el Boeing Model 204?,False
USA|object|Boeing Model 204,¿Cuántos aviones se comenzaron a construir del Boeing Model 204 y cuántos fueron completados?,False
USA|object|Astroworld,¿Qué es Astroworld?,False
USA|object|Astroworld,¿Cuándo fue lanzado Astroworld?,False
USA|object|Astroworld,¿Qué álbum de Travis Scott se considera una continuación de su álbum debut Rodeo y fue certificado triple platino por la RIAA?,False
USA|object|Biker Boyz,¿Qué tipo de película es Biker Boyz?,False
USA|object|Biker Boyz,¿Quién fue el director de Biker Boyz?,False
USA|object|Biker Boyz,¿En qué contexto se desarrolla la trama de Biker Boyz y qué tipo de competiciones realizan?,False
USA|object|BAE Systems Inc.,¿Qué es BAE Systems Inc.?,True
USA|object|BAE Systems Inc.,¿Cuántos trabajadores emplea BAE Systems Inc. dentro de las fronteras de los Estados Unidos de América?,False
USA|object|BAE Systems Inc.,¿Qué importante adquisición realizó BAE Systems Inc. el 7 de marzo de 2005 y qué tipo de productos fabricaba la empresa adquirida?,False
USA|object|Apple Fifth Avenue,¿Qué es Apple Fifth Avenue?,False
USA|object|Apple Fifth Avenue,¿En qué año fue construida Apple Fifth Avenue?,False
USA|object|Apple Fifth Avenue,¿Quién diseñó la tienda Apple Fifth Avenue y qué característica distintiva tiene su entrada?,False
USA|object|Boundin',¿Qué es Boundin'?,False
USA|object|Boundin',¿Qué le enseña el jackalope al cordero en Boundin'?,False
USA|object|Boundin',¿Qué elementos de otras creaciones de Pixar se incluyen en Boundin'?,False
USA|object|Call of Duty: Black Ops Cold War,¿Qué tipo de videojuego es Call of Duty: Black Ops Cold War?,False
USA|object|Call of Duty: Black Ops Cold War,¿Quiénes fueron los desarrolladores de Call of Duty: Black Ops Cold War?,False
USA|object|Call of Duty: Black Ops Cold War,¿Qué relación tiene Call of Duty: Black Ops Cold War con la Guerra Fría y qué tipo de críticas recibió tras su lanzamiento?,False
USA|object|Capers Jones,¿Quién es Capers Jones?,False
USA|object|Capers Jones,¿En qué universidad se licenció Capers Jones?,False
USA|object|Capers Jones,¿Qué empresa creó Capers Jones en 1984 y qué puesto ocupó en Software Productivity Research?,False
USA|object|Denso Corporation,¿Qué tipo de compañía es Denso Corporation?,False
USA|object|Denso Corporation,¿En qué año fue fundada Denso Corporation?,False
USA|object|Denso Corporation,¿Qué porcentaje de Denso Corporation está en manos de Toyota Motor y qué posición ocupa Denso en el mercado mundial de fabricantes de componentes para la automoción?,False
USA|object|Boeing XP-4,¿Qué es el Boeing XP-4?,False
USA|object|Boeing XP-4,¿Qué tipo de motor tenía el Boeing XP-4?,False
USA|object|Boeing XP-4,¿Cuál era la velocidad máxima operativa del Boeing XP-4 y qué potencia tenía su motor?,False
USA|object|Daily Journal Corporation,¿Qué tipo de entidad es Daily Journal Corporation?,False
USA|object|Daily Journal Corporation,¿En qué año comenzó a cotizar en bolsa Daily Journal Corporation?,False
USA|object|Daily Journal Corporation,¿Quién compró el periódico The Daily Court Journal y en qué año lo hizo?,False
USA|object|Deseret Book,¿Qué es Deseret Book?,False
USA|object|Deseret Book,¿Cuántas librerías posee Deseret Book?,False
USA|object|Deseret Book,¿A qué entidad pertenece Deseret Book y qué tipo de medios de comunicación distribuye?,False
USA|object|Cat's Eye (manga),¿Qué es Cat's Eye?,False
USA|object|Cat's Eye (manga),¿En qué revista fue publicado Cat's Eye?,False
USA|object|Cat's Eye (manga),¿Cuántas temporadas de anime fueron adaptadas de Cat's Eye y en qué años se emitieron?,True
USA|object|Cat Daddy Games,¿Qué es Cat Daddy Games?,False
USA|object|Cat Daddy Games,¿Para qué editoras ha desarrollado juegos Cat Daddy Games?,False
USA|object|Cat Daddy Games,¿Cuál fue el éxito de Cat Daddy Games con el lanzamiento de Carnival Games y cuántas copias se enviaron en todo el mundo?,False
USA|object|Corsair Gaming,¿Qué es Corsair Gaming?,False
USA|object|Corsair Gaming,¿En qué año fue constituida Corsair Gaming?,False
USA|object|Corsair Gaming,¿Qué tipo de productos comenzó a enviar Corsair Gaming en 2002 y a qué mercado estaban dirigidos?,True
USA|object|Dile al sol,"¿Qué es ""Dile al sol""?",False
USA|object|Dile al sol,"¿Cuándo salió a la venta ""Dile al sol""?",False
USA|object|Dile al sol,"¿Qué canciones de ""Dile al sol"" lograron el primer lugar en las listas de popularidad de España?",False
USA|object|Customers Bancorp,¿Qué es Customers Bancorp?,False
USA|object|Customers Bancorp,¿En qué año tuvo Customers Bancorp su oferta pública inicial en NASDAQ?,False
USA|object|Customers Bancorp,"¿Qué cambios de nombre experimentó New Century Bank antes de convertirse en Customers Bancorp, Inc.?",True
USA|object|El navegante,"¿Qué es ""El navegante""?",False
USA|object|El navegante,"¿Quién fue el director de ""El navegante""?",False
USA|object|El navegante,"¿Cuánto recaudó ""El navegante"" y cuál fue su presupuesto?",False
USA|object|El que recibe las bofetadas (película de 1924),"¿Qué tipo de película es ""El que recibe las bofetadas""?",False
USA|object|El que recibe las bofetadas (película de 1924),"¿Quién fue el director de ""El que recibe las bofetadas""?",False
USA|object|El que recibe las bofetadas (película de 1924),"¿Qué récords mundiales de recaudación de taquilla estableció ""El que recibe las bofetadas"" en un día, una semana y dos semanas?",False
USA|object|Electronic Data Systems,¿Qué tipo de empresa fue Electronic Data Systems?,False
USA|object|Electronic Data Systems,¿En qué año fue fundada Electronic Data Systems?,False
USA|object|Electronic Data Systems,¿Qué porcentaje de las ganancias de Electronic Data Systems en 2004 provino de América y qué empresa la adquirió en 2008?,False
USA|object|First Boston,¿Qué es First Boston?,False
USA|object|First Boston,¿En qué año fue fundado First Boston?,False
USA|object|First Boston,¿Qué relación tuvo First Boston con Crédit Suisse y en qué año adquirió una participación del 44% en First Boston?,False
USA|object|Electronic Arts,¿Qué es Electronic Arts?,False
USA|object|Electronic Arts,¿Quién fundó Electronic Arts?,False
USA|object|Electronic Arts,¿Qué licencia exclusiva adquirió Electronic Arts en mayo de 2013 y qué impacto tuvo en su desarrollo de juegos?,False
USA|object|EAT Club,¿Cuál es el primer sencillo en inglés de la cantante coreana BoA?,False
USA|object|EAT Club,"¿Cuánto dura la versión ""Eat You Up"" (Radio Edit)?",False
USA|object|EAT Club,"¿Qué remixes oficiales de ""Eat You Up"" fueron realizados por DJ Escape y Johnny Vicious?",False
USA|object|Día de desarrolladores de Google,¿Qué son los eventos del Día de desarrolladores de Google?,False
USA|object|Día de desarrolladores de Google,¿Cuántas veces se ha celebrado el Día de desarrolladores de Google hasta la fecha?,False
USA|object|Día de desarrolladores de Google,¿Qué presentó Google en el Día de desarrolladores de Google 2008 y qué tecnologías se discutieron en ese evento?,False
USA|object|Fear (película),"¿Qué es ""Fear""?",False
USA|object|Fear (película),"¿Quién dirigió la película ""Fear""?",False
USA|object|Fear (película),"¿Qué canción ganó el premio MTV Movie Awards de 1996 a la Mejor Canción para Película en ""Fear""?",False
USA|object|First Republic Bank,¿Qué tipo de entidad era First Republic Bank?,False
USA|object|First Republic Bank,¿A qué tipo de clientes atendía First Republic Bank?,False
USA|object|First Republic Bank,¿Qué relación tenía First Republic Bank con la FDIC antes de su cierre y venta a JPMorgan Chase?,False
USA|object|Freescale,¿Qué es Freescale?,False
USA|object|Freescale,¿En qué año se completó la Oferta Pública Inicial de Freescale?,False
USA|object|Freescale,¿Qué relación tuvo Freescale con Motorola y qué evento importante ocurrió el 6 de octubre de 2003?,False
USA|object|Han Lue,¿Quién interpreta al personaje Han Lue en la franquicia Fast & Furious?,False
USA|object|Han Lue,¿En qué película aparece por primera vez el personaje Han Lue?,False
USA|object|Han Lue,¿Cuál es la relación entre el personaje Han Lue y el filme Better Luck Tomorrow en la franquicia Fast & Furious?,False
USA|object|Ford en Fórmula 1,¿Qué fabricante estadounidense de automóviles volvió a la Fórmula 1 en 2026?,False
USA|object|Ford en Fórmula 1,¿A qué equipo suministrará motores Ford en su regreso a la Fórmula 1 en 2026?,False
USA|object|Ford en Fórmula 1,¿Cuántos Grandes Premios ganaron los motores Ford-Cosworth entre 1967 y 2003 y qué equipos destacados utilizaron estos motores?,False
USA|object|G.I. Robot,¿Qué es G.I. Robot?,False
USA|object|G.I. Robot,¿En qué comic-book apareció por primera vez G.I. Robot?,False
USA|object|G.I. Robot,¿Quiénes fueron los creadores del G.I. Robot original y en qué contexto histórico se desarrolla su historia?,False
USA|object|Gargoyles,¿Qué es Gargoyles?,False
USA|object|Gargoyles,¿Quiénes fueron los creadores de Gargoyles?,False
USA|object|Gargoyles,¿Qué evento llevó a las gárgolas a ser transformadas en piedra durante un milenio en la serie Gargoyles?,False
USA|object|JBL,¿Quién fundó JBL?,False
USA|object|JBL,¿Qué tipo de productos produce JBL para uso doméstico?,False
USA|object|JBL,¿Con qué fabricante de automóviles ha mantenido JBL una alianza estratégica para diseñar sistemas de sonido premium desde 1998?,False
USA|object|Kahndaq,¿Qué es Kahndaq?,False
USA|object|Kahndaq,¿Dónde se encuentra Kahndaq?,False
USA|object|Kahndaq,¿Quién fue el dictador que gobernó Kahndaq antes de ser depuesto por Black Adam?,False
USA|object|Ju-on: Origins,"¿Qué es ""Ju-on: Origins""?",False
USA|object|Ju-on: Origins,"¿Quiénes fueron los productores de ""Ju-on: Origins""?",False
USA|object|Ju-on: Origins,"¿Qué calificación recibió ""Ju-on: Origins"" en Rotten Tomatoes y qué indica esta calificación?",True
USA|object|Fundación Banco Santander,¿Qué es la Fundación Banco Santander?,False
USA|object|Fundación Banco Santander,¿En qué año fue constituida la Fundación Banco Santander?,False
USA|object|Fundación Banco Santander,¿Con qué instituciones colabora la Fundación Banco Santander en el ámbito del arte?,False
USA|object|Heathen Chemistry,¿Cuál es el título del quinto álbum de estudio de la banda inglesa Oasis?,False
USA|object|Heathen Chemistry,¿Cuántas copias vendió el álbum Heathen Chemistry en el Reino Unido?,False
USA|object|Heathen Chemistry,¿Qué cambio significativo ocurrió en la composición de las canciones en el álbum Heathen Chemistry en comparación con los álbumes anteriores de Oasis?,False
USA|object|Julianna Peña,¿Cuál es el nombre completo de Julianna Peña?,False
USA|object|Julianna Peña,¿En qué división compite Julianna Peña en la Ultimate Fighting Championship?,False
USA|object|Julianna Peña,¿Qué título obtuvo Julianna Peña el 30 de noviembre de 2013 y en qué evento?,False
USA|object|Jorge el curioso (película),"¿Qué es ""Jorge el curioso""?",False
USA|object|Jorge el curioso (película),"¿Quién fue el director de ""Jorge el curioso""?",False
USA|object|Jorge el curioso (película),"¿Qué características hacen de ""Jorge el curioso"" la primera película animada de Universal Animation Studios?",False
USA|object|King of the Hill (película),"¿En qué año se estrenó la película ""King of the Hill""?",False
USA|object|King of the Hill (película),"¿Quién es el personaje principal de la película ""King of the Hill""?",False
USA|object|King of the Hill (película),"¿Qué evento histórico influye en la trama de ""King of the Hill"" y cómo afecta a la familia de Aaron?",False
USA|object|La frontera (1982),"¿Quién dirigió la película ""La frontera""?",False
USA|object|La frontera (1982),"¿Qué personaje interpreta Jack Nicholson en ""La frontera""?",True
USA|object|La frontera (1982),"¿Cuál es el conflicto principal que enfrenta el personaje de Charlie Smith en ""La frontera""?",False
USA|object|NASCAR 06: Total Team Control,¿Qué es NASCAR 06: Total Team Control?,False
USA|object|NASCAR 06: Total Team Control,¿Quiénes son los conductores que aparecen en la portada del juego NTSC de NASCAR 06: Total Team Control?,False
USA|object|NASCAR 06: Total Team Control,¿Qué características nuevas implementa NASCAR 06: Total Team Control en comparación con su predecesor NASCAR 2005: Chase for the Cup?,False
USA|object|Microsoft Mobile,¿Qué es Microsoft Mobile?,False
USA|object|Microsoft Mobile,¿Qué serie de teléfonos inteligentes fue desarrollada por Microsoft Mobile?,False
USA|object|Microsoft Mobile,¿Qué ocurrió el 25 de abril de 2014 en relación con Microsoft Mobile?,False
USA|object|La maldición del escorpión de jade,"¿Quién escribió, dirigió y protagonizó ""La maldición del escorpión de jade""?",False
USA|object|La maldición del escorpión de jade,"¿Cuál es el presupuesto de producción de ""La maldición del escorpión de jade""?",False
USA|object|La maldición del escorpión de jade,"¿Qué opinó Woody Allen sobre ""La maldición del escorpión de jade"" en relación con su actuación y el contexto de la película?",False
USA|object|PRS Guitars,¿Qué es PRS Guitars?,False
USA|object|PRS Guitars,¿En qué año fue fundada PRS Guitars?,False
USA|object|PRS Guitars,¿Qué tipo de madera utiliza PRS Guitars para los cuerpos de sus guitarras y qué tecnología emplea en su fabricación?,False
USA|object|PARC,¿Qué es PARC?,False
USA|object|PARC,¿En qué año fue fundada PARC?,False
USA|object|PARC,¿Qué desarrollos importantes ha sido responsable PARC en la industria de la computación moderna?,False
USA|object|Long-Term Capital Management,¿Qué es Long-Term Capital Management?,False
USA|object|Long-Term Capital Management,¿Quién fundó Long-Term Capital Management?,False
USA|object|Long-Term Capital Management,¿Qué evento financiero llevó a la intervención de la Reserva Federal de los Estados Unidos en Long-Term Capital Management?,False
USA|object|Ozark Air Lines,¿Qué fue Ozark Air Lines?,False
USA|object|Ozark Air Lines,¿Cuándo inició Ozark Air Lines los vuelos entre Springfield y St. Louis?,False
USA|object|Ozark Air Lines,¿Qué ocurrió con Ozark Air Lines en 1986 y cuál era su base central?,True
USA|object|Martin Nodell,¿Cuál es la fecha de nacimiento de Martin Nodell?,False
USA|object|Martin Nodell,¿En qué año comenzó Martin Nodell su carrera como ilustrador?,False
USA|object|Martin Nodell,¿Qué personaje de cómic fue creado por Martin Nodell y en qué año apareció por primera vez?,True
USA|object|Peet's Coffee,¿Qué es Peet's Coffee?,False
USA|object|Peet's Coffee,¿Quién fundó Peet's Coffee?,False
USA|object|Peet's Coffee,¿Qué empresa adquirió Peet's Coffee en 2012 y por cuánto fue la adquisición?,True
USA|object|PolyGram,¿Qué fue PolyGram?,False
USA|object|PolyGram,¿A quién fue vendida PolyGram en 1998?,False
USA|object|PolyGram,¿Qué papel jugó PolyGram en la introducción del disco de larga duración de vinilo en Europa y qué necesidad tenía la compañía en el mercado?,False
USA|object|Remote Control Productions,¿Qué es Remote Control Productions?,False
USA|object|Remote Control Productions,¿Quién es el compositor veterano que lidera Remote Control Productions?,False
USA|object|Remote Control Productions,¿Por qué cambió su nombre Remote Control Productions de Media Ventures?,False
USA|object|Quake III Arena,¿Qué tipo de videojuego es Quake III Arena?,False
USA|object|Quake III Arena,¿Cuándo fue publicado Quake III Arena?,False
USA|object|Quake III Arena,¿Qué desarrolladora creó Quake III Arena y qué modos de juego incluye por defecto?,False
USA|object|Polaris Inc.,¿Qué es Polaris Inc.?,False
USA|object|Polaris Inc.,¿En qué año compró Polaris Inc. la subsidiaria Indian Motorcycle?,False
USA|object|Polaris Inc.,¿Qué nombre tenía originalmente Polaris Inc. y en qué año pasó a llamarse Polaris Inc.?,True
USA|object|Silver Surfer: Parábola,"¿Qué es ""Silver Surfer: Parábola""?",False
USA|object|Silver Surfer: Parábola,"¿Quién escribió ""Silver Surfer: Parábola""?",False
USA|object|Silver Surfer: Parábola,¿Cuál es la única colaboración entre el ilustrador Moebius y la editorial Marvel?,False
USA|object|Robert Arneson,¿Quién fue Robert Arneson?,False
USA|object|Robert Arneson,¿En qué institución fue profesor de cerámica Robert Arneson?,False
USA|object|Robert Arneson,¿Qué movimiento artístico es Robert Arneson considerado el padre y qué tipo de obras comenzó a crear en la década de 1960?,True
USA|object|Rough Draft Studios,¿Qué es Rough Draft Studios?,False
USA|object|Rough Draft Studios,¿En qué año fue fundado Rough Draft Studios?,False
USA|object|Rough Draft Studios,¿Qué combinación de técnicas de animación es conocida Rough Draft Studios y en qué proyecto la utilizó por primera vez?,False
USA|object|Searchlight Pictures,¿Qué es Searchlight Pictures?,False
USA|object|Searchlight Pictures,¿En qué año fue establecido Searchlight Pictures?,False
USA|object|Searchlight Pictures,¿Qué película producida por Searchlight Pictures ganó el Óscar a la mejor película en la 81.ª edición de los Óscar?,True
USA|object|Rome: Total War,"¿Qué tipo de objeto es ""Rome: Total War""?",False
USA|object|Rome: Total War,"¿En qué año fue publicado ""Rome: Total War""?",False
USA|object|Rome: Total War,"¿Qué combina ""Rome: Total War"" en su sistema de juego y qué tipos de campaña incluye?",False
USA|object|Monsanto,¿Qué tipo de empresa fue Monsanto?,True
USA|object|Monsanto,¿En qué año fue fundada Monsanto y quién fue su fundador?,False
USA|object|Monsanto,¿Qué controversia ha generado Monsanto en relación con las semillas que patenta y cómo afecta a los agricultores?,False
USA|object|Reunion (álbum de Black Sabbath),¿Qué es Reunion?,False
USA|object|Reunion (álbum de Black Sabbath),¿Cuándo fue lanzado el álbum Reunion?,False
USA|object|Reunion (álbum de Black Sabbath),¿Qué miembros de Black Sabbath se reunieron para grabar el álbum Reunion y qué evento significativo ocurrió en 2000 relacionado con este álbum?,False
USA|object|TIM Brasil,¿Qué es TIM Brasil?,False
USA|object|TIM Brasil,¿En qué sector opera TIM Brasil?,False
USA|object|TIM Brasil,¿Desde qué año ha consolidado TIM Brasil su presencia a nivel nacional y en qué ciudad se encuentran sus oficinas centrales?,False
USA|object|SpaceX CRS-14,¿Qué es SpaceX CRS-14?,False
USA|object|SpaceX CRS-14,¿Cuándo fue lanzada la misión SpaceX CRS-14?,False
USA|object|SpaceX CRS-14,¿Qué tipo de carga incluye la misión SpaceX CRS-14 y cuántos kilos de material ha puesto en órbita?,False
USA|object|Teresa (película de 1951),"¿Qué tipo de película es ""Teresa""?",False
USA|object|Teresa (película de 1951),"¿Quién fue el director de la película ""Teresa""?",False
USA|object|Teresa (película de 1951),"¿En qué contexto histórico se desarrolla la película ""Teresa"" y quién es el protagonista?",False
USA|object|Smashbox Studios,¿Qué es Smashbox Studios?,False
USA|object|Smashbox Studios,¿Quiénes fundaron Smashbox Studios?,False
USA|object|Smashbox Studios,¿Qué relación tuvo Smashbox Studios con IMG y qué evento suspendieron en 2009?,True
USA|object|Tenor (sitio web),¿Qué es Tenor?,False
USA|object|Tenor (sitio web),¿En qué año fue fundado Tenor?,False
USA|object|Tenor (sitio web),¿Qué amenaza recibió Tenor en noviembre de 2017 y por parte de quién?,False
USA|object|The Behemoth,¿Qué tipo de empresa es The Behemoth?,False
USA|object|The Behemoth,¿En qué año fue fundada The Behemoth?,False
USA|object|The Behemoth,¿Cuáles son dos juegos que ha producido The Behemoth y que también ha desarrollado?,False
USA|object|The World Is Not Enough,"¿Qué es ""The World Is Not Enough""?",False
USA|object|The World Is Not Enough,"¿Quién fue el director de ""The World Is Not Enough""?",False
USA|object|The World Is Not Enough,"¿Cuál es el contexto del asesinato de Sir Robert King en ""The World Is Not Enough"" y quién es el terrorista involucrado?",False
USA|object|Tappan Company,¿En qué año comenzó Tappan Company su historia?,False
USA|object|Tappan Company,¿Qué nombre adoptó Tappan Company después de ser conocida como Empresa de Estufas Eclipse?,False
USA|object|Tappan Company,¿Qué innovaciones significativas introdujo Tappan Company en la industria de la cocina durante el siglo XX?,True
USA|object|The Simpsons Ride,¿Qué es The Simpsons Ride?,False
USA|object|The Simpsons Ride,¿Cuándo se inauguró The Simpsons Ride en Hollywood?,False
USA|object|The Simpsons Ride,¿Qué características técnicas utiliza The Simpsons Ride para su simulación y cuántas personas puede transportar por hora?,False
USA|object|Thunder (película),¿Qué tipo de película es Thunder?,False
USA|object|Thunder (película),¿Quién protagoniza la película Thunder?,False
USA|object|Thunder (película),¿Qué características distintivas tenía la película Thunder en comparación con otras películas de su época?,False
USA|object|This Island Earth,"¿Qué tipo de película es ""This Island Earth""?",False
USA|object|This Island Earth,"¿Quién fue el productor de ""This Island Earth""?",False
USA|object|This Island Earth,"¿En qué año se estrenó ""This Island Earth"" y quiénes fueron sus directores?",False
USA|object|SuperBeef,¿Qué es el SuperBeef?,False
USA|object|SuperBeef,¿Cuáles son algunos de los ingredientes que componen el SuperBeef?,False
USA|object|SuperBeef,¿Cuál era el precio del SuperBeef y en qué periodo estuvo disponible?,False
USA|object|Tommy Hilfiger (empresa),¿Qué tipo de empresa es Tommy Hilfiger?,False
USA|object|Tommy Hilfiger (empresa),¿En qué año fue fundada Tommy Hilfiger?,False
USA|object|Tommy Hilfiger (empresa),¿Qué empresa adquirió Tommy Hilfiger por aproximadamente 1600 millones de dólares estadounidenses y en qué año se realizó la compra?,False
USA|object|Touch of Evil,"¿Qué es ""Touch of Evil""?",False
USA|object|Touch of Evil,"¿Quién fue el director de ""Touch of Evil""?",False
USA|object|Touch of Evil,"¿En qué año fue estrenada ""Touch of Evil"" y qué significó para Orson Welles en su carrera?",False
USA|object|Turn 10 Studios,¿Qué tipo de entidad es Turn 10 Studios?,False
USA|object|Turn 10 Studios,¿En qué año se fundó Turn 10 Studios?,False
USA|object|Turn 10 Studios,¿Qué desarrolladora estadounidense de videojuegos fue fundada por Microsoft para desarrollar la saga Forza Motorsport y se compone de más de 300 empleados?,False
USA|object|Tyla,¿Cuál es el nombre completo de Tyla?,False
USA|object|Tyla,¿En qué año lanzó Tyla su sencillo «Water»?,True
USA|object|Tyla,¿Qué premio ganó Tyla en febrero de 2024 y por qué canción?,True
USA|object|Turbo C,¿Qué es Turbo C?,False
USA|object|Turbo C,¿En qué año fue lanzada la primera versión de Turbo C?,False
USA|object|Turbo C,¿Qué características tenía Turbo C en su versión 2.0 y qué producto lo sustituyó en 1990?,False
USA|object|UFC Fight Night: Silva vs. Irvin,¿Qué tipo de evento es UFC Fight Night: Silva vs. Irvin?,False
USA|object|UFC Fight Night: Silva vs. Irvin,¿Quién fue el oponente de Anderson Silva en UFC Fight Night: Silva vs. Irvin?,False
USA|object|UFC Fight Night: Silva vs. Irvin,¿Cuál fue la fecha y el lugar de celebración de UFC Fight Night: Silva vs. Irvin?,False
USA|object|USA Today,¿Qué es USA Today?,False
USA|object|USA Today,¿Cuándo fue fundado USA Today?,False
USA|object|USA Today,¿Qué innovaciones introdujo USA Today en la distribución de periódicos y cuándo se sometió a su primer rediseño importante?,False
USA|object|UFC Fight Night: Chiesa vs. Lee,¿Qué tipo de evento es UFC Fight Night: Chiesa vs. Lee?,False
USA|object|UFC Fight Night: Chiesa vs. Lee,¿Quiénes fueron los protagonistas del evento estelar en UFC Fight Night: Chiesa vs. Lee?,True
USA|object|UFC Fight Night: Chiesa vs. Lee,"¿En qué fecha y lugar se llevó a cabo UFC Fight Night: Chiesa vs. Lee, y quién lo organizó?",False
USA|object|Valero Energy,¿Qué es Valero Energy?,False
USA|object|Valero Energy,¿Cuántas refinerías de petróleo tiene Valero Energy en todo el mundo?,False
USA|object|Valero Energy,¿Qué tipo de crudo ha procesado históricamente Valero Energy y de dónde proviene?,True
USA|object|United Express,¿Qué es United Express?,False
USA|object|United Express,¿Qué tipo de vuelos opera United Express?,False
USA|object|United Express,¿Qué cambio realizó United Express en relación a su empresa matriz el 27 de junio de 2019?,False
USA|object|UFC on ESPN: Brunson vs. Holland,¿Qué tipo de evento es UFC on ESPN: Brunson vs. Holland?,False
USA|object|UFC on ESPN: Brunson vs. Holland,¿Quién fue el plato fuerte del evento UFC on ESPN: Brunson vs. Holland?,False
USA|object|UFC on ESPN: Brunson vs. Holland,¿Qué evento fue programado originalmente para incluir el combate de peso gallo femenino entre Marion Reneau y Macy Chiasson antes de ser reprogramado?,False
USA|object|Valentina Shevchenko,¿Quién es Valentina Shevchenko?,False
USA|object|Valentina Shevchenko,¿En qué categoría compite Valentina Shevchenko en Ultimate Fighting Championship?,False
USA|object|Valentina Shevchenko,¿Cuántas veces ha sido campeona mundial de muay thai Valentina Shevchenko y qué otro título ha obtenido en UFC?,False
USA|object|UFC on Fox: Weidman vs. Gastelum,¿Qué tipo de evento fue UFC on Fox: Weidman vs. Gastelum?,False
USA|object|UFC on Fox: Weidman vs. Gastelum,¿En qué fecha se llevó a cabo UFC on Fox: Weidman vs. Gastelum?,False
USA|object|UFC on Fox: Weidman vs. Gastelum,¿Quiénes fueron los peleadores que protagonizaron el combate de peso mediano en UFC on Fox: Weidman vs. Gastelum?,False
USA|object|UFC on ESPN: Covington vs. Buckley,¿Qué tipo de evento fue UFC on ESPN: Covington vs. Buckley?,False
USA|object|UFC on ESPN: Covington vs. Buckley,¿Cuándo se llevó a cabo el evento UFC on ESPN: Covington vs. Buckley?,False
USA|object|UFC on ESPN: Covington vs. Buckley,¿Qué peleadores encabezaron el evento UFC on ESPN: Covington vs. Buckley y quién reemplazó a Ian Garry?,True
USA|object|Venmo,¿Qué es Venmo?,False
USA|object|Venmo,¿En qué año fue fundado Venmo?,False
USA|object|Venmo,¿Quiénes fundaron Venmo y qué inspiró su creación?,False
USA|object|WarnerMedia,¿Qué es WarnerMedia?,False
USA|object|WarnerMedia,¿Quién es el propietario de WarnerMedia?,False
USA|object|WarnerMedia,¿Qué puesto ocupó WarnerMedia en el listado Fortune 500 de 2018?,False
USA|object|Vuelo 771 de Gulf Air,¿Qué ocurrió con el vuelo 771 de Gulf Air el 23 de septiembre de 1983?,False
USA|object|Vuelo 771 de Gulf Air,¿Cuántos miembros de la tripulación y pasajeros murieron en el vuelo 771 de Gulf Air?,False
USA|object|Vuelo 771 de Gulf Air,¿Quién llevó a cabo la investigación del accidente del vuelo 771 de Gulf Air y qué se reveló en septiembre de 1987?,False
USA|object|Vuelo 214 de Asiana Airlines,¿Qué es el vuelo 214 de Asiana Airlines?,False
USA|object|Vuelo 214 de Asiana Airlines,¿Cuántos pasajeros viajaban en el vuelo 214 de Asiana Airlines?,False
USA|object|Vuelo 214 de Asiana Airlines,¿Qué tipo de aeronave era el vuelo 214 de Asiana Airlines y cuál era su matrícula?,False
USA|object|Williams Sonoma,¿Quién fundó Williams Sonoma?,False
USA|object|Williams Sonoma,¿En qué año fue fundada Williams Sonoma?,False
USA|object|Williams Sonoma,¿Qué producto introdujo Williams Sonoma en el mercado estadounidense en 1973 y quién fue el fundador de la empresa?,False
USA|public_figure|Aaron Rodgers,¿Quién es Aaron Rodgers?,False
USA|public_figure|Aaron Rodgers,¿En qué posición juega Aaron Rodgers?,False
USA|public_figure|Aaron Rodgers,¿Cuántas veces ha sido nombrado MVP de la Temporada Aaron Rodgers y en qué año fichó por los New York Jets?,False
USA|object|Walmart de México y Centroamérica,¿Qué es Walmart de México y Centroamérica?,False
USA|object|Walmart de México y Centroamérica,¿En qué año fue fundada Walmart de México y Centroamérica?,False
USA|object|Walmart de México y Centroamérica,¿Cuántas tiendas tenía Walmart de México y Centroamérica en 5 países de Centroamérica al cierre del año 2016?,False
USA|object|Zebra Technologies,¿Qué tipo de productos fabrica Zebra Technologies?,False
USA|object|Zebra Technologies,¿En qué año Zebra Technologies cambió su foco de negocio hacia la impresión de etiquetas con información variable?,False
USA|object|Zebra Technologies,"¿Qué porcentaje de las compañías de ""Fortune 500"" utilizan los productos de Zebra Technologies y en qué año comenzó a cotizar en la bolsa de valores de NASDAQ?",False
USA|public_figure|Andrew Bynum,¿Cuál es el nombre completo de Andrew Bynum?,False
USA|public_figure|Andrew Bynum,¿Cuántas temporadas jugó Andrew Bynum en la NBA?,False
USA|public_figure|Andrew Bynum,¿Qué equipo seleccionó a Andrew Bynum en el draft de la NBA de 2005 y cuántos campeonatos ganó con ese equipo?,False
USA|public_figure|Angelo DiGeorge,¿Quién fue Angelo DiGeorge?,False
USA|public_figure|Angelo DiGeorge,¿En qué universidad se educó y graduó Angelo DiGeorge?,False
USA|public_figure|Angelo DiGeorge,¿Qué síndrome describió Angelo DiGeorge y en qué años fue presidente de la Lawson Wilkins Pediatric Endocrine Society?,False
USA|public_figure|Adam F. Goldberg,¿Quién es Adam F. Goldberg?,False
USA|public_figure|Adam F. Goldberg,¿Qué serie de televisión es conocida por ser creada y producida ejecutivamente por Adam F. Goldberg?,False
USA|public_figure|Adam F. Goldberg,¿Qué obra produjo Adam F. Goldberg a los 15 años y ganó el Festival de Jóvenes Dramaturgos de Filadelfia?,True
USA|public_figure|Alice Ball,¿Quién fue Alice Ball?,False
USA|public_figure|Alice Ball,¿Qué tratamiento desarrolló Alice Ball para la lepra?,False
USA|public_figure|Alice Ball,¿Qué logro significativo alcanzó Alice Ball en la Universidad de Hawái en 1915?,False
USA|public_figure|Art Williams,¿Cuál es el nombre completo de Art Williams?,False
USA|public_figure|Art Williams,¿Cuántas temporadas jugó Art Williams en la NBA?,False
USA|public_figure|Art Williams,¿En qué equipo jugó Art Williams cuando ganó su anillo de campeón de la NBA y en qué temporada fue?,False
USA|public_figure|Alice Gulick,¿Cuándo nació Alice Gulick?,False
USA|public_figure|Alice Gulick,¿Qué institución fundó Alice Gulick en España?,True
USA|public_figure|Alice Gulick,¿Qué innovaciones pedagógicas introdujo Alice Gulick en el Instituto Internacional en España?,False
USA|public_figure|Ari Emanuel,¿Cuándo nació Ari Emanuel?,False
USA|public_figure|Ari Emanuel,¿Cuál es la ocupación principal de Ari Emanuel?,False
USA|public_figure|Ari Emanuel,¿Qué relación tiene Ari Emanuel con el exalcalde de Chicago Rahm Emanuel y el oncólogo Ezekiel Emanuel?,False
USA|public_figure|Baron Davis,¿Cuándo nació Baron Davis?,False
USA|public_figure|Baron Davis,¿Qué posición jugaba Baron Davis en baloncesto?,False
USA|public_figure|Baron Davis,¿Qué equipo eligió Baron Davis en el Draft de la NBA de 1999 y en qué posición fue elegido?,False
USA|public_figure|Belle L. Pettigrew,¿Cuándo nació Belle L. Pettigrew?,False
USA|public_figure|Belle L. Pettigrew,¿En qué instituciones enseñó Belle L. Pettigrew?,False
USA|public_figure|Belle L. Pettigrew,¿Qué roles ocupó Belle L. Pettigrew en la Woman's American Baptist Home Mission Society y la Woman's Christian Temperance Union?,False
USA|public_figure|Austin Hollins,¿Cuál es la fecha de nacimiento de Austin Hollins?,False
USA|public_figure|Austin Hollins,¿Qué posición juega Austin Hollins en el baloncesto?,False
USA|public_figure|Austin Hollins,¿Qué equipo firmó Austin Hollins el 26 de febrero de 2025 y en qué liga juega actualmente?,True
USA|public_figure|Asher Brown Durand,¿Quién fue Asher Brown Durand?,False
USA|public_figure|Asher Brown Durand,¿En qué año realizó Asher Brown Durand su único viaje a Europa?,False
USA|public_figure|Asher Brown Durand,¿Qué contribución hizo Asher Brown Durand a la Academia Nacional de Dibujo y en qué años fue su presidencia?,False
USA|public_figure|Bernard Suits,¿Quién es Bernard Suits?,False
USA|public_figure|Bernard Suits,¿En qué área de investigación se especializó Bernard Suits?,False
USA|public_figure|Bernard Suits,"¿Qué define Bernard Suits como juego en su obra ""La Cigarra: Juegos, Vida y Utopía""?",False
USA|public_figure|Bill Kennedy,¿Cuál es el nombre completo de Bill Kennedy?,False
USA|public_figure|Bill Kennedy,¿En qué equipo universitario jugó Bill Kennedy?,False
USA|public_figure|Bill Kennedy,¿Qué posición ocupó Bill Kennedy en el Draft de la NBA y qué equipo lo seleccionó?,False
USA|public_figure|Candy Montgomery,¿Cuál es el nombre completo de Candy Montgomery?,False
USA|public_figure|Candy Montgomery,¿Cuántos hijos tiene Candy Montgomery?,False
USA|public_figure|Candy Montgomery,¿Quién fue el abogado defensor de Candy Montgomery durante su juicio?,False
USA|public_figure|Brad Bufanda,¿Cuándo nació Brad Bufanda?,False
USA|public_figure|Brad Bufanda,¿Qué papel interpretó Brad Bufanda en la serie de televisión Veronica Mars?,True
USA|public_figure|Brad Bufanda,¿Qué circunstancias rodearon la muerte de Brad Bufanda y qué dejó escrito en su nota?,True
USA|public_figure|Calvin Garrett,¿Cuál es el nombre completo de Calvin Garrett?,False
USA|public_figure|Calvin Garrett,¿Cuántas temporadas jugó Calvin Garrett en la NBA?,False
USA|public_figure|Calvin Garrett,¿Qué equipo eligió a Calvin Garrett en la cuadragésimo séptima posición del Draft de la NBA y a qué equipo fue traspasado después?,False
USA|public_figure|Brianna McNeal,¿Quién es Brianna McNeal?,False
USA|public_figure|Brianna McNeal,¿En qué ciudad nació Brianna McNeal?,False
USA|public_figure|Brianna McNeal,¿Qué reconocimiento recibió Brianna McNeal por su destacada temporada en 2013?,True
USA|public_figure|Bob Welch,¿Quién fue Bob Welch?,False
USA|public_figure|Bob Welch,¿En qué año se unió Bob Welch a Fleetwood Mac?,False
USA|public_figure|Bob Welch,¿Qué álbum lanzó Fleetwood Mac en septiembre de 1971 y quién escribió la canción del título?,True
USA|public_figure|Carter Cruise,¿Cuándo nació Carter Cruise?,False
USA|public_figure|Carter Cruise,¿En qué universidad se inscribió Carter Cruise para realizar un grado en Psicología?,False
USA|public_figure|Carter Cruise,¿Qué premios ganó Carter Cruise en 2015 y por qué película?,True
USA|public_figure|Charles Pickering,¿En qué año nació Charles Pickering?,False
USA|public_figure|Charles Pickering,¿Cuál fue una de las ocupaciones de Charles Pickering?,False
USA|public_figure|Charles Pickering,¿Qué obra publicó Charles Pickering en 1854 y cuál fue su tema principal?,True
USA|public_figure|Catherine Keener,¿Cuál es el nombre completo de Catherine Keener?,False
USA|public_figure|Catherine Keener,¿En qué año comenzó la carrera de Catherine Keener como actriz?,False
USA|public_figure|Catherine Keener,¿Cuáles son los orígenes étnicos de Catherine Keener y en qué año recibió su primera nominación al Oscar?,False
USA|public_figure|Charles W. Mills,¿Cuándo nació Charles W. Mills?,False
USA|public_figure|Charles W. Mills,¿En qué universidad enseñó Charles W. Mills Filosofía?,False
USA|public_figure|Charles W. Mills,¿Qué obra de Charles W. Mills postula que el contrato social es en realidad un contrato basado en la dominación blanca y ganó el premio Gustavus Myers?,True
USA|public_figure|Chairlift,¿Qué tipo de banda fue Chairlift?,False
USA|public_figure|Chairlift,¿En qué año firmó Chairlift un contrato discográfico con Kanine Records?,False
USA|public_figure|Chairlift,¿Qué miembros formaron inicialmente Chairlift y en qué contexto se conocieron?,True
USA|public_figure|Chelsea Marie,¿Cuál es la fecha de nacimiento de Chelsea Marie?,False
USA|public_figure|Chelsea Marie,¿En qué año debutó Chelsea Marie en la industria pornográfica?,False
USA|public_figure|Chelsea Marie,¿Qué reconocimientos recibió Chelsea Marie en 2017 y por qué?,False
USA|public_figure|Chico Vaughn,¿Cuál es el nombre completo de Chico Vaughn?,False
USA|public_figure|Chico Vaughn,¿En qué universidad jugó Chico Vaughn durante su carrera universitaria?,False
USA|public_figure|Chico Vaughn,¿Cuántas temporadas jugó Chico Vaughn en la NBA y en qué posición se desempeñaba?,False
USA|public_figure|Dan Flavin (político),¿Cuál es el nombre completo de Dan Flavin?,False
USA|public_figure|Dan Flavin (político),¿En qué estado falleció Dan Flavin?,False
USA|public_figure|Dan Flavin (político),¿Qué cargo ocupó Dan Flavin y en qué periodo sirvió en la Cámara de Representantes de Louisiana?,False
USA|public_figure|Dale Schlueter,¿Cuál es el nombre completo de Dale Schlueter?,False
USA|public_figure|Dale Schlueter,¿En qué posición jugaba Dale Schlueter en el baloncesto?,False
USA|public_figure|Dale Schlueter,¿Qué equipo eligió a Dale Schlueter en el Draft de la NBA de 1967 y qué posición ocupó en dicho draft?,False
USA|public_figure|Christian Watson,¿Cuál es el nombre completo de Christian Watson?,False
USA|public_figure|Christian Watson,¿En qué posición juega Christian Watson en el fútbol americano?,False
USA|public_figure|Christian Watson,¿En qué año fue seleccionado Christian Watson en la Reunión Anual de Selección de Jugadores de la NFL y con qué equipo hizo su debut profesional?,False
USA|public_figure|Chico Hamilton,¿Cuál es el nombre completo de Chico Hamilton?,False
USA|public_figure|Chico Hamilton,¿Con qué banda se incorporó Chico Hamilton en 1946?,False
USA|public_figure|Chico Hamilton,¿Qué edad tenía Chico Hamilton al fallecer y con qué cantante comenzó a tocar en 1948?,False
USA|public_figure|Dianne Durham,¿Quién fue Dianne Durham?,False
USA|public_figure|Dianne Durham,¿En qué año ganó Dianne Durham el título absoluto senior en los Campeonatos Nacionales de Estados Unidos femeninos?,False
USA|public_figure|Dianne Durham,¿Qué significó la victoria de Dianne Durham en 1983 en el contexto de la gimnasia femenina en Estados Unidos?,False
USA|public_figure|Dorothy Fay,¿Cuál es el verdadero nombre de Dorothy Fay?,False
USA|public_figure|Dorothy Fay,¿En qué año se casó Dorothy Fay con Tex Ritter?,False
USA|public_figure|Dorothy Fay,"¿Qué relación tienen Dorothy Fay y John Ritter, y en qué año falleció Dorothy Fay?",False
USA|public_figure|Delarrin Turner-Yell,¿Cuál es la fecha de nacimiento de Delarrin Turner-Yell?,False
USA|public_figure|Delarrin Turner-Yell,¿En qué posición juega Delarrin Turner-Yell en el equipo Denver Broncos?,False
USA|public_figure|Delarrin Turner-Yell,¿En qué ronda fue seleccionado Delarrin Turner-Yell en la Reunión Anual de Selección de Jugadores de la NFL de 2022 y con qué equipo hizo su debut profesional?,False
USA|public_figure|Dominick Barlow,¿Cuál es la fecha de nacimiento de Dominick Barlow?,False
USA|public_figure|Dominick Barlow,¿Con qué equipo de la NBA firmó Dominick Barlow un contrato dual el 9 de julio de 2025?,False
USA|public_figure|Dominick Barlow,"¿Qué equipo de la G League está asociado a Dominick Barlow, quien también firmó con Overtime Elite?",False
USA|public_figure|Derwin Kitchen,¿Cuándo nació Derwin Kitchen?,False
USA|public_figure|Derwin Kitchen,¿Cuál es el equipo actual de Derwin Kitchen en la Liga Uruguaya?,False
USA|public_figure|Derwin Kitchen,¿Qué promedio de puntos y asistencias tuvo Derwin Kitchen en su segunda temporada con el Hapoel Jerusalem?,False
USA|public_figure|Doug Kramer,¿Cuál es la fecha de nacimiento de Doug Kramer?,False
USA|public_figure|Doug Kramer,¿En qué posición juega Doug Kramer en el equipo Chicago Bears?,False
USA|public_figure|Doug Kramer,¿En qué ronda fue seleccionado Doug Kramer en la Reunión Anual de Selección de Jugadores de la NFL de 2022 y con qué equipo hizo su debut profesional?,False
USA|public_figure|Elizabeth Allen (actriz),¿Cuál es el nombre de nacimiento de Elizabeth Allen?,False
USA|public_figure|Elizabeth Allen (actriz),¿En qué programa de televisión tuvo Elizabeth Allen un papel en 1950?,True
USA|public_figure|Elizabeth Allen (actriz),¿Qué premio ganó Elizabeth Allen en 1963 y por qué se destacó en su carrera?,True
USA|public_figure|David Hawkins,¿Quién es David Hawkins?,False
USA|public_figure|David Hawkins,¿Cuál es la estatura de David Hawkins?,False
USA|public_figure|David Hawkins,¿Qué equipos de baloncesto formaron parte de la trayectoria profesional de David Hawkins?,False
USA|public_figure|Eddy Álvarez,¿Cuándo nació Eddy Álvarez?,False
USA|public_figure|Eddy Álvarez,¿Qué deporte practicó Eddy Álvarez antes de dedicarse al béisbol?,False
USA|public_figure|Eddy Álvarez,¿Qué medalla ganó Eddy Álvarez en los Juegos Olímpicos de Invierno y en qué evento?,False
USA|public_figure|Elizabeth Yu,¿Cuál es la fecha de nacimiento de Elizabeth Yu?,False
USA|public_figure|Elizabeth Yu,¿Qué personaje interpreta Elizabeth Yu en Avatar: The Last Airbender?,True
USA|public_figure|Elizabeth Yu,¿En qué mes y año fue elegida Elizabeth Yu para interpretar a Azula y qué ascendencia tiene?,False
USA|public_figure|Dudley Randall,¿Cuándo nació Dudley Randall?,False
USA|public_figure|Dudley Randall,¿Qué editorial fundó Dudley Randall en 1965?,True
USA|public_figure|Dudley Randall,"¿Qué poema conocido de Dudley Randall fue escrito en respuesta al atentado de 1963 contra la Iglesia Bautista de la calle 16 en Birmingham, Alabama?",True
USA|public_figure|Janet Stuart Oldershaw Durham,¿Quién fue Janet Stuart Oldershaw Durham?,False
USA|public_figure|Janet Stuart Oldershaw Durham,¿En qué año comenzó a ejercer como abogada Janet Stuart Oldershaw Durham?,False
USA|public_figure|Janet Stuart Oldershaw Durham,¿Qué organizaciones fundó y a qué movimiento se unió Janet Stuart Oldershaw Durham en su lucha por el sufragio femenino?,False
USA|public_figure|Gar Heard,¿Cuál es el nombre completo de Gar Heard?,False
USA|public_figure|Gar Heard,¿En qué equipo de la NBA jugó Gar Heard durante sus dos primeras temporadas?,False
USA|public_figure|Gar Heard,¿Qué récord logró Gar Heard en su última temporada en la Universidad de Oklahoma y quién lo superó casi 40 años después?,False
USA|public_figure|Frederick Winslow Taylor,¿Quién fue Frederick Winslow Taylor?,False
USA|public_figure|Frederick Winslow Taylor,¿Qué obra publicó Frederick Winslow Taylor en 1911?,True
USA|public_figure|Frederick Winslow Taylor,¿Cuáles son dos de los enfoques que diferencian a Frederick Winslow Taylor de Henri Fayol en la administración?,False
USA|public_figure|Greg Plitt,¿Dónde nació Greg Plitt?,False
USA|public_figure|Greg Plitt,¿En qué película participó Greg Plitt como modelo del cuerpo del Doctor Manhattan?,False
USA|public_figure|Greg Plitt,¿Qué ocurrió el 17 de enero de 2015 que resultó en la muerte de Greg Plitt y qué estaba haciendo en ese momento?,False
USA|public_figure|Jennifer Sky,¿Cuál es el nombre real de Jennifer Sky?,False
USA|public_figure|Jennifer Sky,¿En qué año comenzó Jennifer Sky a actuar en General Hospital?,False
USA|public_figure|Jennifer Sky,¿Qué técnica de actuación estudió Jennifer Sky y con qué instructores de renombre lo hizo?,False
USA|public_figure|Felipe Baca,¿Quién fue Felipe Baca?,False
USA|public_figure|Felipe Baca,¿Qué ciudad fundó Felipe Baca en el estado de Colorado?,True
USA|public_figure|Felipe Baca,¿Qué organización fundó Felipe Baca junto a William Hoene en Trinidad y qué servicios ofreció al pueblo?,True
USA|public_figure|Jimmy Ryce,¿Cuál es la fecha de nacimiento de Jimmy Ryce?,False
USA|public_figure|Jimmy Ryce,¿Qué edad tenía Jimmy Ryce al momento de su muerte?,False
USA|public_figure|Jimmy Ryce,¿Qué relación tenía Jimmy Ryce con Juan Carlos Chávez y cuál fue la causa de su muerte?,False
USA|public_figure|Jerian Grant,¿Cuál es el nombre completo de Jerian Grant?,False
USA|public_figure|Jerian Grant,¿En qué universidad jugó Jerian Grant baloncesto universitario?,False
USA|public_figure|Jerian Grant,¿Qué posición ocupó Jerian Grant en el Draft de la NBA de 2015 y qué equipo lo seleccionó?,False
USA|public_figure|John Franklin-Myers,¿Cuál es la fecha de nacimiento de John Franklin-Myers?,False
USA|public_figure|John Franklin-Myers,¿En qué posición juega John Franklin-Myers en el fútbol americano?,False
USA|public_figure|John Franklin-Myers,¿En qué equipo debutó profesionalmente John Franklin-Myers y en qué año fue seleccionado en la NFL?,False
USA|public_figure|Henry Hyde,¿Cuándo nació Henry Hyde?,False
USA|public_figure|Henry Hyde,¿Qué cargo ocupó Henry Hyde en el Comité Judicial?,False
USA|public_figure|Henry Hyde,¿Cuál fue el papel de Henry Hyde en el juicio político del presidente Bill Clinton y qué comités presidió durante su carrera?,False
USA|public_figure|Jason Dolley,¿Quién es Jason Dolley?,False
USA|public_figure|Jason Dolley,¿Qué personaje interpretó Jason Dolley en la serie Cory in the House?,True
USA|public_figure|Jason Dolley,¿En qué película de Disney Channel interpretó Jason Dolley a Connor Kennedy y qué otro papel interpretó en la misma época?,True
USA|public_figure|Julian Merryweather,¿Cuál es el nombre completo de Julian Merryweather?,False
USA|public_figure|Julian Merryweather,¿En qué posición juega Julian Merryweather en el béisbol?,False
USA|public_figure|Julian Merryweather,¿Cuántas temporadas jugó Julian Merryweather en Toronto Blue Jays antes de unirse a Chicago Cubs?,False
USA|public_figure|José Mora y del Río,¿Quién fue José Mora y del Río?,False
USA|public_figure|José Mora y del Río,¿Cuándo se ordenó sacerdote José Mora y del Río?,False
USA|public_figure|José Mora y del Río,¿Qué cargo asumió José Mora y del Río el 12 de febrero de 1909 y qué organización fundó en el contexto de la Revolución mexicana?,False
USA|public_figure|Josh Christopher,¿Cuál es el nombre completo de Josh Christopher?,False
USA|public_figure|Josh Christopher,¿Qué posición juega Josh Christopher en baloncesto?,False
USA|public_figure|Josh Christopher,¿Qué equipo eligió a Josh Christopher en la vigesimocuarta posición del Draft de la NBA de 2021 y qué fecha firmó contrato con ellos?,False
USA|public_figure|Josh Klinghoffer,¿Quién es Josh Klinghoffer?,False
USA|public_figure|Josh Klinghoffer,¿Qué banda de rock fue Josh Klinghoffer guitarrista desde 2009 hasta 2019?,False
USA|public_figure|Josh Klinghoffer,¿En qué año fue inducido Josh Klinghoffer al Rock and Roll Hall of Fame con los Red Hot Chili Peppers?,False
USA|public_figure|Kate Grace,¿Cuándo nació Kate Grace?,False
USA|public_figure|Kate Grace,¿Qué especialidad tiene Kate Grace en el atletismo?,False
USA|public_figure|Kate Grace,¿Qué título ganó Kate Grace en 2006 y en qué evento?,False
USA|public_figure|Lance McNaught,¿Quién es Lance McNaught?,False
USA|public_figure|Lance McNaught,¿En qué fecha viajó Lance McNaught a Japón?,False
USA|public_figure|Lance McNaught,¿Cuántos reinados como Campeón Mundial en Parejas de la WWE tuvo Lance McNaught junto a Trevor Murdoch?,False
USA|public_figure|Ken Reitz,¿Cuál es el nombre completo de Ken Reitz?,False
USA|public_figure|Ken Reitz,¿En qué posición jugaba Ken Reitz en el béisbol?,False
USA|public_figure|Ken Reitz,¿Qué premio recibió Ken Reitz en 1975 y con qué equipo jugaba en ese momento?,True
USA|public_figure|Jourdan Delacruz,¿Cuál es el nombre completo de Jourdan Delacruz?,False
USA|public_figure|Jourdan Delacruz,¿En qué categoría de peso compite Jourdan Delacruz en halterofilia?,False
USA|public_figure|Jourdan Delacruz,¿Qué medalla ganó Jourdan Delacruz en el Campeonato Mundial de Halterofilia de 2023 y en qué deporte compite?,False
USA|public_figure|Kevin Pollak,¿Cuál es el nombre completo de Kevin Pollak?,False
USA|public_figure|Kevin Pollak,¿En qué película interpretó Kevin Pollak el personaje Sam Weinberg?,True
USA|public_figure|Kevin Pollak,"¿Qué personaje interpretó Kevin Pollak en la película ""Casino"" de Martin Scorsese y en qué serie de televisión participó entre 2017 y 2023?",True
USA|public_figure|Leslie Hendrix,¿Quién es Leslie Hendrix?,False
USA|public_figure|Leslie Hendrix,¿En qué papel es conocida Leslie Hendrix en las series de Law & Order?,True
USA|public_figure|Leslie Hendrix,¿En qué series de televisión participó Leslie Hendrix y qué personaje interpretó en All My Children?,True
USA|public_figure|Luis Silva López,¿Cuál es la profesión de Luis Silva López?,False
USA|public_figure|Luis Silva López,¿En qué club juega actualmente Luis Silva López?,False
USA|public_figure|Luis Silva López,¿Cuántos partidos jugó Luis Silva López como titular en su primera temporada en la MLS y en qué año fue seleccionado por el Toronto Football Club?,False
USA|public_figure|Lily Pons,¿Cuál es el nombre completo de Lily Pons?,False
USA|public_figure|Lily Pons,¿En qué año adquirió Lily Pons la ciudadanía estadounidense?,False
USA|public_figure|Lily Pons,¿Cuántas veces actuó Lily Pons en la Ópera Metropolitana de Nueva York y cuáles fueron sus dos papeles más interpretados?,False
USA|public_figure|Lon McCallister,¿Cuál es el nombre completo de Lon McCallister?,False
USA|public_figure|Lon McCallister,¿En qué año se retiró Lon McCallister de la actuación?,False
USA|public_figure|Lon McCallister,¿Con qué actores trabajó Lon McCallister en la película The Red House?,False
USA|public_figure|Kimberly Guilfoyle,¿Cuál es el nombre completo de Kimberly Guilfoyle?,False
USA|public_figure|Kimberly Guilfoyle,¿En qué institución educativa se graduó Kimberly Guilfoyle?,False
USA|public_figure|Kimberly Guilfoyle,¿Qué cargo ocupó Kimberly Guilfoyle antes de ser embajadora de los Estados Unidos en Grecia y en qué periodo fue fiscal adjunta de distrito en San Francisco?,False
USA|public_figure|Louis Truscott,¿Cuál es la fecha de nacimiento de Louis Truscott?,False
USA|public_figure|Louis Truscott,¿En qué ligas menores jugó Louis Truscott profesionalmente?,False
USA|public_figure|Louis Truscott,¿Qué equipos universitarios representó Louis Truscott durante su carrera en la División I de la NCAA?,False
USA|public_figure|Major Jones,¿Quién es Major Jones?,False
USA|public_figure|Major Jones,¿En cuántas temporadas jugó Major Jones en la NBA?,False
USA|public_figure|Major Jones,¿En qué posición jugaba Major Jones y en qué liga fue elegido Rookie del Año?,False
USA|public_figure|Mandy Patinkin,¿Quién es Mandy Patinkin?,False
USA|public_figure|Mandy Patinkin,¿En qué obra de Broadway tuvo su primer papel Mandy Patinkin?,False
USA|public_figure|Mandy Patinkin,¿Qué personaje interpretó Mandy Patinkin en la película The Princess Bride y qué frase famosa pronunció?,True
USA|public_figure|N'Dambi,¿Cuál es el nombre real de N'Dambi?,False
USA|public_figure|N'Dambi,¿En qué año nació N'Dambi?,False
USA|public_figure|N'Dambi,¿Qué significado tiene el nombre N'Dambi y qué relación tiene con su carrera musical?,False
USA|public_figure|Marc Benioff,¿Cuándo nació Marc Benioff?,False
USA|public_figure|Marc Benioff,¿Qué empresa fundó Marc Benioff en 1999?,True
USA|public_figure|Marc Benioff,"¿Qué porcentaje de tiempo, producto e ingresos dedica la Fundación Salesforce a causas benéficas según el enfoque ""1-1-1"" que fundó Marc Benioff?",False
USA|public_figure|Meredith Monroe,¿Cuál es la fecha de nacimiento de Meredith Monroe?,False
USA|public_figure|Meredith Monroe,¿En qué serie interpretó Meredith Monroe el papel de Andie McPhee?,False
USA|public_figure|Meredith Monroe,¿Qué papel interpretó Meredith Monroe en Mentes criminales y cómo culminó su participación en la serie?,True
USA|public_figure|Marcia Strassman,¿Dónde nació Marcia Strassman?,False
USA|public_figure|Marcia Strassman,¿Qué papel tuvo Marcia Strassman en la serie M.A.S.H.?,True
USA|public_figure|Marcia Strassman,¿Qué enfermedad fue diagnosticada a Marcia Strassman en 2007 y que eventualmente causó su muerte en 2014?,True
USA|public_figure|Nik Stauskas,¿Quién es Nik Stauskas?,False
USA|public_figure|Nik Stauskas,¿Cuántas temporadas disputó Nik Stauskas en la NBA?,False
USA|public_figure|Nik Stauskas,¿En qué instituto jugó Nik Stauskas antes de unirse a Michigan?,False
USA|public_figure|Nadine Conner,¿Cuál es el verdadero nombre de Nadine Conner?,False
USA|public_figure|Nadine Conner,¿En qué año debutó profesionalmente Nadine Conner?,False
USA|public_figure|Nadine Conner,¿Qué papel interpretó Nadine Conner en su debut en la Ópera del Metropolitan y en qué obra?,False
USA|public_figure|Mauricio Claver-Carone,¿Quién es Mauricio Claver-Carone?,False
USA|public_figure|Mauricio Claver-Carone,¿Qué cargo ocupó Mauricio Claver-Carone en el Banco Interamericano de Desarrollo (BID)?,False
USA|public_figure|Mauricio Claver-Carone,¿Qué rol desempeñó Mauricio Claver-Carone en la campaña de máxima presión del Gobierno de los Estados Unidos contra el régimen de Maduro en Venezuela?,False
USA|public_figure|Marcos Abraham Freiberg,¿Quién fue Marcos Abraham Freiberg?,False
USA|public_figure|Marcos Abraham Freiberg,¿En qué año se diplomó Marcos Abraham Freiberg en Ciencias naturales?,False
USA|public_figure|Marcos Abraham Freiberg,¿Qué ocupaciones tuvo Marcos Abraham Freiberg antes de radicarse en Estados Unidos en 1984?,False
USA|public_figure|Olivie Blake,¿Cuál es el pseudónimo de Alexene Farol Follmuth?,False
USA|public_figure|Olivie Blake,"¿En qué plataforma se volvió viral Olivie Blake gracias a su obra ""Los seis de Atlas""?",False
USA|public_figure|Olivie Blake,¿Qué obra de Olivie Blake fue adquirida por Amazon en 2021 para su adaptación a una serie de televisión?,False
USA|public_figure|Nora Dunn,¿Quién es Nora Dunn?,False
USA|public_figure|Nora Dunn,¿En qué popular programa de televisión obtuvo notoriedad Nora Dunn?,False
USA|public_figure|Nora Dunn,¿En qué series de televisión apareció Nora Dunn en papeles recurrentes entre 1993 y 1999?,True
USA|public_figure|Rashee Rice,¿Cuál es la fecha de nacimiento de Rashee Rice?,False
USA|public_figure|Rashee Rice,¿En qué posición juega Rashee Rice en el fútbol americano?,False
USA|public_figure|Rashee Rice,¿Con qué equipo debutó Rashee Rice en la National Football League (NFL) y en qué año?,False
USA|public_figure|Phyllis Kaberry,¿Quién fue Phyllis Kaberry?,False
USA|public_figure|Phyllis Kaberry,¿En qué países realizó investigaciones Phyllis Kaberry?,False
USA|public_figure|Phyllis Kaberry,¿Qué obra publicó Phyllis Kaberry que tuvo un impacto en los estudios de mujeres en antropología?,True
USA|public_figure|Radical Face,¿Quién es el cantautor y multiinstrumentista detrás de la banda Radical Face?,False
USA|public_figure|Radical Face,¿Cuál es la canción por la que Radical Face se hizo conocido principalmente?,False
USA|public_figure|Radical Face,¿Qué posiciones alcanzó la canción «Welcome Home» de Radical Face en las listas de Suiza y el Reino Unido?,False
USA|public_figure|Robert Serber,¿Dónde nació Robert Serber?,False
USA|public_figure|Robert Serber,¿Qué teoría desarrolló Robert Serber relacionada con las bombas?,False
USA|public_figure|Robert Serber,¿Qué rol tuvo Robert Serber en el Proyecto Manhattan y qué material educativo creó para el personal científico?,False
USA|public_figure|Robert Barry,¿Dónde nació Robert Barry?,False
USA|public_figure|Robert Barry,¿Con qué famoso músico de jazz tocó Robert Barry?,False
USA|public_figure|Robert Barry,¿En qué década se unió Robert Barry a Sun Ra Arkestra y qué álbumes destacados apareció?,False
USA|public_figure|Penny Halliwell,¿Quién es Penny Halliwell?,False
USA|public_figure|Penny Halliwell,¿En qué año nació Penny Halliwell?,False
USA|public_figure|Penny Halliwell,¿Qué poder poseía Penny Halliwell y a quiénes se lo heredó?,False
USA|public_figure|Robert Woodrow Wilson,¿Cuándo nació Robert Woodrow Wilson?,False
USA|public_figure|Robert Woodrow Wilson,¿Qué premio ganó Robert Woodrow Wilson en 1978?,True
USA|public_figure|Robert Woodrow Wilson,¿Qué descubrimiento realizó Robert Woodrow Wilson en 1964 que ayudó a establecer la teoría del Big Bang?,True
USA|public_figure|Rasheed Wallace,¿Quién es Rasheed Wallace?,False
USA|public_figure|Rasheed Wallace,¿En qué año comenzó Rasheed Wallace su andadura en la NBA?,False
USA|public_figure|Rasheed Wallace,¿Qué equipo ayudó a Rasheed Wallace a ganar el campeonato en 2004 y qué posición jugaba?,False
USA|public_figure|Samuel George Morton,¿Dónde nació Samuel George Morton?,False
USA|public_figure|Samuel George Morton,¿En qué universidad obtuvo Samuel George Morton su diploma de médico?,False
USA|public_figure|Samuel George Morton,¿Qué conclusión llegó Samuel George Morton sobre los antiguos egipcios en su obra Crania Aegyptiaca?,False
USA|public_figure|Reince Priebus,¿Quién es Reince Priebus?,False
USA|public_figure|Reince Priebus,¿En qué año fue elegido presidente del Comité Nacional Republicano Reince Priebus?,False
USA|public_figure|Reince Priebus,¿Qué cargo ocupó Reince Priebus el 13 de noviembre de 2016 y qué relación tiene con su trayectoria política en el Partido Republicano?,False
USA|public_figure|Sarah Newberry-Moore,¿Quién es Sarah Newberry-Moore?,False
USA|public_figure|Sarah Newberry-Moore,¿En qué deporte compite Sarah Newberry-Moore?,False
USA|public_figure|Sarah Newberry-Moore,¿Qué medalla obtuvo Sarah Newberry-Moore en los Juegos Panamericanos de 2023 y en qué clase?,False
USA|public_figure|Sean Burroughs,¿Quién fue Sean Burroughs?,False
USA|public_figure|Sean Burroughs,¿En qué año ganó Sean Burroughs la medalla de oro en los Juegos Olímpicos?,True
USA|public_figure|Sean Burroughs,¿Qué equipo eligió a Sean Burroughs en la novena posición global del Draft de 1998 y qué impacto tuvo en su carrera profesional?,False
USA|public_figure|Taylor Townsend,¿Dónde nació Taylor Townsend?,False
USA|public_figure|Taylor Townsend,¿En qué categoría ha destacado Taylor Townsend?,False
USA|public_figure|Taylor Townsend,¿Quién fue la primera estadounidense en mantener el N º 1 del mundo a fin de año en el ranking Junior desde Gretchen Rush en 1982?,False
USA|public_figure|Sean Quinn,¿Cuál es la fecha de nacimiento de Sean Quinn?,False
USA|public_figure|Sean Quinn,¿Qué equipo ciclista representa Sean Quinn desde 2022?,False
USA|public_figure|Sean Quinn,"¿Qué logros ha obtenido Sean Quinn en su carrera ciclista, incluyendo la Clásica de Arrábida y el Campeonato de Estados Unidos en Ruta?",False
USA|public_figure|Tom Brown,¿Cuál es la nacionalidad de Tom Brown?,False
USA|public_figure|Tom Brown,¿En qué año nació Tom Brown?,False
USA|public_figure|Tom Brown,¿Cuántos años tenía Tom Brown al fallecer y qué enfermedad padeció?,False
USA|public_figure|Yeat,¿Cuál es el nombre real de Yeat?,False
USA|public_figure|Yeat,¿Cuál es el primer álbum de estudio lanzado por Yeat?,False
USA|public_figure|Yeat,¿Qué acuerdo de colaboración firmó Yeat en 2021 y cuáles son las entidades involucradas?,False
USA|public_figure|Uvaldo Luna,¿Cuál es el nombre completo de Uvaldo Luna?,False
USA|public_figure|Uvaldo Luna,¿En qué posición juega Uvaldo Luna?,False
USA|public_figure|Uvaldo Luna,¿Qué selecciones nacionales ha representado Uvaldo Luna y en qué categorías?,False
USA|public_figure|Trent Williams,¿Cuándo nació Trent Williams?,False
USA|public_figure|Trent Williams,¿Qué posición juega Trent Williams en el fútbol americano?,False
USA|public_figure|Trent Williams,¿Qué equipo seleccionó a Trent Williams en la primera ronda del draft de 2010 y en qué puesto fue seleccionado?,False
USA|public_figure|The Reverend Horton Heat,¿Quién es The Reverend Horton Heat?,True
USA|public_figure|The Reverend Horton Heat,¿En qué año se formó The Reverend Horton Heat?,False
USA|public_figure|The Reverend Horton Heat,¿Cómo describe The Reverend Horton Heat su sonido y qué influencias musicales menciona?,False
USA|public_figure|Rosanne Bailey,¿Cuál es la fecha de nacimiento de Rosanne Bailey?,False
USA|public_figure|Rosanne Bailey,¿Qué cargo ocupó Rosanne Bailey en la Universidad de Alaska Fairbanks?,False
USA|public_figure|Rosanne Bailey,¿Qué rango alcanzó Rosanne Bailey en la Fuerza Aérea de los Estados Unidos y en qué año obtuvo el cargo de segundo teniente?,False
USA|tradition|Abadía de San León,¿Qué tipo de monasterio es la Abadía de San León?,False
USA|tradition|Abadía de San León,¿En qué año remonta sus orígenes la Abadía de San León?,False
USA|tradition|Abadía de San León,¿Quién fue enviado por el Archiabad Bonifacio Wimmer para servir a la población alemana inmigrante en la Abadía de San León y en qué año llegó?,False
USA|public_figure|Álvaro Magaña,¿Cuál es el nombre completo de Álvaro Magaña?,False
USA|public_figure|Álvaro Magaña,¿En qué período ejerció Álvaro Magaña como presidente de la República de El Salvador?,False
USA|public_figure|Álvaro Magaña,¿Qué cargo ocupó Álvaro Magaña antes de ser presidente y en qué período lo desempeñó?,False
USA|tradition|Alexander Berzin,¿Dónde nació Alexander Berzin?,False
USA|tradition|Alexander Berzin,¿Quién fue el principal maestro de Alexander Berzin?,False
USA|tradition|Alexander Berzin,¿En qué periodo trabajó Alexander Berzin y con qué tipo de beca inició su estudio en India?,False
USA|tradition|Abel Ferrara,¿Dónde nació Abel Ferrara?,False
USA|tradition|Abel Ferrara,¿Qué película dirigió Abel Ferrara en 1979?,True
USA|tradition|Abel Ferrara,"¿Qué acusaciones recibió Abel Ferrara en el New York Film Festival en relación a su película ""El rey de Nueva York""?",False
USA|tradition|Alex Kendrick,¿Cuál es la fecha de nacimiento de Alex Kendrick?,False
USA|tradition|Alex Kendrick,¿Qué película fue dirigida por Alex Kendrick en 2008?,True
USA|tradition|Alex Kendrick,¿Qué instituciones educativas asistió Alex Kendrick y qué título obtuvo?,False
USA|tradition|Americanos Unidos por la Separación Iglesia-Estado,¿Qué aboga la Asociación Americans United for Separation of Church and State?,False
USA|tradition|Americanos Unidos por la Separación Iglesia-Estado,¿Dónde tiene su sede la Asociación Americans United for Separation of Church and State?,False
USA|tradition|Americanos Unidos por la Separación Iglesia-Estado,¿Cuál es el principio rector de la Asociación Americans United for Separation of Church and State y qué derecho protege?,False
USA|tradition|Alicia Silverstone,¿Quién es Alicia Silverstone?,False
USA|tradition|Alicia Silverstone,¿En qué película hizo su debut cinematográfico Alicia Silverstone?,False
USA|tradition|Alicia Silverstone,¿Qué papel interpretó Alicia Silverstone en la película Batman & Robin y qué premio ganó por su actuación en 1994?,False
USA|tradition|Anne Meara,¿Cuál es el nombre completo de Anne Meara?,False
USA|tradition|Anne Meara,¿En qué serie de televisión interpretó Anne Meara el papel de Dorothy Halligan?,False
USA|tradition|Anne Meara,"¿Qué compañía teatral fue cofundada por Anne Meara y su esposo Jerry Stiller, y cómo se llamaba originalmente?",False
USA|tradition|Barry White,¿Cuál es el nombre artístico de Barrence Eugene Carter?,False
USA|tradition|Barry White,¿Cuántos álbumes de estudio tuvo Barry White?,False
USA|tradition|Barry White,¿Cuántos álbumes de oro logró Barry White y cuántos de ellos alcanzaron el estatus de platino?,False
USA|tradition|Anton Szandor LaVey,¿Quién fue Anton Szandor LaVey?,False
USA|tradition|Anton Szandor LaVey,¿Qué organización fundó Anton LaVey el 30 de abril de 1966?,True
USA|tradition|Anton Szandor LaVey,¿Cuál es el significado cultural de la Iglesia de Satán fundada por Anton LaVey y qué ideas filosóficas aboga?,False
USA|tradition|Baba Ali,¿Cuál es el nombre artístico de Ali Ardekani?,False
USA|tradition|Baba Ali,¿Qué compañía cofundó Baba Ali para proporcionar entretenimiento Halal?,True
USA|tradition|Baba Ali,¿Qué juegos de mesa diseñó Baba Ali y qué temática tienen?,True
USA|tradition|Blase Cupich,¿Quién es Blase Cupich?,False
USA|tradition|Blase Cupich,¿Qué cargo ocupa Blase Cupich desde noviembre de 2014?,False
USA|tradition|Blase Cupich,¿Qué lema eligió Blase Cupich al ser nombrado obispo de la Diócesis de Rapid City?,False
USA|tradition|Arquidiócesis de Nueva York,¿Qué es la Arquidiócesis de Nueva York?,False
USA|tradition|Arquidiócesis de Nueva York,¿Cuántas parroquias existían en la Arquidiócesis de Nueva York en 2023?,False
USA|tradition|Arquidiócesis de Nueva York,¿Qué territorios fueron cedidos por la Arquidiócesis de Nueva York para la erección de las diócesis de Albany y Búfalo?,False
USA|tradition|Basílica de la Reina de Todos los Santos (Chicago),¿Qué es la Basílica de la Reina de Todos los Santos?,False
USA|tradition|Basílica de la Reina de Todos los Santos (Chicago),¿En qué año fue elevada a la dignidad de basílica por el Papa Juan XXIII?,False
USA|tradition|Basílica de la Reina de Todos los Santos (Chicago),¿Qué grupos o comunidades promovieron la fundación de la Basílica de la Reina de Todos los Santos y en qué año se fundó la escuela asociada?,False
USA|tradition|Basílica del Sagrado Corazón de Jesús (Siracusa),¿Qué tipo de entidad es la Basílica del Sagrado Corazón de Jesús en Siracusa?,False
USA|tradition|Basílica del Sagrado Corazón de Jesús (Siracusa),¿En qué dirección se encontraba la iglesia original de la Basílica del Sagrado Corazón de Jesús en relación con la estructura actual?,False
USA|tradition|Basílica del Sagrado Corazón de Jesús (Siracusa),¿Cuándo fue designada la Basílica del Sagrado Corazón de Jesús como una basílica menor y quién realizó esta designación?,False
USA|tradition|Catedral de Nuestra Señora del Rosario (San Bernardino),¿Cuál es el nombre de la catedral de la Diócesis de San Bernardino?,False
USA|tradition|Catedral de Nuestra Señora del Rosario (San Bernardino),¿En qué año fue fundada la Catedral de Nuestra Señora del Rosario?,False
USA|tradition|Catedral de Nuestra Señora del Rosario (San Bernardino),¿En qué mes y año se inició la construcción de la Catedral de Nuestra Señora del Rosario y qué estilo arquitectónico tiene?,False
USA|tradition|Catedral de San Fernando (San Antonio),¿Cuál es el nombre alternativo de la Catedral de San Fernando?,False
USA|tradition|Catedral de San Fernando (San Antonio),¿En qué año fue construida la Catedral de San Fernando?,False
USA|tradition|Catedral de San Fernando (San Antonio),¿Qué eventos significativos ocurrieron en la Catedral de San Fernando en 1987 y 1868?,False
USA|tradition|Catedral de San Juan (Fresno),¿A qué catedral pertenece la Diócesis de Fresno?,False
USA|tradition|Catedral de San Juan (Fresno),¿En qué año fue dedicada la Catedral de San Juan (Fresno) a San Juan Bautista?,False
USA|tradition|Catedral de San Juan (Fresno),¿Qué estilo arquitectónico se utilizó en la construcción de la Catedral de San Juan (Fresno) y quién fue el diseñador?,False
USA|tradition|Catedral serbia ortodoxa de San Sava,¿Qué es la catedral serbia ortodoxa de San Sava?,False
USA|tradition|Catedral serbia ortodoxa de San Sava,¿Dónde se encuentra la catedral serbia ortodoxa de San Sava?,False
USA|tradition|Catedral serbia ortodoxa de San Sava,¿En qué registro se encuentra inscrita la catedral serbia ortodoxa de San Sava y en qué fecha fue inscrita?,False
USA|tradition|Concatedral de Santa Teresa del Niño Jesús,¿Cuál es el nombre de la concatedral de la diócesis de Honolulu?,False
USA|tradition|Concatedral de Santa Teresa del Niño Jesús,¿En qué año fue establecida la Concatedral de Santa Teresa del Niño Jesús?,False
USA|tradition|Concatedral de Santa Teresa del Niño Jesús,¿Quién fue el vicario apostólico que estableció la parroquia original de la Concatedral de Santa Teresa del Niño Jesús y qué esfuerzo realizó en 1956?,False
USA|tradition|Brenda Song,¿Cuál es el nombre completo de Brenda Song?,False
USA|tradition|Brenda Song,¿En qué año firmó Brenda Song un contrato con Disney Channel?,False
USA|tradition|Brenda Song,¿Qué papel interpretó Brenda Song en la serie The Suite Life of Zack & Cody y en qué años se emitió?,True
USA|tradition|Cisma nestoriano,¿Qué fue el cisma nestoriano?,False
USA|tradition|Cisma nestoriano,¿Quiénes fueron los personajes clave en el cisma nestoriano?,False
USA|tradition|Cisma nestoriano,"¿Qué decisión fue ratificada por el patriarca Aba I en 544, poniendo fin al cisma nestoriano?",True
USA|tradition|Billy Wilder,¿Quién es conocido como Samuel Wilder?,False
USA|tradition|Billy Wilder,¿Cuántos premios Óscar ganó Billy Wilder?,False
USA|tradition|Billy Wilder,¿Cuál fue el primer gran éxito de Billy Wilder como director y qué tema polémico abordó en esta película?,False
USA|tradition|Chanda Prescod-Weinstein,¿Quién es Chanda Prescod-Weinstein?,False
USA|tradition|Chanda Prescod-Weinstein,¿En qué universidad desarrolla su principal actividad profesional Chanda Prescod-Weinstein?,False
USA|tradition|Chanda Prescod-Weinstein,¿Qué posición ocupó Chanda Prescod-Weinstein en el Instituto Tecnológico de Massachusetts y con quién trabajó allí?,True
USA|tradition|Deicide,¿En qué año fue formada la banda Deicide?,False
USA|tradition|Deicide,¿Quién es el vocalista y bajista de Deicide?,False
USA|tradition|Deicide,¿Qué posición ocupó Deicide en el número de álbumes vendidos según Nielsen SoundScan en 1992?,False
USA|tradition|David Rosenhan,¿Quién fue David Rosenhan?,False
USA|tradition|David Rosenhan,¿En qué universidad fue profesor emérito David Rosenhan?,False
USA|tradition|David Rosenhan,¿Qué experimento es conocido David Rosenhan y en qué año fue publicado?,True
USA|tradition|Daud Rahbar,¿En qué año nació Daud Rahbar?,False
USA|tradition|Daud Rahbar,¿Qué ocupación tuvo Daud Rahbar en la Universidad de Boston?,False
USA|tradition|Daud Rahbar,¿Qué relación tuvo Daud Rahbar con la música y qué instrumentos tocaba?,False
USA|tradition|Diócesis de Peoria,¿Qué es la Diócesis de Peoria?,False
USA|tradition|Diócesis de Peoria,¿Cuántas parroquias tenía la Diócesis de Peoria en 2023?,False
USA|tradition|Diócesis de Peoria,¿Cuándo fue erigida la Diócesis de Peoria y quién fue su primer obispo?,False
USA|tradition|David Proval,¿Cuál es el nombre completo de David Proval?,False
USA|tradition|David Proval,"¿Qué papel interpretó David Proval en la serie ""Los Soprano""?",False
USA|tradition|David Proval,¿En qué película dirigida por Martin Scorsese interpretó David Proval el papel de Tony DeVienazo y qué otras películas ha protagonizado?,False
USA|tradition|Demografía de los testigos de Jehová,¿Cuántos miembros bautizados activos informaron los testigos de Jehová en sus estadísticas de 2022?,False
USA|tradition|Demografía de los testigos de Jehová,¿Qué cantidad de horas de predicación se informaron alrededor de 2022 por los testigos de Jehová?,False
USA|tradition|Demografía de los testigos de Jehová,"¿Cuántas personas asistieron anualmente a la celebración de la Conmemoración del 14 de Nisán entre 2013 y 2024, según las estadísticas oficiales de los testigos de Jehová?",False
USA|tradition|Don Alden Adams,¿Cuándo nació Don Alden Adams?,False
USA|tradition|Don Alden Adams,¿Qué cargo ocupó Don Alden Adams en la Watchtower Bible and Tract Society of Pennsylvania?,False
USA|tradition|Don Alden Adams,"¿Qué cambios ocurrieron en la estructura de liderazgo de los Testigos de Jehová en el año 2000, y quién fue el presidente de la Sociedad Watch Tower en ese momento?",False
USA|tradition|Disciplina congregacional de los testigos de Jehová,¿Qué es la disciplina congregacional de los Testigos de Jehová?,False
USA|tradition|Disciplina congregacional de los testigos de Jehová,¿Quién administra la disciplina congregacional de los Testigos de Jehová?,False
USA|tradition|Disciplina congregacional de los testigos de Jehová,¿Qué mecanismos de sanción y control interno incluye la disciplina congregacional de los Testigos de Jehová?,False
USA|tradition|Edith Windsor,¿Cuál es el nombre de nacimiento de Edith Windsor?,False
USA|tradition|Edith Windsor,¿En qué año recibió Edith Windsor su título universitario?,False
USA|tradition|Edith Windsor,¿Qué relación tuvo Edith Windsor con Thea Spyer y en qué año se casaron?,False
USA|tradition|Diócesis de Tyler,¿Qué es la Diócesis de Tyler?,False
USA|tradition|Diócesis de Tyler,¿Cuántas parroquias tiene la Diócesis de Tyler?,False
USA|tradition|Diócesis de Tyler,¿En qué fecha fue erigida la Diócesis de Tyler y qué territorio adquirió al ser creada?,False
USA|tradition|Farm Aid,¿Qué es Farm Aid?,False
USA|tradition|Farm Aid,¿Cuánto dinero recaudó Farm Aid en su primer concierto?,False
USA|tradition|Farm Aid,¿Qué ley se aprobó gracias a los esfuerzos de Farm Aid y en qué año?,False
USA|tradition|Fantastic Fest,¿Qué es el Fantastic Fest?,False
USA|tradition|Fantastic Fest,¿Cuántas pantallas exhibe el Fantastic Fest?,False
USA|tradition|Fantastic Fest,¿En qué año fue fundado el Fantastic Fest y quiénes fueron algunos de sus fundadores?,False
USA|tradition|Erik Wielenberg,¿Cuándo nació Erik Wielenberg?,False
USA|tradition|Erik Wielenberg,¿Qué tipo de realismo defiende Erik Wielenberg?,False
USA|tradition|Erik Wielenberg,¿Cuáles son dos de las obras publicadas por Erik Wielenberg y en qué editoriales fueron publicadas?,True
USA|tradition|Festival Internacional de Cine de Palm Springs,¿En qué año se inició el Festival Internacional de Cine de Palm Springs?,False
USA|tradition|Festival Internacional de Cine de Palm Springs,¿Quién es el actual director del Festival Internacional de Cine de Palm Springs?,False
USA|tradition|Festival Internacional de Cine de Palm Springs,¿Qué porcentaje de asistentes al Festival Internacional de Cine de Palm Springs proviene de fuera del Valle Coachella y qué tipo de películas se proyectan principalmente en el festival?,False
USA|tradition|Ellen Johnson,¿Quién es Ellen Johnson?,False
USA|tradition|Ellen Johnson,¿En qué año asumió Ellen Johnson la presidencia de American Atheists?,False
USA|tradition|Ellen Johnson,¿Qué organización política fundó Ellen Johnson en noviembre de 2002 y cuál es su objetivo principal?,True
USA|tradition|Fran Drescher,¿Cuál es el nombre completo de Fran Drescher?,False
USA|tradition|Fran Drescher,"¿En qué año comenzó la serie ""The Nanny""?",False
USA|tradition|Fran Drescher,¿Qué diagnóstico de salud recibió Fran Drescher en el año 2000 y cómo afectó su carrera?,False
USA|tradition|Festival Bach de Oregón,¿Qué es el Festival Bach de Oregón?,False
USA|tradition|Festival Bach de Oregón,¿Desde qué año se celebra el Festival Bach de Oregón?,False
USA|tradition|Festival Bach de Oregón,¿Quiénes fueron los fundadores del Festival Bach de Oregón y en qué año se fundó?,False
USA|tradition|Felipe de Jesús Estévez,¿Cuándo nació Felipe de Jesús Estévez?,False
USA|tradition|Felipe de Jesús Estévez,¿En qué diócesis fue obispo Felipe de Jesús Estévez desde 2011 hasta 2022?,True
USA|tradition|Felipe de Jesús Estévez,¿Qué cargo ocupó Felipe de Jesús Estévez en la Arquidiócesis de Miami antes de ser nombrado obispo de la Diócesis de San Agustín?,False
USA|tradition|Fotodrama de la Creación,¿Qué es el Fotodrama de la Creación?,False
USA|tradition|Fotodrama de la Creación,¿Cuánto tiempo dura aproximadamente el Fotodrama de la Creación?,False
USA|tradition|Fotodrama de la Creación,¿Quién fue el director del Fotodrama de la Creación y qué sociedad lo produjo?,False
USA|tradition|Frank Herbert,¿Cuándo nació Frank Herbert?,False
USA|tradition|Frank Herbert,¿Qué novela hizo famoso a Frank Herbert en 1965?,False
USA|tradition|Frank Herbert,¿En qué año comenzó Frank Herbert a investigar sobre Dune y qué impacto tuvo esta obra en su carrera?,False
USA|tradition|Freeman Dyson,¿Cuándo nació Freeman Dyson?,False
USA|tradition|Freeman Dyson,¿En qué institución fue profesor emérito Freeman Dyson?,False
USA|tradition|Freeman Dyson,"¿Qué contribuciones realizó Freeman Dyson en el campo de la física, y qué teorizó que lleva su nombre?",False
USA|tradition|Festival de Cine de Telluride,¿Qué es el Festival de Cine de Telluride?,False
USA|tradition|Festival de Cine de Telluride,¿En qué fin de semana se celebra el Festival de Cine de Telluride?,False
USA|tradition|Festival de Cine de Telluride,¿Quiénes fueron algunos de los fundadores del Festival de Cine de Telluride en 1974?,False
USA|tradition|Gregory Bateson,¿Qué profesión tuvo Gregory Bateson?,False
USA|tradition|Gregory Bateson,¿En qué institución fue profesor de antropología Gregory Bateson?,False
USA|tradition|Gregory Bateson,¿Qué libro publicó Gregory Bateson en 1951 junto con Jurgen Ruesch y cuál es su enfoque principal?,True
USA|tradition|Grupo de presión sionista en Estados Unidos,¿Qué es el grupo de presión sionista en Estados Unidos?,False
USA|tradition|Grupo de presión sionista en Estados Unidos,¿Qué organización es conocida como el principal grupo de cabildeo pro-Israel en Estados Unidos?,False
USA|tradition|Grupo de presión sionista en Estados Unidos,¿Qué objetivo tiene NORPAC en relación con el apoyo de Estados Unidos al Estado de Israel?,False
USA|tradition|Henri Arnaud,¿Quién fue Henri Arnaud?,False
USA|tradition|Henri Arnaud,¿En qué lugar fue educado Henri Arnaud?,False
USA|tradition|Henri Arnaud,¿Qué papel desempeñó Henri Arnaud en la organización de los valdenses que se refugiaron en Suiza?,True
USA|tradition|Guillermina Bravo Montaño,¿Quién es Guillermina Bravo Montaño?,False
USA|tradition|Guillermina Bravo Montaño,¿En qué periodo ejerció Guillermina Bravo Montaño como diputada de la Asamblea Departamental del Valle del Cauca?,False
USA|tradition|Guillermina Bravo Montaño,¿Qué ley coautorizó Guillermina Bravo Montaño durante su gestión como representante en la Cámara de Representantes de Colombia?,False
USA|tradition|John Astin,¿Cuál es el nombre completo de John Astin?,False
USA|tradition|John Astin,¿En qué serie de televisión es conocido John Astin por interpretar a Gómez Addams?,False
USA|tradition|John Astin,¿Qué papel desempeñó John Astin en la serie The Addams Family y en qué años se transmitió?,False
USA|tradition|Henry Fonda,¿Cuándo nació Henry Fonda?,False
USA|tradition|Henry Fonda,¿Cuántas películas protagonizó Henry Fonda a lo largo de su carrera?,False
USA|tradition|Henry Fonda,¿Qué premios importantes ganó Henry Fonda a lo largo de su carrera y qué significan en el contexto del cine?,False
USA|tradition|Gwendolyn Midlo Hall,¿Cuándo nació Gwendolyn Midlo Hall?,False
USA|tradition|Gwendolyn Midlo Hall,¿Qué obra escribió Gwendolyn Midlo Hall en 1992?,True
USA|tradition|Gwendolyn Midlo Hall,¿Qué contribución significativa hizo Gwendolyn Midlo Hall al estudio de la historia de la esclavitud en Luisiana?,False
USA|tradition|John Courtney Murray,¿Dónde nació John Courtney Murray?,False
USA|tradition|John Courtney Murray,¿Qué título académico consiguió John Courtney Murray en 1937?,False
USA|tradition|John Courtney Murray,¿Qué artículo influyente publicó John Courtney Murray durante las primeras discusiones del decreto Dignitatis humanae?,False
USA|tradition|John Howard Yoder,¿Quién fue John Howard Yoder?,False
USA|tradition|John Howard Yoder,¿En qué universidad terminó su doctorado John Howard Yoder?,False
USA|tradition|John Howard Yoder,¿Qué obra maestra escribió John Howard Yoder y qué influencia tuvo en su formación académica?,False
USA|tradition|Jodie Foster,¿Cuál es el nombre completo de Jodie Foster?,False
USA|tradition|Jodie Foster,¿En qué año se graduó Jodie Foster de la Universidad Yale?,False
USA|tradition|Jodie Foster,¿Qué premios ha recibido Jodie Foster a lo largo de su carrera y en qué años recibió su primer y segundo Óscar?,False
USA|tradition|Iglesias de la Comunidad Metropolitana,¿Qué es la Iglesia de la Comunidad Metropolitana?,False
USA|tradition|Iglesias de la Comunidad Metropolitana,¿Quién fundó la Iglesia de la Comunidad Metropolitana?,False
USA|tradition|Iglesias de la Comunidad Metropolitana,¿En qué año comenzó la Iglesia de la Comunidad Metropolitana a extenderse a América Latina y quién fue el impulsor de esta acción?,False
USA|tradition|Liga Católica por los Derechos Religiosos y Civiles,¿Qué es la Liga Católica por los Derechos Religiosos y Civiles?,False
USA|tradition|Liga Católica por los Derechos Religiosos y Civiles,¿En qué año fue fundada la Liga Católica por los Derechos Religiosos y Civiles?,False
USA|tradition|Liga Católica por los Derechos Religiosos y Civiles,¿Quién fundó la Liga Católica por los Derechos Religiosos y Civiles y cuál es su objetivo principal?,False
USA|tradition|Josh Gondelman,¿Cuándo nació Josh Gondelman?,False
USA|tradition|Josh Gondelman,¿En qué programa de televisión fue escritor Josh Gondelman antes de trabajar en Desus & Mero?,False
USA|tradition|Josh Gondelman,¿Qué premios ganó Josh Gondelman por su trabajo en Last Week Tonight con John Oliver y en qué años?,False
USA|tradition|Judíos estadounidenses,¿Cuántos judíos estadounidenses se estima que hay en la población ampliada?,False
USA|tradition|Judíos estadounidenses,¿Cuál es la ciudad de Estados Unidos con más habitantes judíos?,False
USA|tradition|Judíos estadounidenses,¿Cuándo llegaron los primeros judíos a los Estados Unidos y cuál fue la primera gran ola de inmigración?,False
USA|tradition|Linda Sarsour,¿Quién es Linda Sarsour?,False
USA|tradition|Linda Sarsour,¿Qué organización dirigió Linda Sarsour como directora ejecutiva?,False
USA|tradition|Linda Sarsour,"¿Qué ley defendió Linda Sarsour que amplió la definición del concepto ""perfil basado en prejuicios"" en Nueva York?",True
USA|tradition|Lisa Loeb,¿Qué instrumento musical estudió Lisa Loeb cuando era niña?,False
USA|tradition|Lisa Loeb,¿Cuál fue el primer álbum de estudio lanzado por Lisa Loeb?,False
USA|tradition|Lisa Loeb,¿Qué álbum de Lisa Loeb fue certificado Oro por la RIAA el 1 de diciembre de 1995 y en qué sello fue lanzado?,False
USA|tradition|Lucretia Mott,¿Cuándo nació Lucretia Mott?,False
USA|tradition|Lucretia Mott,¿Qué sociedad abolicionista fundó Lucretia Mott?,False
USA|tradition|Lucretia Mott,¿Qué evento importante organizó Lucretia Mott junto con Elizabeth Cady Stanton el 19 de julio de 1848?,True
USA|tradition|Luis Miranda Rivera,¿Cuándo nació Luis Miranda Rivera?,False
USA|tradition|Luis Miranda Rivera,¿En qué universidad realizó Luis Miranda Rivera sus estudios de filosofía?,False
USA|tradition|Luis Miranda Rivera,¿Qué puesto ocupó Luis Miranda Rivera en la localidad de Mayagüez y en la ciudad de San Juan de Puerto Rico?,False
USA|tradition|Lynn Margulis,¿Cuál es el nombre de nacimiento de Lynn Margulis?,False
USA|tradition|Lynn Margulis,¿En qué universidad obtuvo Lynn Margulis su licenciatura?,False
USA|tradition|Lynn Margulis,¿Qué teoría formuló Lynn Margulis que cuestionó el paradigma neodarwinista y en qué año publicó su libro sobre el origen de las células eucariotas?,False
USA|tradition|Madison Brengle,¿Dónde nació Madison Brengle?,False
USA|tradition|Madison Brengle,¿Cuál fue el mejor ranking alcanzado por Madison Brengle y en qué fecha lo logró?,False
USA|tradition|Madison Brengle,"¿Cuántos títulos del circuito ITF individuales y de dobles ha ganado Madison Brengle, y qué significa esto en el contexto de su carrera profesional?",False
USA|tradition|Maud Nathan,¿Dónde nació Maud Nathan?,False
USA|tradition|Maud Nathan,¿Qué organización cofundó Maud Nathan?,False
USA|tradition|Maud Nathan,¿Qué impacto tuvo la muerte de su hija en la carrera de Maud Nathan en la ayuda a las mujeres?,False
USA|tradition|Marcia Davenport,¿Cuál es el nombre de nacimiento de Marcia Davenport?,False
USA|tradition|Marcia Davenport,¿En qué revista comenzó su carrera como escritora Marcia Davenport?,False
USA|tradition|Marcia Davenport,¿Qué relación tuvo Marcia Davenport con el mundo de la música clásica y quiénes fueron sus padres?,False
USA|tradition|Moshé Soloveitchik,¿Quién fue Moshé Soloveitchik?,False
USA|tradition|Moshé Soloveitchik,¿En qué ciudad fue nombrado rabino Moshé Soloveitchik?,False
USA|tradition|Moshé Soloveitchik,¿Qué relación tenía Moshé Soloveitchik con el Rabino Jaim Soloveitchik y qué cargo ocupó en Nueva York?,False
USA|tradition|Lote del Templo,¿Qué es el Lote del Templo?,False
USA|tradition|Lote del Templo,¿Cuándo fue dedicado el Lote del Templo?,False
USA|tradition|Lote del Templo,¿Qué significó el Lote del Templo para el Movimiento de los Santos de los Últimos Días y qué ocurrió con su propiedad tras la muerte de José Smith?,True
USA|tradition|Menachem Mendel Schneerson,¿Quién fue Menachem Mendel Schneerson?,False
USA|tradition|Menachem Mendel Schneerson,¿En qué año asumió Menachem Mendel Schneerson el liderazgo del movimiento Lubavitch?,False
USA|tradition|Menachem Mendel Schneerson,¿Qué transformación logró Menachem Mendel Schneerson en el movimiento Jabad-Lubavitch tras asumir su liderazgo en 1950?,True
USA|tradition|Medea Benjamin,¿Cuál es el nombre de nacimiento de Medea Benjamin?,False
USA|tradition|Medea Benjamin,¿En qué año fue cofundada la organización Code Pink por Medea Benjamin?,True
USA|tradition|Medea Benjamin,¿Qué organización cofundó Medea Benjamin en 1988 y qué derechos defiende?,True
USA|tradition|Nauvoo Expositor,¿Cuándo se publicó por única vez el Nauvoo Expositor?,False
USA|tradition|Nauvoo Expositor,¿Quiénes fueron algunos de los fundadores del Nauvoo Expositor?,False
USA|tradition|Nauvoo Expositor,¿Qué acusaciones se hicieron contra Joseph Smith en el Nauvoo Expositor y qué evento resultó de la destrucción de su imprenta?,False
USA|tradition|Normani,¿Cuál es el nombre completo de Normani?,False
USA|tradition|Normani,¿En qué programa de televisión participó Normani en 2012?,True
USA|tradition|Normani,¿Qué sencillo lanzó Normani en 2018 que fue un dueto con Khalid y alcanzó el número nueve en la lista Billboard Hot 100?,True
USA|tradition|Partido Político MIRA,¿En qué año fue fundado el Partido Político MIRA?,False
USA|tradition|Partido Político MIRA,¿Quién fue el primer presidente del Partido Político MIRA?,False
USA|tradition|Partido Político MIRA,¿Qué ideología política representa el Partido Político MIRA y quién fue su fundadora?,False
USA|tradition|Ray Arcel,¿Quién fue Ray Arcel?,False
USA|tradition|Ray Arcel,¿En qué década comenzó Ray Arcel a entrenar combatientes?,False
USA|tradition|Ray Arcel,"¿Qué relación tuvo Ray Arcel con los campeones Benny Leonard y Roberto ""Mano de piedra"" Durán?",False
USA|tradition|Naya Rivera,¿Cuál es el nombre completo de Naya Rivera?,False
USA|tradition|Naya Rivera,¿En qué serie de televisión es conocida Naya Rivera por su papel de Santana Lopez?,True
USA|tradition|Naya Rivera,¿Qué papel significativo tuvo Naya Rivera en su carrera actoral antes de Glee y qué impacto tuvo en su vida?,True
USA|tradition|Richard Rorty,¿Quién fue Richard Rorty?,False
USA|tradition|Richard Rorty,¿Qué obra escribió Richard Rorty en 1979?,True
USA|tradition|Richard Rorty,"¿Qué concepción defendió Richard Rorty en su obra ""Contingencia, ironía y solidaridad"" y cómo se relaciona con su crítica a la política norteamericana hacia la derecha?",True
USA|tradition|Richard Zare,¿Quién es Richard Zare?,False
USA|tradition|Richard Zare,¿En qué universidad es profesor Richard Zare?,False
USA|tradition|Richard Zare,¿Qué premio recibió Richard Zare en 2005 y por qué entidad fue otorgado?,True
USA|tradition|Opiniones religiosas de Thomas Jefferson,¿Qué tipo de religión era más cómoda para Thomas Jefferson?,False
USA|tradition|Opiniones religiosas de Thomas Jefferson,¿Qué frase acuñó Thomas Jefferson en su Carta a los bautistas de Danbury relacionada con la religión y el estado?,False
USA|tradition|Opiniones religiosas de Thomas Jefferson,¿Cuáles son dos influencias religiosas que Jefferson mencionó en su carta a John Adams de 1813?,False
USA|tradition|Posse Comitatus (organización),¿Qué es Posse Comitatus?,False
USA|tradition|Posse Comitatus (organización),¿En qué año fueron redactados los estatutos fundacionales de Posse Comitatus?,False
USA|tradition|Posse Comitatus (organización),¿Qué ideario han abrazado algunos miembros de Posse Comitatus y con qué movimiento está relacionado?,True
USA|tradition|Rob Renzetti,¿Quién es Rob Renzetti?,False
USA|tradition|Rob Renzetti,¿Qué corto realizó Rob Renzetti que fue emitido en la serie Oh Yeah! Cartoons?,True
USA|tradition|Rob Renzetti,¿Qué serie animada creó Rob Renzetti y en qué año se estrenó?,True
USA|tradition|Robert Weinberg,¿Cuál es el nombre completo de Robert Weinberg?,False
USA|tradition|Robert Weinberg,¿En qué año se doctoró Robert Weinberg?,False
USA|tradition|Robert Weinberg,¿Qué descubrimiento importante realizó Robert Weinberg relacionado con el cáncer y en qué institución es profesor?,False
USA|tradition|Rubin Carter,¿Cuál es el nombre completo de Rubin Carter?,False
USA|tradition|Rubin Carter,¿En qué años boxeó Rubin Carter en la categoría de peso medio?,False
USA|tradition|Rubin Carter,¿Qué organización dirigió Rubin Carter después de su liberación y cuál era su propósito?,True
USA|tradition|Scott Mechlowicz,¿Cuál es el nombre completo de Scott Mechlowicz?,False
USA|tradition|Scott Mechlowicz,¿En qué año comenzó la carrera de Scott Mechlowicz como actor?,False
USA|tradition|Scott Mechlowicz,"¿Qué películas son las más conocidas de Scott Mechlowicz y en qué año se estrenó ""Eurotrip""?",True
USA|tradition|Separación de la Iglesia y el Estado en los Estados Unidos,"¿Quién usó la frase ""separación de la iglesia y el Estado""?",False
USA|tradition|Separación de la Iglesia y el Estado en los Estados Unidos,¿Qué cláusulas de la Primera Enmienda a la Constitución de Estados Unidos están relacionadas con la separación de la iglesia y el Estado?,False
USA|tradition|Separación de la Iglesia y el Estado en los Estados Unidos,¿Qué escribió Roger Williams en 1644 que está relacionado con la metáfora de un muro de separación entre la iglesia y el Estado?,False
USA|tradition|Seán Sammon,¿Dónde nació Seán Sammon?,False
USA|tradition|Seán Sammon,¿Qué cargo ocupó Seán Sammon entre el 3 de octubre de 2001 y el 26 de septiembre de 2009?,False
USA|tradition|Seán Sammon,"¿Cuál es la nacionalidad y la religión de Seán Sammon, y en qué congregación está asociado?",False
USA|tradition|Thomas Jonathan Jackson Altizer,¿Quién fue Thomas Jonathan Jackson Altizer?,False
USA|tradition|Thomas Jonathan Jackson Altizer,¿En qué fecha nació Thomas Jonathan Jackson Altizer?,False
USA|tradition|Thomas Jonathan Jackson Altizer,¿Qué pensamiento se basó Thomas Jonathan Jackson Altizer en su obra sobre la Muerte de Dios?,False
USA|tradition|Secular Coalition for America,¿Qué es la Secular Coalition for America?,False
USA|tradition|Secular Coalition for America,¿Quién es el director ejecutivo de la Secular Coalition for America desde 2009?,True
USA|tradition|Secular Coalition for America,¿Qué aboga la Secular Coalition for America en relación con la política americana y qué documento aprobaron en febrero de 2010?,True
USA|tradition|Sid Caesar,¿Dónde nació Sid Caesar?,False
USA|tradition|Sid Caesar,¿En qué año comenzó Sid Caesar su carrera en la televisión?,False
USA|tradition|Sid Caesar,¿Qué serie de televisión condujo Sid Caesar en 1951 y con quién compartió el protagonismo?,False
USA|tradition|Steven Levy,¿En qué año nació Steven Levy?,False
USA|tradition|Steven Levy,¿En qué revista ha publicado artículos Steven Levy?,False
USA|tradition|Steven Levy,"¿Qué concepto define Steven Levy en su libro ""Hackers"" y cuáles son algunos de sus principios?",True
USA|tradition|Summerfest,¿Qué es el Summerfest?,False
USA|tradition|Summerfest,¿Dónde está situado el Summerfest?,False
USA|tradition|Summerfest,¿Quién tuvo la idea de crear el Summerfest y en qué año se celebró su primera edición?,False
USA|tradition|Wayne Static,¿Cuál es el nombre real de Wayne Static?,False
USA|tradition|Wayne Static,¿Qué banda fue fundada por Wayne Static?,False
USA|tradition|Wayne Static,¿Qué características físicas eran distintivas de Wayne Static y qué contrato tenía relacionado con su música?,False
USA|tradition|Tiroteo en el Museo Conmemorativo del Holocausto en Washington D. C.,¿En qué fecha ocurrió el Tiroteo en el Museo Conmemorativo del Holocausto en Washington D. C.?,False
USA|tradition|Tiroteo en el Museo Conmemorativo del Holocausto en Washington D. C.,¿Quién fue la víctima del Tiroteo en el Museo Conmemorativo del Holocausto en Washington D. C.?,False
USA|tradition|Tiroteo en el Museo Conmemorativo del Holocausto en Washington D. C.,¿Qué cargos fueron presentados contra James Wenneker von Brunn tras el Tiroteo en el Museo Conmemorativo del Holocausto en Washington D. C.?,False
USA|tradition|William B. Greene,¿Quién fue William B. Greene?,False
USA|tradition|William B. Greene,¿Qué obra publicó William B. Greene en 1850?,False
USA|tradition|William B. Greene,¿Qué sistema bancario propuso William B. Greene y cómo se relaciona con su influencia en el mutualismo estadounidense?,False
USA|tradition|Ángel Barajas,¿Cuál es el nombre completo de Ángel Barajas?,False
USA|tradition|Ángel Barajas,¿En qué año nació Ángel Barajas?,False
USA|tradition|Ángel Barajas,¿Qué medallas ganó Ángel Barajas en el Campeonato Mundial Juvenil de Gimnasia Artística de 2023 y qué posición ocupó en la competencia «All around»?,False
USA|tradition|William J. H. Boetcker,¿Dónde nació William J. H. Boetcker?,False
USA|tradition|William J. H. Boetcker,"¿En qué año publicó William J. H. Boetcker su folleto titulado ""Los diez Cannots""?",False
USA|tradition|William J. H. Boetcker,"¿Por qué se atribuye erróneamente el folleto ""Los diez Cannots"" a Abraham Lincoln?",True
USA|tradition|Yaphet Kotto,¿Cuál es el nombre completo de Yaphet Kotto?,False
USA|tradition|Yaphet Kotto,¿En qué película interpretó Yaphet Kotto al personaje Kananga?,True
USA|tradition|Yaphet Kotto,¿Qué papel desempeñó Yaphet Kotto en la serie de televisión Homicide: Life on the Street y cuántas temporadas estuvo en el programa?,True
USA|tradition|Theodore Drange,¿En qué año nació Theodore Drange?,False
USA|tradition|Theodore Drange,¿Qué título académico recibió Theodore Drange de la Universidad Cornell?,False
USA|tradition|Theodore Drange,¿Con quién debatió Theodore Drange en 1997 sobre la existencia de Dios?,False
USA|tradition|Walter Wink,¿Quién fue Walter Wink?,False
USA|tradition|Walter Wink,¿En qué seminario enseñó Walter Wink gran parte de su carrera?,True
USA|tradition|Walter Wink,¿Qué concepto acuñó Walter Wink que influyó en la teología de la liberación y en qué contexto participó activamente?,False
USA|tradition|Usha Haley,¿Quién es Usha Haley?,False
USA|tradition|Usha Haley,¿En qué universidad trabajó Usha Haley en Nueva Zelanda?,True
USA|tradition|Usha Haley,¿Qué estudios cursó Usha Haley en la Escuela de Negocios Stern de la Universidad Nueva York?,False
